line,category,post_id,text
1,section_title,,SBR理想の果てに ～紅蓮痰と１２人の円卓の騎士達～
2,blank,,
3,blank,,
4,blank,,
5,post_header,raw-L00005,629 ：勇者ロト：2001/08/06(月) 16:29
6,body,raw-L00005,俺はちゃんとした体だが
7,blank,,
8,blank,,
9,post_header,raw-L00009,631 ：勇者ロト：2001/08/06(月) 16:31
10,body,raw-L00009,精神も一応体の一部だぞ
11,blank,,
12,blank,,
13,blank,,
14,blank,,
15,blank,,
16,blank,,
17,blank,,
18,section_title,,SB理想の果てに～こなゆき14連敗～
19,blank,,
20,blank,,
21,blank,,
22,blank,,
23,blank,,
24,blank,,
25,post_header,raw-L00025,662 ：ロト ◆ROTOWt.c ：02/03/24 18:49 ID:2d0Qbwss
26,body,raw-L00025,くだらんな
27,blank,,
28,post_header,raw-L00028,663 ：ロト ◆ROTOWt.c ：02/03/24 18:52 ID:2d0Qbwss
29,body,raw-L00028,ってか、ケントスは兵庫県に住んでる
30,body,raw-L00028,俺は北海道にいるんだけど
31,body,raw-L00028,どうやって、同一人物だよ。
32,blank,,
33,blank,,
34,blank,,
35,blank,,
36,blank,,
37,section_title,,SBR理想の果てにロト15回目の失敗！
38,blank,,
39,blank,,
40,blank,,
41,blank,,
42,post_header,raw-L00042,488 ：ロト ◆ROTOWt.c：02/05/20 19:46 ID:4V374OzU
43,body,raw-L00042,お前等糞だな。
44,body,raw-L00042,四貫って雑魚と対等に扱われたくないね。
45,body,raw-L00042,言っておくけど、強い弱いとかに興味ねぇから
46,blank,,
47,post_header,raw-L00047,491 ：ロト ◆ROTOWt.c：02/05/20 20:00 ID:4V374OzU
48,body,raw-L00047,すれば？
49,body,raw-L00047,叩く事しか悩ねぇ野郎にはそれしかねぇだろうしな。
50,blank,,
51,post_header,raw-L00051,493 ：ロト ◆ROTOWt.c：02/05/20 20:03 ID:4V374OzU
52,body,raw-L00051,雑魚扱いは嫌だな。
53,body,raw-L00051,一応、これでも狩ってるんだ。
54,body,raw-L00051,お前らごときにゃ、負けねぇよ
55,blank,,
56,blank,,
57,blank,,
58,blank,,
59,blank,,
60,blank,,
61,section_title,,【+ 激しく】スパロボインパクト140【飛影 +】
62,blank,,
63,post_header,raw-L00063,862 名前：名無しさん＠非公式ガイド[] 投稿日：02/05/12(日) 15:36
64,body,raw-L00063,ガンダム系はアムロだけ使ってればいいべ？
65,body,raw-L00063,アムロ最強
66,blank,,
67,post_header,raw-L00067,880 名前：名無しさん＠非公式ガイド[] 投稿日：02/05/12(日) 15:40
68,body,raw-L00067,つーかガンダムだけ使ってればいいべ？
69,body,raw-L00067,他のロボットは追放
70,blank,,
71,post_header,raw-L00071,903 名前：名無しさん＠非公式ガイド[] 投稿日：02/05/12(日) 15:46
72,body,raw-L00071,エっ糞よりもゼータツーの方が百倍強いべ？
73,blank,,
74,post_header,raw-L00074,914 名前：名無しさん＠非公式ガイド[] 投稿日：02/05/12(日) 15:48
75,anchor,raw-L00074,>>911
76,body,raw-L00074,ハァ？ゼータツー最強だぞ？
77,blank,,
78,post_header,raw-L00078,929 名前：名無しさん＠非公式ガイド[] 投稿日：02/05/12(日) 15:50
79,body,raw-L00078,“最強”の“ＭＳ”は“ゼータツー”に“決まって”るべ？
80,blank,,
81,post_header,raw-L00081,935 名前：名無しさん＠非公式ガイド[] 投稿日：02/05/12(日) 15:51
82,body,raw-L00081,フルアーマー百式改は宇宙一だべ？
83,blank,,
84,post_header,raw-L00084,975 名前：名無しさん＠非公式ガイド[] 投稿日：02/05/12(日) 15:57
85,body,raw-L00084,ニューガンダムよりゼータツーの方が１０００倍強いべ？
86,blank,,
87,blank,, 
88,blank,,
89,blank,,
90,section_title,,【まるこ姉】スパロボIMPACＴ141【最狂説】
91,blank,,
92,blank,, 
93,blank,,
94,blank,,
95,post_header,raw-L00095,44 名前：名無しさん＠非公式ガイド[] 投稿日：02/05/12(日) 16:08
96,body,raw-L00095,ゼータツーが一番強くてカッコイイべ？
97,blank,,
98,post_header,raw-L00098,54 名前：名無しさん＠非公式ガイド[] 投稿日：02/05/12(日) 16:09
99,anchor,raw-L00098,>>50
100,body,raw-L00098,最近はそう呼ぶのが流行ってるんだべ？
101,blank,,
102,post_header,raw-L00102,86 名前：名無しさん＠非公式ガイド[] 投稿日：02/05/12(日) 16:17
103,body,raw-L00102,おめぇらよぉ、“くだらない”話してないで“最強”を“語る”べ？
104,blank,,
105,post_header,raw-L00105,105 名前：名無しさん＠非公式ガイド[] 投稿日：02/05/12(日) 16:20
106,body,raw-L00105,どう考えてもアムロが最強だべ？
107,blank,,
108,post_header,raw-L00108,114 名前：名無しさん＠非公式ガイド[] 投稿日：02/05/12(日) 16:22
109,body,raw-L00108,最強は
110,body,raw-L00108,アムロ＋ゼータツー
111,body,raw-L00108,文句ないべ？
112,blank,,
113,post_header,raw-L00113,149 名前：名無しさん＠非公式ガイド[] 投稿日：02/05/12(日) 16:29
114,body,raw-L00113,グレンダイザーは弱いべ？
115,body,raw-L00113,ダブルハケーンとかいう武器は攻撃力が低い
116,blank,,
117,post_header,raw-L00117,162 名前：名無しさん＠非公式ガイド[] 投稿日：02/05/12(日) 16:33
118,anchor,raw-L00117,>>155
119,body,raw-L00117,田舎じゃねーっよ
120,body,raw-L00117,俺が住んでるところは北海道だぞ
121,blank,,
122,post_header,raw-L00122,175 名前：名無しさん＠非公式ガイド[] 投稿日：02/05/12(日) 16:35
123,body,raw-L00122,北海道は都会だぞ
124,body,raw-L00122,おまえら頭悪ぃな
125,blank,,
126,post_header,raw-L00126,185 名前：名無しさん＠非公式ガイド[] 投稿日：02/05/12(日) 16:37
127,body,raw-L00126,北海道は広いがすべてがすべて田舎じゃないぞ。札幌は名古屋より都会だぞ
128,body,raw-L00126,それともむしろ名古屋が田舎？
129,blank,,
130,post_header,raw-L00130,197 名前：名無しさん＠非公式ガイド[] 投稿日：02/05/12(日) 16:39
131,body,raw-L00130,北海道なめると痛い目見るべ？
132,body,raw-L00130,俺は不良だからな
133,blank,,
134,post_header,raw-L00134,208 名前：名無しさん＠非公式ガイド[] 投稿日：02/05/12(日) 16:40
135,body,raw-L00134,地元じゃ伝説の不良って言われてる
136,blank,,
137,post_header,raw-L00137,222 名前：名無しさん＠非公式ガイド[] 投稿日：02/05/12(日) 16:42
138,anchor,raw-L00137,>>216
139,body,raw-L00137,今でも使うべ？
140,blank,,
141,post_header,raw-L00141,226 名前：名無しさん＠非公式ガイド[] 投稿日：02/05/12(日) 16:42
142,body,raw-L00141,俺はタバコも吸うしよ、宿題もやらない
143,body,raw-L00141,手の付けられない不良
144,blank,,
145,post_header,raw-L00145,246 名前：名無しさん＠非公式ガイド[] 投稿日：02/05/12(日) 16:45
146,body,raw-L00145,おまえら不良をなめてるべ？
147,body,raw-L00145,俺は地元最強の極悪校に５人で殴り込みかけたこともある
148,blank,,
149,post_header,raw-L00149,250 名前：名無しさん＠非公式ガイド[] 投稿日：02/05/12(日) 16:46
150,body,raw-L00149,伝説のロトって呼ばれてる
151,body,raw-L00149,北海道じゃ有名な不良だべ？
152,blank,,
153,post_header,raw-L00153,272 名前：ロト[] 投稿日：02/05/12(日) 16:48
154,body,raw-L00153,しょうがねえから名前を名乗るべ？
155,body,raw-L00153,北海道なめんなよ
156,blank,,
157,post_header,raw-L00157,283 名前：ロト[] 投稿日：02/05/12(日) 16:49
158,body,raw-L00157,地元じゃ伝説の不良と呼ばれて恐れられてる
159,blank,,
160,post_header,raw-L00160,298 名前：ロト[] 投稿日：02/05/12(日) 16:51
161,body,raw-L00160,この間もタイマンやったしよ
162,body,raw-L00160,おまえらやったことあるか？
163,body,raw-L00160,５０対１はきつかったべ
164,blank,,
165,post_header,raw-L00165,313 名前：ロト[] 投稿日：02/05/12(日) 16:53
166,anchor,raw-L00165,>>305
167,body,raw-L00165,よくわかったべな？
168,body,raw-L00165,おまえ賢いな
169,blank,,
170,post_header,raw-L00170,318 名前：ロト[] 投稿日：02/05/12(日) 16:53
171,body,raw-L00170,おまえらタイマンの意味しらねーのかよ
172,body,raw-L00170,真剣な喧嘩の事をタイマンって言うべ？
173,blank,,
174,post_header,raw-L00174,344 名前：ロト[] 投稿日：02/05/12(日) 16:56
175,body,raw-L00174,おまえら俺をなめてるべ？
176,body,raw-L00174,俺はパンチ力すげーぞ？
177,blank,,
178,post_header,raw-L00178,349 名前：ロト[] 投稿日：02/05/12(日) 16:57
179,body,raw-L00178,俺のパンチは必殺技でギガトンパンチって名づけてる
180,blank,,
181,post_header,raw-L00181,356 名前：ロト[] 投稿日：02/05/12(日) 16:58
182,anchor,raw-L00181,>>352
183,body,raw-L00181,俺以外はハッタリだべ？
184,blank,,
185,post_header,raw-L00185,375 名前：ロト[] 投稿日：02/05/12(日) 17:00
186,body,raw-L00185,伝説のロトは俺一人に決まってるべ？
187,body,raw-L00185,頭悪ぃな
188,blank,,
189,post_header,raw-L00189,390 名前：ロト[] 投稿日：02/05/12(日) 17:01
190,anchor,raw-L00189,>>382
191,body,raw-L00189,俺は高二だ
192,blank,,
193,post_header,raw-L00193,410 名前：ロト[] 投稿日：02/05/12(日) 17:04
194,body,raw-L00193,俺以外は全員ハッタリだべ？
195,body,raw-L00193,バレバレなんだよ
196,body,raw-L00193,頭悪ぃやつらだな
197,body,raw-L00193,おまえらここに来れば弟子にしてやるぞ
198,body,raw-L00193,http://appare.gaiax.com/home/unipersonal
199,blank,,
200,post_header,raw-L00200,416 名前：ロト[] 投稿日：02/05/12(日) 17:05
201,body,raw-L00200,俺は実はダークっていう喧嘩グループの頭だ
202,blank,,
203,post_header,raw-L00203,419 名前：ロト[] 投稿日：02/05/12(日) 17:05
204,body,raw-L00203,俺の正体を知ってびびったか
205,blank,,
206,post_header,raw-L00206,435 名前：ロト[] 投稿日：02/05/12(日) 17:07
207,body,raw-L00206,いい加減ウザイよ
208,body,raw-L00206,おまえら本当は弱いべ？
209,body,raw-L00206,ここへ来て謝れば許す
210,body,raw-L00206,http://appare.gaiax.com/home/unipersonal
211,blank,,
212,post_header,raw-L00212,451 名前：ロト[] 投稿日：02/05/12(日) 17:09
213,body,raw-L00212,殺すぞ馬鹿
214,blank,,
215,post_header,raw-L00215,478 名前：ロト[] 投稿日：02/05/12(日) 17:12
216,anchor,raw-L00215,>>455
217,body,raw-L00215,びびって逃げる気か
218,body,raw-L00215,だせえやつだな
219,blank,,
220,post_header,raw-L00220,496 名前：ロト[] 投稿日：02/05/12(日) 17:15
221,anchor,raw-L00220,>>485
222,body,raw-L00220,じゃあおまえはもっとカッコイイ名前なのかよ
223,body,raw-L00220,調子こいてると殺すべ？
224,blank,,
225,post_header,raw-L00225,505 名前：ロト[] 投稿日：02/05/12(日) 17:16
226,body,raw-L00225,ロトって本当は結構強いんじゃないか？
227,blank,,
228,post_header,raw-L00228,514 名前：ロト[] 投稿日：02/05/12(日) 17:16
229,anchor,raw-L00228,>>505
230,body,raw-L00228,そうだな
231,blank,,
232,post_header,raw-L00232,518 名前：ロト[] 投稿日：02/05/12(日) 17:17
233,anchor,raw-L00232,>>505
234,body,raw-L00232,誰かが偽者やりやがったな
235,blank,,
236,post_header,raw-L00236,521 名前：ロト[] 投稿日：02/05/12(日) 17:18
237,body,raw-L00236,505は偽だべ？
238,blank,,
239,post_header,raw-L00239,522 名前：ロト[] 投稿日：02/05/12(日) 17:18
240,anchor,raw-L00239,>>518
241,body,raw-L00239,まぁ気にするなよ
242,blank,,
243,post_header,raw-L00243,526 名前：ロト[] 投稿日：02/05/12(日) 17:18
244,body,raw-L00243,521は偽だべ？
245,blank,,
246,post_header,raw-L00246,527 名前：ロト[] 投稿日：02/05/12(日) 17:18
247,anchor,raw-L00246,>>505
248,body,raw-L00246,誰かがロトを騙ってるべ
249,blank,,
250,post_header,raw-L00250,530 名前：ロト[] 投稿日：02/05/12(日) 17:18
251,body,raw-L00250,てめえら、偽者やめろ
252,body,raw-L00250,殺すぞ
253,blank,,
254,post_header,raw-L00254,555 名前：ロト ◆ROTOWt.c[] 投稿日：02/05/12(日) 17:21
255,body,raw-L00254,これで偽者は出ないべ？
256,body,raw-L00254,おまえらとは頭の出来が違うべ？
257,blank,,
258,post_header,raw-L00258,584 名前：ロト ◆ROTOWt.c[] 投稿日：02/05/12(日) 17:24
259,body,raw-L00258,おまえら適当ばっか言ってるよな
260,blank,,
261,post_header,raw-L00261,589 名前：ロト ◆ROTOWt.c[] 投稿日：02/05/12(日) 17:24
262,body,raw-L00261,俺がどうやって偽者だって証拠あんのかよ？
263,body,raw-L00261,調子こくな
264,blank,,
265,post_header,raw-L00265,596 名前：ロト ◆ROTOWt.c[] 投稿日：02/05/12(日) 17:25
266,body,raw-L00265,ちっげーっよ
267,body,raw-L00265,俺が本物だっつってんだろ
268,body,raw-L00265,殺す
269,blank,,
270,post_header,raw-L00270,612 名前：ロト ◆ROTOWt.c[] 投稿日：02/05/12(日) 17:27
271,body,raw-L00270,おまえらいい気になるなよ
272,blank,,
273,post_header,raw-L00273,623 名前：ロト ◆ROTOWt.c[] 投稿日：02/05/12(日) 17:28
274,anchor,raw-L00273,>>613
275,body,raw-L00273,言っておくけど荒らしたら殺すからな
276,blank,,
277,post_header,raw-L00277,629 名前：ロト ◆ROTOWt.c[] 投稿日：02/05/12(日) 17:29
278,body,raw-L00277,タバコでも買ってくるかな
279,blank,,
280,post_header,raw-L00280,634 名前：ロト ◆ROTOWt.c[] 投稿日：02/05/12(日) 17:29
281,body,raw-L00280,俺は不良だからバイク乗る時ヘルメットかぶらないべ
282,blank,,
283,post_header,raw-L00283,640 名前：ロト ◆ROTOWt.c[] 投稿日：02/05/12(日) 17:30
284,anchor,raw-L00283,>>633
285,body,raw-L00283,ギガトンパンチに決まってるだろ
286,body,raw-L00283,頭悪ぃな
287,blank,,
288,post_header,raw-L00288,645 名前：ロト ◆ROTOWt.c[] 投稿日：02/05/12(日) 17:31
289,anchor,raw-L00288,>>641
290,body,raw-L00288,俺は危ない奴だからよ
291,blank,,
292,post_header,raw-L00292,653 名前：ロト ◆ROTOWt.c[] 投稿日：02/05/12(日) 17:32
293,anchor,raw-L00292,>>648
294,body,raw-L00292,馬鹿はおまえだろ
295,blank,,
296,post_header,raw-L00296,661 名前：ロト ◆ROTOWt.c[] 投稿日：02/05/12(日) 17:33
297,anchor,raw-L00296,>>657
298,body,raw-L00296,びびったか
299,blank,,
300,post_header,raw-L00300,673 名前：ロト ◆ROTOWt.c[] 投稿日：02/05/12(日) 17:35
301,anchor,raw-L00300,>>667
302,body,raw-L00300,つかまらねーよ馬鹿
303,body,raw-L00300,俺は警察も怖くない
304,blank,,
305,post_header,raw-L00305,678 名前：ロト ◆ROTOWt.c[] 投稿日：02/05/12(日) 17:35
306,quoted_line,raw-L00305,>>665だった馬鹿は
307,blank,,
308,post_header,raw-L00308,683 名前：ロト ◆ROTOWt.c[] 投稿日：02/05/12(日) 17:36
309,body,raw-L00308,俺は警察より強いからな
310,blank,,
311,post_header,raw-L00311,697 名前：ロト ◆ROTOWt.c[] 投稿日：02/05/12(日) 17:37
312,anchor,raw-L00311,>>689
313,body,raw-L00311,おまえより強いよ馬鹿
314,blank,,
315,post_header,raw-L00315,712 名前：ロト ◆ROTOWt.c[] 投稿日：02/05/12(日) 17:39
316,body,raw-L00315,ドラクエの話ばっかしてんじゃねーよ
317,body,raw-L00315,オタクかおまえらは
318,blank,,
319,post_header,raw-L00319,725 名前：ロト ◆ROTOWt.c[] 投稿日：02/05/12(日) 17:41
320,anchor,raw-L00319,>>719
321,body,raw-L00319,おまえは弱いから無理だべ？
322,blank,,
323,post_header,raw-L00323,748 名前：ロト ◆ROTOWt.c[] 投稿日：02/05/12(日) 17:44
324,anchor,raw-L00323,>>743
325,body,raw-L00323,だせえなおまえ
326,body,raw-L00323,俺は１００万以上あるぞ
327,blank,,
328,post_header,raw-L00328,756 名前：ロト ◆ROTOWt.c[] 投稿日：02/05/12(日) 17:45
329,body,raw-L00328,おまえらっていつもハッタリばっかりだよな
330,body,raw-L00328,不良の世界には生きられないべ？
331,blank,,
332,post_header,raw-L00332,762 名前：ロト ◆ROTOWt.c[] 投稿日：02/05/12(日) 17:46
333,anchor,raw-L00332,>>757
334,body,raw-L00332,本当は殺されるのが怖くなっただけだろ
335,body,raw-L00332,馬鹿
336,blank,,
337,post_header,raw-L00337,772 名前：ロト ◆ROTOWt.c[] 投稿日：02/05/12(日) 17:47
338,body,raw-L00337,俺は武器は使っても強いべ
339,body,raw-L00337,スーパーソード持ってるしよ
340,blank,,
341,post_header,raw-L00341,783 名前：ロト ◆ROTOWt.c[] 投稿日：02/05/12(日) 17:48
342,body,raw-L00341,ギガスラッシュって技に名前を付けた
343,body,raw-L00341,属性は雷だべ？
344,blank,,
345,post_header,raw-L00345,788 名前：ロト ◆ROTOWt.c[] 投稿日：02/05/12(日) 17:49
346,body,raw-L00345,ギガトンパンチも雷
347,blank,,
348,post_header,raw-L00348,806 名前：ロト ◆ROTOWt.c[] 投稿日：02/05/12(日) 17:51
349,body,raw-L00348,ドラクエの話かないのかよおまえらは
350,body,raw-L00348,オタクで引き篭もりだべ？
351,blank,,
352,post_header,raw-L00352,812 名前：ロト ◆ROTOWt.c[] 投稿日：02/05/12(日) 17:52
353,body,raw-L00352,無視とか言ってるけど俺に勝てなくて怖いだけだべ？
354,blank,,
355,post_header,raw-L00355,826 名前：ロト ◆ROTOWt.c[] 投稿日：02/05/12(日) 17:54
356,anchor,raw-L00355,>>817
357,body,raw-L00355,自称じゃねーっよ
358,body,raw-L00355,俺が不良じゃないっていうどういう証拠あんのかよ？
359,blank,,
360,post_header,raw-L00360,841 名前：名無しさん＠非公式ガイド[] 投稿日：02/05/12(日) 17:57
361,body,raw-L00360,みんなロト馬鹿にしてるけど
362,body,raw-L00360,本当に不良だったら怖いよな
363,body,raw-L00360,もし会ったら誰も文句言えないぞ
364,blank,,
365,post_header,raw-L00365,846 名前：ロト ◆ROTOWt.c[] 投稿日：02/05/12(日) 17:57
366,anchor,raw-L00365,>>841
367,body,raw-L00365,おまえは賢いな
368,body,raw-L00365,他の奴は馬鹿だべ
369,blank,,
370,post_header,raw-L00370,854 名前：ロト ◆ROTOWt.c[] 投稿日：02/05/12(日) 17:58
371,body,raw-L00370,自作自演とかって意味わっかんねえよ
372,body,raw-L00370,おまえら適当こくなよ
373,blank,,
374,post_header,raw-L00374,858 名前：８４１[] 投稿日：02/05/12(日) 17:59
375,body,raw-L00374,言っておくけど俺はロトじゃないぞ
376,body,raw-L00374,頭悪ぃな
377,blank,,
378,post_header,raw-L00378,861 名前：ロト ◆ROTOWt.c[] 投稿日：02/05/12(日) 17:59
379,anchor,raw-L00378,>>858
380,body,raw-L00378,こいつらは馬鹿だから相手にしない方がいいぞ
381,blank,,
382,post_header,raw-L00382,877 名前：８４１[] 投稿日：02/05/12(日) 18:01
383,body,raw-L00382,ロトさんって大人だよな
384,body,raw-L00382,馬鹿の挑発に乗らないべ？
385,blank,,
386,post_header,raw-L00386,879 名前：ロト ◆ROTOWt.c[] 投稿日：02/05/12(日) 18:02
387,anchor,raw-L00386,>>877
388,body,raw-L00386,おまえもなかなかだぞ
389,body,raw-L00386,俺の手下にしてやろうか
390,blank,,
391,post_header,raw-L00391,892 名前：ロト ◆ROTOWt.c[] 投稿日：02/05/12(日) 18:03
392,body,raw-L00391,俺には手下が百人いるぞ
393,body,raw-L00391,おまえらこそひきこもりだべ？
394,blank,,
395,post_header,raw-L00395,904 名前：ロト ◆ROTOWt.c[] 投稿日：02/05/12(日) 18:05
396,anchor,raw-L00395,>>900
397,body,raw-L00395,おまえはなかなか見所があるな
398,blank,,
399,post_header,raw-L00399,917 名前：ロト ◆ROTOWt.c[] 投稿日：02/05/12(日) 18:06
400,body,raw-L00399,ロトっておまえらに馬鹿にされるほど馬鹿じゃないぞ
401,blank,,
402,post_header,raw-L00402,921 名前：ロト ◆ROTOWt.c[] 投稿日：02/05/12(日) 18:07
403,anchor,raw-L00402,>>917
404,body,raw-L00402,偽者だぞこいつ
405,body,raw-L00402,馬鹿だな
406,blank,,
407,post_header,raw-L00407,926 名前：名無しさん＠非公式ガイド[] 投稿日：02/05/12(日) 18:07
408,body,raw-L00407,ロトさんが不良で強いからひがんでるんだべ？
409,blank,,
410,post_header,raw-L00410,930 名前：ロト ◆ROTOWt.c[] 投稿日：02/05/12(日) 18:08
411,anchor,raw-L00410,>>924
412,body,raw-L00410,何言ってるだおまえ
413,body,raw-L00410,馬鹿か
414,blank,,
415,post_header,raw-L00415,935 名前：ロト ◆ROTOWt.c[] 投稿日：02/05/12(日) 18:09
416,body,raw-L00415,自作自演はおまえらだろ
417,blank,,
418,post_header,raw-L00418,941 名前：ロト ◆ROTOWt.c[] 投稿日：02/05/12(日) 18:09
419,body,raw-L00418,俺を馬鹿にしてるのは全部自作自演だべ？
420,blank,,
421,post_header,raw-L00421,948 名前：ロト ◆ROTOWt.c[] 投稿日：02/05/12(日) 18:11
422,body,raw-L00421,必死なのはおまえらだろ
423,blank,,
424,post_header,raw-L00424,951 名前：ロト ◆ROTOWt.c[] 投稿日：02/05/12(日) 18:13
425,anchor,raw-L00424,>>949
426,body,raw-L00424,うるせーばか
427,blank,,
428,post_header,raw-L00428,958 名前：ロト ◆ROTOWt.c[] 投稿日：02/05/12(日) 18:16
429,body,raw-L00428,逃げたんじゃねーっよ
430,body,raw-L00428,おまえらは馬鹿だから悪い
431,blank,,
432,post_header,raw-L00432,961 名前：ロト ◆ROTOWt.c[] 投稿日：02/05/12(日) 18:16
433,body,raw-L00432,言っておくけどさっき出したURLは俺とは関係ないから
434,blank,,
435,post_header,raw-L00435,968 名前：ロト ◆ROTOWt.c[] 投稿日：02/05/12(日) 18:19
436,anchor,raw-L00435,>>965
437,body,raw-L00435,おまえには関係ないべ
438,body,raw-L00435,ウザイよ
439,blank,,
440,post_header,raw-L00440,978 名前：ロト ◆ROTOWt.c[] 投稿日：02/05/12(日) 18:21
441,body,raw-L00440,負け犬はおまえらのほうだろ
442,blank,,
443,post_header,raw-L00443,982 名前：ロト ◆ROTOWt.c[] 投稿日：02/05/12(日) 18:22
444,anchor,raw-L00443,>>977
445,body,raw-L00443,偽者はおまえだろ
446,body,raw-L00443,勝手にURL出すな馬鹿
447,body,raw-L00443,殺す
448,blank,,
449,blank,, 
450,blank,,
451,section_title,,【ブーブーと】ｽﾊﾟﾛﾎﾞIMNACT142【夜は更けて】
452,blank,,
453,blank,, 
454,blank,,
455,blank,, 
456,blank,,
457,post_header,raw-L00457,40 名前：ロト ◆ROTOWt.c[] 投稿日：02/05/12(日) 18:20
458,anchor,raw-L00457,>>37
459,body,raw-L00457,おまえらが棲みついたんだろ
460,blank,,
461,post_header,raw-L00461,48 名前：ロト ◆ROTOWt.c[] 投稿日：02/05/12(日) 18:24
462,body,raw-L00461,不良だから勉強なんてしねーよ
463,body,raw-L00461,ダサイなおまえらは
464,blank,,
465,post_header,raw-L00465,51 名前：ロト ◆ROTOWt.c[] 投稿日：02/05/12(日) 18:24
466,body,raw-L00465,おまえら切れても弱いべ？
467,blank,,
468,post_header,raw-L00468,74 名前：ロト ◆ROTOWt.c[] 投稿日：02/05/12(日) 18:29
469,body,raw-L00468,おまえらって本当に頭悪そうだよな
470,blank,,
471,post_header,raw-L00471,82 名前：ロト ◆ROTOWt.c[] 投稿日：02/05/12(日) 18:32
472,body,raw-L00471,勝手に決め付けるなよ
473,blank,,
474,post_header,raw-L00474,84 名前：ロト ◆ROTOWt.c[] 投稿日：02/05/12(日) 18:33
475,anchor,raw-L00474,>>83
476,body,raw-L00474,馬鹿はおまえだろ
477,body,raw-L00474,俺のどこが馬鹿だよ？
478,body,raw-L00474,調子こくな
479,blank,,
480,post_header,raw-L00480,90 名前：ロト ◆ROTOWt.c[] 投稿日：02/05/12(日) 18:34
481,body,raw-L00480,ロト以外は馬鹿だよな
482,blank,,
483,post_header,raw-L00483,94 名前：ロト ◆ROTOWt.c[] 投稿日：02/05/12(日) 18:35
484,anchor,raw-L00483,>>90
485,body,raw-L00483,偽者発見
486,body,raw-L00483,こいつは馬鹿だ
487,blank,,
488,post_header,raw-L00488,103 名前：ロト ◆ROTOWt.c[] 投稿日：02/05/12(日) 18:38
489,anchor,raw-L00488,>>98
490,body,raw-L00488,おまえ自分の事言ってんのかよ
491,blank,,
492,post_header,raw-L00492,111 名前：ロト ◆ROTOWt.c[] 投稿日：02/05/12(日) 18:40
493,anchor,raw-L00492,>>108
494,body,raw-L00492,ちくしょう馬鹿が
495,body,raw-L00492,私怨か
496,blank,,
497,post_header,raw-L00497,130 名前：ロト ◆ROTOWt.c[] 投稿日：02/05/12(日) 18:47
498,body,raw-L00497,メガトンパンチもあるぞ
499,body,raw-L00497,ギガトンパンチのパワーアップした技だ
500,blank,,
501,post_header,raw-L00501,139 名前：ロト ◆ROTOWt.c[] 投稿日：02/05/12(日) 18:49
502,body,raw-L00501,うるさいよおまえら
503,blank,,
504,blank,, 
505,blank,,
506,blank,, 
507,blank,,
508,section_title,,【Ｆ91】スパロボｲﾝﾊﾟｸﾄ146【廃棄処分】
509,blank,, 
510,blank,,
511,blank,, 
512,blank,,
513,post_header,raw-L00513,388 名前：名無しさん＠非公式ガイド[] 投稿日：02/05/13(月) 17:20
514,body,raw-L00513,おまえらって引き篭もりのオタクだべ？
515,blank,,
516,post_header,raw-L00516,398 名前：名無しさん＠非公式ガイド[] 投稿日：02/05/13(月) 17:22
517,body,raw-L00516,俺がロトだって決め付けてやがる
518,body,raw-L00516,馬鹿だなおまえら
519,blank,,
520,post_header,raw-L00520,406 名前：ロト ◆ROTOWt.c[] 投稿日：02/05/13(月) 17:23
521,body,raw-L00520,388は俺じゃないぞ
522,body,raw-L00520,俺がロトだ
523,blank,,
524,post_header,raw-L00524,412 名前：ロト ◆ROTOWt.c[] 投稿日：02/05/13(月) 17:24
525,body,raw-L00524,適当ばっかこいてるなよ
526,blank,,
527,post_header,raw-L00527,414 名前：ロト ◆ROTOWt.c[] 投稿日：02/05/13(月) 17:25
528,body,raw-L00527,自演はおまえらだべ？
529,blank,,
530,post_header,raw-L00530,422 名前：ロト ◆ROTOWt.c[] 投稿日：02/05/13(月) 17:26
531,body,raw-L00530,オタク臭いやつらばっかりだな
532,blank,,
533,post_header,raw-L00533,428 名前：ロト ◆ROTOWt.c[] 投稿日：02/05/13(月) 17:28
534,body,raw-L00533,タバコでも買ってくるかな
535,body,raw-L00533,バイクに乗ってよ
536,blank,,
537,post_header,raw-L00537,430 名前：ロト ◆ROTOWt.c[] 投稿日：02/05/13(月) 17:28
538,body,raw-L00537,俺は不良だから無免許でヘルメットかぶらないべ
539,blank,,
540,post_header,raw-L00540,433 名前：ロト ◆ROTOWt.c[] 投稿日：02/05/13(月) 17:29
541,anchor,raw-L00540,>>431
542,body,raw-L00540,不良の世界は甘くないべ
543,body,raw-L00540,俺は危ないやつだ
544,blank,,
545,post_header,raw-L00545,435 名前：ロト ◆ROTOWt.c[] 投稿日：02/05/13(月) 17:30
546,anchor,raw-L00545,>>434
547,body,raw-L00545,半端な奴じゃ不良になるのは無理だべ？
548,blank,,
549,post_header,raw-L00549,440 名前：ロト ◆ROTOWt.c[] 投稿日：02/05/13(月) 17:31
550,body,raw-L00549,不良は大変だべ
551,body,raw-L00549,今日もこれからタイマンの約束があるしよ
552,blank,,
553,post_header,raw-L00553,446 名前：ロト ◆ROTOWt.c[] 投稿日：02/05/13(月) 17:34
554,body,raw-L00553,さてとタイマン行ってくるか
555,body,raw-L00553,多分俺が勝つけどよ
556,blank,,
557,post_header,raw-L00557,456 名前：名無しさん＠非公式ガイド[] 投稿日：02/05/13(月) 17:35
558,body,raw-L00557,ロトさんが勝つに決まってるべ？
559,blank,,
560,post_header,raw-L00560,459 名前：名無しさん＠非公式ガイド[] 投稿日：02/05/13(月) 17:36
561,anchor,raw-L00560,>>455
562,body,raw-L00560,じゃあおまえは不良に勝てるのかよ
563,blank,,
564,post_header,raw-L00564,464 名前：名無しさん＠非公式ガイド[] 投稿日：02/05/13(月) 17:36
565,anchor,raw-L00564,>>455
566,body,raw-L00564,おまえなんかロトさんのギガトンパンチで即死に殺されるべ？
567,blank,,
568,post_header,raw-L00568,466 名前：名無しさん＠非公式ガイド[] 投稿日：02/05/13(月) 17:37
569,anchor,raw-L00568,>>463
570,body,raw-L00568,頭悪ぃなおまえは
571,blank,,
572,post_header,raw-L00572,473 名前：名無しさん＠非公式ガイド[] 投稿日：02/05/13(月) 17:39
573,body,raw-L00572,おまえらロトさん馬鹿にしてると死ぬぞ
574,body,raw-L00572,ロトさんは喧嘩が最強に強いからよ
575,blank,,
576,post_header,raw-L00576,481 名前：名無しさん＠非公式ガイド[] 投稿日：02/05/13(月) 17:40
577,anchor,raw-L00576,>>473
578,body,raw-L00576,てめぇらロトさん馬鹿にしてっと死ぬべ？
579,body,raw-L00576,ロトさん喧嘩最強に強ぇからよ
580,blank,,
581,post_header,raw-L00581,483 名前：名無しさん＠非公式ガイド[] 投稿日：02/05/13(月) 17:41
582,anchor,raw-L00581,>>478
583,body,raw-L00581,適当言ってんじゃねーっよ
584,body,raw-L00581,殺すぞ
585,blank,,
586,post_header,raw-L00586,485 名前：名無しさん＠非公式ガイド[] 投稿日：02/05/13(月) 17:42
587,body,raw-L00586,ロトさん叩いてる奴は自作自演だろ
588,body,raw-L00586,ばれてるんだよ馬鹿
589,blank,,
590,post_header,raw-L00590,491 名前：名無しさん＠非公式ガイド[] 投稿日：02/05/13(月) 17:43
591,anchor,raw-L00590,>>487
592,body,raw-L00590,嘘に決まってるべ
593,body,raw-L00590,頭悪ぃな
594,blank,,
595,post_header,raw-L00595,498 名前：名無しさん＠非公式ガイド[] 投稿日：02/05/13(月) 17:45
596,body,raw-L00595,おまえらロトさんの怖さ知らないから調子こいてるけど
597,body,raw-L00595,喧嘩が強いから会ったらびびるに決まってる
598,body,raw-L00595,ロトさんのギガトンパンチは強くて強力なパワーだ
599,blank,,
600,post_header,raw-L00600,502 名前：名無しさん＠非公式ガイド[] 投稿日：02/05/13(月) 17:46
601,body,raw-L00600,おまえら何言ってるかわけわからないんだよ
602,body,raw-L00600,適当ばっか言ってるけどなめるな
603,blank,,
604,post_header,raw-L00604,518 名前：名無しさん＠非公式ガイド[] 投稿日：02/05/13(月) 17:48
605,body,raw-L00604,ロトさんがいくなった途端に悪口言ってるな
606,blank,,
607,post_header,raw-L00607,524 名前：名無しさん＠非公式ガイド[] 投稿日：02/05/13(月) 17:49
608,anchor,raw-L00607,>>518
609,body,raw-L00607,ロトさんが怖いんだべ？
610,body,raw-L00607,情けないやつらだよな
611,blank,,
612,post_header,raw-L00612,531 名前：名無しさん＠非公式ガイド[] 投稿日：02/05/13(月) 17:50
613,body,raw-L00612,ネラーどもが束になってもロトさんには指一本ダメージの傷はつけられないべ
614,blank,,
615,post_header,raw-L00615,533 名前：名無しさん＠非公式ガイド[] 投稿日：02/05/13(月) 17:51
616,anchor,raw-L00615,>>531
617,body,raw-L00615,ネラーどもは弱いからな
618,body,raw-L00615,ロトさんは強すぎるけどよ
619,blank,,
620,post_header,raw-L00620,538 名前：名無しさん＠非公式ガイド[] 投稿日：02/05/13(月) 17:52
621,anchor,raw-L00620,>>537
622,body,raw-L00620,おまえよりは賢い
623,blank,,
624,post_header,raw-L00624,552 名前：名無しさん＠非公式ガイド[] 投稿日：02/05/13(月) 17:54
625,body,raw-L00624,ロトさんにびびったか
626,blank,,
627,post_header,raw-L00627,556 名前：名無しさん＠非公式ガイド[] 投稿日：02/05/13(月) 17:54
628,body,raw-L00627,おまえらひきこもりが北海道最強の不良に勝てると思ってるのかよ
629,blank,,
630,post_header,raw-L00630,560 名前：名無しさん＠非公式ガイド[] 投稿日：02/05/13(月) 17:55
631,body,raw-L00630,ロトさんの戦いを見たことがあるけど街が吹き飛びそうな勢いだったぞ
632,blank,,
633,post_header,raw-L00633,602 名前：名無しさん＠非公式ガイド[] 投稿日：02/05/13(月) 18:00
634,anchor,raw-L00633,>>594
635,body,raw-L00633,何言ってんだべ？
636,body,raw-L00633,殺すよ？
637,blank,,
638,post_header,raw-L00638,621 名前：名無しさん＠非公式ガイド[] 投稿日：02/05/13(月) 18:02
639,body,raw-L00638,ロト
640,body,raw-L00638,格闘 250
641,body,raw-L00638,射撃 200
642,body,raw-L00638,命中 150
643,body,raw-L00638,回避 150
644,body,raw-L00638,技量 140
645,body,raw-L00638,ＳＰ 150
646,body,raw-L00638,奇襲 鼓舞 見切り 覚醒 魂 奇跡
647,blank,,
648,body,raw-L00638,ニュータイプ
649,body,raw-L00638,２回行動
650,body,raw-L00638,集中力
651,body,raw-L00638,起死回生
652,blank,,
653,body,raw-L00638,これがロトさんの実力だべ？
654,blank,,
655,post_header,raw-L00655,627 名前：名無しさん＠非公式ガイド[] 投稿日：02/05/13(月) 18:03
656,anchor,raw-L00655,>>621
657,body,raw-L00655,さすがロトさん、強すぎだよな
658,blank,,
659,post_header,raw-L00659,637 名前：名無しさん＠非公式ガイド[] 投稿日：02/05/13(月) 18:04
660,body,raw-L00659,ロトさんがスパロボ出たら最強に強すぎるべ？
661,blank,,
662,post_header,raw-L00662,646 名前：名無しさん＠非公式ガイド[] 投稿日：02/05/13(月) 18:05
663,body,raw-L00662,ロトさんは乗ってるのがゼータツーだべ？
664,blank,,
665,post_header,raw-L00665,712 名前：名無しさん＠非公式ガイド[] 投稿日：02/05/13(月) 18:14
666,body,raw-L00665,ロトさん強すぎだよな
667,body,raw-L00665,これでゼータツー乗ったら最強だべ？
668,blank,,
669,post_header,raw-L00669,720 名前：名無しさん＠非公式ガイド[] 投稿日：02/05/13(月) 18:15
670,body,raw-L00669,ロトさんの声はやっぱ相当かっこいい声優じゃないと似合わないべ？
671,blank,,
672,post_header,raw-L00672,752 名前：名無しさん＠非公式ガイド[] 投稿日：02/05/13(月) 18:20
673,body,raw-L00672,ロト専用ゼータ２
674,blank,,
675,body,raw-L00672,ＨＰ ９００００
676,body,raw-L00672,ＥＮ １０００
677,body,raw-L00672,運動性 ３００
678,body,raw-L00672,装甲 ３５００
679,body,raw-L00672,限界 ９９９
680,body,raw-L00672,移動力 ２０
681,blank,,
682,body,raw-L00672,バルカン １～３ ３０００
683,body,raw-L00672,メガビームライフル ２～１０ ４０００
684,body,raw-L00672,スーパーソードｐ １～２ ５０００
685,body,raw-L00672,ロトの剣ｐ １～３ ６０００
686,body,raw-L00672,ギガトンパンチｐ １～６ ８０００
687,body,raw-L00672,メガトンパンチｐ １～１０ １００００
688,blank,,
689,post_header,raw-L00689,759 名前：名無しさん＠非公式ガイド[] 投稿日：02/05/13(月) 18:21
690,anchor,raw-L00689,>>752
691,body,raw-L00689,ロトさんやっぱり強すぎるよな
692,blank,,
693,post_header,raw-L00693,816 名前：名無しさん＠非公式ガイド[] 投稿日：02/05/13(月) 18:30
694,body,raw-L00693,ロト専用ゼータ２（強化型）
695,blank,,
696,body,raw-L00693,ＨＰ １６００００
697,body,raw-L00693,ＥＮ ２５００
698,body,raw-L00693,運動性 ６００
699,body,raw-L00693,装甲 ９０００
700,body,raw-L00693,限界 ５０００
701,body,raw-L00693,移動力 ５０
702,blank,,
703,body,raw-L00693,バルカン １～３ ３０００
704,body,raw-L00693,メガビームライフル ２～１０ ４０００
705,body,raw-L00693,スーパーソードｐ １～２ ５０００
706,body,raw-L00693,ロトの剣ｐ １～３ ６０００
707,body,raw-L00693,ギガデインmap １～１２ ７５００
708,body,raw-L00693,ギガスラッシュｐ １～３ ９０００
709,body,raw-L00693,超ギガトンパンチｐ １～６ １２０００
710,body,raw-L00693,超メガトンパンチｐ １～１０ １５０００
711,body,raw-L00693,真ギガスラッシュｐ １～１５ ２００００
712,blank,,
713,post_header,raw-L00713,824 名前：名無しさん＠非公式ガイド[] 投稿日：02/05/13(月) 18:32
714,anchor,raw-L00713,>>822
715,body,raw-L00713,ゼータツーが最強だべ？
716,blank,,
717,post_header,raw-L00717,830 名前：名無しさん＠非公式ガイド[] 投稿日：02/05/13(月) 18:33
718,anchor,raw-L00717,>>823
719,body,raw-L00717,ロトさんは強いから最強に決まってるだろ
720,blank,,
721,blank,, 
722,blank,,
723,blank,, 
724,blank,,
725,section_title,,【ｲｹｲｹﾎﾞｸﾗﾉ】スパロボインパクト148【ﾄﾘﾌﾟﾙｼﾞﾑ】
726,blank,,
727,blank,, 
728,blank,,
729,blank,, 
730,blank,,
731,post_header,raw-L00731,328 名前：ロト ◆ROTOWt.c[] 投稿日：02/05/13(月) 22:56
732,body,raw-L00731,なんだおまえら？まだいたのか？あいかわらず暇なんだな
733,blank,,
734,post_header,raw-L00734,333 名前：ロト ◆ROTOWt.c[] 投稿日：02/05/13(月) 22:57
735,body,raw-L00734,俺は今タイマン終えて帰って来たところだ
736,body,raw-L00734,３０人相手はきつかったべ
737,blank,,
738,post_header,raw-L00738,358 名前：ロト ◆ROTOWt.c[] 投稿日：02/05/13(月) 23:00
739,body,raw-L00738,おまえらタイマンの本当の意味知らねえべ？
740,blank,,
741,post_header,raw-L00741,373 名前：ロト ◆ROTOWt.c[] 投稿日：02/05/13(月) 23:02
742,body,raw-L00741,まず俺のスーパーソードでよ、振り回して回転ソード斬りが敵に１０人一気に倒した
743,blank,,
744,post_header,raw-L00744,376 名前：ロト ◆ROTOWt.c[] 投稿日：02/05/13(月) 23:02
745,body,raw-L00744,それで俺の気力は１５０だべ？
746,blank,,
747,post_header,raw-L00747,383 名前：ロト ◆ROTOWt.c[] 投稿日：02/05/13(月) 23:03
748,body,raw-L00747,その後ギガトンパンチを使った
749,body,raw-L00747,これで６人倒せた
750,blank,,
751,post_header,raw-L00751,387 名前：ロト ◆ROTOWt.c[] 投稿日：02/05/13(月) 23:04
752,body,raw-L00751,残った敵はもうびびってタイマンどころじゃなかったみたいだったべ？
753,blank,,
754,post_header,raw-L00754,397 名前：ロト ◆ROTOWt.c[] 投稿日：02/05/13(月) 23:06
755,body,raw-L00754,さらに８人ギガスラッシュで命中されて瞬殺で倒した
756,body,raw-L00754,残りはあと５人だべ？
757,blank,,
758,post_header,raw-L00758,426 名前：ロト ◆ROTOWt.c[] 投稿日：02/05/13(月) 23:10
759,body,raw-L00758,俺の今日のタイマンの活躍はこんなところだべ？
760,blank,,
761,post_header,raw-L00761,432 名前：ロト ◆ROTOWt.c[] 投稿日：02/05/13(月) 23:11
762,body,raw-L00761,何か質問あるかよ？
763,body,raw-L00761,なんでも聞いて答えてもいいべ？
764,blank,,
765,post_header,raw-L00765,440 名前：ロト ◆ROTOWt.c[] 投稿日：02/05/13(月) 23:12
766,anchor,raw-L00765,>>438
767,body,raw-L00765,偽者うっぜーっよ死にやがれ
768,blank,,
769,post_header,raw-L00769,450 名前：ロト ◆ROTOWt.c[] 投稿日：02/05/13(月) 23:13
770,anchor,raw-L00769,>>444
771,body,raw-L00769,どれもちがうな
772,body,raw-L00769,俺は不良だからよ
773,blank,,
774,post_header,raw-L00774,451 名前：ロト ◆ROTOWt.c[] 投稿日：02/05/13(月) 23:13
775,anchor,raw-L00774,>>444
776,body,raw-L00774,どれもちがうな
777,body,raw-L00774,俺は不良だからよ
778,blank,,
779,post_header,raw-L00779,463 名前：ロト ◆ROTOWt.c[] 投稿日：02/05/13(月) 23:14
780,body,raw-L00779,ニュータイプＬ９
781,body,raw-L00779,２回行動
782,body,raw-L00779,起死回生
783,body,raw-L00779,集中力
784,blank,,
785,body,raw-L00779,俺の特殊技能は強いべ？超強気だしよ
786,blank,,
787,post_header,raw-L00787,471 名前：ロト ◆ROTOWt.c[] 投稿日：02/05/13(月) 23:15
788,body,raw-L00787,俺はレベル１で奇跡覚える
789,blank,,
790,post_header,raw-L00790,482 名前：ロト ◆ROTOWt.c[] 投稿日：02/05/13(月) 23:18
791,body,raw-L00790,奇跡 奇襲 魂 見切り 誘爆 覚醒
792,body,raw-L00790,強すぎだべ？
793,blank,,
794,post_header,raw-L00794,490 名前：ロト ◆ROTOWt.c[] 投稿日：02/05/13(月) 23:18
795,body,raw-L00794,俺の声は超カッコイイ声優が似合うしよ
796,blank,,
797,post_header,raw-L00797,496 名前：ロト ◆ROTOWt.c[] 投稿日：02/05/13(月) 23:20
798,body,raw-L00797,俺のＳＰは９９９だべ？
799,blank,,
800,post_header,raw-L00800,511 名前：ロト ◆ROTOWt.c[] 投稿日：02/05/13(月) 23:21
801,body,raw-L00800,ギガトンパンチｐ １～５ ８０００ ＥＮ５０ 気力１２０
802,blank,,
803,post_header,raw-L00803,516 名前：ロト ◆ROTOWt.c[] 投稿日：02/05/13(月) 23:22
804,body,raw-L00803,メガトンパンチｐ １～６ ９５００ ＥＮ８０ 気力１４０
805,blank,,
806,post_header,raw-L00806,519 名前：ロト ◆ROTOWt.c[] 投稿日：02/05/13(月) 23:23
807,body,raw-L00806,ギガスラッシュｐ １～３ １２０００ ＥＮ１００ 気力１５０
808,blank,,
809,post_header,raw-L00809,525 名前：ロト ◆ROTOWt.c[] 投稿日：02/05/13(月) 23:24
810,body,raw-L00809,俺がゼータ２に乗れば最強だべ？
811,blank,,
812,post_header,raw-L00812,529 名前：ロト ◆ROTOWt.c[] 投稿日：02/05/13(月) 23:25
813,body,raw-L00812,ロトの剣ｐ １～３ ４０００
814,blank,,
815,body,raw-L00812,ロトの剣で勝負だべ？
816,blank,,
817,post_header,raw-L00817,534 名前：ロト ◆ROTOWt.c[] 投稿日：02/05/13(月) 23:26
818,body,raw-L00817,いい事教えてやるギガトンパンチって雷のパワーの技だぞ
819,blank,,
820,post_header,raw-L00820,538 名前：ロト ◆ROTOWt.c[] 投稿日：02/05/13(月) 23:27
821,body,raw-L00820,ギガデインも雷だべ？だからギガトンパンチも雷
822,body,raw-L00820,おまえら勉強になったべ？
823,blank,,
824,post_header,raw-L00824,545 名前：ロト ◆ROTOWt.c[] 投稿日：02/05/13(月) 23:28
825,anchor,raw-L00824,>>535
826,body,raw-L00824,おまえゼータ２知らないのかよ
827,body,raw-L00824,やり込んでないな？
828,blank,,
829,post_header,raw-L00829,552 名前：ロト ◆ROTOWt.c[] 投稿日：02/05/13(月) 23:29
830,body,raw-L00829,ゼータ２も取ってない素人がいるのかよ
831,body,raw-L00829,だせえな
832,blank,,
833,post_header,raw-L00833,556 名前：ロト ◆ROTOWt.c[] 投稿日：02/05/13(月) 23:29
834,body,raw-L00833,最強のゼータ２を知らない馬鹿は一生ゼータガンダム乗ってろ
835,blank,,
836,post_header,raw-L00836,564 名前：ロト ◆ROTOWt.c[] 投稿日：02/05/13(月) 23:30
837,anchor,raw-L00836,>>558
838,body,raw-L00836,激しく同意
839,body,raw-L00836,馬鹿だよな５５５は
840,blank,,
841,post_header,raw-L00841,575 名前：ロト ◆ROTOWt.c[] 投稿日：02/05/13(月) 23:32
842,anchor,raw-L00841,>>569
843,body,raw-L00841,どっちも弱いべ？
844,body,raw-L00841,ガンダム軍団はアムロ以外は雑魚
845,blank,,
846,post_header,raw-L00846,585 名前：ロト ◆ROTOWt.c[] 投稿日：02/05/13(月) 23:33
847,anchor,raw-L00846,>>571
848,body,raw-L00846,ゼータ２取ってないなら正直に言えよ
849,body,raw-L00846,取り方教えるべ？
850,blank,,
851,post_header,raw-L00851,594 名前：ロト ◆ROTOWt.c[] 投稿日：02/05/13(月) 23:35
852,anchor,raw-L00851,>>589
853,body,raw-L00851,ちっげーっよ馬鹿
854,body,raw-L00851,攻略本にもゼータ２載ってるべ？
855,body,raw-L00851,２部で取れる
856,blank,,
857,post_header,raw-L00857,609 名前：ロト ◆ROTOWt.c[] 投稿日：02/05/13(月) 23:37
858,body,raw-L00857,ゼータ２はゼータガンダムにそっくりなやつで変形して突っ込む技がなくなってるやつだべ？
859,blank,,
860,post_header,raw-L00860,611 名前：ロト ◆ROTOWt.c[] 投稿日：02/05/13(月) 23:38
861,body,raw-L00860,メガビームライフルが強力で強いべ？
862,blank,,
863,post_header,raw-L00863,622 名前：ロト ◆ROTOWt.c[] 投稿日：02/05/13(月) 23:39
864,body,raw-L00863,マガビームライフルは最強に強くて１５発も撃てるしよ
865,blank,,
866,post_header,raw-L00866,626 名前：ロト ◆ROTOWt.c[] 投稿日：02/05/13(月) 23:39
867,body,raw-L00866,おまえらゼータ２本当は知ってるべ？
868,blank,,
869,post_header,raw-L00869,633 名前：ロト ◆ROTOWt.c[] 投稿日：02/05/13(月) 23:40
870,body,raw-L00869,うるせーばか
871,body,raw-L00869,ちょっと間違えただけだろ
872,blank,,
873,post_header,raw-L00873,643 名前：ロト ◆ROTOWt.c[] 投稿日：02/05/13(月) 23:42
874,body,raw-L00873,さっきからなんなんだよおまえら
875,body,raw-L00873,わけわかんねーよ
876,blank,,
877,post_header,raw-L00877,647 名前：ロト ◆ROTOWt.c[] 投稿日：02/05/13(月) 23:42
878,body,raw-L00877,なんでゼータ２馬鹿にするんだ？
879,body,raw-L00877,おまえらはゼータ２より強いのか？
880,blank,,
881,post_header,raw-L00881,660 名前：ロト ◆ROTOWt.c[] 投稿日：02/05/13(月) 23:44
882,body,raw-L00881,俺がやり込んだデータならゼータ２のメガビームライフルで１万は軽く出るべ？
883,blank,,
884,post_header,raw-L00884,668 名前：ロト ◆ROTOWt.c[] 投稿日：02/05/13(月) 23:45
885,anchor,raw-L00884,>>657
886,body,raw-L00884,ゼータ２だべ？
887,body,raw-L00884,２はツーって読む
888,blank,,
889,post_header,raw-L00889,677 名前：ロト ◆ROTOWt.c[] 投稿日：02/05/13(月) 23:46
890,anchor,raw-L00889,>>674
891,body,raw-L00889,馬鹿発見
892,blank,,
893,post_header,raw-L00893,689 名前：ロト ◆ROTOWt.c[] 投稿日：02/05/13(月) 23:48
894,body,raw-L00893,ゼータ２の能力書いてやろうか？
895,blank,,
896,post_header,raw-L00896,696 名前：ロト ◆ROTOWt.c[] 投稿日：02/05/13(月) 23:49
897,body,raw-L00896,ＨＰ４５００
898,body,raw-L00896,ＥＮ１４０
899,body,raw-L00896,運動性１００
900,body,raw-L00896,装甲８５０
901,body,raw-L00896,限界３６０
902,body,raw-L00896,これがゼータ２だべ
903,blank,,
904,post_header,raw-L00904,705 名前：ロト ◆ROTOWt.c[] 投稿日：02/05/13(月) 23:50
905,body,raw-L00904,武器は
906,body,raw-L00904,ビームサーベル
907,body,raw-L00904,ビームライフル
908,body,raw-L00904,ロングビームサーベル
909,body,raw-L00904,メガビームライフル
910,blank,,
911,post_header,raw-L00911,733 名前：ロト ◆ROTOWt.c[] 投稿日：02/05/13(月) 23:54
912,body,raw-L00911,これで勝ったと思うなよ
913,body,raw-L00911,覚えてろ
914,blank,,
915,blank,, 
916,blank,,
917,section_title,,【君が望む】スパロボインパクト152【ﾌｫﾙﾂｧ!】
918,blank,,
919,blank,, 
920,blank,,
921,blank,,
922,post_header,raw-L00922,545 名前：名無しさん＠非公式ガイド[] 投稿日：02/05/14(火) 22:19
923,anchor,raw-L00922,>>534
924,body,raw-L00922,ゴキブリでびびってるのかよ
925,body,raw-L00922,だせえな
926,body,raw-L00922,俺ならゴキブリ１００匹倒せるべ
927,blank,,
928,post_header,raw-L00928,568 名前：名無しさん＠非公式ガイド[] 投稿日：02/05/14(火) 22:23
929,anchor,raw-L00928,>>562
930,body,raw-L00928,じゃあおまえはゴキブリに勝てるのかよ
931,blank,,
932,post_header,raw-L00932,574 名前：名無しさん＠非公式ガイド[] 投稿日：02/05/14(火) 22:23
933,body,raw-L00932,おまえら相変わらずオタクだべ？
934,body,raw-L00932,いつもくだらない話してるよな
935,blank,,
936,post_header,raw-L00936,591 名前：名無しさん＠非公式ガイド[] 投稿日：02/05/14(火) 22:25
937,body,raw-L00936,俺は不良だからおまえらと違って強くてゴキブリなんか余裕で瞬殺で倒せるべ？
938,blank,,
939,post_header,raw-L00939,614 名前：ロト ◆ROTOWt.c[] 投稿日：02/05/14(火) 22:28
940,body,raw-L00939,おまえらゴキブリが怖いんだべ？
941,body,raw-L00939,俺がゼータ２に乗って助けに行ってやろうか？
942,blank,,
943,post_header,raw-L00943,633 名前：ロト ◆ROTOWt.c[] 投稿日：02/05/14(火) 22:29
944,body,raw-L00943,おまえらオタクでひきこもりだから弱いべ？
945,blank,,
946,post_header,raw-L00946,645 名前：ロト ◆ROTOWt.c[] 投稿日：02/05/14(火) 22:31
947,body,raw-L00946,俺ならゴキブリ１００匹とタイマンしても勝てるべ
948,blank,,
949,post_header,raw-L00949,652 名前：ロト ◆ROTOWt.c[] 投稿日：02/05/14(火) 22:32
950,body,raw-L00949,ゼータ２の性能なら勝てるべ？
951,blank,,
952,post_header,raw-L00952,659 名前：ロト ◆ROTOWt.c[] 投稿日：02/05/14(火) 22:32
953,anchor,raw-L00952,>>648
954,body,raw-L00952,俺にびびったか
955,blank,,
956,post_header,raw-L00956,665 名前：ロト ◆ROTOWt.c[] 投稿日：02/05/14(火) 22:33
957,anchor,raw-L00956,>>655
958,body,raw-L00956,不良が怖いんだべな？
959,blank,,
960,post_header,raw-L00960,672 名前：ロト ◆ROTOWt.c[] 投稿日：02/05/14(火) 22:34
961,anchor,raw-L00960,>>667
962,body,raw-L00960,まだ言ってるのかよ
963,body,raw-L00960,タイマンの不良の意味を知らないべ？
964,blank,,
965,post_header,raw-L00965,677 名前：ロト ◆ROTOWt.c[] 投稿日：02/05/14(火) 22:35
966,body,raw-L00965,タイマンってのはよ
967,body,raw-L00965,不良の世界では真剣な喧嘩の事だべ
968,blank,,
969,post_header,raw-L00969,684 名前：ロト ◆ROTOWt.c[] 投稿日：02/05/14(火) 22:35
970,body,raw-L00969,俺は高二だぞ
971,body,raw-L00969,適当こくなよ
972,blank,,
973,post_header,raw-L00973,702 名前：ロト ◆ROTOWt.c[] 投稿日：02/05/14(火) 22:38
974,body,raw-L00973,さてタバコ買ってくるかな
975,body,raw-L00973,俺は不良だからよ無免許でバイクに乗るしヘルメットもかぶらないべ
976,blank,,
977,post_header,raw-L00977,708 名前：ロト ◆ROTOWt.c[] 投稿日：02/05/14(火) 22:38
978,body,raw-L00977,２００キロ余裕で出すしよ
979,blank,,
980,post_header,raw-L00980,712 名前：ロト ◆ROTOWt.c[] 投稿日：02/05/14(火) 22:39
981,body,raw-L00980,俺のバイクはゼータ２って名前だべ
982,blank,,
983,post_header,raw-L00983,726 名前：ロト ◆ROTOWt.c[] 投稿日：02/05/14(火) 22:42
984,body,raw-L00983,スパロボのゼータ２は俺のバイクのパクリだべ？
985,blank,,
986,post_header,raw-L00986,737 名前：ロト ◆ROTOWt.c[] 投稿日：02/05/14(火) 22:44
987,anchor,raw-L00986,>>733
988,body,raw-L00986,おまえ取ってないのかよ
989,body,raw-L00986,２部で取れるべ？
990,blank,,
991,post_header,raw-L00991,750 名前：ロト ◆ROTOWt.c[] 投稿日：02/05/14(火) 22:46
992,anchor,raw-L00991,>>740
993,body,raw-L00991,ちっげーよ馬鹿
994,body,raw-L00991,俺は不良だぞ
995,body,raw-L00991,適当言ってっと殺すべ
996,blank,,
997,post_header,raw-L00997,776 名前：名無しさん＠非公式ガイド[] 投稿日：02/05/14(火) 22:49
998,body,raw-L00997,ロトって北海道じゃ本当に有名で強い不良らしいですよ
999,body,raw-L00997,喧嘩もものすごく強くてヤクザも恐れてるらしいです
1000,blank,,
1001,post_header,raw-L01001,796 名前：名無しさん＠非公式ガイド[] 投稿日：02/05/14(火) 22:52
1002,body,raw-L01001,ロトの乗ってるバイクはメチャクチャ速いらしい
1003,body,raw-L01001,名前はゼータ２っていう名前だそうだ
1004,body,raw-L01001,北海道最速だ
1005,blank,,
1006,blank,, 
1007,blank,,
1008,section_title,,【逝け！】スパロボインパクト155【グローバイン】
1009,blank,,
1010,blank,, 
1011,blank,,
1012,post_header,raw-L01012,560 名前：ロト ◆ROTOWt.c[] 投稿日：02/05/15(水) 13:58
1013,body,raw-L01012,勇者ロト
1014,body,raw-L01012,レベル 99 ＥＸＰ 49000
1015,body,raw-L01012,気力 150 ＮＥＸＴ 0
1016,body,raw-L01012,性格 超強気
1017,body,raw-L01012,精神コマンド ＳＰ 999/999
1018,body,raw-L01012,奇襲　　魂　気合
1019,body,raw-L01012,見切り 覚醒 奇跡
1020,blank,,
1021,body,raw-L01012,格闘 300 技量 250
1022,body,raw-L01012,射撃 300 防御 250
1023,body,raw-L01012,命中 350
1024,body,raw-L01012,回避 350 （+650＝900）
1025,blank,,
1026,body,raw-L01012,特殊技能
1027,body,raw-L01012,ニュータイプＬ９
1028,body,raw-L01012,予知能力
1029,body,raw-L01012,先手必勝
1030,body,raw-L01012,２回行動
1031,blank,,
1032,blank,,
1033,post_header,raw-L01033,575 名前：ロト ◆ROTOWt.c[] 投稿日：02/05/15(水) 14:06
1034,body,raw-L01033,ロト専用ゼータ２
1035,body,raw-L01033,HP：９００００　EN：１０００
1036,body,raw-L01033,装甲：３０００　運動性：６５０　限　界 ：２０００
1037,body,raw-L01033,移動力：　１５　サイズ ： M　地形適応：陸/S 水中/S 空/S 宇宙/S
1038,blank,,
1039,body,raw-L01033,バルカン[P]　　2500　　1～３
1040,body,raw-L01033,ビールライフル[P] 3000 １～４
1041,body,raw-L01033,ロトの剣[P]　　3000 １～２
1042,body,raw-L01033,メガビームライフル　4000 １～８
1043,body,raw-L01033,ギガデイン[MAP]　4200 １～１２
1044,body,raw-L01033,ギガトンパンチ[P] 5000 １～４
1045,body,raw-L01033,ギガスラッシュ[MAP]　6500 １～９
1046,body,raw-L01033,メガトンパンチ[P]　9999 １～１０
1047,blank,,
1048,post_header,raw-L01048,579 名前：ロト ◆ROTOWt.c[] 投稿日：02/05/15(水) 14:07
1049,body,raw-L01048,強すぎだべ？
1050,blank,,
1051,post_header,raw-L01051,585 名前：ロト ◆ROTOWt.c[] 投稿日：02/05/15(水) 14:09
1052,body,raw-L01051,うるせーよおまえら
1053,body,raw-L01051,わざと計算間違えただけだべ？
1054,blank,,
1055,post_header,raw-L01055,589 名前：ロト ◆ROTOWt.c[] 投稿日：02/05/15(水) 14:10
1056,body,raw-L01055,勇者ロト
1057,body,raw-L01055,レベル 99 ＥＸＰ 49000
1058,body,raw-L01055,気力 150 ＮＥＸＴ 0
1059,body,raw-L01055,性格 超強気
1060,body,raw-L01055,精神コマンド ＳＰ 999/999
1061,body,raw-L01055,奇襲　　魂　気合
1062,body,raw-L01055,見切り 覚醒 奇跡
1063,blank,,
1064,body,raw-L01055,格闘 300 技量 250
1065,body,raw-L01055,射撃 300 防御 250
1066,body,raw-L01055,命中 350
1067,body,raw-L01055,回避 350 （+650＝1100）
1068,blank,,
1069,body,raw-L01055,特殊技能
1070,body,raw-L01055,ニュータイプＬ９
1071,body,raw-L01055,予知能力
1072,body,raw-L01055,先手必勝
1073,body,raw-L01055,２回行動
1074,blank,,
1075,post_header,raw-L01075,596 名前：ロト ◆ROTOWt.c[] 投稿日：02/05/15(水) 14:11
1076,body,raw-L01075,メガトン＞ギガトン
1077,body,raw-L01075,とか言ってるやつ意味わかんねえよ
1078,blank,,
1079,post_header,raw-L01079,601 名前：ロト ◆ROTOWt.c[] 投稿日：02/05/15(水) 14:12
1080,anchor,raw-L01079,>>599
1081,body,raw-L01079,アホはおまえだろ馬鹿
1082,blank,,
1083,post_header,raw-L01083,606 名前：ロト ◆ROTOWt.c[] 投稿日：02/05/15(水) 14:13
1084,body,raw-L01083,俺は不良だから学校さぼるべ？
1085,blank,,
1086,post_header,raw-L01086,614 名前：ロト ◆ROTOWt.c[] 投稿日：02/05/15(水) 14:15
1087,anchor,raw-L01086,>>609
1088,body,raw-L01086,そんなことは知ってるべ
1089,body,raw-L01086,だからメガトンパンチのほうが強いだよ
1090,blank,,
1091,post_header,raw-L01091,628 名前：ロト ◆ROTOWt.c[] 投稿日：02/05/15(水) 14:19
1092,body,raw-L01091,おまえらしつこいよ
1093,body,raw-L01091,人がちょっと間違えただけでよ
1094,blank,,
1095,post_header,raw-L01095,632 名前：ロト ◆ROTOWt.c[] 投稿日：02/05/15(水) 14:19
1096,anchor,raw-L01095,>>626
1097,body,raw-L01095,俺は顔は良いべ
1098,body,raw-L01095,アムロよりカッコイイ
1099,blank,,
1100,post_header,raw-L01100,639 名前：ロト ◆ROTOWt.c[] 投稿日：02/05/15(水) 14:21
1101,body,raw-L01100,勇者ロト
1102,body,raw-L01100,レベル 99 ＥＸＰ 49000
1103,body,raw-L01100,気力 150 ＮＥＸＴ 0
1104,body,raw-L01100,性格 超強気
1105,body,raw-L01100,精神コマンド ＳＰ 999/999
1106,body,raw-L01100,奇襲　　魂　気合
1107,body,raw-L01100,見切り 覚醒 奇跡
1108,blank,,
1109,body,raw-L01100,格闘 300 技量 250
1110,body,raw-L01100,射撃 300 防御 250
1111,body,raw-L01100,命中 350
1112,body,raw-L01100,回避 350 （+650＝1000）
1113,blank,,
1114,body,raw-L01100,特殊技能
1115,body,raw-L01100,ニュータイプＬ９
1116,body,raw-L01100,予知能力
1117,body,raw-L01100,先手必勝
1118,body,raw-L01100,２回行動
1119,blank,,
1120,post_header,raw-L01120,642 名前：ロト ◆ROTOWt.c[] 投稿日：02/05/15(水) 14:22
1121,body,raw-L01120,俺がロンドベル入ったらアインストがタイマンで全滅だべ？
1122,blank,,
1123,post_header,raw-L01123,650 名前：ロト ◆ROTOWt.c[] 投稿日：02/05/15(水) 14:25
1124,body,raw-L01123,ギガって雷って意味だべ？
1125,body,raw-L01123,ギガデインは雷の呪文じゃねーか？
1126,body,raw-L01123,メガとは関係ないべ？
1127,blank,,
1128,post_header,raw-L01128,656 名前：ロト ◆ROTOWt.c[] 投稿日：02/05/15(水) 14:27
1129,body,raw-L01128,メガはメガビームライフルとかのように強いっていう意味だべ？
1130,blank,,
1131,post_header,raw-L01131,662 名前：ロト ◆ROTOWt.c[] 投稿日：02/05/15(水) 14:28
1132,anchor,raw-L01131,>>660
1133,body,raw-L01131,わかってないのはおまえだろ
1134,body,raw-L01131,頭悪ぃな
1135,blank,,
1136,post_header,raw-L01136,672 名前：ロト ◆ROTOWt.c[] 投稿日：02/05/15(水) 14:30
1137,body,raw-L01136,寺田って誰だよ
1138,body,raw-L01136,わけわかんねえよ
1139,blank,,
1140,post_header,raw-L01140,675 名前：ロト ◆ROTOWt.c[] 投稿日：02/05/15(水) 14:31
1141,body,raw-L01140,メガビームライフルは玉が１５発あるから強くて使いやすくて強力だべ？
1142,blank,,
1143,post_header,raw-L01143,677 名前：ロト ◆ROTOWt.c[] 投稿日：02/05/15(水) 14:31
1144,body,raw-L01143,敵に接近したらロトの剣で勝負だべ？
1145,blank,,
1146,post_header,raw-L01146,686 名前：ロト ◆ROTOWt.c[] 投稿日：02/05/15(水) 14:34
1147,anchor,raw-L01146,>>683
1148,body,raw-L01146,効かねえよそんなもん
1149,blank,,
1150,post_header,raw-L01150,687 名前：ロト ◆ROTOWt.c[] 投稿日：02/05/15(水) 14:35
1151,body,raw-L01150,ロトの盾でダメージを防ぐしよ
1152,blank,,
1153,post_header,raw-L01153,691 名前：ロト ◆ROTOWt.c[] 投稿日：02/05/15(水) 14:37
1154,body,raw-L01153,俺には見切りで必中が効果がかかるから分身で避けるのは効かないべ？
1155,blank,,
1156,post_header,raw-L01156,696 名前：ロト ◆ROTOWt.c[] 投稿日：02/05/15(水) 14:38
1157,body,raw-L01156,防御無くても防げるべ？
1158,body,raw-L01156,１フィールドみたいに自動的にバリアになる
1159,blank,,
1160,post_header,raw-L01160,701 名前：ロト ◆ROTOWt.c[] 投稿日：02/05/15(水) 14:39
1161,anchor,raw-L01160,>>697
1162,body,raw-L01160,ニュータイプＬ９
1163,body,raw-L01160,予知能力
1164,body,raw-L01160,先手必勝
1165,body,raw-L01160,２回行動
1166,blank,,
1167,post_header,raw-L01167,707 名前：ロト ◆ROTOWt.c[] 投稿日：02/05/15(水) 14:41
1168,body,raw-L01167,俺は不良でニュータイプだからよ
1169,blank,,
1170,post_header,raw-L01170,710 名前：ロト ◆ROTOWt.c[] 投稿日：02/05/15(水) 14:42
1171,anchor,raw-L01170,>>702
1172,body,raw-L01170,ニューガンダムについてるべ？
1173,body,raw-L01170,知らないのかよ
1174,body,raw-L01170,頭悪ぃな
1175,blank,,
1176,post_header,raw-L01176,715 名前：ロト ◆ROTOWt.c[] 投稿日：02/05/15(水) 14:43
1177,anchor,raw-L01176,>>712
1178,body,raw-L01176,馬鹿じゃねえのおまえ
1179,body,raw-L01176,そんなのいるわけないだろ
1180,blank,,
1181,post_header,raw-L01181,721 名前：ロト ◆ROTOWt.c[] 投稿日：02/05/15(水) 14:44
1182,body,raw-L01181,ゲームやっちゃいけねーのかよ
1183,body,raw-L01181,俺は不良ゲーマーだからよ
1184,blank,,
1185,post_header,raw-L01185,724 名前：ロト ◆ROTOWt.c[] 投稿日：02/05/15(水) 14:45
1186,anchor,raw-L01185,>>712
1187,body,raw-L01185,ださい名前ばっかりだしよ
1188,body,raw-L01185,センスがないべ？
1189,blank,,
1190,post_header,raw-L01190,731 名前：ロト ◆ROTOWt.c[] 投稿日：02/05/15(水) 14:46
1191,body,raw-L01190,おまえらオタクだから妄想してやがるな
1192,blank,,
1193,post_header,raw-L01193,740 名前：ロト ◆ROTOWt.c[] 投稿日：02/05/15(水) 14:48
1194,body,raw-L01193,俺のは事実だから妄想とは言わないで現実だべ？
1195,blank,,
1196,post_header,raw-L01196,745 名前：ロト ◆ROTOWt.c[] 投稿日：02/05/15(水) 14:49
1197,body,raw-L01196,俺がバイクは本当にゼータ２に乗ってるしよ
1198,blank,,
1199,post_header,raw-L01199,748 名前：名無しさん＠非公式ガイド[] 投稿日：02/05/15(水) 14:49
1200,body,raw-L01199,ロトさんチョーカッコいい！！付き合って欲しい～
1201,blank,,
1202,post_header,raw-L01202,751 名前：ロト ◆ROTOWt.c[] 投稿日：02/05/15(水) 14:50
1203,anchor,raw-L01202,>>748
1204,body,raw-L01202,俺と付き合う資格がおまえにあるかな？
1205,blank,,
1206,post_header,raw-L01206,761 名前：ロト ◆ROTOWt.c[] 投稿日：02/05/15(水) 14:52
1207,anchor,raw-L01206,>>755
1208,body,raw-L01206,俺は高二で１７だべ
1209,blank,,
1210,post_header,raw-L01210,767 名前：ロト ◆ROTOWt.c[] 投稿日：02/05/15(水) 14:53
1211,body,raw-L01210,不良だから学校さぼるべ？
1212,blank,,
1213,post_header,raw-L01213,769 名前：755[] 投稿日：02/05/15(水) 14:54
1214,anchor,raw-L01213,>>761
1215,body,raw-L01213,童貞ですかぁ？
1216,blank,,
1217,post_header,raw-L01217,770 名前：ロト ◆ROTOWt.c[] 投稿日：02/05/15(水) 14:54
1218,anchor,raw-L01217,>>769
1219,body,raw-L01217,ちっげーっよ
1220,blank,,
1221,post_header,raw-L01221,778 名前：ロト ◆ROTOWt.c[] 投稿日：02/05/15(水) 14:55
1222,body,raw-L01221,いじめられてねーっよ
1223,body,raw-L01221,殺すぞ
1224,blank,,
1225,post_header,raw-L01225,781 名前：ロト ◆ROTOWt.c[] 投稿日：02/05/15(水) 14:56
1226,body,raw-L01225,北海道最強の不良だべ？
1227,body,raw-L01225,バイクのゼータ２に乗れば最速だ
1228,blank,,
1229,post_header,raw-L01229,780 名前：755[] 投稿日：02/05/15(水) 14:56
1230,anchor,raw-L01229,>>770
1231,body,raw-L01229,初体験はいつですか？
1232,blank,,
1233,post_header,raw-L01233,786 名前：ロト ◆ROTOWt.c[] 投稿日：02/05/15(水) 14:56
1234,anchor,raw-L01233,>>780
1235,body,raw-L01233,小学生の時だべ
1236,body,raw-L01233,俺は不良だからよ
1237,blank,,
1238,post_header,raw-L01238,789 名前：ロト ◆ROTOWt.c[] 投稿日：02/05/15(水) 14:57
1239,body,raw-L01238,ちっくしょう
1240,body,raw-L01238,ふざけるな
1241,blank,,
1242,post_header,raw-L01242,792 名前：ロト ◆ROTOWt.c[] 投稿日：02/05/15(水) 14:57
1243,body,raw-L01242,喧嘩と走りで俺に勝てる奴はいないべ？
1244,blank,,
1245,post_header,raw-L01245,795 名前：ロト ◆ROTOWt.c[] 投稿日：02/05/15(水) 14:58
1246,body,raw-L01245,俺のゼータ２は２００キロ余裕で出るしよ
1247,blank,,
1248,post_header,raw-L01248,794 名前：名無しさん＠非公式ガイド[] 投稿日：02/05/15(水) 14:58
1249,body,raw-L01248,ロトはお母んの財布から盗んだ額の最高はいくらですか？
1250,blank,,
1251,post_header,raw-L01251,801 名前：ロト ◆ROTOWt.c[] 投稿日：02/05/15(水) 14:59
1252,anchor,raw-L01251,>>794
1253,body,raw-L01251,１００万円は盗んだべ？
1254,body,raw-L01251,不良だからな
1255,blank,,
1256,post_header,raw-L01256,809 名前：ロト ◆ROTOWt.c[] 投稿日：02/05/15(水) 14:59
1257,anchor,raw-L01256,>>798
1258,body,raw-L01256,じゃあおまえは俺のゼータ２に勝てるのかよ
1259,body,raw-L01256,口だけだったら殺す
1260,blank,,
1261,post_header,raw-L01261,802 名前：名無しさん＠非公式ガイド[] 投稿日：02/05/15(水) 14:59
1262,body,raw-L01261,ロトは1ヶ月のこづかいはいくらですか？
1263,blank,,
1264,post_header,raw-L01264,812 名前：ロト ◆ROTOWt.c[] 投稿日：02/05/15(水) 15:00
1265,anchor,raw-L01264,>>802
1266,body,raw-L01264,５００万円だべ
1267,body,raw-L01264,金持ちだからよ
1268,blank,,
1269,post_header,raw-L01269,816 名前：ロト ◆ROTOWt.c[] 投稿日：02/05/15(水) 15:01
1270,body,raw-L01269,２００キロっていうのは嘘だ
1271,body,raw-L01269,おまえらを油断させるために言った
1272,blank,,
1273,post_header,raw-L01273,822 名前：ロト ◆ROTOWt.c[] 投稿日：02/05/15(水) 15:01
1274,body,raw-L01273,ゼータ２は本気出せば５００キロだべ
1275,blank,,
1276,post_header,raw-L01276,839 名前：ロト ◆ROTOWt.c[] 投稿日：02/05/15(水) 15:04
1277,anchor,raw-L01276,>>831
1278,body,raw-L01276,本当は１０００キロ
1279,body,raw-L01276,マッハ音速のスピードだべ
1280,blank,,
1281,post_header,raw-L01281,845 名前：ロト ◆ROTOWt.c[] 投稿日：02/05/15(水) 15:05
1282,body,raw-L01281,総走行距離？なんだよそれ
1283,body,raw-L01281,わけわかんねえよ
1284,blank,,
1285,post_header,raw-L01285,849 名前：ロト ◆ROTOWt.c[] 投稿日：02/05/15(水) 15:05
1286,anchor,raw-L01285,>>847
1287,body,raw-L01285,ふっざっけんな
1288,blank,,
1289,post_header,raw-L01289,853 名前：ロト ◆ROTOWt.c[] 投稿日：02/05/15(水) 15:06
1290,body,raw-L01289,変な名前にしたら殺してやる
1291,blank,,
1292,post_header,raw-L01292,866 名前：ロト ◆ROTOWt.c[] 投稿日：02/05/15(水) 15:08
1293,body,raw-L01292,スペックってなんだよ
1294,body,raw-L01292,意味不明だべ？
1295,blank,,
1296,post_header,raw-L01296,870 名前：ロト ◆ROTOWt.c[] 投稿日：02/05/15(水) 15:09
1297,body,raw-L01296,ちきしょう
1298,body,raw-L01296,これで勝ったと思うなよ
1299,blank,,
1300,post_header,raw-L01300,872 名前：ロト ◆ROTOWt.c[] 投稿日：02/05/15(水) 15:09
1301,body,raw-L01300,覚えてろ
1302,blank,,
1303,blank,,
1304,section_title,,【燃えろ！】スパロボＩＭＰＡＣＴ156【ｲｲｵﾄｺ】
1305,blank,,
1306,blank,, 
1307,blank,,
1308,post_header,raw-L01308,250 名前：名無しさん＠非公式ガイド[] 投稿日：02/05/15(水) 17:04
1309,body,raw-L01308,ロトさん戻ってこないかな？
1310,body,raw-L01308,ロトさんがいないと面白くないべ？
1311,blank,,
1312,post_header,raw-L01312,263 名前：名無しさん＠非公式ガイド[] 投稿日：02/05/15(水) 17:07
1313,body,raw-L01312,ロトさんなめてると死ぬべ？
1314,blank,,
1315,post_header,raw-L01315,285 名前：名無しさん＠非公式ガイド[] 投稿日：02/05/15(水) 17:11
1316,body,raw-L01315,ロトさんの限界は350＋650＝1000だべ？
1317,blank,,
1318,post_header,raw-L01318,303 名前：名無しさん＠非公式ガイド[] 投稿日：02/05/15(水) 17:15
1319,body,raw-L01318,ロトさんのゼータ2の限界は2000だべ？
1320,blank,,
1321,post_header,raw-L01321,381 名前：名無しさん＠非公式ガイド[] 投稿日：02/05/15(水) 17:32
1322,body,raw-L01321,最強はロト＋ゼータ２で決まりだべ？
1323,blank,,
1324,post_header,raw-L01324,388 名前：名無しさん＠非公式ガイド[] 投稿日：02/05/15(水) 17:33
1325,anchor,raw-L01324,>>382
1326,body,raw-L01324,ロトの盾という１フィールドみたいなバリアがあるから防御いらないべ？
1327,blank,,
1328,post_header,raw-L01328,410 名前：ロト ◆ROTOWt.c[] 投稿日：02/05/15(水) 17:37
1329,body,raw-L01328,俺はガンダム詳しいべ？
1330,blank,,
1331,post_header,raw-L01331,414 名前：ロト ◆ROTOWt.c[] 投稿日：02/05/15(水) 17:37
1332,body,raw-L01331,おまえら１フィールド知らないのかよ
1333,body,raw-L01331,さては素人だべな？
1334,blank,,
1335,post_header,raw-L01335,426 名前：ロト ◆ROTOWt.c[] 投稿日：02/05/15(水) 17:39
1336,body,raw-L01335,１フィールドってのはビームが効かなくなるから防げるバリアだべ？
1337,body,raw-L01335,１はワンって読む
1338,blank,,
1339,post_header,raw-L01339,435 名前：ロト ◆ROTOWt.c[] 投稿日：02/05/15(水) 17:41
1340,body,raw-L01339,ロトの盾はダメージを１０００００減らせるバリアだべ
1341,blank,,
1342,post_header,raw-L01342,441 名前：ロト ◆ROTOWt.c[] 投稿日：02/05/15(水) 17:42
1343,body,raw-L01342,俺が出れば強すぎて楽勝だべ？
1344,blank,,
1345,post_header,raw-L01345,453 名前：ロト ◆ROTOWt.c[] 投稿日：02/05/15(水) 17:44
1346,anchor,raw-L01345,>>446
1347,body,raw-L01345,また適当なこと書いてやがる
1348,body,raw-L01345,妄想するな馬鹿
1349,blank,,
1350,post_header,raw-L01350,456 名前：ロト ◆ROTOWt.c[] 投稿日：02/05/15(水) 17:44
1351,body,raw-L01350,俺を攻略とかわけがわからないべ
1352,body,raw-L01350,俺は最強に強いから無敵だべ
1353,blank,,
1354,post_header,raw-L01354,464 名前：ロト ◆ROTOWt.c[] 投稿日：02/05/15(水) 17:46
1355,body,raw-L01354,俺の声の声優はアムロとかみたいにカッコイイ声優が声やるべ？
1356,blank,,
1357,post_header,raw-L01357,471 名前：ロト ◆ROTOWt.c[] 投稿日：02/05/15(水) 17:47
1358,body,raw-L01357,カッコイイキャラの声優がやるって意味だべ？
1359,blank,,
1360,post_header,raw-L01360,475 名前：ロト ◆ROTOWt.c[] 投稿日：02/05/15(水) 17:48
1361,body,raw-L01360,俺はアムロよりカッコイイからよ
1362,blank,,
1363,post_header,raw-L01363,480 名前：ロト ◆ROTOWt.c[] 投稿日：02/05/15(水) 17:48
1364,body,raw-L01363,俺のカッコイイ声を出せる声優はいないのかよ
1365,blank,,
1366,post_header,raw-L01366,487 名前：ロト ◆ROTOWt.c[] 投稿日：02/05/15(水) 17:50
1367,body,raw-L01366,俺は声も顔もアムロよりカッコイイからよ
1368,blank,,
1369,post_header,raw-L01369,492 名前：ロト ◆ROTOWt.c[] 投稿日：02/05/15(水) 17:50
1370,body,raw-L01369,俺はニュータイプだからファンネル使えるべ？
1371,body,raw-L01369,１フィールドもバリアが使えるしよ
1372,blank,,
1373,post_header,raw-L01373,500 名前：ロト ◆ROTOWt.c[] 投稿日：02/05/15(水) 17:51
1374,body,raw-L01373,俺抜きならアムロが一番強くてカッコイイべ？
1375,blank,,
1376,post_header,raw-L01376,507 名前：ロト ◆ROTOWt.c[] 投稿日：02/05/15(水) 17:53
1377,body,raw-L01376,ガンダム代表は俺だべ？
1378,body,raw-L01376,ゼータ２に乗るしよ
1379,blank,,
1380,post_header,raw-L01380,515 名前：ロト ◆ROTOWt.c[] 投稿日：02/05/15(水) 17:54
1381,body,raw-L01380,俺がアムロと一緒にシャアを倒すべ？
1382,blank,,
1383,post_header,raw-L01383,520 名前：ロト ◆ROTOWt.c[] 投稿日：02/05/15(水) 17:55
1384,body,raw-L01383,アムロが危なくなったところによ、俺のゼータ２が助けに行くべ？
1385,blank,,
1386,post_header,raw-L01386,524 名前：ロト ◆ROTOWt.c[] 投稿日：02/05/15(水) 17:55
1387,anchor,raw-L01386,>>521
1388,body,raw-L01386,じゃあおまえはアムロよりかっこいいのかよ
1389,blank,,
1390,post_header,raw-L01390,537 名前：ロト ◆ROTOWt.c[] 投稿日：02/05/15(水) 17:58
1391,body,raw-L01390,アムロは強いけどよ、俺が助けなかったらピンチだったべ？
1392,body,raw-L01390,シャアもゼータ２で俺が来たらびびってたけどよ
1393,blank,,
1394,post_header,raw-L01394,550 名前：ロト ◆ROTOWt.c[] 投稿日：02/05/15(水) 17:59
1395,anchor,raw-L01394,>>542
1396,body,raw-L01394,メガビームライフルとロトの剣で戦うべ？
1397,body,raw-L01394,気力がたまったらギガトンパンチ
1398,blank,,
1399,post_header,raw-L01399,563 名前：ロト ◆ROTOWt.c[] 投稿日：02/05/15(水) 18:02
1400,body,raw-L01399,俺のゼータ２は２０メートルくらいだべ
1401,body,raw-L01399,でも強い
1402,blank,,
1403,post_header,raw-L01403,573 名前：ロト ◆ROTOWt.c[] 投稿日：02/05/15(水) 18:03
1404,body,raw-L01403,俺が戦う時の音楽はカッコイイべ？
1405,body,raw-L01403,勇者ロトのテーマだからよ
1406,blank,,
1407,post_header,raw-L01407,581 名前：ロト ◆ROTOWt.c[] 投稿日：02/05/15(水) 18:04
1408,anchor,raw-L01407,>>570
1409,body,raw-L01407,おまえ馬鹿だべ？
1410,body,raw-L01407,メートルより大きいのはキロメートルだべな
1411,blank,,
1412,post_header,raw-L01412,584 名前：ロト ◆ROTOWt.c[] 投稿日：02/05/15(水) 18:05
1413,body,raw-L01412,メガとギガは関係ないべ？
1414,blank,,
1415,post_header,raw-L01415,593 名前：ロト ◆ROTOWt.c[] 投稿日：02/05/15(水) 18:07
1416,body,raw-L01415,おまえら頭悪ぃから教えてやる
1417,body,raw-L01415,メガは強いという意味だ
1418,body,raw-L01415,メガビームライフルは強いビームライフルだべ？
1419,body,raw-L01415,ギガはギガデインっていうくらいだから雷って意味
1420,blank,,
1421,post_header,raw-L01421,604 名前：ロト ◆ROTOWt.c[] 投稿日：02/05/15(水) 18:09
1422,body,raw-L01421,荒らしはおまえらのほうだろ馬鹿
1423,blank,,
1424,post_header,raw-L01424,612 名前：ロト ◆ROTOWt.c[] 投稿日：02/05/15(水) 18:10
1425,body,raw-L01424,くそが
1426,body,raw-L01424,覚えてろ
1427,blank,,
1428,post_header,raw-L01428,647 名前：名無しさん＠非公式ガイド[] 投稿日：02/05/15(水) 18:18
1429,body,raw-L01428,ロトって実はけっこういいやつじゃない？
1430,body,raw-L01428,叩いてる奴は同じやつだな
1431,blank,,
1432,post_header,raw-L01432,652 名前：名無しさん＠非公式ガイド[] 投稿日：02/05/15(水) 18:19
1433,body,raw-L01432,ちくしょう馬鹿が
1434,blank,,
1435,post_header,raw-L01435,711 名前：名無しさん＠非公式ガイド[] 投稿日：02/05/15(水) 18:30
1436,body,raw-L01435,最強のニュータイプはロトさんだべ？
1437,blank,,
1438,blank,, 
1439,blank,,
1440,section_title,,【ﾘｱ厨】スパロボＩＭＰＡＣＴ157【お断り】
1441,blank,,
1442,blank,,
1443,post_header,raw-L01443,778 名前：ロト ◆ROTOWt.c[] 投稿日：02/05/15(水) 21:54
1444,anchor,raw-L01443,>>776
1445,body,raw-L01443,びびったか
1446,blank,,
1447,post_header,raw-L01447,786 名前：ロト ◆ROTOWt.c[] 投稿日：02/05/15(水) 21:56
1448,anchor,raw-L01447,>>781
1449,body,raw-L01447,偽者はおまえだろ馬鹿
1450,blank,,
1451,post_header,raw-L01451,802 名前：ロト ◆ROTOWt.c[] 投稿日：02/05/15(水) 21:58
1452,anchor,raw-L01451,>>794
1453,body,raw-L01451,偽者はてっめーだよくそ
1454,blank,,
1455,post_header,raw-L01455,837 名前：ロト ◆ROTOWt.c[] 投稿日：02/05/15(水) 22:04
1456,body,raw-L01455,スーパー・ロト専用ゼータ２
1457,body,raw-L01455,HP：１６００００　EN：２０００
1458,body,raw-L01455,装甲：５５００　運動性：６５０　限　界 ：２０００
1459,body,raw-L01455,移動力：　２０　サイズ ： M　地形適応：陸/S 水中/S 空/S 宇宙/S
1460,blank,,
1461,body,raw-L01455,バルカン[P]　　2500　　1～３
1462,body,raw-L01455,ビールライフル[P] 3000 １～４
1463,body,raw-L01455,ロトの剣[P]　　3000 １～２
1464,body,raw-L01455,ライデイン 3500 １～１０
1465,body,raw-L01455,メガビームライフル　4000 １～８
1466,body,raw-L01455,ギガデイン[MAP]　4200 １～１２
1467,body,raw-L01455,スーパーソード[P] 4800 １～３
1468,body,raw-L01455,スーパーメガビームライフル 5000 １～１２
1469,body,raw-L01455,ギガトンパンチ[P] 5000 １～４
1470,body,raw-L01455,王者の剣[P] 6000 １～２
1471,body,raw-L01455,ギガスラッシュ[MAP]　6500 １～９
1472,body,raw-L01455,メガトンパンチ[P]　9999 １～１０
1473,body,raw-L01455,超ギガトンパンチ[P] 10000 １
1474,body,raw-L01455,超メガトンパンチ[P] 12000 １～２
1475,body,raw-L01455,真ギガスラッシュ 15000 １～１０
1476,blank,,
1477,post_header,raw-L01477,874 名前：ロト ◆ROTOWt.c[] 投稿日：02/05/15(水) 22:10
1478,body,raw-L01477,ギガとメガは関係ないべ？
1479,body,raw-L01477,まだ言ってるのかよ
1480,body,raw-L01477,頭悪ぃな
1481,body,raw-L01477,ギガデインはあるけどメガデインはないだろ
1482,body,raw-L01477,ギガスラッシュはあるけどメガスラッシュはないだろ
1483,body,raw-L01477,馬鹿
1484,blank,,
1485,post_header,raw-L01485,889 名前：ロト ◆ROTOWt.c[] 投稿日：02/05/15(水) 22:12
1486,anchor,raw-L01485,>>870
1487,body,raw-L01485,俺とゼータ２がいれば楽勝だべ？
1488,blank,,
1489,post_header,raw-L01489,917 名前：ロト ◆ROTOWt.c[] 投稿日：02/05/15(水) 22:16
1490,anchor,raw-L01489,>>910
1491,body,raw-L01489,馬鹿だなおまえ
1492,body,raw-L01489,俺の方が強い
1493,blank,,
1494,post_header,raw-L01494,953 名前：ロト ◆ROTOWt.c[] 投稿日：02/05/15(水) 22:22
1495,body,raw-L01494,ロト（生身）
1496,body,raw-L01494,HP：８０００　EN：５００
1497,body,raw-L01494,装甲：１０００　運動性：３５０　限　界 ：１０００
1498,body,raw-L01494,移動力：　１０　サイズ ： S　地形適応：陸/S 水中/S 空/S 宇宙/S
1499,blank,,
1500,body,raw-L01494,パンチ[P]　　1000　　１～３
1501,body,raw-L01494,キック[P]　　1100 １～４
1502,body,raw-L01494,サンダーキック[P]　1500 １～５
1503,body,raw-L01494,ダークアタック[P]　1800 １
1504,body,raw-L01494,ロトの剣[P]　2500 １～２
1505,body,raw-L01494,回転ソード斬りアタック 3200 １～８
1506,body,raw-L01494,ギガトンパンチ[P]　4000 １～２
1507,body,raw-L01494,メガトンパンチ[P]　5000 １～３
1508,body,raw-L01494,ギガスラッシュ 6500 １～１０
1509,blank,,
1510,blank,, 
1511,blank,,
1512,blank,, 
1513,blank,,
1514,blank,, 
1515,blank,,
1516,section_title,,【ﾄﾞﾘﾙ】スパロボＩＭＰＡＣＴ158【ちんちん】
1517,blank,,
1518,blank,, 
1519,blank,,
1520,blank,, 
1521,blank,,
1522,post_header,raw-L01522,19 名前：ロト ◆ROTOWt.c[] 投稿日：02/05/15(水) 22:24
1523,body,raw-L01522,ロト（生身）
1524,body,raw-L01522,HP：８０００　EN：５００
1525,body,raw-L01522,装甲：１０００　運動性：３５０　限　界 ：１０００
1526,body,raw-L01522,移動力：　１０　サイズ ： S　地形適応：陸/S 水中/S 空/S 宇宙/S
1527,blank,,
1528,body,raw-L01522,パンチ[P]　　1000　　１～３
1529,body,raw-L01522,キック[P]　　1100 １～４
1530,body,raw-L01522,サンダーキック[P]　1500 １～５
1531,body,raw-L01522,ダークアタック[P]　1800 １
1532,body,raw-L01522,ロトの剣[P]　2500 １～２
1533,body,raw-L01522,回転ソード斬りアタック 3200 １～８
1534,body,raw-L01522,ギガトンパンチ[P]　4000 １～２
1535,body,raw-L01522,メガトンパンチ[P]　5000 １～３
1536,body,raw-L01522,ギガスラッシュ 6500 １～１０
1537,blank,,
1538,post_header,raw-L01538,23 名前：ロト ◆ROTOWt.c[] 投稿日：02/05/15(水) 22:24
1539,body,raw-L01538,勇者ロト
1540,body,raw-L01538,レベル 99 ＥＸＰ 49000
1541,body,raw-L01538,気力 150 ＮＥＸＴ 0
1542,body,raw-L01538,性格 超強気
1543,body,raw-L01538,精神コマンド ＳＰ 999/999
1544,body,raw-L01538,奇襲　　魂　気合
1545,body,raw-L01538,見切り 覚醒 奇跡
1546,blank,,
1547,body,raw-L01538,格闘 300 技量 250
1548,body,raw-L01538,射撃 300 防御 250
1549,body,raw-L01538,命中 350
1550,body,raw-L01538,回避 350 （+650＝1000）
1551,blank,,
1552,body,raw-L01538,特殊技能
1553,body,raw-L01538,ニュータイプＬ９
1554,body,raw-L01538,予知能力
1555,body,raw-L01538,先手必勝
1556,body,raw-L01538,２回行動
1557,blank,,
1558,post_header,raw-L01558,25 名前：ロト ◆ROTOWt.c[] 投稿日：02/05/15(水) 22:25
1559,body,raw-L01558,ロト専用ゼータ２
1560,body,raw-L01558,HP：９００００　EN：１０００
1561,body,raw-L01558,装甲：３０００　運動性：６５０　限　界 ：２０００
1562,body,raw-L01558,移動力：　１５　サイズ ： M　地形適応：陸/S 水中/S 空/S 宇宙/S
1563,blank,,
1564,body,raw-L01558,バルカン[P]　　2500　　1～３
1565,body,raw-L01558,ビールライフル[P] 3000 １～４
1566,body,raw-L01558,ロトの剣[P]　　3000 １～２
1567,body,raw-L01558,メガビームライフル　4000 １～８
1568,body,raw-L01558,ギガデイン[MAP]　4200 １～１２
1569,body,raw-L01558,ギガトンパンチ[P] 5000 １～４
1570,body,raw-L01558,ギガスラッシュ[MAP]　6500 １～９
1571,body,raw-L01558,メガトンパンチ[P]　9999 １～１０
1572,blank,,
1573,post_header,raw-L01573,27 名前：ロト ◆ROTOWt.c[] 投稿日：02/05/15(水) 22:26
1574,body,raw-L01573,スーパー・ロト専用ゼータ２
1575,body,raw-L01573,HP：１６００００　EN：２０００
1576,body,raw-L01573,装甲：５５００　運動性：６５０　限　界 ：２０００
1577,body,raw-L01573,移動力：　２０　サイズ ： M　地形適応：陸/S 水中/S 空/S 宇宙/S
1578,blank,,
1579,body,raw-L01573,バルカン[P]　　2500　　1～３
1580,body,raw-L01573,ビールライフル[P] 3000 １～４
1581,body,raw-L01573,ロトの剣[P]　　3000 １～２
1582,body,raw-L01573,ライデイン 3500 １～１０
1583,body,raw-L01573,メガビームライフル　4000 １～８
1584,body,raw-L01573,ギガデイン[MAP]　4200 １～１２
1585,body,raw-L01573,スーパーソード[P] 4800 １～３
1586,body,raw-L01573,スーパーメガビームライフル 5000 １～１２
1587,body,raw-L01573,ギガトンパンチ[P] 5000 １～４
1588,body,raw-L01573,王者の剣[P] 6000 １～２
1589,body,raw-L01573,ギガスラッシュ[MAP]　6500 １～９
1590,body,raw-L01573,メガトンパンチ[P]　9999 １～１０
1591,body,raw-L01573,超ギガトンパンチ[P] 10000 １
1592,body,raw-L01573,超メガトンパンチ[P] 12000 １～２
1593,body,raw-L01573,真ギガスラッシュ 15000 １～１０
1594,blank,,
1595,post_header,raw-L01595,34 名前：ロト ◆ROTOWt.c[] 投稿日：02/05/15(水) 22:27
1596,body,raw-L01595,俺はエロ本なんか読まねーっよ
1597,blank,,
1598,post_header,raw-L01598,43 名前：ロト ◆ROTOWt.c[] 投稿日：02/05/15(水) 22:29
1599,body,raw-L01598,ロトの剣→スーパーソード→王者の剣ってパワーアップしていくべ？
1600,blank,,
1601,post_header,raw-L01601,59 名前：ロト ◆ROTOWt.c[] 投稿日：02/05/15(水) 22:31
1602,body,raw-L01601,回転ソード斬りアタックはロトの剣とスーパーソードの二刀流で技だべ？
1603,blank,,
1604,post_header,raw-L01604,72 名前：ロト ◆ROTOWt.c[] 投稿日：02/05/15(水) 22:33
1605,body,raw-L01604,生身でも強いけどよ
1606,body,raw-L01604,ゼータ２に乗るともっと強力な無敵だべ？
1607,blank,,
1608,post_header,raw-L01608,82 名前：ロト ◆ROTOWt.c[] 投稿日：02/05/15(水) 22:35
1609,body,raw-L01608,ロトの剣で勝負だ
1610,body,raw-L01608,ゼータ２は伊達じゃない
1611,blank,,
1612,post_header,raw-L01612,95 名前：ロト ◆ROTOWt.c[] 投稿日：02/05/15(水) 22:37
1613,body,raw-L01612,スーパーソードだべ
1614,body,raw-L01612,うおおおおおお
1615,body,raw-L01612,これでおまえら死んだ
1616,blank,,
1617,post_header,raw-L01617,100 名前：ロト ◆ROTOWt.c[] 投稿日：02/05/15(水) 22:38
1618,body,raw-L01617,ギガデインの雷は超強烈なダメージの威力が出るべ
1619,blank,,
1620,post_header,raw-L01620,129 名前：ロト ◆ROTOWt.c[] 投稿日：02/05/15(水) 22:42
1621,body,raw-L01620,俺のパンチ力ってすごいぜ
1622,body,raw-L01620,おまえらひきこもりだから腕力の力が弱いだべな？
1623,blank,,
1624,post_header,raw-L01624,140 名前：ロト ◆ROTOWt.c[] 投稿日：02/05/15(水) 22:43
1625,body,raw-L01624,俺はパンチ力６０以上はあるしよ
1626,body,raw-L01624,おまえら殴ったら即死で瞬殺で倒せるべ？
1627,blank,,
1628,post_header,raw-L01628,493 名前：名無しさん＠非公式ガイド[] 投稿日：02/05/16(木) 00:00
1629,body,raw-L01628,ロトさんはもういないのかな
1630,body,raw-L01628,ロトさんがいないとつまらない
1631,blank,,
1632,post_header,raw-L01632,498 名前：名無しさん＠非公式ガイド[] 投稿日：02/05/16(木) 00:01
1633,anchor,raw-L01632,>>496
1634,body,raw-L01632,なにいってるんだおまえ？
1635,body,raw-L01632,頭悪ぃな
1636,blank,,
1637,post_header,raw-L01637,511 名前：名無しさん＠非公式ガイド[] 投稿日：02/05/16(木) 00:05
1638,body,raw-L01637,ロトさん強すぎですよね？
1639,blank,,
1640,post_header,raw-L01640,512 名前：名無しさん＠非公式ガイド[] 投稿日：02/05/16(木) 00:05
1641,anchor,raw-L01640,>>511
1642,body,raw-L01640,激しく同意
1643,body,raw-L01640,尊敬します
1644,blank,,
1645,post_header,raw-L01645,514 名前：名無しさん＠非公式ガイド[] 投稿日：02/05/16(木) 00:06
1646,anchor,raw-L01645,>>511
1647,body,raw-L01645,叩いてる奴は一人でやってるべ？
1648,blank,,
1649,post_header,raw-L01649,545 名前：名無しさん＠非公式ガイド[] 投稿日：02/05/16(木) 00:12
1650,body,raw-L01649,ロトを馬鹿にしてる奴ってしつこい
1651,body,raw-L01649,どうせ私怨だべ？
1652,blank,,
1653,blank,, 
1654,blank,,
1655,blank,, 
1656,blank,,
1657,section_title,,【逝って】スパロボインパクト161【しまえぇぇ】
1658,blank,,
1659,blank,, 
1660,blank,,
1661,blank,, 
1662,blank,,
1663,blank,,
1664,post_header,raw-L01664,138 名前：ロト ◆ROTOWt.c[] 投稿日：02/05/16(木) 19:52
1665,body,raw-L01664,勇者ロト
1666,body,raw-L01664,レベル 99 ＥＸＰ 49000
1667,body,raw-L01664,気力 150 ＮＥＸＴ 0
1668,body,raw-L01664,性格 超強気
1669,body,raw-L01664,精神コマンド ＳＰ 999/999
1670,body,raw-L01664,奇襲　　魂　気合
1671,body,raw-L01664,見切り 覚醒 奇跡
1672,blank,,
1673,body,raw-L01664,格闘 300 技量 250
1674,body,raw-L01664,射撃 300 防御 250
1675,body,raw-L01664,命中 350
1676,body,raw-L01664,回避 350 （+650＝1000）
1677,blank,,
1678,body,raw-L01664,特殊技能
1679,body,raw-L01664,ニュータイプＬ９
1680,body,raw-L01664,予知能力
1681,body,raw-L01664,先手必勝
1682,body,raw-L01664,２回行動
1683,blank,,
1684,post_header,raw-L01684,143 名前：ロト ◆ROTOWt.c[] 投稿日：02/05/16(木) 19:53
1685,body,raw-L01684,ロト専用ゼータ２
1686,body,raw-L01684,HP：９００００　EN：１０００
1687,body,raw-L01684,装甲：３０００　運動性：６５０　限　界 ：２０００
1688,body,raw-L01684,移動力：　１５　サイズ ： M　地形適応：陸/S 水中/S 空/S 宇宙/S
1689,blank,,
1690,body,raw-L01684,バルカン[P]　　2500　　1～３
1691,body,raw-L01684,ビールライフル[P] 3000 １～４
1692,body,raw-L01684,ロトの剣[P]　　3000 １～２
1693,body,raw-L01684,メガビームライフル　4000 １～８
1694,body,raw-L01684,ギガデイン[MAP]　4200 １～１２
1695,body,raw-L01684,ギガトンパンチ[P] 5000 １～４
1696,body,raw-L01684,ギガスラッシュ[MAP]　6500 １～９
1697,body,raw-L01684,メガトンパンチ[P]　9999 １～１０
1698,blank,,
1699,blank,,
1700,post_header,raw-L01700,150 名前：ロト ◆ROTOWt.c[] 投稿日：02/05/16(木) 19:55
1701,body,raw-L01700,ゼータ２は最強のガンダムだべ？
1702,blank,,
1703,post_header,raw-L01703,160 名前：ロト ◆ROTOWt.c[] 投稿日：02/05/16(木) 19:57
1704,body,raw-L01703,勇者ロト
1705,body,raw-L01703,レベル 99 ＥＸＰ 49000
1706,body,raw-L01703,気力 150 ＮＥＸＴ 0
1707,body,raw-L01703,性格 超強気
1708,body,raw-L01703,精神コマンド ＳＰ 999/999
1709,body,raw-L01703,奇襲　　魂　気合
1710,body,raw-L01703,見切り 覚醒 奇跡
1711,blank,,
1712,body,raw-L01703,格闘 300 技量 250
1713,body,raw-L01703,射撃 300 防御 250
1714,body,raw-L01703,命中 350
1715,body,raw-L01703,回避 350 （+650＝1000）
1716,blank,,
1717,body,raw-L01703,特殊技能
1718,body,raw-L01703,ニュータイプＬ９
1719,body,raw-L01703,予知能力
1720,body,raw-L01703,先手必勝
1721,body,raw-L01703,２回行動
1722,blank,,
1723,post_header,raw-L01723,164 名前：ロト ◆ROTOWt.c[] 投稿日：02/05/16(木) 19:58
1724,body,raw-L01723,俺の特殊技能をどれを入れ替えるか考えるべ？
1725,body,raw-L01723,もう十分強いけどよ
1726,blank,,
1727,post_header,raw-L01727,168 名前：ロト ◆ROTOWt.c[] 投稿日：02/05/16(木) 19:59
1728,body,raw-L01727,ゼータ２のメガビームライフルは強いべな？
1729,blank,,
1730,post_header,raw-L01730,175 名前：ロト ◆ROTOWt.c[] 投稿日：02/05/16(木) 20:00
1731,body,raw-L01730,俺が有害とか適当こいてんじゃねーっよ
1732,body,raw-L01730,調子こいってっと殺す
1733,blank,,
1734,post_header,raw-L01734,176 名前：ロト ◆ROTOWt.c[] 投稿日：02/05/16(木) 20:01
1735,body,raw-L01734,俺はパンチ力の力が強いべ
1736,body,raw-L01734,おまえら殴ったら死ぬぞ
1737,blank,,
1738,post_header,raw-L01738,185 名前：ロト ◆ROTOWt.c[] 投稿日：02/05/16(木) 20:02
1739,body,raw-L01738,おまえら腕力パワーがないからパンチ力弱いべ？
1740,body,raw-L01738,俺は６０あるからよおまえら瞬殺だべな
1741,blank,,
1742,post_header,raw-L01742,190 名前：ロト ◆ROTOWt.c[] 投稿日：02/05/16(木) 20:05
1743,body,raw-L01742,この前もゲーセンのパンチマシーンを壊して破壊したしよ
1744,blank,,
1745,post_header,raw-L01745,194 名前：ロト ◆ROTOWt.c[] 投稿日：02/05/16(木) 20:06
1746,body,raw-L01745,おまえら本当は不良にあこがれてるべ？
1747,body,raw-L01745,弱いからよ
1748,blank,,
1749,post_header,raw-L01749,199 名前：ロト ◆ROTOWt.c[] 投稿日：02/05/16(木) 20:07
1750,body,raw-L01749,ロトって実は本当に結構強いらしいぞ
1751,body,raw-L01749,友達に聞いた事がある
1752,blank,,
1753,post_header,raw-L01753,200 名前：ロト ◆ROTOWt.c[] 投稿日：02/05/16(木) 20:07
1754,body,raw-L01753,１９９は間違い
1755,body,raw-L01753,偽者
1756,body,raw-L01753,馬鹿だな
1757,blank,,
1758,post_header,raw-L01758,207 名前：ロト ◆ROTOWt.c[] 投稿日：02/05/16(木) 20:08
1759,anchor,raw-L01758,>>202
1760,body,raw-L01758,おまえはよくわかってるな
1761,body,raw-L01758,弟子にしてやるべ？
1762,blank,,
1763,post_header,raw-L01763,214 名前：ロト ◆ROTOWt.c[] 投稿日：02/05/16(木) 20:10
1764,anchor,raw-L01763,>>208
1765,body,raw-L01763,俺は不良だからよ
1766,body,raw-L01763,敵が多いべ？
1767,body,raw-L01763,雑魚が何人いようと俺は勝つけどよ
1768,blank,,
1769,post_header,raw-L01769,218 名前：ロト ◆ROTOWt.c[] 投稿日：02/05/16(木) 20:11
1770,anchor,raw-L01769,>>209
1771,body,raw-L01769,そのロトは偽者だぞ
1772,body,raw-L01769,そんなこともわからないのか
1773,body,raw-L01769,頭悪ぃな
1774,blank,,
1775,post_header,raw-L01775,227 名前：ロト ◆ROTOWt.c[] 投稿日：02/05/16(木) 20:13
1776,body,raw-L01775,隠しシナリオは伝説のロト編だべ？
1777,body,raw-L01775,シャアを倒したあとの俺の活躍が話になっている
1778,blank,,
1779,post_header,raw-L01779,230 名前：ロト ◆ROTOWt.c[] 投稿日：02/05/16(木) 20:14
1780,body,raw-L01779,俺がゼータ２で登場するところから始まる
1781,blank,,
1782,post_header,raw-L01782,237 名前：ロト ◆ROTOWt.c[] 投稿日：02/05/16(木) 20:15
1783,body,raw-L01782,敵が５０人くらいいてよ
1784,body,raw-L01782,俺が囲まれてるところだけど俺は余裕で倒していくところから始まるべ
1785,blank,,
1786,post_header,raw-L01786,241 名前：ロト ◆ROTOWt.c[] 投稿日：02/05/16(木) 20:16
1787,body,raw-L01786,敵は伝説の勇者のロトが倒さないと邪魔だから俺の命を狙って必死だべ？
1788,blank,,
1789,post_header,raw-L01789,246 名前：ロト ◆ROTOWt.c[] 投稿日：02/05/16(木) 20:18
1790,body,raw-L01789,一瞬俺がやられそうに見えるんだけどよ
1791,body,raw-L01789,実は楽勝でロトの剣とメガビームライフルでけちらすべ？
1792,body,raw-L01789,１０人くらい反撃で倒す
1793,blank,,
1794,post_header,raw-L01794,252 名前：ロト ◆ROTOWt.c[] 投稿日：02/05/16(木) 20:19
1795,body,raw-L01794,そこにロンドベルが通りかかって助けにこようとするんだけど
1796,body,raw-L01794,俺が強すぎるからあんまり意味ないべ？
1797,blank,,
1798,post_header,raw-L01798,258 名前：ロト ◆ROTOWt.c[] 投稿日：02/05/16(木) 20:20
1799,body,raw-L01798,そこで俺がよ
1800,body,raw-L01798,足を引っ張らないなら一緒に戦ってやるぜ
1801,body,raw-L01798,ってかっこよく言うべ？
1802,blank,,
1803,post_header,raw-L01803,264 名前：ロト ◆ROTOWt.c[] 投稿日：02/05/16(木) 20:21
1804,body,raw-L01803,ロンドベルはよ
1805,body,raw-L01803,伝説のロトさんと仲間で戦えるから喜ぶ
1806,blank,,
1807,post_header,raw-L01807,273 名前：ロト ◆ROTOWt.c[] 投稿日：02/05/16(木) 20:23
1808,body,raw-L01807,ロンドベルと合流した伝説のロトだがよ
1809,body,raw-L01807,俺が強すぎるから仲間じゃなくてロンドベル全員が俺の部下になるのがロト編
1810,blank,,
1811,post_header,raw-L01811,283 名前：ロト ◆ROTOWt.c[] 投稿日：02/05/16(木) 20:25
1812,body,raw-L01811,ロト編で俺が最初は２部で取った普通のゼータ２に乗ってるべ
1813,body,raw-L01811,次のシナリオで俺が乗り換えてロト専用ゼータ２に乗り換える
1814,blank,,
1815,post_header,raw-L01815,291 名前：ロト ◆ROTOWt.c[] 投稿日：02/05/16(木) 20:26
1816,body,raw-L01815,最後的にはスーパー・ロト専用ゼータ２にパワーアップの力を取って乗り換える
1817,blank,,
1818,post_header,raw-L01818,296 名前：ロト ◆ROTOWt.c[] 投稿日：02/05/16(木) 20:27
1819,body,raw-L01818,勇者ロト
1820,body,raw-L01818,レベル 99 ＥＸＰ 49000
1821,body,raw-L01818,気力 150 ＮＥＸＴ 0
1822,body,raw-L01818,性格 超強気
1823,body,raw-L01818,精神コマンド ＳＰ 999/999
1824,body,raw-L01818,奇襲　　魂　気合
1825,body,raw-L01818,見切り 覚醒 奇跡
1826,blank,,
1827,body,raw-L01818,格闘 300 技量 250
1828,body,raw-L01818,射撃 300 防御 250
1829,body,raw-L01818,命中 350
1830,body,raw-L01818,回避 350 （+650＝1000）
1831,blank,,
1832,body,raw-L01818,特殊技能
1833,body,raw-L01818,ニュータイプＬ９
1834,body,raw-L01818,予知能力
1835,body,raw-L01818,先手必勝
1836,body,raw-L01818,２回行動
1837,blank,,
1838,post_header,raw-L01838,298 名前：ロト ◆ROTOWt.c[] 投稿日：02/05/16(木) 20:27
1839,body,raw-L01838,ロト専用ゼータ２
1840,body,raw-L01838,HP：９００００　EN：１０００
1841,body,raw-L01838,装甲：３０００　運動性：６５０　限　界 ：２０００
1842,body,raw-L01838,移動力：　１５　サイズ ： M　地形適応：陸/S 水中/S 空/S 宇宙/S
1843,blank,,
1844,body,raw-L01838,バルカン[P]　　2500　　1～３
1845,body,raw-L01838,ビールライフル[P] 3000 １～４
1846,body,raw-L01838,ロトの剣[P]　　3000 １～２
1847,body,raw-L01838,メガビームライフル　4000 １～８
1848,body,raw-L01838,ギガデイン[MAP]　4200 １～１２
1849,body,raw-L01838,ギガトンパンチ[P] 5000 １～４
1850,body,raw-L01838,ギガスラッシュ[MAP]　6500 １～９
1851,body,raw-L01838,メガトンパンチ[P]　9999 １～１０
1852,blank,,
1853,post_header,raw-L01853,304 名前：ロト ◆ROTOWt.c[] 投稿日：02/05/16(木) 20:29
1854,body,raw-L01853,ゼータ２にはロトの盾っていうバリアがついてる
1855,body,raw-L01853,１フィールドみたいに自動的にダメージを防ぐ
1856,blank,,
1857,post_header,raw-L01857,317 名前：ロト ◆ROTOWt.c[] 投稿日：02/05/16(木) 20:31
1858,anchor,raw-L01857,>>311
1859,body,raw-L01857,ニューガンダムとかについてるべ？
1860,body,raw-L01857,知らないのかよ
1861,blank,,
1862,post_header,raw-L01862,327 名前：ロト ◆ROTOWt.c[] 投稿日：02/05/16(木) 20:32
1863,body,raw-L01862,１フィールドも知らない素人がいやがった
1864,body,raw-L01862,本当にスパロボやってるのかよこいつ
1865,blank,,
1866,post_header,raw-L01866,330 名前：ロト ◆ROTOWt.c[] 投稿日：02/05/16(木) 20:33
1867,anchor,raw-L01866,>>324
1868,body,raw-L01866,同じだろ馬鹿
1869,blank,,
1870,post_header,raw-L01870,350 名前：ロト ◆ROTOWt.c[] 投稿日：02/05/16(木) 20:36
1871,anchor,raw-L01870,>>342
1872,body,raw-L01870,だから同じだって言ってるべ
1873,body,raw-L01870,どう違うんだよ
1874,blank,,
1875,post_header,raw-L01875,355 名前：ロト ◆ROTOWt.c[] 投稿日：02/05/16(木) 20:37
1876,body,raw-L01875,ちなみに１はワンって読むべ？
1877,blank,,
1878,post_header,raw-L01878,356 名前：ロト ◆ROTOWt.c[] 投稿日：02/05/16(木) 20:37
1879,body,raw-L01878,ゼータ２の２はツーって読む
1880,blank,,
1881,post_header,raw-L01881,359 名前：ロト ◆ROTOWt.c[] 投稿日：02/05/16(木) 20:38
1882,body,raw-L01881,おまえら英語知らないのかよ
1883,blank,,
1884,post_header,raw-L01884,373 名前：ロト ◆ROTOWt.c[] 投稿日：02/05/16(木) 20:40
1885,body,raw-L01884,ガンダム軍団はアムロとロト以外は使えないべ？
1886,body,raw-L01884,ロトは強すぎるがよ
1887,blank,,
1888,post_header,raw-L01888,378 名前：ロト ◆ROTOWt.c[] 投稿日：02/05/16(木) 20:40
1889,body,raw-L01888,気に入ったキャラをゼータ２に乗せるといいべ
1890,blank,,
1891,post_header,raw-L01891,408 名前：ロト ◆ROTOWt.c[] 投稿日：02/05/16(木) 20:45
1892,body,raw-L01891,俺の名字知りたいべ？
1893,post_header,raw-L01893,419 名前：ロト ◆ROTOWt.c[] 投稿日：02/05/16(木) 20:46
1894,body,raw-L01893,俺の名字は加藤だべ
1895,blank,,
1896,blank,, 
1897,blank,,
1898,blank,, 
1899,blank,,
1900,blank,, 
1901,blank,,
1902,blank,,
1903,section_title,,【タカラ】スパロボインパクト166【暴走】
1904,blank,,
1905,blank,, 
1906,blank,,
1907,blank,, 
1908,blank,,
1909,blank,, 
1910,blank,,
1911,blank,,
1912,post_header,raw-L01912,94 名前：ロト ◆ROTOWt.c[] 投稿日：02/05/18(土) 01:01
1913,anchor,raw-L01912,>>91
1914,body,raw-L01912,おまえはなかなかいい事を言うべ
1915,blank,,
1916,post_header,raw-L01916,98 名前：ロト ◆ROTOWt.c[] 投稿日：02/05/18(土) 01:02
1917,anchor,raw-L01916,>>95
1918,body,raw-L01916,俺を叩くのは私怨ってやつだな
1919,body,raw-L01916,俺は不良だからよ
1920,body,raw-L01916,恨まれてるべ
1921,blank,,
1922,post_header,raw-L01922,103 名前：ロト ◆ROTOWt.c[] 投稿日：02/05/18(土) 01:04
1923,anchor,raw-L01922,>>101
1924,body,raw-L01922,俺は不良だからタイマンで忙しいだよ
1925,blank,,
1926,post_header,raw-L01926,106 名前：ロト ◆ROTOWt.c[] 投稿日：02/05/18(土) 01:04
1927,body,raw-L01926,今日もタイマンやってきたしよ
1928,body,raw-L01926,１００対１だった
1929,body,raw-L01926,俺が瞬殺で勝った
1930,blank,,
1931,post_header,raw-L01931,109 名前：ロト ◆ROTOWt.c[] 投稿日：02/05/18(土) 01:05
1932,anchor,raw-L01931,>>105
1933,body,raw-L01931,SMAPより俺の方が顔がカッコイイべ？
1934,blank,,
1935,post_header,raw-L01935,113 名前：ロト ◆ROTOWt.c[] 投稿日：02/05/18(土) 01:05
1936,body,raw-L01935,俺はアムロよりカッコイイからよ
1937,blank,,
1938,post_header,raw-L01938,118 名前：ロト ◆ROTOWt.c[] 投稿日：02/05/18(土) 01:06
1939,anchor,raw-L01938,>>111
1940,body,raw-L01938,北海道来れば見れるべ
1941,body,raw-L01938,俺は北海道最強で不良が有名だからよ
1942,blank,,
1943,post_header,raw-L01943,120 名前：ロト ◆ROTOWt.c[] 投稿日：02/05/18(土) 01:07
1944,body,raw-L01943,俺の写真は北海道ではよく持ってるやつが多くいるべ
1945,blank,,
1946,post_header,raw-L01946,123 名前：ロト ◆ROTOWt.c[] 投稿日：02/05/18(土) 01:08
1947,anchor,raw-L01946,>>119
1948,body,raw-L01946,俺と比べるとカッコよくないけどよ
1949,blank,,
1950,post_header,raw-L01950,132 名前：ロト ◆ROTOWt.c[] 投稿日：02/05/18(土) 01:09
1951,body,raw-L01950,勉強なんてことはダサいことできるかよ
1952,body,raw-L01950,俺は不良だべ？
1953,body,raw-L01950,だいたい俺はおまえらより頭が良い
1954,blank,,
1955,post_header,raw-L01955,133 名前：ロト ◆ROTOWt.c[] 投稿日：02/05/18(土) 01:10
1956,body,raw-L01955,俺は不良だから宿題もやらないしよ
1957,blank,,
1958,post_header,raw-L01958,138 名前：ロト ◆ROTOWt.c[] 投稿日：02/05/18(土) 01:11
1959,body,raw-L01958,俺には１０００人が不良が部下だべ
1960,body,raw-L01958,ＤＲＡＫ～ダーク～っていう喧嘩チームの頭だ
1961,blank,,
1962,post_header,raw-L01962,144 名前：ロト ◆ROTOWt.c[] 投稿日：02/05/18(土) 01:12
1963,body,raw-L01962,ダークは北海道では最強な有名でよ
1964,body,raw-L01962,ダークのロトって聞いたら不良たちが逃げる
1965,blank,,
1966,post_header,raw-L01966,156 名前：ロト ◆ROTOWt.c[] 投稿日：02/05/18(土) 01:13
1967,body,raw-L01966,ＤＲＡＫって北海道じゃ有名だべな？
1968,body,raw-L01966,知らない奴は頭悪ぃ
1969,blank,,
1970,post_header,raw-L01970,159 名前：ロト ◆ROTOWt.c[] 投稿日：02/05/18(土) 01:15
1971,body,raw-L01970,黒い悪の不良パワーが有名でダークロトって呼ばれてることもある
1972,blank,,
1973,post_header,raw-L01973,163 名前：ロト ◆ROTOWt.c[] 投稿日：02/05/18(土) 01:15
1974,body,raw-L01973,ダークってのは黒くて悪って意味だべな？
1975,blank,,
1976,post_header,raw-L01976,167 名前：ロト ◆ROTOWt.c[] 投稿日：02/05/18(土) 01:16
1977,anchor,raw-L01976,>>164
1978,body,raw-L01976,壊れてねーっよ
1979,body,raw-L01976,適当こくな
1980,blank,,
1981,post_header,raw-L01981,171 名前：ロト ◆ROTOWt.c[] 投稿日：02/05/18(土) 01:17
1982,body,raw-L01981,ゼータ３なんてねーっよ
1983,body,raw-L01981,いつか乗り換えるけどよ
1984,blank,,
1985,post_header,raw-L01985,176 名前：ロト ◆ROTOWt.c[] 投稿日：02/05/18(土) 01:17
1986,body,raw-L01985,スパロボやっちゃいけねーのかよ
1987,blank,,
1988,post_header,raw-L01988,182 名前：ロト ◆ROTOWt.c[] 投稿日：02/05/18(土) 01:18
1989,body,raw-L01988,俺の乗ってるバイクもゼータ２だべ？
1990,body,raw-L01988,俺は不良だからヘルメットかぶらないしよ
1991,body,raw-L01988,だから５００キロ出るべ
1992,blank,,
1993,post_header,raw-L01993,190 名前：ロト ◆ROTOWt.c[] 投稿日：02/05/18(土) 01:20
1994,body,raw-L01993,バイクでレースやる時があるけどよ
1995,body,raw-L01993,俺は最速に速いから誰も勝てないから北海道最速って言われてる
1996,blank,,
1997,post_header,raw-L01997,197 名前：ロト ◆ROTOWt.c[] 投稿日：02/05/18(土) 01:21
1998,body,raw-L01997,ＤＲＡＫは喧嘩チームだべ？
1999,body,raw-L01997,暴走族みたいなダサイチームは違う
2000,body,raw-L01997,喧嘩のマスターした達人が強いのが集まる
2001,blank,,
2002,post_header,raw-L02002,211 名前：ロト ◆ROTOWt.c[] 投稿日：02/05/18(土) 01:24
2003,anchor,raw-L02002,>>199
2004,body,raw-L02002,北海道の最強に強い
2005,blank,,
2006,post_header,raw-L02006,217 名前：ロト ◆ROTOWt.c[] 投稿日：02/05/18(土) 01:25
2007,body,raw-L02006,北海道は都会だべな
2008,body,raw-L02006,不良の強さの力のレベルも高い
2009,blank,,
2010,post_header,raw-L02010,222 名前：ロト ◆ROTOWt.c[] 投稿日：02/05/18(土) 01:26
2011,body,raw-L02010,地元で一番強い悪の高校に５人で殴り込みの伝説は俺は作った
2012,blank,,
2013,post_header,raw-L02013,229 名前：ロト ◆ROTOWt.c[] 投稿日：02/05/18(土) 01:26
2014,body,raw-L02013,俺より強いやつはいないべ？
2015,blank,,
2016,post_header,raw-L02016,232 名前：ロト ◆ROTOWt.c[] 投稿日：02/05/18(土) 01:27
2017,body,raw-L02016,パンチ力６０あるしよ
2018,blank,,
2019,post_header,raw-L02019,234 名前：ロト ◆ROTOWt.c[] 投稿日：02/05/18(土) 01:27
2020,anchor,raw-L02019,>>231
2021,body,raw-L02019,おまえがパクっただろ
2022,body,raw-L02019,頭悪ぃな
2023,blank,,
2024,post_header,raw-L02024,239 名前：ロト ◆ROTOWt.c[] 投稿日：02/05/18(土) 01:28
2025,body,raw-L02024,俺の事叩いてるが俺に会ったらびびって逃げるべ
2026,blank,,
2027,post_header,raw-L02027,242 名前：ロト ◆ROTOWt.c[] 投稿日：02/05/18(土) 01:28
2028,body,raw-L02027,握力は３５０だべ
2029,blank,,
2030,post_header,raw-L02030,245 名前：ロト ◆ROTOWt.c[] 投稿日：02/05/18(土) 01:29
2031,anchor,raw-L02030,>>237
2032,body,raw-L02030,そんなもん興味ねーっよ
2033,body,raw-L02030,俺は不良だぞ
2034,blank,,
2035,post_header,raw-L02035,256 名前：ロト ◆ROTOWt.c[] 投稿日：02/05/18(土) 01:30
2036,body,raw-L02035,握力と腕力の力じゃ俺に勝てないべ？
2037,blank,,
2038,post_header,raw-L02038,265 名前：ロト ◆ROTOWt.c[] 投稿日：02/05/18(土) 01:31
2039,body,raw-L02038,だから握力は３５０だって言ってるべ
2040,body,raw-L02038,おまえら二桁かよ俺は三桁だべ
2041,blank,,
2042,post_header,raw-L02042,278 名前：ロト ◆ROTOWt.c[] 投稿日：02/05/18(土) 01:33
2043,body,raw-L02042,ギガトンパンチ使う時はパンチがパワーアップするからパンチ力が６５に上がって強くなる
2044,blank,,
2045,post_header,raw-L02045,283 名前：ロト ◆ROTOWt.c[] 投稿日：02/05/18(土) 01:33
2046,body,raw-L02045,３５０は嘘
2047,body,raw-L02045,俺は１００万
2048,body,raw-L02045,おまえらだまされたな
2049,body,raw-L02045,おまえらは弱いんだよ
2050,blank,,
2051,post_header,raw-L02051,295 名前：ロト ◆ROTOWt.c[] 投稿日：02/05/18(土) 01:35
2052,body,raw-L02051,公式は測ってないだから関係ない
2053,body,raw-L02051,俺は不良だから
2054,blank,,
2055,post_header,raw-L02055,301 名前：ロト ◆ROTOWt.c[] 投稿日：02/05/18(土) 01:36
2056,anchor,raw-L02055,>>292
2057,body,raw-L02055,馬鹿だな
2058,body,raw-L02055,俺は本気出せば１００億万になる
2059,body,raw-L02055,おまえ負け認ろよ
2060,body,raw-L02055,馬鹿
2061,blank,,
2062,post_header,raw-L02062,306 名前：ロト ◆ROTOWt.c[] 投稿日：02/05/18(土) 01:37
2063,body,raw-L02062,おまえらウザイよ
2064,body,raw-L02062,ロトの剣で勝負するべ
2065,blank,,
2066,post_header,raw-L02066,309 名前：ロト ◆ROTOWt.c[] 投稿日：02/05/18(土) 01:38
2067,anchor,raw-L02066,>>305
2068,body,raw-L02066,また適当なこと言ってやがる
2069,body,raw-L02066,殺すぞ
2070,blank,,
2071,post_header,raw-L02071,326 名前：ロト ◆ROTOWt.c[] 投稿日：02/05/18(土) 01:41
2072,anchor,raw-L02071,>>319
2073,body,raw-L02071,嘘言ってんじゃねーっよ
2074,body,raw-L02071,ちくしょう
2075,body,raw-L02071,殺す
2076,blank,,
2077,post_header,raw-L02077,337 名前：ロト ◆ROTOWt.c[] 投稿日：02/05/18(土) 01:43
2078,body,raw-L02077,まずサンダーキックで雷のダメージで蹴る
2079,body,raw-L02077,その次はダークアタックで大きなダメージで倒す
2080,body,raw-L02077,そのあと起き上がったらロトの剣でギガスラッシュの技を撃って斬る
2081,body,raw-L02077,とどめでギガトンパンチで殴って殺す
2082,blank,,
2083,post_header,raw-L02083,342 名前：ロト ◆ROTOWt.c[] 投稿日：02/05/18(土) 01:44
2084,anchor,raw-L02083,>>335
2085,body,raw-L02083,これでおまえは死ぬ
2086,body,raw-L02083,おまえは口だけだからどうやって殺すんだよ
2087,blank,,
2088,post_header,raw-L02088,352 名前：ロト ◆ROTOWt.c[] 投稿日：02/05/18(土) 01:45
2089,anchor,raw-L02088,>>347
2090,body,raw-L02088,なんだよおまえは
2091,body,raw-L02088,むかつくな
2092,body,raw-L02088,調子こくな
2093,blank,,
2094,post_header,raw-L02094,353 名前：ロト ◆ROTOWt.c[] 投稿日：02/05/18(土) 01:45
2095,anchor,raw-L02094,>>347
2096,body,raw-L02094,なんだよおまえは
2097,body,raw-L02094,むかつくな
2098,body,raw-L02094,調子こくな
2099,blank,,
2100,post_header,raw-L02100,357 名前：ロト ◆ROTOWt.c[] 投稿日：02/05/18(土) 01:46
2101,body,raw-L02100,ファイヤーキックを使うか
2102,blank,,
2103,post_header,raw-L02103,360 名前：ロト ◆ROTOWt.c[] 投稿日：02/05/18(土) 01:46
2104,body,raw-L02103,ファイヤーは火っていう意味で炎の火の技だ
2105,body,raw-L02103,これは蹴られると燃えるから死ぬ
2106,blank,,
2107,post_header,raw-L02107,366 名前：ロト ◆ROTOWt.c[] 投稿日：02/05/18(土) 01:47
2108,body,raw-L02107,風の属性のパンチもあるぞ
2109,body,raw-L02107,でも風って英語で意味がわからない
2110,blank,,
2111,post_header,raw-L02111,370 名前：ロト ◆ROTOWt.c[] 投稿日：02/05/18(土) 01:48
2112,anchor,raw-L02111,>>365
2113,body,raw-L02111,無理だからやめろ
2114,body,raw-L02111,殺すのはおまえが俺を殺すからおまえは死ぬしかない
2115,blank,,
2116,post_header,raw-L02116,379 名前：ロト ◆ROTOWt.c[] 投稿日：02/05/18(土) 01:49
2117,body,raw-L02116,風って英語でなんていうか教えろ
2118,body,raw-L02116,パンチの技が作れない
2119,blank,,
2120,post_header,raw-L02120,386 名前：ロト ◆ROTOWt.c[] 投稿日：02/05/18(土) 01:50
2121,anchor,raw-L02120,>>377
2122,body,raw-L02120,だからしつこいんだよおまえ
2123,body,raw-L02120,おまえが俺に勝てなくておまえが死ぬ
2124,body,raw-L02120,馬鹿
2125,blank,,
2126,post_header,raw-L02126,397 名前：ロト ◆ROTOWt.c[] 投稿日：02/05/18(土) 01:52
2127,body,raw-L02126,調子こいてっとＤＲＡＫメンバー集めて皆殺しだぞ
2128,blank,,
2129,post_header,raw-L02129,406 名前：ロト ◆ROTOWt.c[] 投稿日：02/05/18(土) 01:53
2130,anchor,raw-L02129,>>394
2131,body,raw-L02129,必死なのはおまえだろ
2132,body,raw-L02129,変換間違えてるしよ
2133,body,raw-L02129,頭悪ぃな
2134,body,raw-L02129,馬鹿
2135,blank,,
2136,post_header,raw-L02136,415 名前：ロト ◆ROTOWt.c[] 投稿日：02/05/18(土) 01:54
2137,body,raw-L02136,ちくしょう馬鹿が
2138,blank,,
2139,post_header,raw-L02139,417 名前：ロト ◆ROTOWt.c[] 投稿日：02/05/18(土) 01:54
2140,body,raw-L02139,これで勝ったと思うなよ
2141,body,raw-L02139,覚えてろ
2142,blank,,
2143,blank,, 
2144,blank,,
2145,blank,, 
2146,blank,,
2147,blank,, 
2148,blank,,
2149,section_title,,【ほとんど】スパロボインパクト170【雑談】
2150,blank,,
2151,blank,, 
2152,blank,,
2153,blank,, 
2154,blank,,
2155,blank,,
2156,post_header,raw-L02156,345 名前：名無しさん＠非公式ガイド[] 投稿日：02/05/19(日) 01:19
2157,body,raw-L02156,おまえらロトさんのページ荒らしたべ？
2158,blank,,
2159,post_header,raw-L02159,350 名前：名無しさん＠非公式ガイド[] 投稿日：02/05/19(日) 01:19
2160,body,raw-L02159,ロトさんはすぐ削除したから無駄だったがよ
2161,body,raw-L02159,やっぱり馬鹿だなおまえらは
2162,blank,,
2163,post_header,raw-L02163,362 名前：名無しさん＠非公式ガイド[] 投稿日：02/05/19(日) 01:21
2164,body,raw-L02163,おまえらに最後のチャンスの忠告として警告してやる
2165,body,raw-L02163,次の時にロトさんのペ－ジが荒らしたり晒したりされた時はおまえらは殺す
2166,blank,,
2167,post_header,raw-L02167,368 名前：名無しさん＠非公式ガイド[] 投稿日：02/05/19(日) 01:22
2168,body,raw-L02167,わかったな？
2169,body,raw-L02167,もうロトさん切れるぞ
2170,blank,,
2171,post_header,raw-L02171,377 名前：名無しさん＠非公式ガイド[] 投稿日：02/05/19(日) 01:23
2172,anchor,raw-L02171,>>372
2173,body,raw-L02171,おまえ馬鹿だな
2174,body,raw-L02171,おまえは今死ぬぞ
2175,blank,,
2176,post_header,raw-L02176,387 名前：名無しさん＠非公式ガイド[] 投稿日：02/05/19(日) 01:25
2177,body,raw-L02176,ロトさんの怒りパワーが上がった
2178,body,raw-L02176,もうおまえらは終わりになる
2179,blank,,
2180,post_header,raw-L02180,391 名前：名無しさん＠非公式ガイド[] 投稿日：02/05/19(日) 01:25
2181,body,raw-L02180,ＤＲＡＫメンバー集めてタイマン戦争だべ
2182,blank,,
2183,post_header,raw-L02183,398 名前：名無しさん＠非公式ガイド[] 投稿日：02/05/19(日) 01:26
2184,anchor,raw-L02183,>>394
2185,body,raw-L02183,うざいよおまえ
2186,body,raw-L02183,もう本気だ
2187,body,raw-L02183,ロトさんはやるといったらやるだ
2188,blank,,
2189,post_header,raw-L02189,405 名前：名無しさん＠非公式ガイド[] 投稿日：02/05/19(日) 01:27
2190,quoted_line,raw-L02189,>>372が馬鹿が悪いせいでおまえら全員殺す
2191,blank,,
2192,post_header,raw-L02192,411 名前：名無しさん＠非公式ガイド[] 投稿日：02/05/19(日) 01:28
2193,anchor,raw-L02192,>>402
2194,body,raw-L02192,なんなんだよ
2195,body,raw-L02192,おまえは馬鹿だな
2196,body,raw-L02192,ロトさんを切れたら死ぬ
2197,blank,,
2198,post_header,raw-L02198,414 名前：名無しさん＠非公式ガイド[] 投稿日：02/05/19(日) 01:29
2199,body,raw-L02198,ちくしょう
2200,body,raw-L02198,これで勝ったと思うなよ
2201,blank,,
2202,post_header,raw-L02202,415 名前：名無しさん＠非公式ガイド[] 投稿日：02/05/19(日) 01:29
2203,body,raw-L02202,覚えてろ
2204,blank,,
2205,blank,,
2206,blank,, 
2207,blank,,
2208,blank,, 
2209,blank,,
2210,section_title,,【大人になれよ】ＳＲＷ１７０【みんな】
2211,blank,,
2212,blank,, 
2213,blank,,
2214,post_header,raw-L02214,938 ：名無しさん＠非公式ガイド：02/05/19 15:10
2215,anchor,raw-L02214,>>927
2216,body,raw-L02214,おいおまえ
2217,body,raw-L02214,いい加減にしとけ
2218,body,raw-L02214,調子こくなよ馬鹿
2219,blank,,
2220,post_header,raw-L02220,945 ：名無しさん＠非公式ガイド：02/05/19 15:12
2221,anchor,raw-L02220,>>941
2222,body,raw-L02220,やめとけ
2223,body,raw-L02220,ロトさんが切れる
2224,blank,,
2225,post_header,raw-L02225,955 ：名無しさん＠非公式ガイド：02/05/19 15:14
2226,anchor,raw-L02225,>>952
2227,body,raw-L02225,荒らしが来たからロトさん切れてたぞ
2228,body,raw-L02225,削除するの大変らしいからやめとけ
2229,blank,,
2230,post_header,raw-L02230,960 ：名無しさん＠非公式ガイド：02/05/19 15:15
2231,body,raw-L02230,ロトさんが切れるぞ
2232,body,raw-L02230,やめろ
2233,blank,,
2234,post_header,raw-L02234,961 ：名無しさん＠非公式ガイド：02/05/19 15:15
2235,body,raw-L02234,ちくしょう
2236,body,raw-L02234,おまえら馬鹿だろ
2237,blank,,
2238,post_header,raw-L02238,966 ：名無しさん＠非公式ガイド：02/05/19 15:16
2239,body,raw-L02238,やめろやめろやめろやめろやめろやめろやめろやめろ
2240,blank,,
2241,blank,,
2242,post_header,raw-L02242,967 ：名無しさん＠非公式ガイド：02/05/19 15:17
2243,body,raw-L02242,殺す
2244,blank,,
2245,blank,,
2246,post_header,raw-L02246,968 ：名無しさん＠非公式ガイド：02/05/19 15:17
2247,body,raw-L02246,ロトさん呼んでくる
2248,body,raw-L02246,待ってろ馬鹿
2249,blank,,
2250,post_header,raw-L02250,970 ：ロト ◆ROTOWt.c：02/05/19 15:18
2251,body,raw-L02250,今呼ばれて来たけどよ
2252,body,raw-L02250,おまえら調子こくなよ
2253,body,raw-L02250,殺す
2254,blank,,
2255,post_header,raw-L02255,979 ：ロト ◆ROTOWt.c：02/05/19 15:19
2256,body,raw-L02255,ウザイよおまえら
2257,body,raw-L02255,私怨だべ？
2258,blank,,
2259,post_header,raw-L02259,986 ：ロト ◆ROTOWt.c：02/05/19 15:20
2260,body,raw-L02259,ゼータ２で殺すべ
2261,blank,,
2262,post_header,raw-L02262,988 ：ロト ◆ROTOWt.c：02/05/19 15:20
2263,body,raw-L02262,メガビームライフルでおまえら殺してやるだ
2264,blank,,
2265,post_header,raw-L02265,992 ：ロト ◆ROTOWt.c：02/05/19 15:21
2266,anchor,raw-L02265,>>987
2267,body,raw-L02265,今頃知ったのかよ
2268,body,raw-L02265,遅いんだよ
2269,body,raw-L02265,頭悪ぃな
2270,blank,,
2271,post_header,raw-L02271,995 ：ロト ◆ROTOWt.c：02/05/19 15:21
2272,anchor,raw-L02271,>>991
2273,body,raw-L02271,俺は不良だからよ
2274,body,raw-L02271,びびってないべ
2275,blank,,
2276,post_header,raw-L02276,998 ：ロト ◆ROTOWt.c：02/05/19 15:22
2277,body,raw-L02276,不良をなめたら死ぬ
2278,blank,,
2279,post_header,raw-L02279,1000 ：ロト ◆ROTOWt.c：02/05/19 15:22
2280,body,raw-L02279,殺してやる
2281,blank,,
2282,blank,, 
2283,blank,,
2284,blank,, 
2285,blank,,
2286,section_title,,【線路は続くよ】ＳＲＷ１７１【どこまでも】
2287,blank,,
2288,blank,, 
2289,blank,,
2290,blank,, 
2291,blank,,
2292,post_header,raw-L02292,27 名前：ロト ◆ROTOWt.c[] 投稿日：02/05/19(日) 15:23
2293,body,raw-L02292,俺が１０００取ったのか
2294,body,raw-L02292,おまえらうらやましいべ？
2295,body,raw-L02292,ざまあみろ
2296,blank,,
2297,post_header,raw-L02297,30 名前：ロト ◆ROTOWt.c[] 投稿日：02/05/19(日) 15:24
2298,anchor,raw-L02297,>>25
2299,body,raw-L02297,おまえ死ぬべ？
2300,body,raw-L02297,ギガトンパンチ使うぞ
2301,blank,,
2302,post_header,raw-L02302,44 名前：ロト ◆ROTOWt.c[] 投稿日：02/05/19(日) 15:26
2303,anchor,raw-L02302,>>38
2304,body,raw-L02302,おまえらの自分の立場はわかってないべ？
2305,body,raw-L02302,調子こくな
2306,blank,,
2307,post_header,raw-L02307,50 名前：ロト ◆ROTOWt.c[] 投稿日：02/05/19(日) 15:27
2308,body,raw-L02307,おまえらはよ
2309,body,raw-L02307,文句あるならタイマンが決着だべ
2310,body,raw-L02307,まとめてかかってこいよ
2311,body,raw-L02307,勇気がないから無理だべな？
2312,blank,,
2313,post_header,raw-L02313,54 名前：ロト ◆ROTOWt.c[] 投稿日：02/05/19(日) 15:28
2314,body,raw-L02313,ロトの剣で勝負だべ
2315,body,raw-L02313,かかってこいよ
2316,body,raw-L02313,馬鹿が
2317,blank,,
2318,post_header,raw-L02318,61 名前：ロト ◆ROTOWt.c[] 投稿日：02/05/19(日) 15:28
2319,anchor,raw-L02318,>>55
2320,body,raw-L02318,俺より強いやつはいない
2321,body,raw-L02318,おまえ頭悪ぃな
2322,blank,,
2323,post_header,raw-L02323,74 名前：ロト ◆ROTOWt.c[] 投稿日：02/05/19(日) 15:30
2324,anchor,raw-L02323,>>71
2325,body,raw-L02323,じゃやめとけ
2326,body,raw-L02323,それが賢い
2327,body,raw-L02323,今なら許す
2328,blank,,
2329,post_header,raw-L02329,77 名前：ロト ◆ROTOWt.c[] 投稿日：02/05/19(日) 15:31
2330,body,raw-L02329,今から謝れば許すぞ
2331,body,raw-L02329,早く謝れ
2332,blank,,
2333,post_header,raw-L02333,80 名前：ロト ◆ROTOWt.c[] 投稿日：02/05/19(日) 15:31
2334,anchor,raw-L02333,>>75
2335,body,raw-L02333,うるさいよおまえ
2336,body,raw-L02333,なんなんだよ
2337,body,raw-L02333,絶対殺す
2338,blank,,
2339,post_header,raw-L02339,84 名前：ロト ◆ROTOWt.c[] 投稿日：02/05/19(日) 15:32
2340,anchor,raw-L02339,>>79
2341,body,raw-L02339,やったら死ぬ
2342,blank,,
2343,post_header,raw-L02343,95 名前：ロト ◆ROTOWt.c[] 投稿日：02/05/19(日) 15:33
2344,body,raw-L02343,だからしつこいんだよおまえら
2345,body,raw-L02343,調子こくなよ
2346,body,raw-L02343,なめるな
2347,blank,,
2348,post_header,raw-L02348,99 名前：ロト ◆ROTOWt.c[] 投稿日：02/05/19(日) 15:34
2349,body,raw-L02348,自演ってなんだよ
2350,body,raw-L02348,わけわからねえよ
2351,body,raw-L02348,俺はロトだからどうやったら自演だよ
2352,body,raw-L02348,ふざけるな
2353,blank,,
2354,post_header,raw-L02354,109 名前：ロト ◆ROTOWt.c[] 投稿日：02/05/19(日) 15:36
2355,body,raw-L02354,早くおまえら謝ったほうがいいべ？
2356,body,raw-L02354,俺の恐怖の不良を知る事になる前によ
2357,blank,,
2358,post_header,raw-L02358,121 名前：ロト ◆ROTOWt.c[] 投稿日：02/05/19(日) 15:37
2359,body,raw-L02358,だから俺が別人じゃなくても荒らすのはやめろと言ってるべ？
2360,body,raw-L02358,なぜ荒らしをするんだ馬鹿
2361,blank,,
2362,post_header,raw-L02362,127 名前：ロト ◆ROTOWt.c[] 投稿日：02/05/19(日) 15:38
2363,body,raw-L02362,荒らしたらおまえらが殺すのはたしかだべ
2364,body,raw-L02362,もう謝れ許すから
2365,blank,,
2366,post_header,raw-L02366,140 名前：ロト ◆ROTOWt.c[] 投稿日：02/05/19(日) 15:40
2367,body,raw-L02366,謝るなら謝罪をして今まで悪口言ったことを謝れ
2368,body,raw-L02366,そうしなければ許さない
2369,blank,,
2370,post_header,raw-L02370,142 名前：ロト ◆ROTOWt.c[] 投稿日：02/05/19(日) 15:40
2371,anchor,raw-L02370,>>138
2372,body,raw-L02370,ちっげーっよ
2373,body,raw-L02370,適当言うな
2374,blank,,
2375,post_header,raw-L02375,146 名前：ロト ◆ROTOWt.c[] 投稿日：02/05/19(日) 15:41
2376,anchor,raw-L02375,>>133
2377,body,raw-L02375,おまえが適当言ってるのか
2378,body,raw-L02375,殺す
2379,blank,,
2380,post_header,raw-L02380,147 名前：ロト ◆ROTOWt.c[] 投稿日：02/05/19(日) 15:41
2381,body,raw-L02380,おまえらっていつも適当な事言ってるよな
2382,blank,,
2383,post_header,raw-L02383,154 名前：ロト ◆ROTOWt.c[] 投稿日：02/05/19(日) 15:42
2384,anchor,raw-L02383,>>148
2385,body,raw-L02383,じゃあおまえは俺が112だってどういう証拠があるのかよ
2386,body,raw-L02383,ないだろ馬鹿
2387,blank,,
2388,post_header,raw-L02388,160 名前：ロト ◆ROTOWt.c[] 投稿日：02/05/19(日) 15:44
2389,anchor,raw-L02388,>>159
2390,body,raw-L02388,うるさいよおまえ
2391,body,raw-L02388,わけわかんねえ
2392,blank,,
2393,post_header,raw-L02393,167 名前：ロト ◆ROTOWt.c[] 投稿日：02/05/19(日) 15:45
2394,anchor,raw-L02393,>>161
2395,body,raw-L02393,そうだ私怨だべ
2396,blank,,
2397,post_header,raw-L02397,169 名前：ロト ◆ROTOWt.c[] 投稿日：02/05/19(日) 15:46
2398,body,raw-L02397,俺は恨まれてるからよ
2399,body,raw-L02397,敵が多い
2400,quoted_line,raw-L02397,>>161は賢い
2401,body,raw-L02397,他は馬鹿
2402,blank,,
2403,post_header,raw-L02403,173 名前：ロト ◆ROTOWt.c[] 投稿日：02/05/19(日) 15:46
2404,anchor,raw-L02403,>>168
2405,body,raw-L02403,荒らすなと言ってるべ
2406,body,raw-L02403,削除がめんどくせえんだよ
2407,body,raw-L02403,ちくしょう
2408,blank,,
2409,post_header,raw-L02409,177 名前：ロト ◆ROTOWt.c[] 投稿日：02/05/19(日) 15:47
2410,body,raw-L02409,１はワンって読むんだ
2411,body,raw-L02409,頭悪ぃな
2412,blank,,
2413,post_header,raw-L02413,180 名前：ロト ◆ROTOWt.c[] 投稿日：02/05/19(日) 15:48
2414,anchor,raw-L02413,>>174
2415,body,raw-L02413,やめとけ
2416,body,raw-L02413,俺はもうすぐ切れる
2417,blank,,
2418,post_header,raw-L02418,184 名前：ロト ◆ROTOWt.c[] 投稿日：02/05/19(日) 15:48
2419,body,raw-L02418,今から１分以内に謝れ
2420,body,raw-L02418,そうすれば許す
2421,blank,,
2422,post_header,raw-L02422,189 名前：ロト ◆ROTOWt.c[] 投稿日：02/05/19(日) 15:49
2423,body,raw-L02422,謝れ謝れ謝れ謝れ謝れ謝れ謝れ謝れ謝れ謝れ謝れ謝れ
2424,blank,,
2425,post_header,raw-L02425,192 名前：ロト ◆ROTOWt.c[] 投稿日：02/05/19(日) 15:49
2426,body,raw-L02425,謝れよ
2427,blank,,
2428,post_header,raw-L02428,195 名前：ロト ◆ROTOWt.c[] 投稿日：02/05/19(日) 15:50
2429,body,raw-L02428,心をちゃんとこめて本当に謝れ
2430,blank,,
2431,post_header,raw-L02431,203 名前：ロト ◆ROTOWt.c[] 投稿日：02/05/19(日) 15:51
2432,body,raw-L02431,早く謝れよ
2433,body,raw-L02431,うざい
2434,blank,,
2435,post_header,raw-L02435,207 名前：ロト ◆ROTOWt.c[] 投稿日：02/05/19(日) 15:52
2436,body,raw-L02435,あと１分待つ
2437,body,raw-L02435,最後のチャンスはある
2438,body,raw-L02435,まだ間に合うから謝れ
2439,blank,,
2440,post_header,raw-L02440,211 名前：ロト ◆ROTOWt.c[] 投稿日：02/05/19(日) 15:53
2441,anchor,raw-L02440,>>205
2442,body,raw-L02440,俺は伝説の不良ゲーマーだからよ
2443,body,raw-L02440,私怨が多い
2444,body,raw-L02440,敵が多いからめんどうだべ
2445,blank,,
2446,post_header,raw-L02446,217 名前：ロト ◆ROTOWt.c[] 投稿日：02/05/19(日) 15:55
2447,body,raw-L02446,やりかたが汚いんだよおまえらは
2448,body,raw-L02446,文句あるならタイマンでまとめてかかってこい
2449,blank,,
2450,post_header,raw-L02450,219 名前：ロト ◆ROTOWt.c[] 投稿日：02/05/19(日) 15:55
2451,anchor,raw-L02450,>>216
2452,body,raw-L02450,スパロボはやりこんでマスターした
2453,blank,,
2454,post_header,raw-L02454,229 名前：ロト ◆ROTOWt.c[] 投稿日：02/05/19(日) 15:57
2455,body,raw-L02454,もう切れた
2456,body,raw-L02454,本気を出す
2457,body,raw-L02454,謝っても遅い
2458,blank,,
2459,post_header,raw-L02459,232 名前：ロト ◆ROTOWt.c[] 投稿日：02/05/19(日) 15:58
2460,body,raw-L02459,おまえら馬鹿だ
2461,body,raw-L02459,今から１分までで謝れば許すかもしれない
2462,body,raw-L02459,早くしろ
2463,blank,,
2464,post_header,raw-L02464,236 名前：ロト ◆ROTOWt.c[] 投稿日：02/05/19(日) 15:59
2465,body,raw-L02464,ちくしょう
2466,body,raw-L02464,これで勝ったと思うなよ
2467,body,raw-L02464,馬鹿
2468,blank,,
2469,post_header,raw-L02469,237 名前：ロト ◆ROTOWt.c[] 投稿日：02/05/19(日) 15:59
2470,body,raw-L02469,覚えてろ
2471,blank,,
2472,blank,, 
2473,blank,,
2474,blank,, 
2475,blank,,
2476,section_title,,【ﾌﾟﾙ&ﾌﾟﾙﾂｰに】ｽﾊﾟﾛﾎﾞｲﾝﾊﾟｸﾄ173【ｶｯﾄｲﾝを！】
2477,blank,,
2478,blank,, 
2479,blank,,
2480,blank,, 
2481,blank,,
2482,post_header,raw-L02482,646 名前：ロト ◆ROTOWt.c[] 投稿日：02/05/19(日) 23:11
2483,body,raw-L02482,勇者・ロト
2484,body,raw-L02482,レベル ９９　　　ＥＸＰ　　４９０００
2485,body,raw-L02482,気力 １５０　　　ＮＥＸＴ　０
2486,body,raw-L02482,性格 超強気
2487,blank,,
2488,body,raw-L02482,精神コマンド ＳＰ ９９９/９９９
2489,body,raw-L02482,奇襲　　気合　　魂　　
2490,body,raw-L02482,見切り　覚醒　　奇跡
2491,blank,,
2492,body,raw-L02482,特殊技能　　　　　　　戦闘能力
2493,body,raw-L02482,ニュータイプＬ９　　　格闘 ４００　　技量 ３６２
2494,body,raw-L02482,２回行動　　　　　　　射撃 ３８８　　防御 ３５５
2495,body,raw-L02482,先手必勝　　　　　　　命中 ３９６
2496,body,raw-L02482,統率Ｌ９　　　　　　　回避 ３７２（＋６５０＝９４２）
2497,blank,,
2498,post_header,raw-L02498,649 名前：ロト ◆ROTOWt.c[] 投稿日：02/05/19(日) 23:11
2499,body,raw-L02498,やっと完成したべ
2500,body,raw-L02498,見事だべ？
2501,blank,,
2502,post_header,raw-L02502,671 名前：ロト ◆ROTOWt.c[] 投稿日：02/05/19(日) 23:15
2503,body,raw-L02502,これで大丈夫だべ？
2504,blank,,
2505,post_header,raw-L02505,678 名前：ロト ◆ROTOWt.c[] 投稿日：02/05/19(日) 23:16
2506,body,raw-L02505,次はゼータ２作るか
2507,blank,,
2508,post_header,raw-L02508,725 名前：ロト ◆ROTOWt.c[] 投稿日：02/05/19(日) 23:22
2509,body,raw-L02508,ゼータ２（ロト）
2510,body,raw-L02508,修理費 １００００００
2511,body,raw-L02508,ＨＰ　　９００００/９００００　　　サイズ Ｍ
2512,body,raw-L02508,ＥＮ　　１０００/１０００　　　　　移動力 １２
2513,body,raw-L02508,運動性　６５０　　　　　　　　　　　　　　
2514,body,raw-L02508,装甲　　３５００　　　　移動 空Ｓ 陸Ｓ 海Ｓ 宇Ｓ 地Ｓ
2515,body,raw-L02508,限界　　２０００　　　　地形 空Ｓ 陸Ｓ 海Ｓ 宇Ｓ 地Ｓ
2516,blank,,
2517,post_header,raw-L02517,807 名前：ロト ◆ROTOWt.c[] 投稿日：02/05/19(日) 23:34
2518,body,raw-L02517,ゼータ２（ロト）
2519,body,raw-L02517,修理費 １００００００
2520,body,raw-L02517,ＨＰ　　９００００/９００００　　　サイズ Ｍ
2521,body,raw-L02517,ＥＮ　　１０００/１０００　　　　　移動力 １２
2522,body,raw-L02517,運動性　６５０　　　　　　　　　　　　　　
2523,body,raw-L02517,装甲　　３５００　　　　移動 空Ｓ 陸Ｓ 海Ｓ 宇Ｓ 地Ｓ
2524,body,raw-L02517,限界　　２０００　　　　地形 空Ｓ 陸Ｓ 海Ｓ 宇Ｓ 地Ｓ
2525,blank,,
2526,body,raw-L02517,ビーム・ライフル[P][B]　　　２５００　　１～５
2527,body,raw-L02517,ライデイン[MAP] 　　　　　　２８００　　１～７
2528,body,raw-L02517,サンダー・キック[P] 　　　　２９００　　２～６
2529,body,raw-L02517,ファイヤー・キック[P] 　　　３０００　　１～２
2530,body,raw-L02517,スーパー・ソード[P] 　　　　３５００　　１～３
2531,body,raw-L02517,ロトの剣[P] 　　　　　　　　３８００　　１
2532,body,raw-L02517,メガビーム・ライフル[B] 　　４０００　　１～８
2533,body,raw-L02517,ギガデイン[MAP] 　　　　　　４４００　　２～１０
2534,body,raw-L02517,ダーク・アタック　　　　　　５０００　　３～９
2535,body,raw-L02517,ギガトン・パンチ[P] 　　　　５８００　　１～３
2536,body,raw-L02517,メガトン・パンチ[P] 　　　　６４００　　１
2537,body,raw-L02517,ギガ・スラッシュ[MAP] 　　　７７００　　１～１２
2538,body,raw-L02517,ギガ・スラッシュ[P] 　　　　７８００　　１～５
2539,body,raw-L02517,メガ・スラッシュ[P] 　　　　９９９９　　１
2540,blank,,
2541,post_header,raw-L02541,849 名前：ロト ◆ROTOWt.c[] 投稿日：02/05/19(日) 23:38
2542,body,raw-L02541,作るの大変だったべ
2543,blank,,
2544,blank,, 
2545,blank,,
2546,blank,, 
2547,blank,,
2548,blank,, 
2549,blank,,
2550,section_title,,【ご奉仕】スパロボＩＭＰＡＣＴ178【するにゃん】
2551,blank,,
2552,blank,, 
2553,blank,,
2554,blank,, 
2555,blank,,
2556,blank,, 
2557,blank,,
2558,blank,, 
2559,blank,,
2560,blank,,
2561,post_header,raw-L02561,543 名前：名無しさん＠非公式ガイド[] 投稿日：02/05/20(月) 20:45
2562,body,raw-L02561,今まで馬鹿にしてたけどロトって実はすごい奴なんじゃないか？
2563,blank,,
2564,post_header,raw-L02564,557 名前：名無しさん＠非公式ガイド[] 投稿日：02/05/20(月) 20:48
2565,body,raw-L02564,ロトさんはネットゲー界では伝説の男だべ？
2566,blank,,
2567,post_header,raw-L02567,560 名前：名無しさん＠非公式ガイド[] 投稿日：02/05/20(月) 20:48
2568,anchor,raw-L02567,>>557
2569,body,raw-L02567,そうだべ？
2570,body,raw-L02567,本当だったらこんなところに来てくれるだけでもありがたい
2571,blank,,
2572,post_header,raw-L02572,566 名前：名無しさん＠非公式ガイド[] 投稿日：02/05/20(月) 20:49
2573,anchor,raw-L02572,>>560
2574,body,raw-L02572,俺達にとっては雲の上の存在だべな？
2575,blank,,
2576,post_header,raw-L02576,574 名前：名無しさん＠非公式ガイド[] 投稿日：02/05/20(月) 20:51
2577,body,raw-L02576,ロトは優しい
2578,blank,,
2579,post_header,raw-L02579,663 名前：弟子[] 投稿日：02/05/20(月) 21:05
2580,body,raw-L02579,おいお前等、ロトさんのこと嘗めてるみたいだけど
2581,body,raw-L02579,その内痛い目に会うぞ！
2582,blank,,
2583,post_header,raw-L02583,668 名前：名無しさん＠非公式ガイド[] 投稿日：02/05/20(月) 21:07
2584,body,raw-L02583,ロトさんが本気になると誰もかなわないらしいぞ
2585,blank,,
2586,post_header,raw-L02586,676 名前：弟子[] 投稿日：02/05/20(月) 21:08
2587,anchor,raw-L02586,>>667
2588,body,raw-L02586,ハイパーリンクも知らないのか？
2589,body,raw-L02586,ロトさんの足元にもおよばないな
2590,blank,,
2591,post_header,raw-L02591,682 名前：弟子[] 投稿日：02/05/20(月) 21:08
2592,anchor,raw-L02591,>>668
2593,body,raw-L02591,正解だ、覚えとけ
2594,blank,,
2595,post_header,raw-L02595,684 名前：弟子[] 投稿日：02/05/20(月) 21:09
2596,body,raw-L02595,このスレはロトさんが言ったとおり馬鹿ばかりだな
2597,blank,,
2598,post_header,raw-L02598,685 名前：名無しさん＠非公式ガイド[] 投稿日：02/05/20(月) 21:09
2599,body,raw-L02598,ロトさんは現実でもネットゲーでも最強らしいぞ
2600,blank,,
2601,post_header,raw-L02601,690 名前：弟子[] 投稿日：02/05/20(月) 21:10
2602,anchor,raw-L02601,>>685
2603,body,raw-L02601,世界１だからな
2604,blank,,
2605,post_header,raw-L02605,693 名前：名無しさん＠非公式ガイド[] 投稿日：02/05/20(月) 21:10
2606,body,raw-L02605,ロトさんは今までにまだ一度も本気を出したことがないらしいぞ
2607,blank,,
2608,post_header,raw-L02608,700 名前：弟子[] 投稿日：02/05/20(月) 21:11
2609,body,raw-L02608,北海道最強のヘッドだえｂ
2610,body,raw-L02608,ちなみに俺は北海道在住のB型だ
2611,blank,,
2612,post_header,raw-L02612,707 名前：名無しさん＠非公式ガイド[] 投稿日：02/05/20(月) 21:12
2613,anchor,raw-L02612,>>701
2614,body,raw-L02612,ロトさんが本気出せば瞬殺
2615,blank,,
2616,post_header,raw-L02616,710 名前：弟子[] 投稿日：02/05/20(月) 21:13
2617,anchor,raw-L02616,>>699
2618,body,raw-L02616,宇宙が滅ぶべ
2619,body,raw-L02616,優しいロトさんは本気出さないんだ
2620,anchor,raw-L02616,>>701
2621,body,raw-L02616,おめぇ馬鹿だな
2622,blank,,
2623,post_header,raw-L02623,713 名前：名無しさん＠非公式ガイド[] 投稿日：02/05/20(月) 21:13
2624,body,raw-L02623,ロトさんは普段は力を１％のパワーしか使ってない
2625,blank,,
2626,post_header,raw-L02626,715 名前：弟子[] 投稿日：02/05/20(月) 21:14
2627,body,raw-L02626,ロトさんに教えてもらったメガトンパンチ受けたいのか？
2628,blank,,
2629,post_header,raw-L02629,720 名前：弟子[] 投稿日：02/05/20(月) 21:14
2630,anchor,raw-L02629,>>713
2631,body,raw-L02629,おめぇ馬鹿
2632,body,raw-L02629,ロトさんは１％も出してネェ
2633,blank,,
2634,post_header,raw-L02634,722 名前：名無しさん＠非公式ガイド[] 投稿日：02/05/20(月) 21:14
2635,anchor,raw-L02634,>>715
2636,body,raw-L02634,適当こくなよおまえ
2637,body,raw-L02634,あの技はロトさんしか使えないべ
2638,blank,,
2639,post_header,raw-L02639,726 名前：弟子[] 投稿日：02/05/20(月) 21:15
2640,body,raw-L02639,ちくしょ
2641,body,raw-L02639,ロトさんに言ってこらしめてもらうからな
2642,blank,,
2643,post_header,raw-L02643,728 名前：名無しさん＠非公式ガイド[] 投稿日：02/05/20(月) 21:16
2644,body,raw-L02643,メガトンパンチはよ、ものすごく強いパンチっていう意味だべ？
2645,blank,,
2646,post_header,raw-L02646,732 名前：名無しさん＠非公式ガイド[] 投稿日：02/05/20(月) 21:16
2647,body,raw-L02646,こうなったらロトさん呼ぶか？
2648,blank,,
2649,post_header,raw-L02649,742 名前：ロト ◆ROTOWt.c[] 投稿日：02/05/20(月) 21:18
2650,body,raw-L02649,呼んだべか？
2651,blank,,
2652,post_header,raw-L02652,745 名前：ロト ◆ROTOWt.c[] 投稿日：02/05/20(月) 21:19
2653,body,raw-L02652,おまえらオタクはネットゲー板には来るなよ
2654,blank,,
2655,post_header,raw-L02655,747 名前：弟子[] 投稿日：02/05/20(月) 21:19
2656,body,raw-L02655,ロトさん助けて
2657,blank,,
2658,post_header,raw-L02658,752 名前：ロト ◆ROTOWt.c[] 投稿日：02/05/20(月) 21:19
2659,anchor,raw-L02658,>>747
2660,body,raw-L02658,どうした？
2661,body,raw-L02658,俺が助けてやるべ
2662,blank,,
2663,post_header,raw-L02663,761 名前：ロト ◆ROTOWt.c[] 投稿日：02/05/20(月) 21:21
2664,body,raw-L02663,ネットゲーはよ、けっこう大変だべ？
2665,body,raw-L02663,俺は最強のＰＫだから私怨が多いしよ
2666,blank,,
2667,post_header,raw-L02667,770 名前：弟子[] 投稿日：02/05/20(月) 21:22
2668,body,raw-L02667,ロトさん助けて
2669,body,raw-L02667,ここの奴らロトさんの陰口ばっかりいってるし、俺のこといじめるんだ
2670,blank,,
2671,post_header,raw-L02671,773 名前：ロト ◆ROTOWt.c[] 投稿日：02/05/20(月) 21:23
2672,anchor,raw-L02671,>>770
2673,body,raw-L02671,おまえも俺の弟子ならこんなやつらに負けるんじゃねぇよ
2674,blank,,
2675,post_header,raw-L02675,775 名前：ロト ◆ROTOWt.c[] 投稿日：02/05/20(月) 21:24
2676,body,raw-L02675,俺は今ネットゲーが忙しいからよ
2677,body,raw-L02675,ネットゲー板にも私怨が雑魚が多くて困る
2678,blank,,
2679,post_header,raw-L02679,779 名前：ロト ◆ROTOWt.c[] 投稿日：02/05/20(月) 21:25
2680,body,raw-L02679,俺はＰＫ神って呼ばれてる
2681,blank,,
2682,post_header,raw-L02682,788 名前：ロト ◆ROTOWt.c[] 投稿日：02/05/20(月) 21:26
2683,body,raw-L02682,俺がやってるネットゲーじゃよ、伝説のＰＫって言われて恐れられてる
2684,blank,,
2685,post_header,raw-L02685,790 名前：ロト ◆ROTOWt.c[] 投稿日：02/05/20(月) 21:27
2686,body,raw-L02685,現実では伝説の不良だしよ
2687,body,raw-L02685,俺は忙しい
2688,blank,,
2689,post_header,raw-L02689,797 名前：ロト ◆ROTOWt.c[] 投稿日：02/05/20(月) 21:29
2690,anchor,raw-L02689,>>795
2691,body,raw-L02689,プレイヤーキルだべ？
2692,body,raw-L02689,そんなことも知らないのかよ、頭悪ぃな
2693,blank,,
2694,post_header,raw-L02694,805 名前：ロト ◆ROTOWt.c[] 投稿日：02/05/20(月) 21:30
2695,body,raw-L02694,現実じゃ北海道最強で喧嘩チームの総長
2696,body,raw-L02694,ネットゲーじゃ伝説のＰＫ
2697,body,raw-L02694,俺は何をやっても目立っちまうべ？
2698,blank,,
2699,post_header,raw-L02699,810 名前：ロト ◆ROTOWt.c[] 投稿日：02/05/20(月) 21:31
2700,body,raw-L02699,タイマンしてくるか
2701,blank,,
2702,blank,, 
2703,blank,,
2704,blank,, 
2705,blank,,
2706,blank,, 
2707,blank,,
2708,section_title,,【全裸で】SRWインパクト181【スパロボ】
2709,blank,,
2710,blank,, 
2711,blank,,
2712,blank,, 
2713,blank,,
2714,blank,, 
2715,blank,,
2716,blank,,
2717,post_header,raw-L02717,293 名前：名無しさん＠非公式ガイド[] 投稿日：02/05/21(火) 09:16
2718,body,raw-L02717,おまえらロトさんをなめるなよ
2719,blank,,
2720,post_header,raw-L02720,301 名前：名無しさん＠非公式ガイド[] 投稿日：02/05/21(火) 09:18
2721,body,raw-L02720,ロトさん呼んでくるから待ってろ
2722,blank,,
2723,post_header,raw-L02723,302 名前：ロト ◆ROTOWt.c[] 投稿日：02/05/21(火) 09:19
2724,body,raw-L02723,今呼ばれたんだけど何かあったべ？
2725,blank,,
2726,post_header,raw-L02726,311 名前：ロト ◆ROTOWt.c[] 投稿日：02/05/21(火) 09:20
2727,body,raw-L02726,俺のＨＰとネットゲーの俺のスレを貼るのはやめろ
2728,blank,,
2729,post_header,raw-L02729,313 名前：ロト ◆ROTOWt.c[] 投稿日：02/05/21(火) 09:20
2730,anchor,raw-L02729,>>309
2731,body,raw-L02729,誰だよそれは
2732,body,raw-L02729,俺が負けるわけないだろ
2733,blank,,
2734,post_header,raw-L02734,318 名前：ロト ◆ROTOWt.c[] 投稿日：02/05/21(火) 09:21
2735,body,raw-L02734,俺のスレは俺の名前がついてるからよ
2736,body,raw-L02734,大事に扱うべきだべ？
2737,blank,,
2738,post_header,raw-L02738,320 名前：ロト ◆ROTOWt.c[] 投稿日：02/05/21(火) 09:22
2739,anchor,raw-L02738,>>315
2740,body,raw-L02738,俺は不良だから映画なんて見ないべ
2741,blank,,
2742,post_header,raw-L02742,323 名前：ロト ◆ROTOWt.c[] 投稿日：02/05/21(火) 09:23
2743,body,raw-L02742,俺は北海道で最強の不良だ
2744,body,raw-L02742,勝てないやつなんていない
2745,blank,,
2746,post_header,raw-L02746,328 名前：ロト ◆ROTOWt.c[] 投稿日：02/05/21(火) 09:24
2747,body,raw-L02746,北海道は不良のレベルが強いからな
2748,body,raw-L02746,北海道で最強の俺は伝説の不良でレベルが高すぎる
2749,blank,,
2750,post_header,raw-L02750,331 名前：ロト ◆ROTOWt.c[] 投稿日：02/05/21(火) 09:25
2751,body,raw-L02750,ムツゴロウはもうすぐ死ぬ
2752,body,raw-L02750,俺がファイヤーキックの炎の火で燃やして蹴る
2753,blank,,
2754,post_header,raw-L02754,340 名前：ロト ◆ROTOWt.c[] 投稿日：02/05/21(火) 09:25
2755,anchor,raw-L02754,>>334
2756,body,raw-L02754,おまえが弱いだけだべ？
2757,blank,,
2758,post_header,raw-L02758,342 名前：ロト ◆ROTOWt.c[] 投稿日：02/05/21(火) 09:26
2759,body,raw-L02758,おまえらウザイよ
2760,body,raw-L02758,北海道は不良が強いって言ってんだろ
2761,body,raw-L02758,頭悪ぃな
2762,blank,,
2763,post_header,raw-L02763,346 名前：ロト ◆ROTOWt.c[] 投稿日：02/05/21(火) 09:27
2764,body,raw-L02763,北海道では喧嘩チームのＤＲＡＫ～ダーク～が最強で強い
2765,blank,,
2766,post_header,raw-L02766,352 名前：ロト ◆ROTOWt.c[] 投稿日：02/05/21(火) 09:28
2767,body,raw-L02766,ダークはメンバー全員がよ
2768,body,raw-L02766,喧嘩の力の達人で強いレベルだべ？
2769,blank,,
2770,post_header,raw-L02770,356 名前：ロト ◆ROTOWt.c[] 投稿日：02/05/21(火) 09:29
2771,body,raw-L02770,亞理亞とムツゴロウは殺す
2772,body,raw-L02770,まとめてタイマンでダークアタックを使ってまとめて倒して殺す
2773,blank,,
2774,post_header,raw-L02774,364 名前：ロト ◆ROTOWt.c[] 投稿日：02/05/21(火) 09:30
2775,body,raw-L02774,俺を本気で怒らせると誰も勝てないってネットゲースレでも噂されてるしよ
2776,body,raw-L02774,怒らなくても最強な強いけどよ
2777,blank,,
2778,post_header,raw-L02778,369 名前：ロト ◆ROTOWt.c[] 投稿日：02/05/21(火) 09:31
2779,anchor,raw-L02778,>>359
2780,body,raw-L02778,うるさいよおまえ
2781,body,raw-L02778,勝てるって言っただろ
2782,body,raw-L02778,頭悪ぃな
2783,blank,,
2784,post_header,raw-L02784,371 名前：ロト ◆ROTOWt.c[] 投稿日：02/05/21(火) 09:32
2785,anchor,raw-L02784,>>363
2786,body,raw-L02784,インパクトはやり込んで極めた
2787,body,raw-L02784,アムロとゼータ２が最強だべな？
2788,blank,,
2789,post_header,raw-L02789,375 名前：ロト ◆ROTOWt.c[] 投稿日：02/05/21(火) 09:32
2790,anchor,raw-L02789,>>368
2791,body,raw-L02789,メガトンパンチは最強に近い技だ
2792,body,raw-L02789,ファイヤーキックはたいてい弱い強さ
2793,blank,,
2794,post_header,raw-L02794,381 名前：ロト ◆ROTOWt.c[] 投稿日：02/05/21(火) 09:33
2795,anchor,raw-L02794,>>373
2796,body,raw-L02794,俺は不良だけど頭もいい
2797,body,raw-L02794,文武両同ってやつだべな？
2798,blank,,
2799,post_header,raw-L02799,396 名前：ロト ◆ROTOWt.c[] 投稿日：02/05/21(火) 09:35
2800,body,raw-L02799,勇者・ロト
2801,body,raw-L02799,レベル ９９　　　ＥＸＰ　　４９０００
2802,body,raw-L02799,気力 １５０　　　ＮＥＸＴ　０
2803,body,raw-L02799,性格 超強気
2804,blank,,
2805,body,raw-L02799,精神コマンド ＳＰ ９９９/９９９
2806,body,raw-L02799,奇襲　　気合　　魂　　
2807,body,raw-L02799,見切り　覚醒　　奇跡
2808,blank,,
2809,body,raw-L02799,特殊技能　　　　　　　戦闘能力
2810,body,raw-L02799,ニュータイプＬ９　　　格闘 ４００　　技量 ３６２
2811,body,raw-L02799,２回行動　　　　　　　射撃 ３８８　　防御 ３５５
2812,body,raw-L02799,先手必勝　　　　　　　命中 ３９６
2813,body,raw-L02799,統率Ｌ９　　　　　　　回避 ３７２（＋６５０＝１０２２）
2814,blank,,
2815,post_header,raw-L02815,399 名前：ロト ◆ROTOWt.c[] 投稿日：02/05/21(火) 09:36
2816,body,raw-L02815,ゼータ２（ロト）
2817,body,raw-L02815,修理費 １００００００
2818,body,raw-L02815,ＨＰ　　９００００/９００００　　　サイズ Ｍ
2819,body,raw-L02815,ＥＮ　　１０００/１０００　　　　　移動力 １２
2820,body,raw-L02815,運動性　６５０　　　　　　　　　　　　　　
2821,body,raw-L02815,装甲　　３５００　　　　移動 空Ｓ 陸Ｓ 海Ｓ 宇Ｓ 地Ｓ
2822,body,raw-L02815,限界　　２０００　　　　地形 空Ｓ 陸Ｓ 海Ｓ 宇Ｓ 地Ｓ
2823,blank,,
2824,body,raw-L02815,ビーム・ライフル[P][B]　　　２５００　　１～５
2825,body,raw-L02815,ライデイン[MAP] 　　　　　　２８００　　１～７
2826,body,raw-L02815,サンダー・キック[P] 　　　　２９００　　２～６
2827,body,raw-L02815,ファイヤー・キック[P] 　　　３０００　　１～２
2828,body,raw-L02815,スーパー・ソード[P] 　　　　３５００　　１～３
2829,body,raw-L02815,ロトの剣[P] 　　　　　　　　３８００　　１
2830,body,raw-L02815,メガビーム・ライフル[B] 　　４０００　　１～８
2831,body,raw-L02815,ギガデイン[MAP] 　　　　　　４４００　　２～１０
2832,body,raw-L02815,ダーク・アタック　　　　　　５０００　　３～９
2833,body,raw-L02815,ギガトン・パンチ[P] 　　　　５８００　　１～３
2834,body,raw-L02815,メガトン・パンチ[P] 　　　　６４００　　１
2835,body,raw-L02815,ギガ・スラッシュ[MAP] 　　　７７００　　１～１２
2836,body,raw-L02815,ギガ・スラッシュ[P] 　　　　７８００　　１～５
2837,body,raw-L02815,メガ・スラッシュ[P] 　　　　９９９９　　１
2838,blank,,
2839,post_header,raw-L02839,402 名前：ロト ◆ROTOWt.c[] 投稿日：02/05/21(火) 09:37
2840,body,raw-L02839,俺のゼータ２は強すぎて最強だべ？
2841,blank,,
2842,post_header,raw-L02842,406 名前：ロト ◆ROTOWt.c[] 投稿日：02/05/21(火) 09:38
2843,body,raw-L02842,ゼータ２（ロト）の（）はダンバイン（ドット）の（）と同じで専用っていう意味があるべ？
2844,blank,,
2845,post_header,raw-L02845,411 名前：ロト ◆ROTOWt.c[] 投稿日：02/05/21(火) 09:38
2846,body,raw-L02845,俺は伝説のニュータイプだからよ
2847,body,raw-L02845,アムロは俺には尊敬してる
2848,blank,,
2849,post_header,raw-L02849,417 名前：ロト ◆ROTOWt.c[] 投稿日：02/05/21(火) 09:39
2850,body,raw-L02849,ダークアタックもちゃんとあるだろ
2851,body,raw-L02849,よく見ろよ
2852,body,raw-L02849,頭悪ぃな
2853,blank,,
2854,post_header,raw-L02854,426 名前：ロト ◆ROTOWt.c[] 投稿日：02/05/21(火) 09:41
2855,body,raw-L02854,ギガは雷って意味なのが知らない奴がいたらしいのは馬鹿だべな
2856,body,raw-L02854,ギガデイン知らないのかよ？
2857,body,raw-L02854,あれは雷の稲妻が呪文になる
2858,blank,,
2859,post_header,raw-L02859,431 名前：ロト ◆ROTOWt.c[] 投稿日：02/05/21(火) 09:42
2860,anchor,raw-L02859,>>408
2861,body,raw-L02859,おまえ適当こいて嘘書くなよ
2862,body,raw-L02859,所詮は妄想だべな
2863,blank,,
2864,post_header,raw-L02864,438 名前：ロト ◆ROTOWt.c[] 投稿日：02/05/21(火) 09:43
2865,anchor,raw-L02864,>>433
2866,body,raw-L02864,ダークは悪くて黒いていう意味だから俺の不良で強いからピッタリだ
2867,blank,,
2868,post_header,raw-L02868,453 名前：ロト ◆ROTOWt.c[] 投稿日：02/05/21(火) 09:45
2869,anchor,raw-L02868,>>442
2870,body,raw-L02868,しつこいんだよおまえ
2871,body,raw-L02868,おまえ馬鹿だろ
2872,body,raw-L02868,適当こいて妄想するな
2873,blank,,
2874,post_header,raw-L02874,455 名前：ロト ◆ROTOWt.c[] 投稿日：02/05/21(火) 09:45
2875,body,raw-L02874,ギガデインも知らない馬鹿がいやがる
2876,body,raw-L02874,ギガは雷だって言ってんのによ
2877,blank,,
2878,post_header,raw-L02878,463 名前：ロト ◆ROTOWt.c[] 投稿日：02/05/21(火) 09:47
2879,anchor,raw-L02878,>>458
2880,body,raw-L02878,妄想野郎には負けねぇよ
2881,blank,,
2882,post_header,raw-L02882,468 名前：ロト ◆ROTOWt.c[] 投稿日：02/05/21(火) 09:47
2883,anchor,raw-L02882,>>461
2884,body,raw-L02882,歴史上の人物なんて知らねーよ
2885,body,raw-L02882,俺は不良だからよ
2886,blank,,
2887,post_header,raw-L02887,475 名前：ロト ◆ROTOWt.c[] 投稿日：02/05/21(火) 09:48
2888,anchor,raw-L02887,>>464
2889,body,raw-L02887,あれはたまたまだろ
2890,body,raw-L02887,頭悪ぃなおまえ
2891,blank,,
2892,post_header,raw-L02892,478 名前：ロト ◆ROTOWt.c[] 投稿日：02/05/21(火) 09:49
2893,body,raw-L02892,ライもミナも雷という意味がある
2894,body,raw-L02892,今調べた
2895,blank,,
2896,post_header,raw-L02896,489 名前：ロト ◆ROTOWt.c[] 投稿日：02/05/21(火) 09:51
2897,body,raw-L02896,おまえら調子こいてるとタイマンで殺す
2898,blank,,
2899,post_header,raw-L02899,491 名前：ロト ◆ROTOWt.c[] 投稿日：02/05/21(火) 09:51
2900,body,raw-L02899,うるさいよおまえら
2901,body,raw-L02899,ちくしょう
2902,blank,,
2903,post_header,raw-L02903,495 名前：ロト ◆ROTOWt.c[] 投稿日：02/05/21(火) 09:52
2904,anchor,raw-L02903,>>492
2905,body,raw-L02903,謝れば許す
2906,body,raw-L02903,あと一分
2907,blank,,
2908,post_header,raw-L02908,505 名前：ロト ◆ROTOWt.c[] 投稿日：02/05/21(火) 09:53
2909,anchor,raw-L02908,>>494
2910,body,raw-L02908,あれは嘘
2911,body,raw-L02908,本当は最初から知ってた
2912,body,raw-L02908,騙されたなおまえは頭悪ぃな
2913,blank,,
2914,post_header,raw-L02914,508 名前：ロト ◆ROTOWt.c[] 投稿日：02/05/21(火) 09:53
2915,body,raw-L02914,早く謝れよ
2916,blank,,
2917,post_header,raw-L02917,516 名前：ロト ◆ROTOWt.c[] 投稿日：02/05/21(火) 09:54
2918,body,raw-L02917,俺は本気で怒ると最強って言われてるしよ
2919,blank,,
2920,post_header,raw-L02920,519 名前：ロト ◆ROTOWt.c[] 投稿日：02/05/21(火) 09:54
2921,anchor,raw-L02920,>>512
2922,body,raw-L02920,違う
2923,body,raw-L02920,おまえが馬鹿だ
2924,body,raw-L02920,うるさいんだよ
2925,body,raw-L02920,くそ
2926,blank,,
2927,post_header,raw-L02927,522 名前：ロト ◆ROTOWt.c[] 投稿日：02/05/21(火) 09:55
2928,body,raw-L02927,心をこめて真剣に謝れ
2929,blank,,
2930,post_header,raw-L02930,526 名前：ロト ◆ROTOWt.c[] 投稿日：02/05/21(火) 09:55
2931,body,raw-L02930,あと１分あるから急いだ謝って
2932,blank,,
2933,post_header,raw-L02933,530 名前：ロト ◆ROTOWt.c[] 投稿日：02/05/21(火) 09:56
2934,anchor,raw-L02933,>>524
2935,body,raw-L02933,また適当言ってやがる
2936,body,raw-L02933,おまえオタクのひきこもりだべ
2937,blank,,
2938,post_header,raw-L02938,532 名前：ロト ◆ROTOWt.c[] 投稿日：02/05/21(火) 09:56
2939,body,raw-L02938,ちくしょうちくしょうちくしょう
2940,blank,,
2941,post_header,raw-L02941,535 名前：ロト ◆ROTOWt.c[] 投稿日：02/05/21(火) 09:57
2942,body,raw-L02941,おまえら全員糞だ
2943,body,raw-L02941,俺は切れる
2944,blank,,
2945,post_header,raw-L02945,539 名前：ロト ◆ROTOWt.c[] 投稿日：02/05/21(火) 09:57
2946,body,raw-L02945,俺が今切れた
2947,body,raw-L02945,もう遅い
2948,body,raw-L02945,おまえらは殺す
2949,blank,,
2950,post_header,raw-L02950,546 名前：ロト ◆ROTOWt.c[] 投稿日：02/05/21(火) 09:58
2951,body,raw-L02950,切れたけどおまえらのチャンスのある
2952,body,raw-L02950,あと３０秒で謝れば許す
2953,blank,,
2954,post_header,raw-L02954,549 名前：ロト ◆ROTOWt.c[] 投稿日：02/05/21(火) 09:58
2955,body,raw-L02954,早く謝れ
2956,blank,,
2957,post_header,raw-L02957,558 名前：ロト ◆ROTOWt.c[] 投稿日：02/05/21(火) 09:59
2958,body,raw-L02957,糞だおまえらは
2959,body,raw-L02957,馬鹿だな
2960,blank,,
2961,post_header,raw-L02961,561 名前：ロト ◆ROTOWt.c[] 投稿日：02/05/21(火) 10:00
2962,body,raw-L02961,これで勝ったと思うなよ
2963,body,raw-L02961,覚えてろ
2964,blank,,
2965,blank,, 
2966,blank,,
2967,blank,, 
2968,blank,,
2969,blank,, 
2970,blank,,
2971,section_title,,【心機】スパロボインパクト195【一転】
2972,blank,,
2973,blank,, 
2974,blank,,
2975,blank,, 
2976,blank,,
2977,blank,, 
2978,blank,,
2979,blank,, 
2980,blank,,
2981,post_header,raw-L02981,301 名前：ロト ◆ROTOWt.c[] 投稿日：02/05/24(金) 13:16
2982,body,raw-L02981,ＦＦ１１板のやつらがむかつく
2983,body,raw-L02981,おまえら荒らしてこい
2984,blank,,
2985,post_header,raw-L02985,302 名前：ロト ◆ROTOWt.c[] 投稿日：02/05/24(金) 13:17
2986,body,raw-L02985,俺が不良だっていっても調子こくしよ
2987,blank,,
2988,post_header,raw-L02988,305 名前：ロト ◆ROTOWt.c[] 投稿日：02/05/24(金) 13:18
2989,anchor,raw-L02988,>>303
2990,body,raw-L02988,おまえも調子こいてると死ぬ
2991,blank,,
2992,post_header,raw-L02992,315 名前：ロト ◆ROTOWt.c[] 投稿日：02/05/24(金) 13:24
2993,body,raw-L02992,ちくしょうあいつら絶対殺す
2994,blank,,
2995,post_header,raw-L02995,331 名前：ロト ◆ROTOWt.c[] 投稿日：02/05/24(金) 13:35
2996,anchor,raw-L02995,>>329
2997,body,raw-L02995,アムロは最強だべ？
2998,body,raw-L02995,俺がいなければだがよ
2999,blank,,
3000,post_header,raw-L03000,347 名前：ロト ◆ROTOWt.c[] 投稿日：02/05/24(金) 13:48
3001,body,raw-L03000,おまえらＦＦ１１板荒らせよ
3002,body,raw-L03000,あいつら俺をなめてる
3003,blank,,
3004,blank,, 
3005,blank,,
3006,blank,, 
3007,blank,,
3008,blank,, 
3009,blank,,
3010,blank,,
3011,section_title,,【エロ】スパロボインパクト196【一揆】
3012,blank,,
3013,blank,, 
3014,blank,,
3015,blank,, 
3016,blank,,
3017,blank,, 
3018,blank,,
3019,blank,, 
3020,blank,,
3021,blank,,
3022,post_header,raw-L03022,254 名前：名無しさん＠非公式ガイド[] 投稿日：02/05/24(金) 19:30
3023,body,raw-L03022,おい、てめえら
3024,body,raw-L03022,よくもやりやがったな
3025,body,raw-L03022,おまえらなんだろ？
3026,blank,,
3027,post_header,raw-L03027,263 名前：名無しさん＠非公式ガイド[] 投稿日：02/05/24(金) 19:31
3028,body,raw-L03027,ロトさんが怒ってた
3029,body,raw-L03027,おまえらもう終わりだ
3030,blank,,
3031,post_header,raw-L03031,270 名前：名無しさん＠非公式ガイド[] 投稿日：02/05/24(金) 19:33
3032,body,raw-L03031,ロトさんがおまえらを殺すって言ってたぞ
3033,blank,,
3034,post_header,raw-L03034,277 名前：名無しさん＠非公式ガイド[] 投稿日：02/05/24(金) 19:33
3035,body,raw-L03034,ロトさんは今度こそ本気で切れた
3036,body,raw-L03034,おまえらは死ぬ
3037,blank,,
3038,post_header,raw-L03038,289 名前：名無しさん＠非公式ガイド[] 投稿日：02/05/24(金) 19:37
3039,body,raw-L03038,次に荒らした奴から順番に死刑の刑にするって言ってたぞ
3040,body,raw-L03038,覚悟しろ
3041,blank,,
3042,post_header,raw-L03042,310 名前：名無しさん＠非公式ガイド[] 投稿日：02/05/24(金) 19:41
3043,body,raw-L03042,ロトさんがいないのをいいことに調子こきすぎなんだよおまえら
3044,body,raw-L03042,もう謝っても許されない
3045,blank,,
3046,post_header,raw-L03046,315 名前：名無しさん＠非公式ガイド[] 投稿日：02/05/24(金) 19:42
3047,anchor,raw-L03046,>>312
3048,body,raw-L03046,秒殺されたのはおまえだべ？
3049,body,raw-L03046,適当こくなよ
3050,blank,,
3051,post_header,raw-L03051,320 名前：名無しさん＠非公式ガイド[] 投稿日：02/05/24(金) 19:44
3052,body,raw-L03051,もう荒らさないって約束して謝れば許す
3053,body,raw-L03051,早く謝れ
3054,body,raw-L03051,チャンスが最後の機会だ
3055,blank,,
3056,post_header,raw-L03056,329 名前：名無しさん＠非公式ガイド[] 投稿日：02/05/24(金) 19:46
3057,body,raw-L03056,今から一分が謝れば許すチャンス
3058,body,raw-L03056,早く謝れ
3059,blank,,
3060,post_header,raw-L03060,337 名前：名無しさん＠非公式ガイド[] 投稿日：02/05/24(金) 19:48
3061,body,raw-L03060,もう荒らすなよ
3062,body,raw-L03060,頼む
3063,blank,,
3064,post_header,raw-L03064,349 名前：名無しさん＠非公式ガイド[] 投稿日：02/05/24(金) 19:49
3065,body,raw-L03064,ロトさんの攻撃
3066,body,raw-L03064,９９９９９９９９のダメージ
3067,body,raw-L03064,竜王は倒した
3068,blank,,
3069,post_header,raw-L03069,352 名前：名無しさん＠非公式ガイド[] 投稿日：02/05/24(金) 19:50
3070,anchor,raw-L03069,>>349
3071,body,raw-L03069,激しく同意
3072,body,raw-L03069,ロトさん強いよな
3073,blank,,
3074,post_header,raw-L03074,360 名前：名無しさん＠非公式ガイド[] 投稿日：02/05/24(金) 19:52
3075,body,raw-L03074,ちくしょう
3076,body,raw-L03074,なんなんだよおまえらは
3077,blank,,
3078,post_header,raw-L03078,367 名前：名無しさん＠非公式ガイド[] 投稿日：02/05/24(金) 19:53
3079,body,raw-L03078,今ロトさんが完全に怒りのパワーで切れた
3080,body,raw-L03078,もう謝っても遅い
3081,body,raw-L03078,馬鹿だおまえら
3082,blank,,
3083,post_header,raw-L03083,369 名前：名無しさん＠非公式ガイド[] 投稿日：02/05/24(金) 19:53
3084,anchor,raw-L03083,>>368
3085,body,raw-L03083,ちくしょう
3086,body,raw-L03083,馬鹿が
3087,blank,,
3088,post_header,raw-L03088,372 名前：名無しさん＠非公式ガイド[] 投稿日：02/05/24(金) 19:54
3089,body,raw-L03088,おまえら死ぬ
3090,body,raw-L03088,馬鹿
3091,blank,,
3092,post_header,raw-L03092,385 名前：名無しさん＠非公式ガイド[] 投稿日：02/05/24(金) 19:55
3093,body,raw-L03092,おまえら覚えてろよ
3094,blank,,
3095,blank,, 
3096,blank,,
3097,blank,, 
3098,blank,,
3099,blank,, 
3100,blank,,
3101,blank,, 
3102,blank,,
3103,blank,,
3104,section_title,,【オニギリ】スパロボスレ215【食べよう】
3105,blank,,
3106,blank,, 
3107,blank,,
3108,blank,, 
3109,blank,,
3110,blank,, 
3111,blank,,
3112,blank,, 
3113,blank,,
3114,blank,, 
3115,blank,,
3116,post_header,raw-L03116,160 名前：ロト ◆ROTOWt.c[] 投稿日：02/05/28(火) 19:31
3117,body,raw-L03116,おいおまえら
3118,body,raw-L03116,俺のページ荒らすのいい加減にしろ
3119,body,raw-L03116,迷惑なんだよ
3120,blank,,
3121,post_header,raw-L03121,167 名前：ロト ◆ROTOWt.c[] 投稿日：02/05/28(火) 19:32
3122,body,raw-L03121,せっかく新しいページにしたのによ
3123,body,raw-L03121,調子こいて荒らしてんじゃねえよ
3124,body,raw-L03121,おまえら死ぬ
3125,blank,,
3126,post_header,raw-L03126,178 名前：ロト ◆ROTOWt.c[] 投稿日：02/05/28(火) 19:33
3127,body,raw-L03126,覚悟しとけよ
3128,body,raw-L03126,おまえらの書き込みからおまえらの住んでる住所の場所を調べる
3129,body,raw-L03126,殺してやる
3130,blank,,
3131,post_header,raw-L03131,188 名前：ロト ◆ROTOWt.c[] 投稿日：02/05/28(火) 19:35
3132,body,raw-L03131,謝るなら今がチャンスだ
3133,body,raw-L03131,今なら許すかもしれない
3134,blank,,
3135,post_header,raw-L03135,208 名前：ロト ◆ROTOWt.c[] 投稿日：02/05/28(火) 19:39
3136,anchor,raw-L03135,>>201
3137,body,raw-L03135,おまえは賢いべ？
3138,body,raw-L03135,ＤＡＲＫに入るかよ？
3139,blank,,
3140,post_header,raw-L03140,211 名前：ロト ◆ROTOWt.c[] 投稿日：02/05/28(火) 19:39
3141,anchor,raw-L03140,>>206
3142,body,raw-L03140,また適当な事言ってやがる
3143,body,raw-L03140,おまえは弱いくせによ
3144,blank,,
3145,post_header,raw-L03145,215 名前：ロト ◆ROTOWt.c[] 投稿日：02/05/28(火) 19:40
3146,body,raw-L03145,おまえらは糞だべ？
3147,body,raw-L03145,だからギガトンパンチが使うまでもない
3148,blank,,
3149,post_header,raw-L03149,223 名前：ロト ◆ROTOWt.c[] 投稿日：02/05/28(火) 19:41
3150,anchor,raw-L03149,>>219
3151,body,raw-L03149,荒らすのはやめとけ
3152,body,raw-L03149,住所の場所を調べて殺す
3153,blank,,
3154,post_header,raw-L03154,230 名前：ロト ◆ROTOWt.c[] 投稿日：02/05/28(火) 19:42
3155,anchor,raw-L03154,>>226
3156,body,raw-L03154,言っておくけど俺は不良だから喧嘩が強い
3157,body,raw-L03154,北海道最強って言われてるべ
3158,body,raw-L03154,おまえらとは強さが違う
3159,blank,,
3160,post_header,raw-L03160,243 名前：ロト ◆ROTOWt.c[] 投稿日：02/05/28(火) 19:43
3161,anchor,raw-L03160,>>237
3162,body,raw-L03160,うるさいよおまえ
3163,body,raw-L03160,わけわかんねぇよ
3164,body,raw-L03160,馬鹿
3165,blank,,
3166,post_header,raw-L03166,256 名前：ロト ◆ROTOWt.c[] 投稿日：02/05/28(火) 19:45
3167,body,raw-L03166,おまえらがうるさいからＤＲＡＫをＤＡＲＫに治したべ？
3168,body,raw-L03166,治せば荒らさないんじゃなかったのかよ
3169,body,raw-L03166,おまえらは嘘をついたのか
3170,blank,,
3171,post_header,raw-L03171,259 名前：ロト ◆ROTOWt.c[] 投稿日：02/05/28(火) 19:45
3172,anchor,raw-L03171,>>257
3173,body,raw-L03171,うるせーばか
3174,blank,,
3175,post_header,raw-L03175,267 名前：ロト ◆ROTOWt.c[] 投稿日：02/05/28(火) 19:48
3176,anchor,raw-L03175,>>262
3177,body,raw-L03175,おまえしつこいべ？
3178,body,raw-L03175,俺とタイマンして勝てるのかよ
3179,body,raw-L03175,ちくしょう
3180,blank,,
3181,post_header,raw-L03181,272 名前：ロト ◆ROTOWt.c[] 投稿日：02/05/28(火) 19:48
3182,anchor,raw-L03181,>>264
3183,body,raw-L03181,謝るのはおまえだろ
3184,body,raw-L03181,頭悪ぃな
3185,body,raw-L03181,殺す
3186,blank,,
3187,post_header,raw-L03187,279 名前：ロト ◆ROTOWt.c[] 投稿日：02/05/28(火) 19:49
3188,body,raw-L03187,俺は切れた
3189,body,raw-L03187,もう遅い
3190,blank,,
3191,post_header,raw-L03191,291 名前：ロト ◆ROTOWt.c[] 投稿日：02/05/28(火) 19:51
3192,body,raw-L03191,荒らすなら古い方にしておけ
3193,body,raw-L03191,それなら許す
3194,blank,,
3195,post_header,raw-L03195,299 名前：ロト ◆ROTOWt.c[] 投稿日：02/05/28(火) 19:51
3196,body,raw-L03195,俺の本気で切れたらおまえらは死ぬ
3197,blank,,
3198,post_header,raw-L03198,309 名前：ロト ◆ROTOWt.c[] 投稿日：02/05/28(火) 19:54
3199,body,raw-L03198,早く謝れ
3200,body,raw-L03198,今なら許す１分までだべ
3201,blank,,
3202,post_header,raw-L03202,320 名前：ロト ◆ROTOWt.c[] 投稿日：02/05/28(火) 19:55
3203,body,raw-L03202,じゃあ今までは許すからよ
3204,body,raw-L03202,もう荒らすな
3205,body,raw-L03202,それなら許す
3206,body,raw-L03202,あと謝れ
3207,blank,,
3208,post_header,raw-L03208,324 名前：ロト ◆ROTOWt.c[] 投稿日：02/05/28(火) 19:56
3209,body,raw-L03208,あと１分だべ
3210,body,raw-L03208,早くしろ
3211,blank,,
3212,post_header,raw-L03212,330 名前：ロト ◆ROTOWt.c[] 投稿日：02/05/28(火) 19:57
3213,body,raw-L03212,やめろ馬鹿
3214,blank,,
3215,post_header,raw-L03215,334 名前：ロト ◆ROTOWt.c[] 投稿日：02/05/28(火) 19:57
3216,body,raw-L03215,ちくしょう
3217,body,raw-L03215,これで勝ったと思うなよ
3218,body,raw-L03215,覚えてろ
3219,blank,,
3220,blank,, 
3221,blank,,
3222,blank,, 
3223,blank,,
3224,blank,, 
3225,blank,,
3226,blank,,
3227,section_title,,【グロンギ語】スパロボ219【意味不明】
3228,blank,,
3229,blank,, 
3230,blank,,
3231,blank,, 
3232,blank,,
3233,blank,, 
3234,blank,,
3235,blank,,
3236,post_header,raw-L03236,757 名前：名無しさん＠非公式ガイド[] 投稿日：02/05/29(水) 20:37
3237,body,raw-L03236,次荒らしたらロトさんが切れるらしい
3238,blank,,
3239,post_header,raw-L03239,773 名前：名無しさん＠非公式ガイド[] 投稿日：02/05/29(水) 20:41
3240,anchor,raw-L03239,>>765
3241,body,raw-L03239,おまえは住所を場所を調べられて殺されるべ
3242,blank,,
3243,post_header,raw-L03243,786 名前：名無しさん＠非公式ガイド[] 投稿日：02/05/29(水) 20:42
3244,anchor,raw-L03243,>>780
3245,body,raw-L03243,おまえは８回死ぬべ？
3246,blank,,
3247,post_header,raw-L03247,793 名前：名無しさん＠非公式ガイド[] 投稿日：02/05/29(水) 20:43
3248,body,raw-L03247,今謝ればロトさんは許すらしいぞ
3249,blank,,
3250,post_header,raw-L03250,796 名前：名無しさん＠非公式ガイド[] 投稿日：02/05/29(水) 20:44
3251,anchor,raw-L03250,>>790
3252,body,raw-L03250,適当書いてんじゃねーよ
3253,body,raw-L03250,ロトさん切れてたぞ
3254,body,raw-L03250,おまえ死ぬ
3255,blank,,
3256,post_header,raw-L03256,811 名前：名無しさん＠非公式ガイド[] 投稿日：02/05/29(水) 20:45
3257,body,raw-L03256,ロトさんが切れたらおまえら全滅で死ぬ
3258,blank,,
3259,post_header,raw-L03259,819 名前：名無しさん＠非公式ガイド[] 投稿日：02/05/29(水) 20:46
3260,body,raw-L03259,ロトさんは今度荒らしが来たら切れるらしい
3261,body,raw-L03259,最後にチャンスだ
3262,body,raw-L03259,謝れ
3263,blank,,
3264,post_header,raw-L03264,832 名前：名無しさん＠非公式ガイド[] 投稿日：02/05/29(水) 20:48
3265,body,raw-L03264,ちくしょう
3266,body,raw-L03264,覚えてろ
3267,blank,,
3268,blank,, 
3269,blank,,
3270,blank,, 
3271,blank,,
3272,blank,,
3273,section_title,,【偽りの】Ｓ.Ｒ.Ｗ. PART.225【平和】
3274,blank,,
3275,blank,, 
3276,blank,,
3277,blank,, 
3278,blank,,
3279,blank,, 
3280,blank,,
3281,blank,, 
3282,blank,,
3283,blank,,
3284,post_header,raw-L03284,695 名前：名無しさん＠非公式ガイド[] 投稿日：02/05/31(金) 18:54
3285,body,raw-L03284,さっさとこんなクソスレつぶれろよ
3286,body,raw-L03284,おまえらオタクでひきこもりだしよ
3287,blank,,
3288,post_header,raw-L03288,711 名前：名無しさん＠非公式ガイド[] 投稿日：02/05/31(金) 18:57
3289,anchor,raw-L03288,>>701
3290,body,raw-L03288,ちっげーっよ
3291,body,raw-L03288,証拠あんのかよ
3292,body,raw-L03288,馬鹿
3293,blank,,
3294,post_header,raw-L03294,719 名前：名無しさん＠非公式ガイド[] 投稿日：02/05/31(金) 18:58
3295,body,raw-L03294,ここはロトさん以外は糞だべ？
3296,blank,,
3297,post_header,raw-L03297,720 名前：名無しさん＠非公式ガイド[] 投稿日：02/05/31(金) 18:59
3298,anchor,raw-L03297,>>717
3299,body,raw-L03297,違うって言ってるだろ
3300,body,raw-L03297,頭悪ぃな
3301,blank,,
3302,post_header,raw-L03302,723 名前：名無しさん＠非公式ガイド[] 投稿日：02/05/31(金) 18:59
3303,body,raw-L03302,そんなに俺がロトさんだと言うなら俺がロトさん呼んで来れば証拠だべ？
3304,blank,,
3305,post_header,raw-L03305,749 名前：名無しさん＠非公式ガイド[] 投稿日：02/05/31(金) 19:07
3306,body,raw-L03305,今からロトさんを呼ぶ
3307,blank,,
3308,post_header,raw-L03308,753 名前：ロト ◆ROTOWt.c[] 投稿日：02/05/31(金) 19:08
3309,body,raw-L03308,呼ばれたべ？
3310,body,raw-L03308,俺は今来たところだ
3311,blank,,
3312,post_header,raw-L03312,760 名前：ロト ◆ROTOWt.c[] 投稿日：02/05/31(金) 19:09
3313,body,raw-L03312,おまえら俺のHP荒らしたべ？
3314,body,raw-L03312,住所の場所をつきとめたから殺しに行く
3315,body,raw-L03312,謝れば許す
3316,blank,,
3317,post_header,raw-L03317,769 名前：ロト ◆ROTOWt.c[] 投稿日：02/05/31(金) 19:11
3318,body,raw-L03317,今から一人殺しに行く
3319,body,raw-L03317,タイマンで殺すから１００人くらい集めてかないとおまえら死ぬ
3320,blank,,
3321,post_header,raw-L03321,778 名前：ロト ◆ROTOWt.c[] 投稿日：02/05/31(金) 19:12
3322,anchor,raw-L03321,>>774
3323,body,raw-L03321,ちっげーっよ
3324,body,raw-L03321,調子こくな
3325,body,raw-L03321,１００人はハンデでやるべ？
3326,blank,,
3327,post_header,raw-L03327,786 名前：ロト ◆ROTOWt.c[] 投稿日：02/05/31(金) 19:14
3328,anchor,raw-L03327,>>781
3329,body,raw-L03327,うるさいよおまえ
3330,body,raw-L03327,わけわかんねぇんだよ
3331,body,raw-L03327,殺すぞ
3332,blank,,
3333,post_header,raw-L03333,794 名前：ロト ◆ROTOWt.c[] 投稿日：02/05/31(金) 19:15
3334,body,raw-L03333,DARKメンバー全員でおまえらを殺して瞬殺するべ
3335,body,raw-L03333,早く謝れば許す
3336,blank,,
3337,post_header,raw-L03337,798 名前：ロト ◆ROTOWt.c[] 投稿日：02/05/31(金) 19:16
3338,anchor,raw-L03337,>>792
3339,body,raw-L03337,うるせーばか
3340,blank,,
3341,post_header,raw-L03341,805 名前：ロト ◆ROTOWt.c[] 投稿日：02/05/31(金) 19:17
3342,anchor,raw-L03341,>>801
3343,body,raw-L03341,だから荒らしたら死ぬって言ってるべ
3344,body,raw-L03341,おまえ頭悪ぃな
3345,blank,,
3346,post_header,raw-L03346,811 名前：ロト ◆ROTOWt.c[] 投稿日：02/05/31(金) 19:17
3347,body,raw-L03346,次荒らしたら怒りの力でパワーが全快になる
3348,body,raw-L03346,おまえら殺す
3349,blank,,
3350,post_header,raw-L03350,815 名前：ロト ◆ROTOWt.c[] 投稿日：02/05/31(金) 19:18
3351,anchor,raw-L03350,>>807
3352,body,raw-L03350,うるさいだよおまえ
3353,body,raw-L03350,荒らしたら殺す
3354,blank,,
3355,post_header,raw-L03355,820 名前：ロト ◆ROTOWt.c[] 投稿日：02/05/31(金) 19:18
3356,anchor,raw-L03355,>>813
3357,body,raw-L03355,次荒らしたら殺すっつってるべ？
3358,body,raw-L03355,ちくしょう
3359,blank,,
3360,post_header,raw-L03360,826 名前：ロト ◆ROTOWt.c[] 投稿日：02/05/31(金) 19:20
3361,anchor,raw-L03360,>>823
3362,body,raw-L03360,やったら殺す
3363,body,raw-L03360,おまえは弱いからギガトンパンチで瞬殺する
3364,blank,,
3365,post_header,raw-L03365,830 名前：ロト ◆ROTOWt.c[] 投稿日：02/05/31(金) 19:20
3366,anchor,raw-L03365,>>828
3367,body,raw-L03365,次やったら殺す
3368,body,raw-L03365,今は謝れば許す
3369,blank,,
3370,post_header,raw-L03370,839 名前：ロト ◆ROTOWt.c[] 投稿日：02/05/31(金) 19:22
3371,body,raw-L03370,荒らされてねーじゃねぇか
3372,body,raw-L03370,おまえは本当はびびってるべ？
3373,body,raw-L03370,殺されたくなければ謝れ
3374,blank,,
3375,post_header,raw-L03375,845 名前：ロト ◆ROTOWt.c[] 投稿日：02/05/31(金) 19:22
3376,body,raw-L03375,荒らす度胸がびびっててできないくせによ
3377,body,raw-L03375,怖いんだべ？
3378,body,raw-L03375,殺してやろうか
3379,blank,,
3380,post_header,raw-L03380,851 名前：ロト ◆ROTOWt.c[] 投稿日：02/05/31(金) 19:23
3381,anchor,raw-L03380,>>947
3382,body,raw-L03380,頭悪ぃな
3383,body,raw-L03380,今見て来ただよ
3384,body,raw-L03380,おまえ本当は俺のHP知らないべ？
3385,body,raw-L03380,だせえやつだな
3386,blank,,
3387,post_header,raw-L03387,861 名前：ロト ◆ROTOWt.c[] 投稿日：02/05/31(金) 19:26
3388,anchor,raw-L03387,>>856
3389,body,raw-L03387,やめとけ
3390,body,raw-L03387,おまえ死ぬ
3391,blank,,
3392,post_header,raw-L03392,865 名前：ロト ◆ROTOWt.c[] 投稿日：02/05/31(金) 19:27
3393,anchor,raw-L03392,>>858
3394,body,raw-L03392,びびったか
3395,body,raw-L03392,おまえが俺と逆らうのは１億年早いべ？
3396,blank,,
3397,post_header,raw-L03397,870 名前：ロト ◆ROTOWt.c[] 投稿日：02/05/31(金) 19:28
3398,body,raw-L03397,今まで荒らしたやつの住所はわかってるからよ
3399,body,raw-L03397,いつでも殺してやるべ
3400,blank,,
3401,post_header,raw-L03401,880 名前：ロト ◆ROTOWt.c[] 投稿日：02/05/31(金) 19:29
3402,body,raw-L03401,今日は許してやるか
3403,body,raw-L03401,おまえらびびっちまったからよ
3404,body,raw-L03401,俺が完全勝利で勝ったな
3405,blank,,
3406,post_header,raw-L03406,898 名前：ロト ◆ROTOWt.c[] 投稿日：02/05/31(金) 19:32
3407,anchor,raw-L03406,>>886
3408,body,raw-L03406,こいつは馬鹿だ
3409,body,raw-L03406,みんな無視しろ
3410,blank,,
3411,post_header,raw-L03411,899 名前：ロト ◆ROTOWt.c[] 投稿日：02/05/31(金) 19:32
3412,quoted_line,raw-L03411,>>886は死ぬ
3413,blank,,
3414,blank,, 
3415,blank,,
3416,blank,, 
3417,blank,,
3418,blank,, 
3419,blank,,
3420,section_title,,【まだまだ】スパイン397【続きます】
3421,blank,,
3422,blank,, 
3423,blank,,
3424,blank,, 
3425,blank,,
3426,blank,, 
3427,blank,,
3428,blank,, 
3429,blank,,
3430,post_header,raw-L03430,347 名前：ロト ◆ROTOWt.c[] 投稿日：02/07/16(火) 12:18
3431,body,raw-L03430,おまえら黙って聞いてれば調子にのりやがって
3432,body,raw-L03430,殺すぞ
3433,blank,,
3434,post_header,raw-L03434,353 名前：ロト ◆ROTOWt.c[] 投稿日：02/07/16(火) 12:19
3435,body,raw-L03434,北海道は不良のレベルが高くて強い
3436,body,raw-L03434,おまえらはオタクでひきこもりで弱いから死ぬ
3437,blank,,
3438,post_header,raw-L03438,359 名前：ロト ◆ROTOWt.c[] 投稿日：02/07/16(火) 12:20
3439,body,raw-L03438,おまえら俺をなめてるとお礼参りするべ
3440,blank,,
3441,post_header,raw-L03441,370 名前：ロト ◆ROTOWt.c[] 投稿日：02/07/16(火) 12:22
3442,anchor,raw-L03441,>>363
3443,body,raw-L03441,おまえは賢い
3444,body,raw-L03441,ダークに入るか？
3445,body,raw-L03441,喧嘩上等のチームだべ
3446,blank,,
3447,post_header,raw-L03447,382 名前：ロト ◆ROTOWt.c[] 投稿日：02/07/16(火) 12:23
3448,anchor,raw-L03447,>>373
3449,body,raw-L03447,おまえは強い不良の見た事ないだけだべ
3450,body,raw-L03447,北海道の不良は強すぎる
3451,blank,,
3452,post_header,raw-L03452,388 名前：ロト ◆ROTOWt.c[] 投稿日：02/07/16(火) 12:24
3453,anchor,raw-L03452,>>381
3454,body,raw-L03452,ちっげーっよ
3455,body,raw-L03452,俺は本物だべ
3456,body,raw-L03452,どうやって俺が偽者だって証拠だよ
3457,blank,,
3458,post_header,raw-L03458,397 名前：ロト ◆ROTOWt.c[] 投稿日：02/07/16(火) 12:25
3459,body,raw-L03458,おまえら殺してやる
3460,blank,,
3461,post_header,raw-L03461,408 名前：ロト ◆ROTOWt.c[] 投稿日：02/07/16(火) 12:27
3462,anchor,raw-L03461,>>396
3463,body,raw-L03461,おまえ何のことを言ってるだ？
3464,body,raw-L03461,馬鹿だろ
3465,body,raw-L03461,どこにＤＲＡＫなんて書いてあるだ
3466,body,raw-L03461,頭悪ぃな
3467,body,raw-L03461,http://fruit.gaiax.com/home/unipersonal
3468,blank,,
3469,post_header,raw-L03469,418 名前：ロト ◆ROTOWt.c[] 投稿日：02/07/16(火) 12:28
3470,body,raw-L03469,ゼータ２を使わなくてもおまえらオタクごとき瞬殺で殺せる
3471,blank,,
3472,post_header,raw-L03472,425 名前：ロト ◆ROTOWt.c[] 投稿日：02/07/16(火) 12:29
3473,anchor,raw-L03472,>>416
3474,body,raw-L03472,やめとけ
3475,body,raw-L03472,やったら殺す
3476,body,raw-L03472,前のＨＰ荒らした奴は全員住んでる住所をつきとめて殺したからな
3477,blank,,
3478,post_header,raw-L03478,433 名前：ロト ◆ROTOWt.c[] 投稿日：02/07/16(火) 12:30
3479,body,raw-L03478,ロトさんのページ荒らした奴は殺されたらしいぞ
3480,blank,,
3481,post_header,raw-L03481,437 名前：ロト ◆ROTOWt.c[] 投稿日：02/07/16(火) 12:30
3482,anchor,raw-L03481,>>433
3483,body,raw-L03481,こいつは偽者
3484,body,raw-L03481,馬鹿だな
3485,blank,,
3486,post_header,raw-L03486,444 名前：ロト ◆ROTOWt.c[] 投稿日：02/07/16(火) 12:31
3487,body,raw-L03486,前は半殺しで許してやった
3488,body,raw-L03486,次が本当に殺すべ
3489,blank,,
3490,post_header,raw-L03490,452 名前：ロト ◆ROTOWt.c[] 投稿日：02/07/16(火) 12:33
3491,body,raw-L03490,俺はハッキングのクラッカーのスキルが高いからおまえらの住所なんて余裕でわかるだよ
3492,body,raw-L03490,俺を敵に回すのはやめとけ
3493,blank,,
3494,post_header,raw-L03494,461 名前：ロト ◆ROTOWt.c[] 投稿日：02/07/16(火) 12:34
3495,body,raw-L03494,俺の掲示板で謝罪で謝れ
3496,body,raw-L03494,今なら許される
3497,blank,,
3498,post_header,raw-L03498,468 名前：ロト ◆ROTOWt.c[] 投稿日：02/07/16(火) 12:35
3499,body,raw-L03498,おまえら調子に乗ってると日記の俺に殴られたやつらみたいに後悔することになるべ
3500,blank,,
3501,post_header,raw-L03501,473 名前：ロト ◆ROTOWt.c[] 投稿日：02/07/16(火) 12:36
3502,body,raw-L03501,あと一分待つ
3503,body,raw-L03501,謝れば許す
3504,blank,,
3505,post_header,raw-L03505,482 名前：ロト ◆ROTOWt.c[] 投稿日：02/07/16(火) 12:37
3506,anchor,raw-L03505,>>477
3507,body,raw-L03505,おまえは賢い
3508,body,raw-L03505,今度だけは許すぞ
3509,blank,,
3510,post_header,raw-L03510,487 名前：ロト ◆ROTOWt.c[] 投稿日：02/07/16(火) 12:38
3511,anchor,raw-L03510,>>484
3512,body,raw-L03510,明日行く
3513,body,raw-L03510,おまえは死ぬ
3514,blank,,
3515,post_header,raw-L03515,492 名前：ロト ◆ROTOWt.c[] 投稿日：02/07/16(火) 12:39
3516,body,raw-L03515,俺の掲示板を荒らした瞬間おまえらの住所がわかる
3517,body,raw-L03515,だから俺からは逃げられないだよ
3518,blank,,
3519,post_header,raw-L03519,505 名前：ロト ◆ROTOWt.c[] 投稿日：02/07/16(火) 12:42
3520,body,raw-L03519,テストなんてださくてうけてらんねーんだけどよ
3521,body,raw-L03519,俺は不良だからよ
3522,blank,,
3523,post_header,raw-L03523,515 名前：ロト ◆ROTOWt.c[] 投稿日：02/07/16(火) 12:43
3524,anchor,raw-L03523,>>503
3525,body,raw-L03523,台風のほうが俺のギガトンパンチで消し飛ぶべ
3526,body,raw-L03523,雷のパウーを秘めたパンチだしよ
3527,blank,,
3528,post_header,raw-L03528,519 名前：ロト ◆ROTOWt.c[] 投稿日：02/07/16(火) 12:44
3529,anchor,raw-L03528,>>513
3530,body,raw-L03528,うるせえな
3531,body,raw-L03528,不良だから本気で試験なんてうけてねーよ
3532,body,raw-L03528,本気だせば全部１００点
3533,blank,,
3534,post_header,raw-L03534,527 名前：ロト ◆ROTOWt.c[] 投稿日：02/07/16(火) 12:46
3535,anchor,raw-L03534,>>523
3536,body,raw-L03534,ちっげーっよ
3537,body,raw-L03534,俺は本物だって言ってるべ
3538,body,raw-L03534,適当こくなよ
3539,blank,,
3540,post_header,raw-L03540,530 名前：ロト ◆ROTOWt.c[] 投稿日：02/07/16(火) 12:47
3541,body,raw-L03540,俺は切れた
3542,body,raw-L03540,おまえらはタイマンで全員まとめて殺す
3543,blank,,
3544,post_header,raw-L03544,532 名前：ロト ◆ROTOWt.c[] 投稿日：02/07/16(火) 12:47
3545,body,raw-L03544,びびってももう遅い
3546,body,raw-L03544,おまえらの死ぬのは決まったべ
3547,blank,,
3548,post_header,raw-L03548,538 名前：ロト ◆ROTOWt.c[] 投稿日：02/07/16(火) 12:48
3549,body,raw-L03548,ちくしょう
3550,body,raw-L03548,おまえらは馬鹿だ
3551,blank,,
3552,post_header,raw-L03552,542 名前：ロト ◆ROTOWt.c[] 投稿日：02/07/16(火) 12:48
3553,anchor,raw-L03552,>>537
3554,body,raw-L03552,駄目だ
3555,body,raw-L03552,おまえびびってるだろ？
3556,body,raw-L03552,でももう遅いんだよ
3557,blank,,
3558,post_header,raw-L03558,551 名前：ロト ◆ROTOWt.c[] 投稿日：02/07/16(火) 12:50
3559,body,raw-L03558,おまえらうざいんだよ
3560,body,raw-L03558,馬鹿
3561,blank,,
3562,post_header,raw-L03562,554 名前：ロト ◆ROTOWt.c[] 投稿日：02/07/16(火) 12:50
3563,body,raw-L03562,これで勝ったと思うなよ
3564,body,raw-L03562,覚えてろ
3565,blank,,
3566,blank,, 
3567,blank,,
3568,blank,, 
3569,blank,,
3570,blank,, 
3571,blank,,
3572,blank,,
3573,section_title,,【ハチベェも】インパクト４０５【ついウカーソ】
3574,blank,,
3575,blank,, 
3576,blank,,
3577,blank,, 
3578,blank,,
3579,blank,, 
3580,blank,,
3581,blank,, 
3582,blank,,
3583,post_header,raw-L03583,18 名前：名無しさん＠非公式ガイド[] 投稿日：02/07/18(木) 19:26
3584,body,raw-L03583,おまえらオタクだべ？
3585,body,raw-L03583,こんなクソスレ削除しろよ
3586,blank,,
3587,post_header,raw-L03587,22 名前：名無しさん＠非公式ガイド[] 投稿日：02/07/18(木) 19:28
3588,anchor,raw-L03587,>>19
3589,body,raw-L03587,おまえが最強なはずがないだよ
3590,body,raw-L03587,最強はロトさんだべ
3591,blank,,
3592,post_header,raw-L03592,33 名前：名無しさん＠非公式ガイド[] 投稿日：02/07/18(木) 19:32
3593,body,raw-L03592,おまえらいい加減にしとけよ
3594,body,raw-L03592,調子こいてるとタイマンで殺す
3595,blank,,
3596,post_header,raw-L03596,38 名前：名無しさん＠非公式ガイド[] 投稿日：02/07/18(木) 19:33
3597,anchor,raw-L03596,>>34
3598,body,raw-L03596,おまえロトさんの偽者になって騙ってなりすます気だべな？
3599,body,raw-L03596,俺が本物を今から呼ぶ
3600,body,raw-L03596,謝るなら今のうちだ
3601,blank,,
3602,post_header,raw-L03602,41 名前：ロト ◆ROTOWt.c[] 投稿日：02/07/18(木) 19:34
3603,body,raw-L03602,呼ばれたから来たべ
3604,body,raw-L03602,俺の偽者がいるとはいい度胸だな
3605,blank,,
3606,post_header,raw-L03606,47 名前：ロト ◆ROTOWt.c[] 投稿日：02/07/18(木) 19:36
3607,body,raw-L03606,今日俺のＨＰを荒らした馬鹿を殺した
3608,body,raw-L03606,タイマンだがギガトンパンチで瞬殺した
3609,blank,,
3610,post_header,raw-L03610,52 名前：ロト ◆ROTOWt.c[] 投稿日：02/07/18(木) 19:37
3611,body,raw-L03610,これで見せしめになるべ？
3612,body,raw-L03610,荒らした奴は死ぬということの事実だ
3613,blank,,
3614,post_header,raw-L03614,56 名前：ロト ◆ROTOWt.c[] 投稿日：02/07/18(木) 19:38
3615,body,raw-L03614,今日もタイマンの約束あるべ
3616,body,raw-L03614,５０人相手だけど俺は実力なら余裕だべな
3617,blank,,
3618,post_header,raw-L03618,60 名前：ロト ◆ROTOWt.c[] 投稿日：02/07/18(木) 19:39
3619,body,raw-L03618,ＤＡＲＫのやつらは一緒についていきたいって聞かないけどよ
3620,body,raw-L03618,俺は強いから一人で行ってくるべ
3621,blank,,
3622,post_header,raw-L03622,65 名前：ロト ◆ROTOWt.c[] 投稿日：02/07/18(木) 19:42
3623,anchor,raw-L03622,>>63
3624,body,raw-L03622,おまえ馬鹿だな
3625,body,raw-L03622,俺が勝つ
3626,body,raw-L03622,調子こくな
3627,blank,,
3628,post_header,raw-L03628,72 名前：ロト ◆ROTOWt.c[] 投稿日：02/07/18(木) 19:44
3629,body,raw-L03628,俺は北海道最強の喧嘩チームＤＡＲＫの団長だ
3630,body,raw-L03628,北海道は日本で最強に不良のレベルが強い
3631,body,raw-L03628,俺はその頂点で喧嘩上等だべ
3632,blank,,
3633,post_header,raw-L03633,80 名前：ロト ◆ROTOWt.c[] 投稿日：02/07/18(木) 19:45
3634,body,raw-L03633,最強なうえに最速にスピードを速く走れる
3635,body,raw-L03633,俺のバイクは早い
3636,body,raw-L03633,俺は不良だからよ
3637,body,raw-L03633,バイクのるときヘルメットかぶらない
3638,blank,,
3639,post_header,raw-L03639,85 名前：ロト ◆ROTOWt.c[] 投稿日：02/07/18(木) 19:46
3640,body,raw-L03639,ロトさんが喧嘩強いと言うのは本当らしい
3641,blank,,
3642,post_header,raw-L03642,87 名前：ロト ◆ROTOWt.c[] 投稿日：02/07/18(木) 19:47
3643,anchor,raw-L03642,>>85
3644,body,raw-L03642,当たり前だべ
3645,body,raw-L03642,俺は強すぎるだよ
3646,body,raw-L03642,おまえＤＡＲＫに入るか？
3647,blank,,
3648,post_header,raw-L03648,90 名前：ロト ◆ROTOWt.c[] 投稿日：02/07/18(木) 19:48
3649,quoted_line,raw-L03648,>>85は偽者
3650,body,raw-L03648,馬鹿だな
3651,body,raw-L03648,俺が自作自演したとみせる罠だべ
3652,blank,,
3653,post_header,raw-L03653,93 名前：ロト ◆ROTOWt.c[] 投稿日：02/07/18(木) 19:48
3654,anchor,raw-L03653,>>91
3655,body,raw-L03653,ちっげーっよ
3656,body,raw-L03653,殺すぞ
3657,blank,,
3658,post_header,raw-L03658,100 名前：ロト ◆ROTOWt.c[] 投稿日：02/07/18(木) 19:50
3659,body,raw-L03658,http://fruit.gaiax.com/home/unipersonal
3660,body,raw-L03658,おまえら本当は俺のこと憧れてるだろ？
3661,body,raw-L03658,今から正直に言えばＤＡＲＫに入れてやる
3662,body,raw-L03658,掲示板に入団希望すれば入れる
3663,blank,,
3664,post_header,raw-L03664,102 名前：ロト ◆ROTOWt.c[] 投稿日：02/07/18(木) 19:51
3665,body,raw-L03664,ＤＡＲＫに入れば北海道だけじゃなく世界中で最強の戦士達だべ
3666,blank,,
3667,post_header,raw-L03667,106 名前：ロト ◆ROTOWt.c[] 投稿日：02/07/18(木) 19:51
3668,anchor,raw-L03667,>>101
3669,body,raw-L03667,ダークって読むんだよ
3670,body,raw-L03667,頭悪ぃな
3671,body,raw-L03667,おまえは入れてやるのやめようか
3672,blank,,
3673,post_header,raw-L03673,109 名前：ロト ◆ROTOWt.c[] 投稿日：02/07/18(木) 19:52
3674,body,raw-L03673,喧嘩上等だからよ
3675,body,raw-L03673,ＤＡＲＫは強い不良の集まった最強のチームだべ
3676,blank,,
3677,post_header,raw-L03677,111 名前：ロト ◆ROTOWt.c[] 投稿日：02/07/18(木) 19:53
3678,body,raw-L03677,http://fruit.gaiax.com/home/unipersonal
3679,body,raw-L03677,ダークに入れば北海道で誰も逆らってこなくなるから入ったほうがいいべ
3680,blank,,
3681,post_header,raw-L03681,114 名前：ロト ◆ROTOWt.c[] 投稿日：02/07/18(木) 19:54
3682,body,raw-L03681,今日もタイマンで強さを思い知らせるしよ
3683,body,raw-L03681,また俺が強いと評判になる
3684,blank,,
3685,post_header,raw-L03685,116 名前：ロト ◆ROTOWt.c[] 投稿日：02/07/18(木) 19:54
3686,anchor,raw-L03685,>>112
3687,body,raw-L03685,うるさいよおまえ
3688,body,raw-L03685,俺に勝てるのかよ
3689,blank,,
3690,post_header,raw-L03690,121 名前：ロト ◆ROTOWt.c[] 投稿日：02/07/18(木) 19:56
3691,anchor,raw-L03690,>>118
3692,body,raw-L03690,地元で不良が多くて強い高校のやつ５０人とタイマンだべ
3693,body,raw-L03690,俺を倒すためにあいつら必死だべな
3694,blank,,
3695,post_header,raw-L03695,122 名前：ロト ◆ROTOWt.c[] 投稿日：02/07/18(木) 19:57
3696,anchor,raw-L03695,>>120
3697,body,raw-L03695,適当こくなよ
3698,body,raw-L03695,おまえは弱いくせによ
3699,body,raw-L03695,口だけだなおまえは
3700,blank,,
3701,post_header,raw-L03701,138 名前：ロト ◆ROTOWt.c[] 投稿日：02/07/18(木) 19:59
3702,body,raw-L03701,俺が殴り込みかけるとその高校は潰れる
3703,body,raw-L03701,前に５人で殴り込みかけて１５０人倒した
3704,blank,,
3705,post_header,raw-L03705,140 名前：ロト ◆ROTOWt.c[] 投稿日：02/07/18(木) 20:00
3706,body,raw-L03705,馬鹿かおまえらは一人ずつのわけがない
3707,body,raw-L03705,俺は強いから全員同時に倒す
3708,blank,,
3709,post_header,raw-L03709,145 名前：ロト ◆ROTOWt.c[] 投稿日：02/07/18(木) 20:01
3710,body,raw-L03709,俺の計画では最初はロトの剣で勝負してギガスラッシュを使って２０人一気に消し飛ぶ
3711,blank,,
3712,post_header,raw-L03712,149 名前：ロト ◆ROTOWt.c[] 投稿日：02/07/18(木) 20:02
3713,body,raw-L03712,おまえらタイマンの意味知らないのかよ
3714,body,raw-L03712,頭悪ぃな
3715,body,raw-L03712,不良の言葉だからおまえら馬鹿にはわからないのか
3716,blank,,
3717,post_header,raw-L03717,155 名前：ロト ◆ROTOWt.c[] 投稿日：02/07/18(木) 20:03
3718,anchor,raw-L03717,>>152
3719,body,raw-L03717,俺は強すぎるから警察は手におえない
3720,blank,,
3721,post_header,raw-L03721,160 名前：ロト ◆ROTOWt.c[] 投稿日：02/07/18(木) 20:04
3722,body,raw-L03721,タイマンってのは真剣な喧嘩の事だ
3723,body,raw-L03721,殺されても文句が言えない勝負
3724,blank,,
3725,post_header,raw-L03725,170 名前：ロト ◆ROTOWt.c[] 投稿日：02/07/18(木) 20:06
3726,body,raw-L03725,http://fruit.gaiax.com/home/unipersonal
3727,body,raw-L03725,掲示板に入団希望すればおまえら弱いけど鍛えてやるべ
3728,blank,,
3729,post_header,raw-L03729,175 名前：ロト ◆ROTOWt.c[] 投稿日：02/07/18(木) 20:07
3730,body,raw-L03729,ダークも人数増やしてもいいしよ
3731,body,raw-L03729,今は少数精鋭だけどな
3732,blank,,
3733,post_header,raw-L03733,179 名前：ロト ◆ROTOWt.c[] 投稿日：02/07/18(木) 20:08
3734,body,raw-L03733,http://fruit.gaiax.com/home/unipersonal
3735,body,raw-L03733,ただし入団希望以外の書き込みは書いたら殺す
3736,body,raw-L03733,俺はハッキングのプロだから住んでる住所つきとめられるから甘く見ない方がいいべ
3737,blank,,
3738,post_header,raw-L03738,180 名前：ロト ◆ROTOWt.c[] 投稿日：02/07/18(木) 20:09
3739,anchor,raw-L03738,>>177
3740,body,raw-L03738,俺と結婚するにはそうとうかわいくないと駄目だべ
3741,body,raw-L03738,俺はメチャクチャもてるからよ
3742,blank,,
3743,post_header,raw-L03743,183 名前：ロト ◆ROTOWt.c[] 投稿日：02/07/18(木) 20:12
3744,body,raw-L03743,そろそろタイマン行ってくるべ
3745,body,raw-L03743,おまえらもオタクだけどひきこもってばかりいるなよ
3746,blank,,
3747,blank,, 
3748,blank,,
3749,blank,, 
3750,blank,,
3751,blank,, 
3752,blank,,
3753,blank,, 
3754,blank,,
3755,blank,, 
3756,blank,,
3757,section_title,,戦士を語るスレ
3758,blank,,
3759,blank,, 
3760,blank,,
3761,blank,, 
3762,blank,,
3763,post_header,raw-L03763,318 名前：ロト ◆ROTOWt.c [] 投稿日：02/05/24(金) 12:31 ID:FcqxIOqL [1/35]
3764,body,raw-L03763,戦士やってるけど弱すぎる
3765,body,raw-L03763,最強は黒魔だべ？
3766,body,raw-L03763,戦士は魔法を使えないのに不公平じゃねぇか
3767,blank,,
3768,blank,, 
3769,blank,,
3770,post_header,raw-L03770,320 名前：既にその名前は使われています[] 投稿日：02/05/24(金) 12:35 ID:FcqxIOqL [2/35]
3771,anchor,raw-L03770,>>319
3772,body,raw-L03770,俺は最初から強いのがいいんだよ
3773,body,raw-L03770,おまえ頭悪ぃな
3774,body,raw-L03770,黒魔が魔法使えるのはずるい
3775,blank,,
3776,blank,,
3777,post_header,raw-L03777,322 名前：既にその名前は使われています[] 投稿日：02/05/24(金) 12:46 ID:FcqxIOqL [3/35]
3778,quoted_line,raw-L03777,>>318と>>320は賢い
3779,body,raw-L03777,おまえらは馬鹿
3780,blank,,
3781,post_header,raw-L03781,326 名前：ロト ◆ROTOWt.c [] 投稿日：02/05/24(金) 12:50 ID:FcqxIOqL [4/35]
3782,body,raw-L03781,うるさいよ馬鹿
3783,body,raw-L03781,俺は戦士が弱くて黒魔は魔法は使えてずるいと言っただけだべ？
3784,blank,,
3785,post_header,raw-L03785,329 名前：既にその名前は使われています[] 投稿日：02/05/24(金) 12:56 ID:FcqxIOqL [5/35]
3786,body,raw-L03785,だから不公平なんだよ
3787,body,raw-L03785,戦士が魔法使えれば強力に強くなるが魔法が使えなくて弱い
3788,blank,,
3789,blank,,
3790,post_header,raw-L03790,337 名前：ロト ◆ROTOWt.c [] 投稿日：02/05/24(金) 12:59 ID:FcqxIOqL [6/35]
3791,body,raw-L03790,おまえら調子こいてると殺すぞ
3792,body,raw-L03790,俺は不良だからなめないほうがいい
3793,blank,,
3794,post_header,raw-L03794,339 名前：既にその名前は使われています[] 投稿日：02/05/24(金) 13:01 ID:FcqxIOqL [7/35]
3795,body,raw-L03794,ウザイよおまえら
3796,body,raw-L03794,俺は北海道最強って言われてる
3797,body,raw-L03794,甘く見ると死ぬ
3798,blank,,
3799,post_header,raw-L03799,340 名前：ロト ◆ROTOWt.c [] 投稿日：02/05/24(金) 13:02 ID:FcqxIOqL [8/35]
3800,body,raw-L03799,名前入れ忘れたべ
3801,blank,,
3802,post_header,raw-L03802,346 名前：ロト ◆ROTOWt.c [] 投稿日：02/05/24(金) 13:04 ID:FcqxIOqL [9/35]
3803,anchor,raw-L03802,>>343
3804,body,raw-L03802,俺が不良だからびびったなおまえ
3805,blank,,
3806,blank,,
3807,post_header,raw-L03807,347 名前：ロト ◆ROTOWt.c [] 投稿日：02/05/24(金) 13:05 ID:FcqxIOqL [10/35]
3808,body,raw-L03807,戦士が魔法使えないのに黒魔法使いは魔法使えるのは卑怯なんだよ
3809,body,raw-L03807,戦士は弱いから魔法使いより弱くてむかつくべ？
3810,blank,,
3811,post_header,raw-L03811,354 名前：ロト ◆ROTOWt.c [] 投稿日：02/05/24(金) 13:12 ID:FcqxIOqL [11/35]
3812,anchor,raw-L03811,>>351
3813,body,raw-L03811,自称じゃねーっよ
3814,body,raw-L03811,俺は北海道のＤＲＡＫ～ダーク～っていう喧嘩チームの頭だべ
3815,blank,,
3816,post_header,raw-L03816,358 名前：ロト ◆ROTOWt.c [] 投稿日：02/05/24(金) 13:17 ID:FcqxIOqL [12/35]
3817,anchor,raw-L03816,>>357
3818,body,raw-L03816,うるせーばか
3819,blank,,
3820,post_header,raw-L03820,361 名前：ロト ◆ROTOWt.c [] 投稿日：02/05/24(金) 13:19 ID:FcqxIOqL [13/35]
3821,body,raw-L03820,これで勝ったと思うなよ
3822,body,raw-L03820,覚えてろ
3823,blank,,
3824,post_header,raw-L03824,364 名前：ロト ◆ROTOWt.c [] 投稿日：02/05/24(金) 13:21 ID:FcqxIOqL [14/35]
3825,anchor,raw-L03824,>>362
3826,body,raw-L03824,俺は高二だ
3827,body,raw-L03824,地元で伝説の不良と恐れられてる
3828,blank,,
3829,post_header,raw-L03829,366 名前：ロト ◆ROTOWt.c [] 投稿日：02/05/24(金) 13:22 ID:FcqxIOqL [15/35]
3830,body,raw-L03829,俺は不良だからよ
3831,body,raw-L03829,タバコも吸うし宿題もやらない
3832,blank,,
3833,blank,,
3834,post_header,raw-L03834,370 名前：ロト ◆ROTOWt.c [] 投稿日：02/05/24(金) 13:23 ID:FcqxIOqL [16/35]
3835,body,raw-L03834,俺の仲間になりたいやつは来い
3836,body,raw-L03834,ただし荒らしは来るな
3837,body,raw-L03834,荒らしたら殺す
3838,body,raw-L03834,http://appare.gaiax.com/home/unipersonal
3839,blank,,
3840,blank,,
3841,post_header,raw-L03841,372 名前：ロト ◆ROTOWt.c [] 投稿日：02/05/24(金) 13:24 ID:FcqxIOqL [17/35]
3842,anchor,raw-L03841,>>369
3843,body,raw-L03841,ひきこもりはおまえらだろ
3844,body,raw-L03841,頭悪ぃな
3845,blank,,
3846,post_header,raw-L03846,376 名前：ロト ◆ROTOWt.c [] 投稿日：02/05/24(金) 13:25 ID:FcqxIOqL [18/35]
3847,body,raw-L03846,おまえら今謝れば許す
3848,blank,,
3849,blank,,
3850,post_header,raw-L03850,379 名前：ロト ◆ROTOWt.c [] 投稿日：02/05/24(金) 13:27 ID:FcqxIOqL [19/35]
3851,body,raw-L03850,おまえら俺に勝てんのかよ？
3852,body,raw-L03850,おまえらはひきこもりでオタクだから現実では弱いべ？
3853,blank,,
3854,post_header,raw-L03854,382 名前：ロト ◆ROTOWt.c [] 投稿日：02/05/24(金) 13:27 ID:FcqxIOqL [20/35]
3855,anchor,raw-L03854,>>380
3856,body,raw-L03854,俺は不良だから学校をさぼるべ
3857,blank,,
3858,blank,,
3859,post_header,raw-L03859,383 名前：ロト ◆ROTOWt.c [] 投稿日：02/05/24(金) 13:28 ID:FcqxIOqL [21/35]
3860,anchor,raw-L03859,>>381
3861,body,raw-L03859,今日もタイマンの約束がある
3862,body,raw-L03859,不良は忙しいからよ
3863,body,raw-L03859,相手は５０人だけど俺なら瞬殺で勝つ
3864,blank,,
3865,post_header,raw-L03865,387 名前：ロト ◆ROTOWt.c [] 投稿日：02/05/24(金) 13:30 ID:FcqxIOqL [22/35]
3866,body,raw-L03865,おまえらは弱いからタイマンなんてしたことないべ？
3867,blank,,
3868,post_header,raw-L03868,391 名前：ロト ◆ROTOWt.c [] 投稿日：02/05/24(金) 13:33 ID:FcqxIOqL [23/35]
3869,body,raw-L03868,タイマンは真剣な喧嘩の意味だ
3870,body,raw-L03868,おまえら不良じゃないから知らないのか
3871,blank,,
3872,post_header,raw-L03872,397 名前：ロト ◆ROTOWt.c [] 投稿日：02/05/24(金) 13:37 ID:FcqxIOqL [24/35]
3873,body,raw-L03872,おまえら謝れ
3874,body,raw-L03872,謝らないと俺は切れる
3875,blank,,
3876,blank,,
3877,post_header,raw-L03877,399 名前：ロト ◆ROTOWt.c [] 投稿日：02/05/24(金) 13:37 ID:FcqxIOqL [25/35]
3878,body,raw-L03877,あと一分までで謝れば許す
3879,body,raw-L03877,早くしろ
3880,blank,,
3881,post_header,raw-L03881,404 名前：既にその名前は使われています[] 投稿日：02/05/24(金) 13:40 ID:FcqxIOqL [26/35]
3882,anchor,raw-L03881,>>401
3883,body,raw-L03881,やめとけ
3884,body,raw-L03881,ロトさんが切れるぞ
3885,body,raw-L03881,前も馬鹿が荒らした時は削除が大変だったらしい
3886,blank,,
3887,post_header,raw-L03887,407 名前：ロト ◆ROTOWt.c [] 投稿日：02/05/24(金) 13:40 ID:FcqxIOqL [27/35]
3888,body,raw-L03887,荒らしたらギガトンパンチで殺す
3889,blank,,
3890,post_header,raw-L03890,409 名前：ロト ◆ROTOWt.c [] 投稿日：02/05/24(金) 13:41 ID:FcqxIOqL [28/35]
3891,body,raw-L03890,俺は不良だからな
3892,body,raw-L03890,私怨は多いけどよ
3893,blank,,
3894,post_header,raw-L03894,416 名前：ロト ◆ROTOWt.c [] 投稿日：02/05/24(金) 13:43 ID:FcqxIOqL [29/35]
3895,body,raw-L03894,自作自演って意味わかんねぇよ
3896,body,raw-L03894,俺がどうやって自作自演って証拠だよ？
3897,blank,,
3898,post_header,raw-L03898,417 名前：既にその名前は使われています[] 投稿日：02/05/24(金) 13:44 ID:FcqxIOqL [30/35]
3899,anchor,raw-L03898,>>415
3900,body,raw-L03898,荒らしたらおまえが死ぬだけだ
3901,body,raw-L03898,そんなこともわからねぇのか
3902,body,raw-L03898,頭悪ぃな
3903,blank,,
3904,post_header,raw-L03904,421 名前：ロト ◆ROTOWt.c [] 投稿日：02/05/24(金) 13:45 ID:FcqxIOqL [31/35]
3905,anchor,raw-L03904,>>418
3906,body,raw-L03904,やめとけ
3907,body,raw-L03904,俺は切れる
3908,blank,,
3909,post_header,raw-L03909,423 名前：ロト ◆ROTOWt.c [] 投稿日：02/05/24(金) 13:46 ID:FcqxIOqL [32/35]
3910,body,raw-L03909,ちくしょう
3911,body,raw-L03909,おまえらは馬鹿だ
3912,blank,,
3913,post_header,raw-L03913,426 名前：ロト ◆ROTOWt.c [] 投稿日：02/05/24(金) 13:47 ID:FcqxIOqL [33/35]
3914,body,raw-L03913,今切れた
3915,body,raw-L03913,怒りのパワーの力が全快になったからおまえらもう謝っても遅い
3916,blank,,
3917,post_header,raw-L03917,429 名前：ロト ◆ROTOWt.c [] 投稿日：02/05/24(金) 13:48 ID:FcqxIOqL [34/35]
3918,body,raw-L03917,ちくしょう
3919,body,raw-L03917,覚えてろ
3920,blank,,
3921,post_header,raw-L03921,430 名前：ロト ◆ROTOWt.c [] 投稿日：02/05/24(金) 13:49 ID:FcqxIOqL [35/35]
3922,body,raw-L03921,これで勝ったと思うなよ
3923,blank,,
3924,blank,, 
3925,blank,,
3926,blank,, 
3927,blank,,
3928,blank,,
3929,section_title,,【弱さを】シーフスレPart2【愛する】
3930,blank,,
3931,blank,, 
3932,blank,,
3933,blank,,
3934,post_header,raw-L03934,843 名前：ロト ◆ROTOWt.c [] 投稿日：02/05/27(月) 14:05 ID:wg47hYbL [1/2]
3935,body,raw-L03934,シーフは敵から逃げる逃げ足の速さが早くて逃げられるからずるい
3936,body,raw-L03934,戦士は逃げられないから弱く死ぬしよ
3937,body,raw-L03934,不公平だべな
3938,blank,,
3939,blank,,
3940,post_header,raw-L03940,854 名前：ロト ◆ROTOWt.c [] 投稿日：02/05/27(月) 14:15 ID:wg47hYbL [2/2]
3941,body,raw-L03940,釣りとか意味わかんねえよ
3942,body,raw-L03940,おまえら戦士が弱いから馬鹿にして調子こいてる
3943,body,raw-L03940,俺が戦士強くするようにFFの会社に頼むべ
3944,blank,,
3945,blank,, 
3946,blank,,
3947,blank,, 
3948,blank,,
3949,section_title,,■黒魔道士協会Part1.5■
3950,blank,,
3951,blank,, 
3952,blank,,
3953,blank,, 
3954,blank,,
3955,post_header,raw-L03955,144 名前：ロト ◆ROTOWt.c [] 投稿日：02/05/27(月) 13:58 ID:wg47hYbL [1/3]
3956,body,raw-L03955,黒魔道士は魔法が使えるのがずるいべ
3957,body,raw-L03955,戦士は魔法使えないから弱い
3958,blank,,
3959,post_header,raw-L03959,149 名前：既にその名前は使われています[] 投稿日：02/05/27(月) 14:09 ID:wg47hYbL [2/3]
3960,body,raw-L03959,ウザイよおまえら
3961,body,raw-L03959,黒魔法使いで魔法が強いから調子こいてる
3962,body,raw-L03959,戦士は魔法使えないし不公平なんだよ馬鹿
3963,blank,,
3964,post_header,raw-L03964,150 名前：ロト ◆ROTOWt.c [] 投稿日：02/05/27(月) 14:09 ID:wg47hYbL [3/3]
3965,body,raw-L03964,名前入れ忘れたべ
3966,blank,,
3967,blank,, 
3968,blank,,
3969,blank,, 
3970,blank,,
3971,section_title,,モンクスレ2
3972,blank,,
3973,blank,, 
3974,blank,,
3975,blank,, 
3976,blank,,
3977,post_header,raw-L03977,319 名前：ロト ◆ROTOWt.c [] 投稿日：02/05/27(月) 14:00 ID:wg47hYbL [1/3]
3978,body,raw-L03977,モンクはHPのパワーが多くてずるいべ？
3979,body,raw-L03977,もっと弱くしろよ
3980,blank,,
3981,blank,, 
3982,blank,,
3983,post_header,raw-L03983,322 名前：ロト ◆ROTOWt.c [] 投稿日：02/05/27(月) 14:07 ID:wg47hYbL [2/3]
3984,anchor,raw-L03983,>>321
3985,body,raw-L03983,うるさいよおまえ
3986,body,raw-L03983,戦士はHPが少ないから死ぬ
3987,body,raw-L03983,モンクは多いからずるいんだべな
3988,blank,,
3989,post_header,raw-L03989,325 名前：ロト ◆ROTOWt.c [] 投稿日：02/05/27(月) 14:14 ID:wg47hYbL [3/3]
3990,body,raw-L03989,ちくしょう
3991,body,raw-L03989,わけわかんねえよ
3992,body,raw-L03989,俺が間違ってる事言ったのかよ
3993,body,raw-L03989,おまえら覚えてろよ
3994,blank,,
3995,blank,, 
3996,blank,,
3997,blank,,
3998,section_title,,白魔道師を語るスレ２
3999,blank,,
4000,blank,, 
4001,blank,,
4002,blank,,
4003,post_header,raw-L04003,236 名前：ロト ◆ROTOWt.c [] 投稿日：02/05/27(月) 14:13 ID:wg47hYbL [1/3]
4004,body,raw-L04003,おまえら回復できるのは反則だべな
4005,body,raw-L04003,戦士は回復魔法で体力パワーを回復できないのに不公平すぎるんだよ
4006,blank,,
4007,post_header,raw-L04007,247 名前：ロト ◆ROTOWt.c [] 投稿日：02/05/27(月) 14:22 ID:wg47hYbL [2/3]
4008,body,raw-L04007,HPってHが体力でPがパワーだべ？
4009,blank,,
4010,post_header,raw-L04010,250 名前：既にその名前は使われています[] 投稿日：02/05/27(月) 14:27 ID:wg47hYbL [3/3]
4011,anchor,raw-L04010,>>249
4012,body,raw-L04010,馬鹿はおまえだろ
4013,blank,,
4014,blank,, 
4015,blank,,
4016,blank,, 
4017,blank,,
4018,blank,,
4019,section_title,,CM見たんだけど１１やるとヒッキーになっちゃうの？
4020,blank,,
4021,blank,, 
4022,blank,,
4023,blank,, 
4024,blank,,
4025,blank,,
4026,post_header,raw-L04026,60 名前：ロト ◆ROTOWt.c [] 投稿日：02/05/27(月) 14:26 ID:wg47hYbL [1/3]
4027,body,raw-L04026,おまえらってひきこもりでオタクだよな
4028,blank,,
4029,post_header,raw-L04029,63 名前：ロト ◆ROTOWt.c [] 投稿日：02/05/27(月) 14:29 ID:wg47hYbL [2/3]
4030,body,raw-L04029,おまえら弱いべ？
4031,body,raw-L04029,俺は不良だから喧嘩が強力に強い
4032,blank,,
4033,post_header,raw-L04033,67 名前：ロト ◆ROTOWt.c [] 投稿日：02/05/27(月) 14:30 ID:wg47hYbL [3/3]
4034,anchor,raw-L04033,>>64
4035,body,raw-L04033,おまえだろそれは
4036,body,raw-L04033,俺は不良だぞ
4037,body,raw-L04033,なめたら死ぬ
4038,blank,,
4039,blank,, 
4040,blank,,
4041,blank,,
4042,section_title,,ヒュームで戦士の奴はリア厨確高いよ～
4043,blank,,
4044,blank,, 
4045,blank,,
4046,blank,, 
4047,blank,,
4048,post_header,raw-L04048,160 名前：ロト ◆ROTOWt.c [] 投稿日：02/05/27(月) 13:56 ID:wg47hYbL
4049,body,raw-L04048,ウザイよおまえら
4050,body,raw-L04048,ヒュームで戦士じゃいけねーのっかよ
4051,body,raw-L04048,適当こいてると殺すぞ
4052,blank,,
4053,blank,, 
4054,blank,,
4055,blank,, 
4056,blank,,
4057,blank,,
4058,section_title,,キャラネームの由来を教えてつかぁさい
4059,blank,,
4060,blank,, 
4061,blank,,
4062,blank,, 
4063,blank,,
4064,blank,,
4065,post_header,raw-L04065,129 名前：ロト ◆ROTOWt.c [] 投稿日：02/05/27(月) 13:53 ID:wg47hYbL [1/3]
4066,body,raw-L04065,やっぱロトだべ？
4067,body,raw-L04065,勇者の名前だしよ
4068,blank,,
4069,post_header,raw-L04069,131 名前：既にその名前は使われています[] 投稿日：02/05/27(月) 13:55 ID:wg47hYbL [2/3]
4070,body,raw-L04069,テンツファーってやつはオタクでひきこもりだべな
4071,body,raw-L04069,不良の俺がこらしめてやろうか
4072,blank,,
4073,post_header,raw-L04073,132 名前：ロト ◆ROTOWt.c [] 投稿日：02/05/27(月) 13:55 ID:wg47hYbL [3/3]
4074,body,raw-L04073,名前入れ忘れたべ
4075,blank,,
4076,blank,, 
4077,blank,,
4078,blank,, 
4079,blank,,
4080,section_title,,白魔道士組合 Part 15
4081,blank,,
4082,blank,, 
4083,blank,,
4084,blank,,
4085,post_header,raw-L04085,872 名前：ロト ◆ROTOWt.c [] 投稿日：02/08/13(火) 13:09 ID:JXgjeA7W
4086,body,raw-L04085,おまえら魔道士は脇役なんだから死ぬのは我慢しろよな
4087,body,raw-L04085,主役はナイトなんだからよ
4088,blank,,
4089,blank,, 
4090,blank,,
4091,blank,, 
4092,blank,,
4093,section_title,,【最弱】白魔導士のソロは終わってますか？【早死】
4094,blank,,
4095,blank,, 
4096,blank,,
4097,post_header,raw-L04097,105 ：ロト ◆ROTOWt.c ：02/05/27 14:03 ID:wg47hYbL
4098,body,raw-L04097,白魔道士は回復魔法が使えて回復して体力を治せるからずるいべ？
4099,body,raw-L04097,戦士は回復しないから弱い
4100,blank,,
4101,post_header,raw-L04101,110 ：ロト ◆ROTOWt.c ：02/05/27 14:10 ID:wg47hYbL
4102,anchor,raw-L04101,>>109
4103,body,raw-L04101,うるさいなおまえ
4104,body,raw-L04101,俺は不公平なのがむかつくんだよ
4105,body,raw-L04101,戦士弱いしよ
4106,body,raw-L04101,ちくしょう
4107,blank,,
4108,post_header,raw-L04108,114 ：ロト ◆ROTOWt.c ：02/05/27 14:17 ID:wg47hYbL
4109,anchor,raw-L04108,>>111
4110,body,raw-L04108,それは黒魔法使いの話だろ
4111,body,raw-L04108,あいつらは強すぎるべ？
4112,body,raw-L04108,戦士は魔法が使えないから弱いんだよ
4113,body,raw-L04108,おまえ頭悪ぃな
4114,blank,,
4115,blank,, 
4116,blank,,
4117,blank,, 
4118,blank,,
4119,blank,, 
4120,blank,,
4121,blank,,
4122,section_title,,【Ｄ】武器・防具を語るスレッド Ｌｖ２～【防】
4123,blank,,
4124,blank,, 
4125,blank,,
4126,post_header,raw-L04126,396 ：既にその名前は使われています：02/07/19 14:09 ID:0NvhEgRT
4127,body,raw-L04126,個人戦績で交換できるアイテムが不公平すぎるべ？
4128,body,raw-L04126,バスは良い物が多すぎるんだよ！
4129,body,raw-L04126,ウィンダスはカスみたいなものしか交換してもらえない
4130,body,raw-L04126,ふざけるな
4131,blank,,
4132,post_header,raw-L04132,398 ：既にその名前は使われています：02/07/19 14:14 ID:0NvhEgRT
4133,anchor,raw-L04132,>>397
4134,body,raw-L04132,俺は戦士なんだよ
4135,body,raw-L04132,モンクはダサイからやってられない
4136,body,raw-L04132,将来はナイトになる
4137,blank,,
4138,post_header,raw-L04138,403 ：既にその名前は使われています：02/07/19 14:26 ID:0NvhEgRT
4139,body,raw-L04138,次の修正で他国同士の個人戦績アイテムが交換できなくなるらしい
4140,body,raw-L04138,ちくしょう、ふざけやがって
4141,blank,,
4142,post_header,raw-L04142,408 ：既にその名前は使われています：02/07/19 14:38 ID:0NvhEgRT
4143,anchor,raw-L04142,>>407
4144,body,raw-L04142,やるよ、■は馬鹿だから
4145,body,raw-L04142,もしそうなったらＦＦ解約して■殺しに行くけど
4146,blank,,
4147,post_header,raw-L04147,875 ：既にその名前は使われています：02/07/24 21:09 ID:vJjXtNtF
4148,body,raw-L04147,おまえら頭悪ぃな
4149,body,raw-L04147,ナイトっつったら勇者で主役だべ
4150,body,raw-L04147,だから剣も魔法も使いこなす万能の最強の強さ
4151,blank,,
4152,blank,,
4153,blank,,
4154,blank,,
4155,blank,,
4156,blank,,
4157,blank,,
4158,section_title,,Fenrir(06)フェンリル鯖総合スレ2
4159,blank,,
4160,blank,,
4161,blank,,
4162,blank,,
4163,blank,,
4164,blank,,
4165,post_header,raw-L04165,67 ：既にその名前は使われています：02/07/18 17:21 ID:kN6cxCA1
4166,anchor,raw-L04165,>>66
4167,body,raw-L04165,私怨で晒されてるに決まってるだろ
4168,body,raw-L04165,アクさんは、プレイヤースキルがメチャ高くて、話も面白いから実際は人気がすごく高い
4169,body,raw-L04165,リアルでも背が高くて顔もカッコイイし頭も良くて喧嘩も強い
4170,body,raw-L04165,そんなアクさんのことを妬んだ馬鹿がしつこくデタラメ書いて晒してる
4171,blank,,
4172,post_header,raw-L04172,81 ：既にその名前は使われています：02/07/19 12:39 ID:yCUa4kRM
4173,body,raw-L04172,おまえらアクさんのこと知りもしないくせに悪く言ってんじゃねーよ
4174,body,raw-L04172,これ以上あの人に迷惑かけたら殺すから
4175,blank,,
4176,post_header,raw-L04176,85 ：既にその名前は使われています：02/07/19 14:21 ID:0NvhEgRT
4177,anchor,raw-L04176,>>84
4178,body,raw-L04176,うるさいよおまえ、何もわかってないくせによ
4179,body,raw-L04176,アクさんは全然悪い事はしてない
4180,body,raw-L04176,強くて優しくて人気があるから２ｃｈの馬鹿が嫉妬して評判落とそうとしてるだけ
4181,body,raw-L04176,優しいアクさんもそろそろ切れる
4182,body,raw-L04176,晒した奴が住んでる住所をつきとめて殺すって言ってたからアクさんを馬鹿にしてた奴等は覚悟しろよな
4183,blank,,
4184,post_header,raw-L04184,87 ：既にその名前は使われています：02/07/19 14:34 ID:0NvhEgRT
4185,anchor,raw-L04184,>>86
4186,body,raw-L04184,いい加減にしろよおまえ
4187,body,raw-L04184,アクさんがどれだけ怒ってるかわかってるのか
4188,body,raw-L04184,もう俺が殺す
4189,blank,,
4190,post_header,raw-L04190,90 ：既にその名前は使われています：02/07/19 14:43 ID:0NvhEgRT
4191,anchor,raw-L04190,>>89
4192,body,raw-L04190,ちくしょう
4193,body,raw-L04190,おまえらだけは絶対に許さないからな
4194,body,raw-L04190,アクさんに報告してやる
4195,blank,,
4196,post_header,raw-L04196,92 ：既にその名前は使われています：02/07/19 14:48 ID:0NvhEgRT
4197,anchor,raw-L04196,>>91
4198,body,raw-L04196,アクさんがおまえらごときに負けて逃げるわけねぇだろ
4199,body,raw-L04196,頭悪ぃな
4200,body,raw-L04196,追いつめられてるのはおまえらのほうなんだぞ
4201,blank,,
4202,blank,,
4203,blank,,
4204,blank,,
4205,blank,, 
4206,blank,,
4207,section_title,,【そろそろ】競売所/ｵｰｸｼｮﾝｽﾚ【慣れた？】
4208,blank,,
4209,blank,,
4210,blank,,
4211,blank,,
4212,blank,, 
4213,blank,,
4214,post_header,raw-L04214,769 ：既にその名前は使われています：02/07/19 14:13 ID:0NvhEgRT
4215,body,raw-L04214,他国の装備が手に入らなくしたら■殺す
4216,body,raw-L04214,俺のウィンダスは個人戦績交換が糞アイテムばっかりなのにバスのはいい物がたくさんあってズルイ
4217,blank,,
4218,post_header,raw-L04218,779 ：既にその名前は使われています：02/07/19 14:25 ID:0NvhEgRT
4219,anchor,raw-L04218,>>774
4220,body,raw-L04218,戦士じゃいけねーのかよ
4221,body,raw-L04218,俺は今はまだ戦士だけど将来はナイトになる
4222,blank,,
4223,post_header,raw-L04223,782 ：既にその名前は使われています：02/07/19 14:33 ID:0NvhEgRT
4224,anchor,raw-L04223,>>781
4225,body,raw-L04223,うるさいよおまえ
4226,body,raw-L04223,おまえバス国民だべ？
4227,body,raw-L04223,自分の国が良い物ばかり貰えるからって調子こいてるだろ
4228,body,raw-L04223,別におまえが偉い訳じゃないんだから勘違いするな
4229,blank,,
4230,post_header,raw-L04230,784 ：既にその名前は使われています：02/07/19 14:36 ID:0NvhEgRT
4231,body,raw-L04230,バスはダサイから好きじゃないんだよ
4232,body,raw-L04230,設定上はウィンダスが一番強い国だからな
4233,blank,,
4234,post_header,raw-L04234,790 ：既にその名前は使われています：02/07/19 14:47 ID:0NvhEgRT
4235,anchor,raw-L04234,>>789
4236,body,raw-L04234,そんなわけないだろ
4237,body,raw-L04234,適当こいてんじゃねーよ
4238,body,raw-L04234,あんま調子に乗ってるとアクさんに報告するぞ
4239,blank,,
4240,blank,,
4241,post_header,raw-L04241,801 ：既にその名前は使われています：02/07/19 14:57 ID:0NvhEgRT
4242,body,raw-L04241,しつこいなおまえらも
4243,body,raw-L04241,これが粘着ってやつか
4244,body,raw-L04241,アクさんに報告決定だべな
4245,blank,,
4246,blank,,
4247,blank,,
4248,blank,,
4249,blank,,
4250,blank,,
4251,section_title,,† 暗 黒 騎 士 Part_3 †
4252,blank,,
4253,blank,, 
4254,blank,,
4255,blank,, 
4256,blank,,
4257,blank,, 
4258,blank,,
4259,blank,,
4260,post_header,raw-L04260,808 名前：既にその名前は使われています[] 投稿日：02/07/19(金) 14:53 ID:0NvhEgRT [1/19]
4261,body,raw-L04260,暗黒騎士の攻撃力は高すぎるからズルイ
4262,body,raw-L04260,もっと弱くて良いと思う
4263,body,raw-L04260,ナイトより強いのはおかしい
4264,blank,,
4265,post_header,raw-L04265,812 名前：既にその名前は使われています[] 投稿日：02/07/19(金) 14:59 ID:0NvhEgRT [2/19]
4266,body,raw-L04265,戦士とナイトが一番強くないとむかつくんだよ
4267,body,raw-L04265,暗黒騎士なんて悪者がなるジョブだべ？
4268,body,raw-L04265,おまえらは主役にはなれない
4269,blank,,
4270,post_header,raw-L04270,816 名前：既にその名前は使われています[] 投稿日：02/07/19(金) 15:02 ID:0NvhEgRT [3/19]
4271,body,raw-L04270,変なのはおまえらの方だろうが
4272,body,raw-L04270,戦士、ナイト・・・主役
4273,body,raw-L04270,暗黒騎士・・・・・悪役
4274,body,raw-L04270,魔道士・・・・・・脇役
4275,body,raw-L04270,その他・・・・・・雑魚
4276,body,raw-L04270,これがＲＰＧゲームの決まりなんだよ
4277,blank,,
4278,post_header,raw-L04278,824 名前：既にその名前は使われています[] 投稿日：02/07/19(金) 15:08 ID:0NvhEgRT [4/19]
4279,body,raw-L04278,次の修正でナイトにも暗黒同様のアビリティを追加するべき
4280,body,raw-L04278,ただし暗黒よりも減る量は少なめで威力は多少大きくする
4281,body,raw-L04278,アビリティの名前は「正義」
4282,blank,,
4283,blank,,
4284,post_header,raw-L04284,827 名前：既にその名前は使われています[] 投稿日：02/07/19(金) 15:11 ID:0NvhEgRT [5/19]
4285,body,raw-L04284,だいたい戦士とナイト以外をやってるやつはひねくれ者なんだよ
4286,body,raw-L04284,暗黒なんて見るからに勇者に倒される悪役じゃねーか
4287,body,raw-L04284,だから暗黒はナイトに絶対勝てなくするべき
4288,blank,,
4289,post_header,raw-L04289,830 名前：既にその名前は使われています[] 投稿日：02/07/19(金) 15:13 ID:0NvhEgRT [6/19]
4290,body,raw-L04289,魔道士は勇者のために犠牲になって死ぬのが役目
4291,body,raw-L04289,魔法で戦うのは臆病なやつがすること
4292,body,raw-L04289,戦士やナイトは勇者だから堂々と勝負して勝つ
4293,blank,,
4294,blank,,
4295,post_header,raw-L04295,838 名前：既にその名前は使われています[] 投稿日：02/07/19(金) 15:19 ID:0NvhEgRT [7/19]
4296,body,raw-L04295,■は次に修正でこうするべきだべ
4297,blank,,
4298,body,raw-L04295,攻撃力：ナイト＞戦士＝暗黒＞モンク＞その他
4299,body,raw-L04295,防御力：ナイト＞戦士＞＞＞＞暗黒＞その他
4300,body,raw-L04295,ＨＰ：ナイト＞戦士＝モンク＞暗黒＞その他
4301,body,raw-L04295,ＭＰ：黒＞ナイト＝白＞＞赤＞暗黒＞その他
4302,blank,,
4303,post_header,raw-L04303,842 名前：既にその名前は使われています[] 投稿日：02/07/19(金) 15:22 ID:0NvhEgRT [8/19]
4304,anchor,raw-L04303,>>837
4305,body,raw-L04303,俺はウィンダス連邦だ
4306,body,raw-L04303,設定ではウィンダスが一番強い国だからな
4307,body,raw-L04303,ガンダムでも連邦軍は強いし主役の国だ
4308,blank,,
4309,post_header,raw-L04309,843 名前：既にその名前は使われています[] 投稿日：02/07/19(金) 15:23 ID:0NvhEgRT [9/19]
4310,anchor,raw-L04309,>>838
4311,body,raw-L04309,激しく同意
4312,body,raw-L04309,やはりナイトはこのくらい強くてもいいですね
4313,blank,,
4314,post_header,raw-L04314,849 名前：既にその名前は使われています[] 投稿日：02/07/19(金) 15:27 ID:0NvhEgRT [10/19]
4315,anchor,raw-L04314,>>847
4316,body,raw-L04314,ガンダム馬鹿にしてんじゃねーよ
4317,body,raw-L04314,ちくしょう
4318,body,raw-L04314,おまえアムロに勝てるのかよ？
4319,body,raw-L04314,ふざけてると殺すべ
4320,blank,,
4321,post_header,raw-L04321,851 名前：既にその名前は使われています[] 投稿日：02/07/19(金) 15:29 ID:0NvhEgRT [11/19]
4322,body,raw-L04321,ガンダムは連邦軍の最強のロボットで白くて最強に強い主役
4323,body,raw-L04321,だからウィンダス連邦のナイトは最強にするべきなんだよ
4324,blank,,
4325,post_header,raw-L04325,856 名前：既にその名前は使われています[] 投稿日：02/07/19(金) 15:31 ID:0NvhEgRT [12/19]
4326,anchor,raw-L04325,>>854
4327,body,raw-L04325,田舎じゃねーよ
4328,body,raw-L04325,大都会の北海道だ
4329,blank,,
4330,blank,,
4331,post_header,raw-L04331,863 名前：既にその名前は使われています[] 投稿日：02/07/19(金) 15:34 ID:0NvhEgRT [13/19]
4332,body,raw-L04331,もういい、おまえらは馬鹿だからここで話してもしかたがない
4333,body,raw-L04331,これ以上文句あるなら俺のＨＰで掲示板がある
4334,body,raw-L04331,喧嘩上等だから俺は逃げない
4335,body,raw-L04331,文句あるならかかってこい
4336,body,raw-L04331,http://fruit.gaiax.com/home/unipersonal
4337,blank,,
4338,blank,, 
4339,blank,,
4340,post_header,raw-L04340,868 名前：既にその名前は使われています[] 投稿日：02/07/19(金) 15:40 ID:0NvhEgRT [14/19]
4341,body,raw-L04340,急に静かになったな
4342,body,raw-L04340,さては俺の日記見て俺が不良だとわかったらびびったか
4343,body,raw-L04340,弱いなら最初から調子こくなよな
4344,blank,,
4345,post_header,raw-L04345,871 名前：既にその名前は使われています[] 投稿日：02/07/19(金) 15:41 ID:0NvhEgRT [15/19]
4346,body,raw-L04345,俺はＲＰＧゲームの世界じゃ主役のナイト目指してるけど
4347,body,raw-L04345,現実では手の付けられない不良だからな
4348,body,raw-L04345,おまえらそれを知らないから今まで調子にのってたな
4349,blank,,
4350,post_header,raw-L04350,879 名前：既にその名前は使われています[] 投稿日：02/07/19(金) 15:44 ID:0NvhEgRT [16/19]
4351,anchor,raw-L04350,>>873
4352,body,raw-L04350,おまえらこそここでしか文句言えないじゃねーか
4353,body,raw-L04350,俺のＨＰだと住所ばれたら俺に殺されるのが怖くて書けないんだべ？
4354,body,raw-L04350,俺はハッカーでクラッキングのプロだからな
4355,blank,,
4356,post_header,raw-L04356,880 名前：既にその名前は使われています[] 投稿日：02/07/19(金) 15:45 ID:0NvhEgRT [17/19]
4357,anchor,raw-L04356,>>878
4358,body,raw-L04356,口だけはおまえらだろ？
4359,body,raw-L04356,俺は北海道最強の喧嘩チームをまとめてる
4360,blank,,
4361,post_header,raw-L04361,892 名前：既にその名前は使われています[] 投稿日：02/07/19(金) 15:49 ID:0NvhEgRT [18/19]
4362,body,raw-L04361,悔しかったら俺の掲示板に文句書いてみろよ
4363,body,raw-L04361,住所ばれるのが怖くてできないんだべ？
4364,body,raw-L04361,俺が強い不良だという事をおまえらが認めてる証拠だ
4365,blank,,
4366,post_header,raw-L04366,901 名前：既にその名前は使われています[] 投稿日：02/07/19(金) 15:54 ID:0NvhEgRT [19/19]
4367,body,raw-L04366,これで勝ったと思うなよ
4368,body,raw-L04366,おぼえてろ
4369,blank,,
4370,blank,,
4371,blank,, 
4372,blank,,
4373,section_title,,【最強房】暗黒騎士 Pat_4【全員集合】
4374,blank,,
4375,blank,, 
4376,blank,,
4377,post_header,raw-L04377,61 名前：既にその名前は使われています[] 投稿日：02/07/21(日) 01:15 ID:ZR5BH2Tw [1/26]
4378,body,raw-L04377,おまえら馬鹿か？
4379,body,raw-L04377,ナイトが強いのは当たり前だべ？
4380,body,raw-L04377,ナイトは主人公で暗黒は悪役なんだからよ
4381,body,raw-L04377,むしろもっとナイト強くして暗黒弱くするべきだな
4382,blank,,
4383,post_header,raw-L04383,64 名前：既にその名前は使われています[] 投稿日：02/07/21(日) 01:22 ID:ZR5BH2Tw [2/26]
4384,body,raw-L04383,戦士・・・・主役
4385,body,raw-L04383,ナイト・・・主役（パワーアップ後）
4386,body,raw-L04383,暗黒・・・・悪者
4387,body,raw-L04383,魔道士・・・脇役
4388,body,raw-L04383,その他・・・雑魚
4389,blank,,
4390,post_header,raw-L04390,66 名前：既にその名前は使われています[] 投稿日：02/07/21(日) 01:26 ID:ZR5BH2Tw [3/26]
4391,body,raw-L04390,ナイト（主役）は暗黒騎士（悪者）をＰＫできるようにしてほしい
4392,body,raw-L04390,もしそうなったら俺は暗黒騎士を狩りまくって最強の勇者になるのによ
4393,blank,,
4394,post_header,raw-L04394,70 名前：既にその名前は使われています[] 投稿日：02/07/21(日) 01:28 ID:ZR5BH2Tw [4/26]
4395,anchor,raw-L04394,>>68
4396,body,raw-L04394,ちっげーって言ってんだろ
4397,body,raw-L04394,どうやって俺がロトさんだって証拠だよ
4398,blank,,
4399,post_header,raw-L04399,74 名前：既にその名前は使われています[] 投稿日：02/07/21(日) 01:32 ID:ZR5BH2Tw [5/26]
4400,body,raw-L04399,暗黒はナイトより攻撃力が高いのがズルイって言ってるだけだろ
4401,body,raw-L04399,俺が間違ってる事を言ったのかよ
4402,body,raw-L04399,おまえら馬鹿だな
4403,blank,,
4404,blank,,
4405,post_header,raw-L04405,76 名前：既にその名前は使われています[] 投稿日：02/07/21(日) 01:34 ID:ZR5BH2Tw [6/26]
4406,body,raw-L04405,■はナイト専用の武器と防具をもっと追加しろよな
4407,body,raw-L04405,勇者は専用の伝説の装備があるのが普通だからな
4408,blank,,
4409,blank,,
4410,post_header,raw-L04410,80 名前：既にその名前は使われています[] 投稿日：02/07/21(日) 01:38 ID:ZR5BH2Tw [7/26]
4411,body,raw-L04410,俺の考えたナイト専用の武器のアイデアだべ
4412,body,raw-L04410,パクったら殺す
4413,blank,,
4414,body,raw-L04410,勇者の剣（片手剣）
4415,body,raw-L04410,Ｄ80 隔180 全能力＋２ Ｌｖ30～
4416,blank,,
4417,body,raw-L04410,王者の剣（両手剣）
4418,body,raw-L04410,Ｄ150 隔250 全能力＋３ Ｌｖ40～
4419,blank,,
4420,blank,, 
4421,blank,,
4422,post_header,raw-L04422,89 名前：既にその名前は使われています[] 投稿日：02/07/21(日) 01:42 ID:ZR5BH2Tw [8/26]
4423,body,raw-L04422,ナイト専用防具だべな
4424,blank,,
4425,body,raw-L04422,光の鎧
4426,body,raw-L04422,防99 全属性＋10
4427,body,raw-L04422,勇者の盾
4428,body,raw-L04422,防40 回避+20
4429,blank,,
4430,blank,,
4431,post_header,raw-L04431,90 名前：既にその名前は使われています[] 投稿日：02/07/21(日) 01:42 ID:ZR5BH2Tw [9/26]
4432,anchor,raw-L04431,>>87
4433,body,raw-L04431,騎士だと暗黒騎士に負けてるだろ
4434,body,raw-L04431,頭悪ぃな
4435,body,raw-L04431,ナイトは勇者って意味だべ
4436,blank,,
4437,post_header,raw-L04437,95 名前：既にその名前は使われています[] 投稿日：02/07/21(日) 01:51 ID:ZR5BH2Tw [10/26]
4438,anchor,raw-L04437,>>93
4439,body,raw-L04437,ＦＦの世界ではナイトは勇者
4440,body,raw-L04437,主役は勇者に決まってるだろ
4441,body,raw-L04437,そんなこともわからないのかおまえは
4442,body,raw-L04437,頭悪ぃな
4443,blank,,
4444,post_header,raw-L04444,100 名前：既にその名前は使われています[] 投稿日：02/07/21(日) 01:56 ID:ZR5BH2Tw [11/26]
4445,body,raw-L04444,おまえらそうやって調子こいてるけどよ
4446,body,raw-L04444,俺と合ったら絶対びびる
4447,body,raw-L04444,俺はＲＰＧゲームじゃ主役を好むけど現実では不良だからな
4448,blank,,
4449,post_header,raw-L04449,103 名前：既にその名前は使われています[] 投稿日：02/07/21(日) 01:57 ID:ZR5BH2Tw [12/26]
4450,body,raw-L04449,あとおまえらロトさんの掲示板を荒らしたべ？
4451,body,raw-L04449,ロトさん切れてたから覚悟しておけ
4452,body,raw-L04449,削除するの面倒なんだよ
4453,blank,,
4454,post_header,raw-L04454,108 名前：既にその名前は使われています[] 投稿日：02/07/21(日) 01:59 ID:ZR5BH2Tw [13/26]
4455,body,raw-L04454,俺はロトさんじゃないって言ってるべ
4456,body,raw-L04454,俺はロトさんの友達だ
4457,blank,,
4458,post_header,raw-L04458,111 名前：既にその名前は使われています[] 投稿日：02/07/21(日) 02:00 ID:ZR5BH2Tw [14/26]
4459,body,raw-L04458,次ロトさんのＨＰ荒らしたら住んでる住所つきとめて殺すって言ってたべ
4460,blank,,
4461,post_header,raw-L04461,120 名前：既にその名前は使われています[] 投稿日：02/07/21(日) 02:13 ID:ZR5BH2Tw [15/26]
4462,body,raw-L04461,おまえらロトさんなめてるとギガトンパンチ食らったら即死で瞬殺される
4463,blank,,
4464,post_header,raw-L04464,123 名前：既にその名前は使われています[] 投稿日：02/07/21(日) 02:16 ID:ZR5BH2Tw [16/26]
4465,body,raw-L04464,ギガトンパンチは雷の力を持ったすごいパンチ
4466,body,raw-L04464,ロトさんの必殺技の中で一番有名な技だべ
4467,body,raw-L04464,このパンチで北海道の多くの不良を殺して来た
4468,blank,,
4469,post_header,raw-L04469,125 名前：既にその名前は使われています[] 投稿日：02/07/21(日) 02:17 ID:ZR5BH2Tw [17/26]
4470,body,raw-L04469,ギガトンパンチにはさらに上のパワーアップしたパンチがある
4471,body,raw-L04469,それがメガトンパンチだべ
4472,body,raw-L04469,パワーを上げすぎたため雷属性はなくなったけど無属性の威力が高い最強のパンチ
4473,blank,,
4474,post_header,raw-L04474,127 名前：既にその名前は使われています[] 投稿日：02/07/21(日) 02:19 ID:ZR5BH2Tw [18/26]
4475,anchor,raw-L04474,>>124
4476,body,raw-L04474,おまえ調子にのってるべ？
4477,body,raw-L04474,ロトさんのパンチ力は６０以上あるから強い
4478,blank,,
4479,post_header,raw-L04479,130 名前：既にその名前は使われています[] 投稿日：02/07/21(日) 02:21 ID:ZR5BH2Tw [19/26]
4480,anchor,raw-L04479,>>128
4481,body,raw-L04479,わかってないのはおまえだろ
4482,body,raw-L04479,ギガは雷っていう意味（ギガデイン）
4483,body,raw-L04479,メガは強いっていう意味（メガビームライフル）
4484,blank,,
4485,post_header,raw-L04485,134 名前：既にその名前は使われています[] 投稿日：02/07/21(日) 02:23 ID:ZR5BH2Tw [20/26]
4486,body,raw-L04485,おまえらギガデイン知らないのかよ
4487,body,raw-L04485,あれは雷の呪文なんだよ
4488,blank,,
4489,post_header,raw-L04489,137 名前：既にその名前は使われています[] 投稿日：02/07/21(日) 02:24 ID:ZR5BH2Tw [21/26]
4490,body,raw-L04489,ギガの意味も知らない馬鹿は死んだ方がいいべ
4491,body,raw-L04489,おまえらゲームやってても何も学べないんだな
4492,blank,,
4493,post_header,raw-L04493,144 名前：既にその名前は使われています[] 投稿日：02/07/21(日) 02:26 ID:ZR5BH2Tw [22/26]
4494,anchor,raw-L04493,>>138
4495,body,raw-L04493,頭悪ぃな
4496,body,raw-L04493,ライ＝雷だから合ってるべ？
4497,body,raw-L04493,ミナデインはあとから無理矢理つけたしたから意味が法則に合ってないだけ
4498,blank,,
4499,post_header,raw-L04499,148 名前：既にその名前は使われています[] 投稿日：02/07/21(日) 02:28 ID:ZR5BH2Tw [23/26]
4500,anchor,raw-L04499,>>146
4501,body,raw-L04499,あれはドラクエをパクった技だべ
4502,body,raw-L04499,雷にしたらパクったのがばれるから無属性にしたらしい
4503,body,raw-L04499,俺の目はごまかせなかった
4504,blank,,
4505,post_header,raw-L04505,154 名前：既にその名前は使われています[] 投稿日：02/07/21(日) 02:31 ID:ZR5BH2Tw [24/26]
4506,anchor,raw-L04505,>>150
4507,body,raw-L04505,おまえロトさんがいないからって調子こくなよ
4508,body,raw-L04505,ロトさんは北海道最強の喧嘩チームの初代総長なんだよ
4509,body,raw-L04505,喧嘩上等だべ
4510,blank,,
4511,post_header,raw-L04511,155 名前：既にその名前は使われています[] 投稿日：02/07/21(日) 02:32 ID:ZR5BH2Tw [25/26]
4512,anchor,raw-L04511,>>151
4513,body,raw-L04511,ロトさんは高校二年だ
4514,body,raw-L04511,おまえ馬鹿だな
4515,body,raw-L04511,適当こくな
4516,blank,,
4517,post_header,raw-L04517,160 名前：既にその名前は使われています[] 投稿日：02/07/21(日) 02:34 ID:ZR5BH2Tw [26/26]
4518,body,raw-L04517,ちくしょう
4519,body,raw-L04517,これで勝ったと思うなよ
4520,body,raw-L04517,覚えてろ
4521,blank,,
4522,post_header,raw-L04522,213 名前：既にその名前は使われています[] 投稿日：02/07/21(日) 19:04 ID:wDnKfDTj [1/5]
4523,anchor,raw-L04522,>>212
4524,body,raw-L04522,１０はどう考えてもワッカだろ？
4525,body,raw-L04522,何が得意げに正解だ、アホか
4526,blank,,
4527,post_header,raw-L04527,219 名前：既にその名前は使われています[] 投稿日：02/07/21(日) 19:27 ID:wDnKfDTj [2/5]
4528,anchor,raw-L04527,>>217
4529,body,raw-L04527,一番攻撃力のダメージがすごいやつが最強に決まってるだろ
4530,body,raw-L04527,頭悪ぃな
4531,blank,,
4532,post_header,raw-L04532,225 名前：既にその名前は使われています[] 投稿日：02/07/21(日) 19:32 ID:wDnKfDTj [3/5]
4533,anchor,raw-L04532,>>222
4534,body,raw-L04532,うるさいよおまえ
4535,body,raw-L04532,おまえはワッカとタイマンして勝てるのかよ
4536,blank,,
4537,post_header,raw-L04537,235 名前：既にその名前は使われています[] 投稿日：02/07/21(日) 19:46 ID:wDnKfDTj [4/5]
4538,anchor,raw-L04537,>>231
4539,body,raw-L04537,こいつはロトさんのふりをしてる偽者
4540,body,raw-L04537,馬鹿なこと言ってロトさんの評判落とそうとしてるな
4541,blank,,
4542,post_header,raw-L04542,240 名前：既にその名前は使われています[] 投稿日：02/07/21(日) 19:51 ID:wDnKfDTj [5/5]
4543,body,raw-L04542,ちくしょう
4544,body,raw-L04542,偽者はおぼえてろよ
4545,blank,,
4546,post_header,raw-L04546,373 名前：既にその名前は使われています[] 投稿日：02/07/24(水) 21:17 ID:vJjXtNtF [1/3]
4547,body,raw-L04546,暗黒は次のバージョーンアップで攻撃力が弱くなればいい
4548,body,raw-L04546,ナイトより攻撃力がの高いは生意気なんだべ
4549,blank,,
4550,post_header,raw-L04550,375 名前：既にその名前は使われています[] 投稿日：02/07/24(水) 21:26 ID:vJjXtNtF [2/3]
4551,anchor,raw-L04550,>>374
4552,body,raw-L04550,主役で勇者のナイトに倒される悪者タイプだべな
4553,blank,,
4554,post_header,raw-L04554,377 名前：既にその名前は使われています[] 投稿日：02/07/24(水) 21:28 ID:vJjXtNtF [3/3]
4555,anchor,raw-L04554,>>376
4556,body,raw-L04554,おまえ馬鹿か？
4557,body,raw-L04554,悪者が勇者より優れてていいわけないだろ
4558,body,raw-L04554,暗黒はナイトに負けるためにいる
4559,blank,,
4560,blank,,
4561,blank,,
4562,blank,,
4563,blank,,
4564,blank,,
4565,section_title,,【センチ】ナイト総合スレッド３【ネンタル】
4566,blank,,
4567,blank,, 
4568,blank,,
4569,blank,, 
4570,blank,,
4571,post_header,raw-L04571,214 ：既にその名前は使われています：02/07/21 01:17 ID:ZR5BH2Tw
4572,body,raw-L04571,次の修正でナイトはもっと強くするべきだべ
4573,body,raw-L04571,ナイトは暗黒騎士に比べて攻撃力が低すぎる
4574,body,raw-L04571,普通主役は悪者より強いのが当然なんだよ
4575,blank,,
4576,post_header,raw-L04576,216 ：既にその名前は使われています：02/07/21 01:20 ID:ZR5BH2Tw
4577,anchor,raw-L04576,>>215
4578,body,raw-L04576,戦士は主人公がパワーアップする前の姿だから全部の能力がナイトより少し弱い方がよい
4579,blank,,
4580,post_header,raw-L04580,219 ：既にその名前は使われています：02/07/21 01:24 ID:ZR5BH2Tw
4581,anchor,raw-L04580,>>218
4582,body,raw-L04580,ちっげーっよ
4583,body,raw-L04580,俺はロトさんじゃないぞ
4584,body,raw-L04580,証拠あんのかよ
4585,blank,,
4586,post_header,raw-L04586,221 ：既にその名前は使われています：02/07/21 01:49 ID:ZR5BH2Tw
4587,body,raw-L04586,■が馬鹿だから今のナイトは弱い
4588,body,raw-L04586,ナイトは主人公だからもっと強くしてほしい
4589,body,raw-L04586,まず攻撃力が暗黒より低いのがむかつくから一番にしてほしいべ
4590,body,raw-L04586,あと魔法は黒魔法も使えるようにしろ
4591,body,raw-L04586,ＭＰも少なすぎる
4592,blank,,
4593,post_header,raw-L04593,224 ：既にその名前は使われています：02/07/21 01:58 ID:ZR5BH2Tw
4594,body,raw-L04593,言っておくけど俺はロトさんじゃないぞ
4595,body,raw-L04593,俺がロトさんだってどうやって証拠だよ
4596,blank,,
4597,post_header,raw-L04597,225 ：既にその名前は使われています：02/07/21 02:03 ID:ZR5BH2Tw
4598,body,raw-L04597,ナイト専用の必殺技をアイデアを考えたべ
4599,blank,,
4600,body,raw-L04597,格闘
4601,body,raw-L04597,ギガトンパンチ・・・雷属性ダメージ
4602,body,raw-L04597,メガトンパンチ・・・５倍ダメージ
4603,blank,,
4604,body,raw-L04597,片手剣
4605,body,raw-L04597,ギガスラッシュ・・・雷属性範囲攻撃
4606,blank,,
4607,body,raw-L04597,両手剣
4608,body,raw-L04597,スーパースラッシュ・・・４倍ダメージ
4609,blank,,
4610,blank,,
4611,post_header,raw-L04611,550 ：既にその名前は使われています：02/07/24 21:13 ID:vJjXtNtF
4612,body,raw-L04611,ナイトの攻撃力とＭＰが少なすぎる
4613,body,raw-L04611,ナイトは主役だから攻撃力は最強にすべき
4614,body,raw-L04611,悪役の暗黒より低いのは間違ってる
4615,body,raw-L04611,使える魔法の主類が少ないんだから代わりにＭＰも白と同じくらいあったほうがいい
4616,body,raw-L04611,■はゲームバランスがわかってない馬鹿だべな
4617,blank,,
4618,post_header,raw-L04618,552 ：既にその名前は使われています：02/07/24 21:14 ID:vJjXtNtF
4619,anchor,raw-L04618,>>551
4620,body,raw-L04618,馬鹿はおまえだろ
4621,body,raw-L04618,調子こくなよ
4622,blank,,
4623,post_header,raw-L04623,559 ：既にその名前は使われています：02/07/24 21:25 ID:vJjXtNtF
4624,anchor,raw-L04623,>>555
4625,body,raw-L04623,おまえはわかってないなＲＰＧゲームの役割っていうのは昔から決まってるべ
4626,blank,,
4627,body,raw-L04623,戦士＝主役（弱い時）
4628,body,raw-L04623,ナイト＝主役（パワーアップ後）
4629,body,raw-L04623,暗黒＝悪役
4630,body,raw-L04623,魔道士＝脇役
4631,body,raw-L04623,その他＝雑魚
4632,blank,,
4633,post_header,raw-L04633,560 ：既にその名前は使われています：02/07/24 21:26 ID:vJjXtNtF
4634,anchor,raw-L04633,>>556
4635,body,raw-L04633,俺は不良だからよ、宿題なんてやらないべ
4636,body,raw-L04633,タバコも吸うしよ
4637,blank,,
4638,post_header,raw-L04638,565 ：既にその名前は使われています：02/07/24 21:33 ID:vJjXtNtF
4639,body,raw-L04638,主役の戦士は最初、脇役の仲間の魔道士と一緒に悪い暗黒騎士に立ち向かうべ
4640,body,raw-L04638,まずは暗黒の手下の雑魚キャラのモンクやシ－フの大群を仲間と力を合わせて倒す
4641,body,raw-L04638,そして暗黒をあと一歩まで追いつめるけど暗黒は卑怯な手を使うからピンチになる
4642,body,raw-L04638,そこで脇役の魔道士達が主役の戦士を逃がすために魔王をくいとめて犠牲になって死ぬ
4643,body,raw-L04638,怒りに燃える戦士は修行をしてナイトにパワーアップして圧倒的な強さになって暗黒騎士を殺す
4644,blank,,
4645,post_header,raw-L04645,567 ：既にその名前は使われています：02/07/24 21:36 ID:vJjXtNtF
4646,anchor,raw-L04645,>>566
4647,body,raw-L04645,地元最強の喧嘩チームの初代総長で喧嘩が強くて伝説の不良といわれて恐れられてる
4648,blank,,
4649,post_header,raw-L04649,573 ：既にその名前は使われています：02/07/24 21:41 ID:vJjXtNtF
4650,body,raw-L04649,言っておっけど俺はロトさんじゃないぞ
4651,blank,,
4652,post_header,raw-L04652,580 ：既にその名前は使われています：02/07/24 21:46 ID:vJjXtNtF
4653,body,raw-L04652,王者の剣
4654,body,raw-L04652,Ｄ120 隔200 Lv30～ ナ
4655,body,raw-L04652,スーパーソード
4656,body,raw-L04652,Ｄ170 隔250 Lv40～ ナ
4657,body,raw-L04652,ロトの剣
4658,body,raw-L04652,Ｄ250 隔280 Lv50～ ナ
4659,blank,,
4660,post_header,raw-L04660,581 ：既にその名前は使われています：02/07/24 21:47 ID:vJjXtNtF
4661,anchor,raw-L04660,>>574
4662,body,raw-L04660,名前に魔道士ってついてるから脇役にきまってるだろ
4663,body,raw-L04660,本当はナイトが黒魔法も使えるようにするのが正しい
4664,blank,,
4665,post_header,raw-L04665,591 ：既にその名前は使われています：02/07/24 21:54 ID:vJjXtNtF
4666,body,raw-L04665,ＤＡＲＫの剣
4667,body,raw-L04665,Ｄ300 隔150 Lv60～ ナ
4668,body,raw-L04665,ＤＡＲＫの鎧
4669,body,raw-L04665,防100 STR+10 Lv60～ ナ
4670,body,raw-L04665,ＤＡＲＫの兜
4671,body,raw-L04665,防50 VIT+10 Lv60～ ナ
4672,body,raw-L04665,ＤＡＲＫの盾
4673,body,raw-L04665,防40 MND+10 Lv60～ ナ
4674,body,raw-L04665,ＤＡＲＫの手袋
4675,body,raw-L04665,防40 DEX+10 Lv60～ ナ
4676,body,raw-L04665,ＤＡＲＫの靴
4677,body,raw-L04665,防40 AGI+10 Lv60～ ナ
4678,blank,,
4679,post_header,raw-L04679,598 ：既にその名前は使われています：02/07/24 22:01 ID:vJjXtNtF
4680,body,raw-L04679,【ロト】
4681,body,raw-L04679,身長：189ｃｍ
4682,body,raw-L04679,体重：88ｋｇ
4683,body,raw-L04679,年齢：17
4684,body,raw-L04679,所属：北海道三笠高等学校２年
4685,body,raw-L04679,アダ名：勇者ロト、伝説のロト
4686,blank,,
4687,body,raw-L04679,喧嘩：SS　知力：A　走り：S　人脈：S
4688,blank,,
4689,body,raw-L04679,喧嘩チーム「ＤＡＲＫ」の初代総長。その名前を気安く口に
4690,body,raw-L04679,するなと言われるほど北海道の不良の中でも最も恐れられている。
4691,body,raw-L04679,↓〝ＤＡＲＫ〟のＨＰ。喧嘩上等。
4692,body,raw-L04679,http://fruit.gaiax.com/home/unipersonal
4693,body,raw-L04679,↓北海道三笠高等学校。
4694,body,raw-L04679,http://www.infosnow.ne.jp/mikasa-h/
4695,blank,,
4696,post_header,raw-L04696,599 ：既にその名前は使われています：02/07/24 22:02 ID:vJjXtNtF
4697,body,raw-L04696,おまえらロトさんのステータス見てびびったべ？
4698,blank,,
4699,post_header,raw-L04699,698 ：既にその名前は使われています：02/07/25 23:28 ID:bpb/tBuY
4700,anchor,raw-L04699,>>689
4701,body,raw-L04699,おまえは馬鹿だな
4702,body,raw-L04699,ナイトは主役だから死んだら駄目
4703,body,raw-L04699,脇役の仲間がナイトのために命を捨てる
4704,blank,,
4705,blank,,
4706,blank,, 
4707,blank,,
4708,section_title,,【俺が】勇者さまスレ【最強】
4709,blank,,
4710,blank,, 
4711,blank,,
4712,post_header,raw-L04712,73 名前：ロト ◆ROTOWt.c [] 投稿日：02/08/13(火) 12:58 ID:JXgjeA7W [1/7]
4713,body,raw-L04712,俺が知らない間にこんなスレがあったのかよ
4714,body,raw-L04712,勇者はやっぱナイトだべ？
4715,blank,,
4716,blank,,
4717,post_header,raw-L04717,74 名前：ロト ◆ROTOWt.c [] 投稿日：02/08/13(火) 12:59 ID:JXgjeA7W [2/7]
4718,body,raw-L04717,ナイト・・・主役（後半）
4719,body,raw-L04717,戦士・・・・主役（前半）
4720,body,raw-L04717,暗黒・・・・悪役
4721,body,raw-L04717,魔道士・・・脇役
4722,body,raw-L04717,その他・・・雑魚
4723,blank,,
4724,post_header,raw-L04724,78 名前：ロト ◆ROTOWt.c [] 投稿日：02/08/13(火) 13:02 ID:JXgjeA7W [3/7]
4725,anchor,raw-L04724,>>76
4726,body,raw-L04724,うるさいよおまえ
4727,body,raw-L04724,ナイトは主人公がなるジョブなんだよ
4728,body,raw-L04724,そんで主人公は勇者だろ
4729,body,raw-L04724,だからナイト＝勇者
4730,body,raw-L04724,頭悪ぃなおまえ
4731,blank,,
4732,post_header,raw-L04732,80 名前：ロト ◆ROTOWt.c [] 投稿日：02/08/13(火) 13:06 ID:JXgjeA7W [4/7]
4733,body,raw-L04732,ナイトの攻撃力が暗黒よりも低いのはおかしいべ？
4734,body,raw-L04732,あとナイトは万能だから黒魔法も使えてＭＰももっと増やすべきだ
4735,blank,,
4736,post_header,raw-L04736,88 名前：ロト ◆ROTOWt.c [] 投稿日：02/08/13(火) 13:13 ID:JXgjeA7W [5/7]
4737,anchor,raw-L04736,>>84
4738,body,raw-L04736,頭悪ぃな
4739,body,raw-L04736,そのために戦士がいるんだろ
4740,body,raw-L04736,主役の戦士が暗黒に追いつめられてピンチになる
4741,body,raw-L04736,そして脇役の魔道士が犠牲になって戦士を助けるだ
4742,body,raw-L04736,戦士は怒りのパワーで無敵のナイトになって暗黒を倒す
4743,blank,,
4744,post_header,raw-L04744,93 名前：ロト ◆ROTOWt.c [] 投稿日：02/08/13(火) 13:17 ID:JXgjeA7W [6/7]
4745,body,raw-L04744,今からタイマンの約束があるから俺はそろそろ行くべ
4746,body,raw-L04744,不良は毎日が喧嘩の戦いだからよ
4747,body,raw-L04744,おまえら雑魚のひきこもりとは違う
4748,blank,,
4749,post_header,raw-L04749,94 名前：ロト ◆ROTOWt.c [] 投稿日：02/08/13(火) 13:18 ID:JXgjeA7W [7/7]
4750,body,raw-L04749,今日は相手が６０人もいるけどよ
4751,body,raw-L04749,俺なら余裕で瞬殺で倒す
4752,body,raw-L04749,北海道最強の喧嘩チームのボスだからな
4753,blank,,
4754,post_header,raw-L04754,143 名前：既にその名前は使われています[] 投稿日：02/08/13(火) 16:58 ID:57Sf0yni [1/13]
4755,body,raw-L04754,ナイトが黒魔法使えないのはおかしいべ？
4756,body,raw-L04754,主役は万能だから攻撃魔法も使えるべきだ
4757,blank,,
4758,post_header,raw-L04758,146 名前：既にその名前は使われています[] 投稿日：02/08/13(火) 17:01 ID:57Sf0yni [2/13]
4759,body,raw-L04758,ロトさんと意見が同じだなんて光栄だな
4760,blank,,
4761,blank,,
4762,post_header,raw-L04762,149 名前：既にその名前は使われています[] 投稿日：02/08/13(火) 17:06 ID:57Sf0yni [3/13]
4763,body,raw-L04762,攻撃力・・・ナイト＝暗黒＞戦士＞その他
4764,body,raw-L04762,防御力・・・ナイト＞戦士＞暗黒＞その他
4765,body,raw-L04762,ＨＰ・・・・ナイト＝モンク＞戦士＞その他
4766,body,raw-L04762,ＭＰ・・・・黒＞ナイト＝白＞赤＞その他
4767,blank,,
4768,body,raw-L04762,こうするといいべ？
4769,blank,,
4770,post_header,raw-L04770,151 名前：既にその名前は使われています[] 投稿日：02/08/13(火) 17:09 ID:57Sf0yni [4/13]
4771,anchor,raw-L04770,>>150
4772,body,raw-L04770,だから今のそれがおかしいから直すべきだと言ってるだろ
4773,body,raw-L04770,頭悪ぃな
4774,blank,,
4775,post_header,raw-L04775,154 名前：既にその名前は使われています[] 投稿日：02/08/13(火) 17:13 ID:57Sf0yni [5/13]
4776,anchor,raw-L04775,>>152
4777,body,raw-L04775,うるせーばか
4778,body,raw-L04775,おまえはナイトが強くなるかもしれないから悔しいんだろ
4779,body,raw-L04775,さてはおまえは暗黒だべ？
4780,blank,,
4781,blank,,
4782,post_header,raw-L04782,161 名前：既にその名前は使われています[] 投稿日：02/08/13(火) 17:24 ID:57Sf0yni [6/13]
4783,body,raw-L04782,おまえらこれで勝ったと思うなよ
4784,body,raw-L04782,黙ってたけど俺は実はロトさんと友達だ
4785,body,raw-L04782,覚えてろ
4786,blank,,
4787,post_header,raw-L04787,167 名前：ロト ◆ROTOWt.c [] 投稿日：02/08/13(火) 17:31 ID:57Sf0yni [7/13]
4788,body,raw-L04787,俺の友達が世話になったみたいだな
4789,body,raw-L04787,おまえらオタクｎおひきこもりで弱いんだから口だけだべ
4790,body,raw-L04787,調子こくな
4791,blank,,
4792,post_header,raw-L04792,170 名前：ロト ◆ROTOWt.c [] 投稿日：02/08/13(火) 17:33 ID:57Sf0yni [8/13]
4793,body,raw-L04792,悔しかったら俺に喧嘩で勝てないくせによ
4794,body,raw-L04792,いつも適当ばっか言ってるよな
4795,blank,,
4796,post_header,raw-L04796,178 名前：既にその名前は使われています[] 投稿日：02/08/13(火) 17:37 ID:57Sf0yni [9/13]
4797,anchor,raw-L04796,>>171
4798,body,raw-L04796,俺はＫＯされるわけないだろ
4799,body,raw-L04796,頭悪ぃな
4800,body,raw-L04796,しかも俺はデブじゃなくてかっこいい
4801,body,raw-L04796,背は高いしスマートで筋肉もあるし顔もかっこいい
4802,body,raw-L04796,おまえこそ汚い顔してるオタクだろ
4803,blank,,
4804,post_header,raw-L04804,180 名前：既にその名前は使われています[] 投稿日：02/08/13(火) 17:40 ID:57Sf0yni [10/13]
4805,body,raw-L04804,今日のタイマンは瞬殺で殺した
4806,body,raw-L04804,６０人まとめてギガトンパンチで吹き飛んだ
4807,blank,,
4808,post_header,raw-L04808,185 名前：ロト ◆ROTOWt.c [] 投稿日：02/08/13(火) 17:44 ID:57Sf0yni [11/13]
4809,anchor,raw-L04808,>>182
4810,body,raw-L04808,名前書くの忘れただけだろ
4811,body,raw-L04808,そんなこともわからないのか
4812,body,raw-L04808,頭悪ぃな
4813,blank,,
4814,post_header,raw-L04814,190 名前：ロト ◆ROTOWt.c [] 投稿日：02/08/13(火) 17:49 ID:57Sf0yni [12/13]
4815,anchor,raw-L04814,>>188
4816,body,raw-L04814,俺は不良だから宿題なんてやらないべ
4817,body,raw-L04814,タバコも吸うしよ
4818,blank,,
4819,post_header,raw-L04819,205 名前：既にその名前は使われています[] 投稿日：02/08/13(火) 17:57 ID:57Sf0yni [13/13]
4820,body,raw-L04819,おまえらいい加減うざい
4821,body,raw-L04819,オタクで弱いくせに適当ばっか言うしよ
4822,body,raw-L04819,文句あるならかかってこいよ
4823,body,raw-L04819,喧嘩上等
4824,blank,,
4825,body,raw-L04819,http://fruit.gaiax.com/home/unipersonal
4826,blank,,
4827,blank,, 
4828,blank,,
4829,blank,, 
4830,blank,,
4831,section_title,,【だまって】暗黒騎士修正要望【修正しろ】
4832,blank,,
4833,blank,, 
4834,blank,,
4835,blank,,
4836,post_header,raw-L04836,755名前：名も無き軍師投稿日：2003/01/29(水) 17:50 [ JePYCAbk ]
4837,anchor,raw-L04836,>>753
4838,body,raw-L04836,何故レイヴンと比較するのか意味わからん
4839,body,raw-L04836,同格なのはミスリルサイズとミスリルザグナルだろ
4840,body,raw-L04836,ＡＦは、ジョブにもよるが大抵は多少同レベル帯の武器より優れている
4841,blank,,
4842,post_header,raw-L04842,761名前：名も無き軍師投稿日：2003/01/29(水) 18:01 [ JePYCAbk ]
4843,anchor,raw-L04842,>>756
4844,body,raw-L04842,低能はおまえだろ
4845,body,raw-L04842,まずＤと隔の二つから判断して（※）、
4846,body,raw-L04842,バーバリアンとファルカスとの関係は
4847,body,raw-L04842,ﾐｽﾘﾙｻﾞｸﾞﾅﾙとﾐｽﾘﾙｻｲｽﾞの関系と同じだと言ってるんだよ
4848,body,raw-L04842,この時点でファルカス＝バーバリアン
4849,body,raw-L04842,そこへさらに、バーバリアンには命中－５というマイナス要因
4850,body,raw-L04842,ファルカスにはＤＥＸ要因が付け足される
4851,body,raw-L04842,結論としてファルカス＞バーバリアンとなる
4852,blank,,
4853,body,raw-L04842,（※）・・・
4854,body,raw-L04842,ファルカスD66隔466 ←→バーバリアンD76隔528
4855,body,raw-L04842,ﾐｽﾘﾙｻﾞｸﾞﾅﾙD58隔480 ←→ﾐｽﾘﾙｻｲｽﾞD64隔528
4856,blank,,
4857,post_header,raw-L04857,762名前：名も無き軍師投稿日：2003/01/29(水) 18:03 [ JePYCAbk ]
4858,body,raw-L04857,×ファルカスにはＤＥＸ要因が付け足される
4859,body,raw-L04857,○ファルカスにはＤＥＸというプラス要因が付け足される
4860,blank,,
4861,post_header,raw-L04861,764名前：名も無き軍師投稿日：2003/01/29(水) 18:06 [ JePYCAbk ]
4862,anchor,raw-L04861,>>763
4863,body,raw-L04861,その分隔の差がでかいだろ
4864,body,raw-L04861,だからこの二つで比較したんだが、頭平気か？
4865,blank,,
4866,body,raw-L04861,おまえこそ釣りだろ
4867,blank,,
4868,post_header,raw-L04868,768名前：名も無き軍師投稿日：2003/01/29(水) 18:11 [ JePYCAbk ]
4869,anchor,raw-L04868,>>765
4870,body,raw-L04868,頭悪すぎ、わざとか？
4871,body,raw-L04868,バーバリとファルカスはＤの差は大きいが隔の差も大きいだろ（528と466）
4872,body,raw-L04868,ミスリルサイズとミスリルザグナルは上の二つに比べＤの差は小さいが
4873,body,raw-L04868,隔の差も小さい（528と480）ってこと言ってんの
4874,blank,,
4875,post_header,raw-L04875,769名前：名も無き軍師投稿日：2003/01/29(水) 18:13 [ JePYCAbk ]
4876,body,raw-L04875,わかりやすく書いてやるとだな、
4877,body,raw-L04875,Ｄと隔のみだと
4878,body,raw-L04875,ファルカス＝バーバリアン
4879,body,raw-L04875,レイヴン＞ﾐｽﾘﾙｻﾞｸﾞﾅﾙ＝ﾐｽﾘﾙｻｲｽﾞ
4880,body,raw-L04875,ってことなんだよ
4881,blank,,
4882,post_header,raw-L04882,775名前：名も無き軍師投稿日：2003/01/29(水) 18:23 [ JePYCAbk ]
4883,anchor,raw-L04882,>>771
4884,quoted_line,raw-L04882,＞ファルカスD66隔466 ←→バーバリアンD76隔528
4885,quoted_line,raw-L04882,＞ﾐｽﾘﾙｻﾞｸﾞﾅﾙD58隔480 ←→ﾚｲﾌﾞﾝD68隔528
4886,quoted_line,raw-L04882,＞上がD差10、間隔差62
4887,quoted_line,raw-L04882,＞下がD差10、間隔差48
4888,blank,,
4889,body,raw-L04882,上は互角、下はレイヴンのが強い
4890,blank,,
4891,quoted_line,raw-L04882,＞間隔14がどれほど大きい？誤差だろ
4892,blank,,
4893,body,raw-L04882,かなり違うぞ、Ｄ値しか見てない瞬間ダメージ厨にはわからんのだろうな
4894,blank,,
4895,post_header,raw-L04895,777名前：名も無き軍師投稿日：2003/01/29(水) 18:28 [ JePYCAbk ]
4896,body,raw-L04895,俺はシーフじゃないぞ
4897,body,raw-L04895,バーバリアンを持ってるがファルカスを使っててデモスラが欲しい暗黒だ
4898,body,raw-L04895,何度も同じ事言わすなよ
4899,body,raw-L04895,言い返せなくなったからってシーフ呼ばわりして煽るのか
4900,blank,,
4901,post_header,raw-L04901,781名前：名も無き軍師投稿日：2003/01/29(水) 18:38 [ JePYCAbk ]
4902,anchor,raw-L04901,>>778
4903,body,raw-L04901,寝ぼけんなよ、
4904,body,raw-L04901,Ｄ／隔なんて所詮は机上の空論だろ
4905,body,raw-L04901,実戦ではそんな知識は何の役にも立たない
4906,blank,,
4907,anchor,raw-L04901,>>779
4908,body,raw-L04901,Ｄ１０の差も実はそれほど変わらない
4909,body,raw-L04901,そして何度も言うように決定的なのはＤＥＸ＋４と命中＋５の差
4910,body,raw-L04901,当たらなかった時は０ダメージと同じ
4911,body,raw-L04901,おっと、命中ブーストしておけばバーバリアンでも当たるとか言い訳するなよ？
4912,body,raw-L04901,その状態でファルカスにすればもっと当たるんだからな
4913,blank,,
4914,post_header,raw-L04914,782名前：名も無き軍師投稿日：2003/01/29(水) 18:42 [ JePYCAbk ]
4915,body,raw-L04914,×命中＋５
4916,body,raw-L04914,○命中－５
4917,blank,,
4918,post_header,raw-L04918,784名前：名も無き軍師投稿日：2003/01/29(水) 18:45 [ JePYCAbk ]
4919,anchor,raw-L04918,>>783
4920,body,raw-L04918,俺はただ事実を述べてるだけだ
4921,body,raw-L04918,実際、みんなバーバリ持ってるけどファルカス使ってるしな
4922,body,raw-L04918,おまえこそﾊﾞｰﾊﾞﾘ＞ﾌｧﾙｶｽだと何かいいことでも？
4923,blank,,
4924,post_header,raw-L04924,788名前：名も無き軍師投稿日：2003/01/29(水) 18:54 [ JePYCAbk ]
4925,body,raw-L04924,ごちゃごちゃうるせぇな
4926,body,raw-L04924,粘着かおまえら
4927,body,raw-L04924,実際バーバリアンなんて糞鎌使ってる奴滅多にいねーだろ
4928,body,raw-L04924,たいして取るの難しくなくてたくさん出回ってるんだから、
4929,body,raw-L04924,強いんならみんなファルカスやめてバーバリアン使うはずだ
4930,body,raw-L04924,一般人はファルカス、廃人はデモスラ、馬鹿はバーバリアン
4931,body,raw-L04924,これで完全決着だ
4932,blank,,
4933,post_header,raw-L04933,790名前：名も無き軍師投稿日：2003/01/29(水) 18:58 [ JePYCAbk ]
4934,anchor,raw-L04933,>>789
4935,body,raw-L04933,無知で愚かなのはおまえらみたいにバーバリアン強いって言ってるごく一部だけ
4936,body,raw-L04933,賢い奴等はバーバリアンが糞だと知ってるから売れない事がわかってるから競売には出さない
4937,body,raw-L04933,４７から使えるファルカス持っててあえて４９からそれより弱い鎌に買い換えるやつなんているわけないからな
4938,blank,,
4939,post_header,raw-L04939,793名前：名も無き軍師投稿日：2003/01/29(水) 19:04 [ JePYCAbk ]
4940,anchor,raw-L04939,>>791
4941,quoted_line,raw-L04939,＞命中-5なら1個の補正装備でなんとでもなるけど
4942,quoted_line,raw-L04939,＞攻+25あげるのは結構大変だぞ。
4943,blank,,
4944,body,raw-L04939,まさか攻撃＋と命中＋が同価値だとでも？
4945,body,raw-L04939,この命中重視のご時世に正気とは思えない台詞だな
4946,body,raw-L04939,攻撃力は高くしても実はあまり意味はない
4947,blank,,
4948,post_header,raw-L04948,798名前：名も無き軍師投稿日：2003/01/29(水) 19:12 [ JePYCAbk ]
4949,anchor,raw-L04948,>>794
4950,body,raw-L04948,馬鹿はおまえ
4951,body,raw-L04948,命中±０以降は同じなのかよ
4952,body,raw-L04948,命中－５に＋５して０にするより
4953,body,raw-L04948,－なしに＋したほうがより当たるだろうが
4954,blank,,
4955,body,raw-L04948,帯剣とファルシオンの比較も話にならん
4956,body,raw-L04948,この二つは隔21しか差がない
4957,body,raw-L04948,それに比べバーバリアンとファルカスは62も差がある
4958,body,raw-L04948,墓穴を掘ったな
4959,blank,,
4960,post_header,raw-L04960,802名前：名も無き軍師投稿日：2003/01/29(水) 19:19 [ JePYCAbk ]
4961,body,raw-L04960,とうとう反論できなくなって煽りに徹することにしたか
4962,body,raw-L04960,バーバリアン信者必死だな
4963,blank,,
4964,post_header,raw-L04964,807名前：名も無き軍師投稿日：2003/01/29(水) 19:31 [ JePYCAbk ]
4965,anchor,raw-L04964,>>805
4966,quoted_line,raw-L04964,＞じゃあ仮にファルシオンが間隔195だったらでいいや
4967,quoted_line,raw-L04964,＞それならファルシオンのが強いと思うの？
4968,quoted_line,raw-L04964,＞教えてくれくれ
4969,blank,,
4970,body,raw-L04964,だからＤと隔だけの比較の時点ではファルカスとバーバリアンは互角だと言ってるだろうが
4971,body,raw-L04964,そこにＤＥＸ＋４と命中－５の差が決定打となり総合的にファルカスの圧勝となる
4972,blank,,
4973,post_header,raw-L04973,813名前：名も無き軍師投稿日：2003/01/29(水) 19:36 [ JePYCAbk ]
4974,anchor,raw-L04973,>>806
4975,body,raw-L04973,全部無意味だとは言ってないだろ
4976,body,raw-L04973,あまり意味がないと言ったんだ
4977,body,raw-L04973,おそらく命中１は攻撃１０の価値があるから
4978,body,raw-L04973,バーバリアンは命中－５だから２５－５×１０＝攻－２５という事になる
4979,body,raw-L04973,攻－２５とＤＥＸ＋４、どっちが上かは聞くまでもないよな？
4980,blank,,
4981,post_header,raw-L04981,821名前：名も無き軍師投稿日：2003/01/29(水) 19:52 [ JePYCAbk ]
4982,body,raw-L04981,論理的に反論できないくせに煽りだけはしつこい奴等だな
4983,body,raw-L04981,実際にほとんどの奴がファルカス使ってるという現実をどう見る？
4984,body,raw-L04981,廃人はデモスラ、一般人はファルカスって決まってるんだよ
4985,blank,,
4986,post_header,raw-L04986,823名前：名も無き軍師投稿日：2003/01/29(水) 19:58 [ JePYCAbk ]
4987,anchor,raw-L04986,>>822
4988,body,raw-L04986,バーバリアンはたくさん出回ってると何度も言ってるだろ
4989,body,raw-L04986,ちゃんと過去ログ読んでからレスしてくんない？
4990,quoted_line,raw-L04986,>>748でおまえ自信がそう認めてるんだが？
4991,body,raw-L04986,もはや勝負あった
4992,body,raw-L04986,これ以上無駄なレスしないで、荒れるから
4993,blank,,
4994,post_header,raw-L04994,826名前：名も無き軍師投稿日：2003/01/29(水) 20:05 [ JePYCAbk ]
4995,body,raw-L04994,バーバリアンはレベル６０の暗黒の５人に１人くらいは持ってるはず
4996,body,raw-L04994,デモスラはそれに比べて遥かに少ない
4997,blank,,
4998,post_header,raw-L04998,830名前：名も無き軍師投稿日：2003/01/29(水) 20:09 [ JePYCAbk ]
4999,anchor,raw-L04998,>>827
5000,body,raw-L04998,俺も、俺の友達も、バーバリアンは持ってるけどデモスラは持ってない
5001,body,raw-L04998,ちなみに友達は何故かバーバリアンを使ってる
5002,body,raw-L04998,それは個人の好みだから別にいいけどな
5003,blank,,
5004,post_header,raw-L05004,834名前：名も無き軍師投稿日：2003/01/29(水) 20:16 [ JePYCAbk ]
5005,anchor,raw-L05004,>>833
5006,body,raw-L05004,Titan鯖だけど文句ある？
5007,body,raw-L05004,ていうかおまえらはもう話にならんな
5008,body,raw-L05004,もういいよ、俺も大人だから譲ってやる
5009,body,raw-L05004,ファルカス＝バーバリアンってことにしとく
5010,body,raw-L05004,あばよ
5011,blank,,
5012,blank,, 
5013,blank,,
5014,blank,, 
5015,blank,,
5016,section_title,,†暗黒騎士Part_32 †
5017,blank,,
5018,blank,, 
5019,blank,,
5020,blank,, 
5021,blank,,
5022,post_header,raw-L05022,902名前：名も無き軍師投稿日：2003/01/27(月) 01:05 [ xdJzESGU ]
5023,body,raw-L05022,しょうがないからとっておきを出す
5024,body,raw-L05022,Ｄ値／隔をそれぞれ算出
5025,body,raw-L05022,デモスラ・・・・0.154
5026,body,raw-L05022,ファルカス・・・0.144
5027,body,raw-L05022,バーバリアン・・0.143
5028,blank,,
5029,body,raw-L05022,まずこれでデモスラが圧倒的なのはわかると思う
5030,body,raw-L05022,で、それに比べるとファルカスとバーバリアンの差はごく僅かではあるが
5031,body,raw-L05022,ここにさらにＤＥＸ＋４と命中－５が加わるので
5032,body,raw-L05022,ファルカス＞バーバリアンは決定的となる
5033,body,raw-L05022,ちなみにさっきから騒がれてるバーバリアンの攻＋２５だが、
5034,body,raw-L05022,攻＋は実際にはあまり意味がないので考えないものとする
5035,blank,,
5036,post_header,raw-L05036,747名前：名も無き軍師投稿日：2003/01/29(水) 17:37 [ JePYCAbk ]
5037,anchor,raw-L05036,>>746
5038,body,raw-L05036,バーバリアンDuke Haborym
5039,body,raw-L05036,デモスラGrand Duke Batym
5040,blank,,
5041,body,raw-L05036,名前からもわかるように落とす敵の強さが全然違う
5042,blank,,
5043,blank,, 
5044,blank,,
5045,post_header,raw-L05045,823名前：名も無き軍師投稿日：2003/01/29(水) 19:58 [ JePYCAbk ]
5046,anchor,raw-L05045,>>822
5047,body,raw-L05045,バーバリアンはたくさん出回ってると何度も言ってるだろ
5048,body,raw-L05045,ちゃんと過去ログ読んでからレスしてくんない？
5049,quoted_line,raw-L05045,>>748でおまえ自信がそう認めてるんだが？
5050,body,raw-L05045,もはや勝負あった
5051,body,raw-L05045,これ以上無駄なレスしないで、荒れるから
5052,blank,,
5053,post_header,raw-L05053,863名前：名も無き軍師投稿日：2003/01/30(木) 13:26 [ gkgAadlk ]
5054,body,raw-L05053,スレ一通り読んだんだが、JePYCAbkさんがなぜ叩かれてるのかわからんな
5055,body,raw-L05053,俺もファルカスとバーバリアン持ってるがファルカスを使っている
5056,body,raw-L05053,デモスラ＞ファルカス＞バーバリアン＞レイヴンは確定だと思う
5057,body,raw-L05053,言っておくけど俺はJePYCAbkさんじゃないぞ
5058,blank,,
5059,blank,, 
5060,blank,,
5061,section_title,,【隔528】バーバリアンサイズはファルカストラより弱い【命中-5】
5062,blank,,
5063,blank,, 
5064,blank,,
5065,blank,,
5066,post_header,raw-L05066,1名前：名も無き軍師投稿日：2003/01/30(木) 14:18 [ gkgAadlk ]
5067,blank,,
5068,body,raw-L05066,いい加減バーバリアン信者＝Ｄ値しか見てない厨がうざいんで
5069,body,raw-L05066,そろそろハッキリさせておこうと思う
5070,body,raw-L05066,総合的な性能からして、バーバリアンサイズは
5071,body,raw-L05066,ファルカストラよりはるかに劣っている
5072,body,raw-L05066,バーバリアンがファルカスより優れてる点は、
5073,body,raw-L05066,ややＤ値が高いということと攻撃+25の2点
5074,body,raw-L05066,しかし攻撃+25は実はほとんど意味が無い
5075,body,raw-L05066,そしてちょっとばかりＤ値が高くても当たらなければこれまた意味が無い
5076,body,raw-L05066,バーバリアンの命中-5に対してファルカスはＤＥＸ+4である
5077,body,raw-L05066,この差は計り知れないと言えるだろう
5078,body,raw-L05066,さらには隔もかなりの差があり、振りの速さがまるで違う
5079,body,raw-L05066,ゆえに、総合的にファルカス＞バーバリアンとなるのである
5080,body,raw-L05066,もっと言うと、実はバーバリアンはかなりの数が出回っていて
5081,body,raw-L05066,持ってるだけならかなりの人が持っている
5082,body,raw-L05066,にも関わらず、バーバリアン使いはほとんどいなく、
5083,body,raw-L05066,ファルカス使いだらけである
5084,body,raw-L05066,この事実がファルカス＞バーバリアンであることの何よりの証明といえるだろう
5085,blank,,
5086,post_header,raw-L05086,5名前：1投稿日：2003/01/30(木) 14:23 [ gkgAadlk ]
5087,blank,,
5088,body,raw-L05086,俺の意見が間違ってると思うなら
5089,body,raw-L05086,くだらん煽りではなく論理的に反論してもらおうか
5090,body,raw-L05086,それが出来ないなら俺の勝ちだ
5091,blank,,
5092,post_header,raw-L05092,11名前：1投稿日：2003/01/30(木) 14:25 [ gkgAadlk ]
5093,blank,,
5094,anchor,raw-L05092,>>6
5095,body,raw-L05092,そのとおり、よくわかってるね
5096,body,raw-L05092,おまえはなかなか賢いな
5097,body,raw-L05092,固定になってもいいぞ
5098,blank,,
5099,post_header,raw-L05099,15名前：1投稿日：2003/01/30(木) 14:30 [ gkgAadlk ]
5100,blank,,
5101,body,raw-L05099,言っておくけど俺はバーバリアンとファルカス両方持ってる
5102,body,raw-L05099,それであえてファルカスを使ってる
5103,body,raw-L05099,俺の友達もみんなバーバリン持ってるけどファルカス使ってる
5104,body,raw-L05099,ちなみに残念ながらデモスラは廃人専用なので持ってない
5105,blank,,
5106,blank,, 
5107,blank,,
5108,post_header,raw-L05108,19名前：1投稿日：2003/01/30(木) 14:32 [ gkgAadlk ]
5109,blank,,
5110,anchor,raw-L05108,>>16
5111,body,raw-L05108,自慢かよ、むかつくな
5112,body,raw-L05108,おまえやっぱウザイから死んでいいよ
5113,blank,,
5114,blank,, 
5115,blank,,
5116,post_header,raw-L05116,21名前：1投稿日：2003/01/30(木) 14:34 [ gkgAadlk ]
5117,blank,,
5118,quoted_line,raw-L05116,>>17は賢い
5119,body,raw-L05116,こういう暗黒さんは誘って損はないね
5120,blank,,
5121,blank,,
5122,post_header,raw-L05122,154名前：名も無き軍師投稿日：2003/02/01(土) 15:54 [ BLVKJVOA ]
5123,blank,,
5124,body,raw-L05122,ここみるのは始めてなんだがアフォばっかりか？
5125,body,raw-L05122,いいか、命中-5とDEX＋４じゃ　　レベル２個分以上の差が有るんだよ！！
5126,body,raw-L05122,DEX＋４＝命中＋２だから、実に命中７の差が有るんだ、わかったか！！
5127,body,raw-L05122,攻撃＋なぞ役にたたん、１の言ってる事は正しいんだよ！
5128,body,raw-L05122,わかったらバーバリなんて売ってしまえ、捨て値で出しても誰も買わないがな
5129,blank,,
5130,post_header,raw-L05130,179名前：名も無き軍師投稿日：2003/02/02(日) 14:04 [ zuyUZVYc ]
5131,blank,,
5132,body,raw-L05130,なんだ、結局ファルカス＞バーバリアンでＦＡか
5133,blank,,
5134,post_header,raw-L05134,194名前：名も無き軍師投稿日：2003/02/03(月) 15:26 [ I9zgxkPU ]
5135,blank,,
5136,body,raw-L05134,最初に言っておくが俺は１じゃないけど
5137,body,raw-L05134,やっぱりどう考えてもファルカスのが強いよ
5138,body,raw-L05134,実際一発当たりのダメージも、強い敵相手だと
5139,body,raw-L05134,バーバリアンもファルカスも全然変わらない
5140,body,raw-L05134,隔の差と命中の差だけがはっきりと現れてくる
5141,blank,,
5142,post_header,raw-L05142,197名前：名も無き軍師投稿日：2003/02/03(月) 15:31 [ I9zgxkPU ]
5143,blank,,
5144,anchor,raw-L05142,>>195
5145,body,raw-L05142,反論できないからってくだらん煽りを書くなよ
5146,body,raw-L05142,何得意げに「-3点」とか言っちゃてんの？
5147,body,raw-L05142,アホじゃねぇの？
5148,blank,,
5149,post_header,raw-L05149,200名前：名も無き軍師投稿日：2003/02/03(月) 15:38 [ I9zgxkPU ]
5150,blank,,
5151,body,raw-L05149,実際の一撃のダメージを見ると
5152,body,raw-L05149,デモスラ＞ファルカス＝バーバリアン
5153,body,raw-L05149,実はデモスラはバーバリアンよりダメージも大きい
5154,body,raw-L05149,そしてバーバリアンとファルカスはほぼ同じ
5155,body,raw-L05149,これらを踏まえて総合的に判断すると
5156,body,raw-L05149,デモスラ＞ファルカス＞バーバリアンとなる
5157,blank,,
5158,post_header,raw-L05158,211名前：名も無き軍師投稿日：2003/02/04(火) 06:16 [ tAd.0dX2 ]
5159,blank,,
5160,body,raw-L05158,バーバリアンがファルカスはおろかデモスラより強いだって
5161,body,raw-L05158,寝言は寝てから言えよ
5162,blank,,
5163,blank,,
5164,post_header,raw-L05164,214名前：名も無き軍師投稿日：2003/02/04(火) 07:06 [ tAd.0dX2 ]
5165,blank,,
5166,body,raw-L05164,まぁ、デモスラ＞＞＞＞＞＞バーバリアンは確定だべな
5167,blank,,
5168,post_header,raw-L05168,223名前：名も無き軍師投稿日：2003/02/04(火) 13:24 [ nL452Dfs ]
5169,blank,,
5170,body,raw-L05168,ホーバージョンにクジャク？アホか
5171,body,raw-L05168,そんな廃人向けの装備をしてれば、なんて条件付きにされてもな
5172,body,raw-L05168,ファルカスやバーバリアンのように、一般大衆向けの物同士での
5173,body,raw-L05168,比較してんのにそんな廃人装備を持ち出すのはおかしい
5174,body,raw-L05168,だから激レアのデモスラは最初から比較対象に入ってないんだろ
5175,blank,,
5176,post_header,raw-L05176,225名前：名も無き軍師投稿日：2003/02/04(火) 13:47 [ nL452Dfs ]
5177,blank,,
5178,anchor,raw-L05176,>>224
5179,body,raw-L05176,いや、それはない
5180,body,raw-L05176,俺は廃人じゃないけどバーバリアンは持ってる、デモスラは持ってない
5181,body,raw-L05176,俺の友達も廃人じゃないがバーバリアン持っててデモスラ持ってない
5182,blank,,
5183,post_header,raw-L05183,233名前：名も無き軍師投稿日：2003/02/04(火) 14:43 [ nL452Dfs ]
5184,blank,,
5185,anchor,raw-L05183,>>231
5186,body,raw-L05183,だから命中ブースト命中ブーストって
5187,body,raw-L05183,どうせクジャクやらホーバーくらいまでしなきゃ駄目なんだべ？
5188,body,raw-L05183,あんな廃人用装備してることを前提条件に強い、なんてのじゃ話にならないだよ
5189,body,raw-L05183,つーことで、一般人の視点から見りゃ
5190,body,raw-L05183,デモスラ＞ファルカス＞バーバリアンだべな
5191,blank,,
5192,post_header,raw-L05192,235名前：名も無き軍師投稿日：2003/02/04(火) 14:50 [ nL452Dfs ]
5193,blank,,
5194,body,raw-L05192,デモスラ・・・・・・総合的に文句なく最強。誰が使っても強い。
5195,body,raw-L05192,ファルカス・・・・・デモスラよりやや劣るものの安定した実力を持つ。防具が普通の装備ならバーバリアンより遥かに使える。
5196,body,raw-L05192,バーバリアン・・・・クジャク、ホーバー等、廃人装備で身を固めるという条件付きで、最強になれる〝可能性〟はある。廃人装備と併用しないとタダのゴミ。
5197,blank,,
5198,post_header,raw-L05198,238名前：名も無き軍師投稿日：2003/02/04(火) 14:56 [ nL452Dfs ]
5199,blank,,
5200,anchor,raw-L05198,>>236
5201,body,raw-L05198,言っていねーよ、馬鹿
5202,body,raw-L05198,証拠あんのかよ
5203,body,raw-L05198,まー、デモスラ持ってりゃ残りの２つは捨てるべ
5204,body,raw-L05198,ファルカスｖｓバーバリアンなんてデモスラから見ればどんぐりの背比べだしな
5205,blank,,
5206,post_header,raw-L05206,242名前：名も無き軍師投稿日：2003/02/04(火) 15:20 [ nL452Dfs ]
5207,blank,,
5208,anchor,raw-L05206,>>240
5209,body,raw-L05206,禿同だべ、ホーバーやクジャクを当たり前のようにみんなが持ってる風な口調で話す廃人はむかつくな
5210,blank,,
5211,post_header,raw-L05211,257名前：名も無き軍師投稿日：2003/02/04(火) 19:28 [ nL452Dfs ]
5212,blank,,
5213,body,raw-L05211,じゃあ３つのうち、一つだけ選んで残りの２つを一生使えないとしたらどれを選ぶよ？
5214,blank,,
5215,body,raw-L05211,まずデモスラって奴がダントツで多いべ？
5216,body,raw-L05211,そん次はファルカスになるはず
5217,body,raw-L05211,バーバリアンは欲しいけど使いたくはない、って奴がほとんど
5218,blank,,
5219,post_header,raw-L05219,260名前：名も無き軍師投稿日：2003/02/04(火) 19:37 [ nL452Dfs ]
5220,blank,,
5221,body,raw-L05219,いいからさっさとファルカスを認めろよ
5222,body,raw-L05219,バーバリアンは糞だからすぐ売った方がいい
5223,blank,,
5224,post_header,raw-L05224,267名前：名も無き軍師投稿日：2003/02/04(火) 20:56 [ nL452Dfs ]
5225,blank,,
5226,body,raw-L05224,前から気になってたことを一つ
5227,quoted_line,raw-L05224,>>1さんも言うように、バーバリアンはかなり出回ってるわけだが
5228,body,raw-L05224,これに対して、そんなことはないという意見が多いべ？
5229,body,raw-L05224,しかし、このスレ見てるとバーバリアンを使ってみての感想を言ってる奴はたくさんいる
5230,body,raw-L05224,これは>>1さんの言うようにバーバリアンが大量に出回ってる証拠だべな
5231,body,raw-L05224,おまえらは知らず知らずの内に墓穴を掘ってた
5232,body,raw-L05224,煽りなしでこれに反論できるならしてみろよ
5233,blank,,
5234,post_header,raw-L05234,269名前：名も無き軍師投稿日：2003/02/04(火) 22:00 [ nL452Dfs ]
5235,blank,,
5236,anchor,raw-L05234,>>268
5237,body,raw-L05234,じゃあバーバリアンを持ってないくせに語ってたわけか？それは話にならない
5238,body,raw-L05234,バーバリアンとファルカス両方持ってなきゃ比較しようがないべ
5239,body,raw-L05234,もし嘘じゃなく本当に持ってるのだとすれば大量に出回っているということになり
5240,body,raw-L05234,どちらにしてもおまえらはますます墓穴を掘った
5241,blank,,
5242,post_header,raw-L05242,496名前：名も無き軍師投稿日：2003/03/10(月) 12:28 [ KIqedIx2 ]
5243,blank,,
5244,post_header,raw-L05244,502名前：名も無き軍師投稿日：2003/03/07(金) 15:42 [ u/DXqanE ]
5245,body,raw-L05244,そろそろヴァサーゴはカンスト暗黒の間では標準装備となりつつあるな
5246,body,raw-L05244,バーバリはおろかデモスラも今となっては全然うらやましくないなー
5247,body,raw-L05244,今時得意げにデモスラとか背負ってる奴ってはっきり言って痛い
5248,body,raw-L05244,「自分は負け組です」って看板ぶらさげて歩いてるようなもの
5249,body,raw-L05244,本人は周りから羨望の眼差しで見られてると思ってるのかもしれんが
5250,body,raw-L05244,みんな笑ってるのに気付けよな
5251,body,raw-L05244,手後れにならないうちにさっさと売ったほうがいいと思うね
5252,body,raw-L05244,今なら５０万くらいなら買うって奴もいるかもなー
5253,blank,,
5254,blank,, 
5255,blank,,
5256,post_header,raw-L05256,500名前：名も無き軍師投稿日：2003/03/10(月) 14:45 [ KIqedIx2 ]
5257,blank,,
5258,body,raw-L05256,・ヴァサーゴサイズ
5259,body,raw-L05256,最強の鎌。これを持つ事が全暗黒の夢。
5260,body,raw-L05256,持ってれば尊敬されて羨ましがられる。
5261,body,raw-L05256,強いて欠点を挙げるとすれば、妬まれる事くらい。
5262,blank,,
5263,body,raw-L05256,・デモンスライサー
5264,body,raw-L05256,かつては廃人の証とされていたがヴァサーゴ登場によって
5265,body,raw-L05256,一気に転落。今やゴミ同然の扱いで、持ってても誰も誉めてくれない。
5266,body,raw-L05256,それどころか持ってるだけで痛い奴と思われる。
5267,body,raw-L05256,ヴァサーゴを取れない（買えない）雑魚が精一杯の見栄を張るために背負う鎌。
5268,blank,,
5269,body,raw-L05256,・バーアリアンサイズ
5270,body,raw-L05256,デモスラ同様、ヴァサーゴ登場により失脚したゴミであり、
5271,body,raw-L05256,負け組暗黒専用装備。ただ、デモスラと違い、
5272,body,raw-L05256,見た目は目立たないのがせめての救いか。
5273,blank,,
5274,post_header,raw-L05274,502名前：名も無き軍師投稿日：2003/03/10(月) 14:53 [ KIqedIx2 ]
5275,blank,,
5276,anchor,raw-L05274,>>501
5277,body,raw-L05274,レイヴン、ファルカスのがまだ潔い感じがする
5278,body,raw-L05274,デモスラ、バーバリは中途半端野郎なので、余計に恥ずかしい
5279,body,raw-L05274,それと言っておくが俺はヴァサーゴを持ってるから
5280,body,raw-L05274,自慢じゃないが、みんな羨ましがって尊敬してる
5281,blank,,
5282,blank,,
5283,post_header,raw-L05283,513名前：名も無き軍師投稿日：2003/03/10(月) 17:19 [ KIqedIx2 ]
5284,blank,,
5285,anchor,raw-L05283,>>512
5286,body,raw-L05283,おまえがいくら必死になっても価値は変わらんよ
5287,body,raw-L05283,今時デモスラ、バーバリなんか持っててもはっきり言って恥かくだけ
5288,body,raw-L05283,だから早く売った方が良い、２０万くらいが妥当だな
5289,body,raw-L05283,それに対してヴァサーゴは持ってるだけで憧れの的
5290,body,raw-L05283,俺も取ってからはＬＳではすごい尊敬されてるし
5291,body,raw-L05283,今では俺の発言権もかなり強い
5292,blank,,
5293,post_header,raw-L05293,518名前：名も無き軍師投稿日：2003/03/10(月) 17:31 [ KIqedIx2 ]
5294,blank,,
5295,body,raw-L05293,デモスラ、バーバリごときたいしてレアじゃねえよ
5296,body,raw-L05293,自慢じゃないが、俺がちょっと本気だせばすぐ取れる
5297,body,raw-L05293,ヴァサーゴ持ってるほどの実力があれば余裕
5298,blank,,
5299,post_header,raw-L05299,522名前：名も無き軍師投稿日：2003/03/10(月) 17:44 [ KIqedIx2 ]
5300,blank,,
5301,anchor,raw-L05299,>>520
5302,body,raw-L05299,たしかにかなり暴れてるな
5303,body,raw-L05299,本気の俺を止められる奴はいないと思う
5304,blank,,
5305,post_header,raw-L05305,524名前：名も無き軍師投稿日：2003/03/10(月) 17:51 [ KIqedIx2 ]
5306,blank,,
5307,anchor,raw-L05305,>>523
5308,body,raw-L05305,闇王をソロで倒せるわけがないだろ
5309,body,raw-L05305,ホラ吹いてんじゃねーよ
5310,blank,,
5311,post_header,raw-L05311,529名前：名も無き軍師投稿日：2003/03/10(月) 18:05 [ KIqedIx2 ]
5312,blank,,
5313,anchor,raw-L05311,>>526
5314,body,raw-L05311,勘違いするなよ
5315,body,raw-L05311,俺は謙虚だから周りはみんな低姿勢だが
5316,body,raw-L05311,俺は威張ったりはしてない
5317,body,raw-L05311,とにかく俺が言いたいのはヴァサーゴだと
5318,body,raw-L05311,うらやましがれて尊敬されるという事だ
5319,body,raw-L05311,最近では俺が通る時は通行人が道を開けてるようにすら思える
5320,body,raw-L05311,そのくらい羨望の眼差しで見られているという事だ
5321,body,raw-L05311,デモスラやバーバリでは道は譲らないだろう
5322,blank,,
5323,post_header,raw-L05323,531名前：名も無き軍師投稿日：2003/03/10(月) 18:09 [ KIqedIx2 ]
5324,blank,,
5325,body,raw-L05323,強いてヴァサーゴの欠点を挙げるとすれば、
5326,body,raw-L05323,このスレで俺にさっきから歯向かってくる奴等みたいな
5327,body,raw-L05323,嫉妬豚につきまとわれる事くらいだな
5328,body,raw-L05323,大抵の奴は素直に俺の事を誉めるけど
5329,blank,,
5330,post_header,raw-L05330,532名前：名も無き軍師投稿日：2003/03/10(月) 18:13 [ KIqedIx2 ]
5331,blank,,
5332,anchor,raw-L05330,>>530
5333,body,raw-L05330,前々から思ってたんだが威風なるって意味わからんよな
5334,body,raw-L05330,無敵なる大暗黒騎士のがカッコイイと思う
5335,body,raw-L05330,■のセンスの無さにがっくりした
5336,blank,,
5337,blank,,
5338,post_header,raw-L05338,535名前：名も無き軍師投稿日：2003/03/10(月) 18:20 [ KIqedIx2 ]
5339,blank,,
5340,anchor,raw-L05338,>>533
5341,body,raw-L05338,自意識過剰ではなくほんとに尊敬されてる
5342,body,raw-L05338,余談だが、友達でデモスラ持ってる負け組いる
5343,body,raw-L05338,そいつは俺が馬鹿にしても口答え一つしてこなかった
5344,body,raw-L05338,デモスラは負けだという事を認める潔さは評価してやるが、
5345,body,raw-L05338,俺が早く売り飛ばすように忠告してるのに言う事を聞かない
5346,body,raw-L05338,おそらく意地になってるのだと思うが
5347,blank,,
5348,post_header,raw-L05348,538名前：名も無き軍師投稿日：2003/03/10(月) 18:29 [ KIqedIx2 ]
5349,blank,,
5350,anchor,raw-L05348,>>537
5351,body,raw-L05348,センスが無いと言ったは■の事だぞ
5352,body,raw-L05348,分盲だろ、おまえ
5353,body,raw-L05348,それに友達は口答えしなかったという事は負けを認めてる証拠
5354,body,raw-L05348,よく二人でスキル上げＰＴやいろんな手伝いに参加するが
5355,body,raw-L05348,俺達二人を見て周りはまず驚く
5356,body,raw-L05348,俺はそこで、俺はヴァサーゴでこいつのはデモスラといちいち説明するのがめんどくさい
5357,body,raw-L05348,でもそうしないと同類だと思われるから
5358,blank,,
5359,post_header,raw-L05359,611名前：名も無き軍師投稿日：2003/03/14(金) 05:16 [ AMOt4EDs ]
5360,blank,,
5361,body,raw-L05359,おまえらが何言おうと、デモスラ、バーバリよりも
5362,body,raw-L05359,ヴァサーゴ持ってる人のが断然凄いのは事実
5363,body,raw-L05359,嘘だと思うならアンケートを取れば良い
5364,body,raw-L05359,まず、どれも持ってない暗黒に、
5365,body,raw-L05359,「３つのうちのどの鎌が一番欲しいですか？」と聞く
5366,body,raw-L05359,ほぼ100％がヴァサーゴと答えるだろう
5367,body,raw-L05359,そして次に、それぞれの鎌持った暗黒に
5368,body,raw-L05359,「今までで他人からうらやましがられたり誉められた回数は？」と聞く
5369,body,raw-L05359,間違いなく、ヴァサーゴ持ってる人が一番回数が多いでしょう
5370,blank,,
5371,post_header,raw-L05371,620名前：名も無き軍師投稿日：2003/03/14(金) 13:58 [ xN3Hp9X. ]
5372,blank,,
5373,anchor,raw-L05371,>>618
5374,body,raw-L05371,当たり前だろ
5375,body,raw-L05371,今ではデモスラ・バーバリは見栄っ張り専用の
5376,body,raw-L05371,中途半端装備だからファルカス・レイヴンより恥ずかしい
5377,body,raw-L05371,デモスラとかは、ヴァサーゴを持てない雑魚が気分だけでも廃人の仲間入り
5378,body,raw-L05371,しようという必死な抵抗にしか見えんよ
5379,blank,,
5380,post_header,raw-L05380,622名前：名も無き軍師投稿日：2003/03/14(金) 14:27 [ xN3Hp9X. ]
5381,blank,,
5382,anchor,raw-L05380,>>621
5383,body,raw-L05380,はぁ？ちっともすごくねーよ
5384,body,raw-L05380,さてはおまえ、デモスラ使いだな
5385,body,raw-L05380,それはさておき、デモスラは今かなりの数が出回ってるぞ
5386,body,raw-L05380,ファルカスとか装備してる奴も実はデモスラ持ってたりする
5387,body,raw-L05380,何故デモスラを装備しないかというと恥ずかしいからだ
5388,body,raw-L05380,デモスラ背負うって事は自分で「中途半端野郎です」と看板ぶら下げるようなものだからな
5389,blank,,
5390,post_header,raw-L05390,625名前：名も無き軍師投稿日：2003/03/14(金) 14:37 [ xN3Hp9X. ]
5391,blank,,
5392,anchor,raw-L05390,>>623
5393,body,raw-L05390,おいおい、いつ俺がファルカスしかないと言った？
5394,body,raw-L05390,俺は本格的なヴァサーゴ使いだ
5395,body,raw-L05390,自慢じゃないがかなりうらやましがられてる
5396,body,raw-L05390,残念だったな、おまえの負けだ
5397,blank,,
5398,post_header,raw-L05398,628名前：名も無き軍師投稿日：2003/03/14(金) 14:46 [ xN3Hp9X. ]
5399,blank,,
5400,anchor,raw-L05398,>>626
5401,body,raw-L05398,分盲はおまえ
5402,body,raw-L05398,デモスラは今かなりの数が出回ってる、と俺は言っただろ
5403,body,raw-L05398,これはつまりたいして入手難易度は高くないという証拠
5404,body,raw-L05398,頭悪ぃな
5405,blank,,
5406,post_header,raw-L05406,629名前：名も無き軍師投稿日：2003/03/14(金) 14:49 [ xN3Hp9X. ]
5407,blank,,
5408,anchor,raw-L05406,>>627
5409,body,raw-L05406,おまえも馬鹿だな
5410,body,raw-L05406,あの頃デモスラ持ってたとかそういう事はどうでもいい
5411,body,raw-L05406,今がすべてだろ
5412,body,raw-L05406,今ヴァサーゴ持ってない奴は雑魚
5413,blank,,
5414,post_header,raw-L05414,636名前：名も無き軍師投稿日：2003/03/14(金) 16:02 [ .p1hwwfc ]
5415,blank,,
5416,anchor,raw-L05414,>>634
5417,body,raw-L05414,これでおまえは負け組だ
5418,body,raw-L05414,デモスラ・バーバリ持てば少しでも俺らに近づけたと思ってるんだろうが
5419,body,raw-L05414,それは大きな勘違いだ
5420,body,raw-L05414,俺らヴァサーゴ所持者から見れば嘲笑の対象でしかない
5421,body,raw-L05414,俺らは奴等を見て「廃人でもないくせに無理して背伸びしちゃってる」って思ってるんだよ
5422,blank,,
5423,post_header,raw-L05423,639名前：名も無き軍師投稿日：2003/03/14(金) 16:20 [ .p1hwwfc ]
5424,blank,,
5425,anchor,raw-L05423,>>637
5426,body,raw-L05423,種族よりも装備が全てだ
5427,body,raw-L05423,ちなみに俺はヒュームＦ４
5428,blank,,
5429,anchor,raw-L05423,>>638
5430,body,raw-L05423,なんだ、論理的に反論できなくなったからくだらん煽りか
5431,body,raw-L05423,おまえこそ必死だな
5432,blank,,
5433,post_header,raw-L05433,642名前：名も無き軍師投稿日：2003/03/14(金) 16:31 [ .p1hwwfc ]
5434,blank,,
5435,anchor,raw-L05433,>>640
5436,anchor,raw-L05433,>>641
5437,body,raw-L05433,おまえらって言い返せなくなるとそうやって煽るしかないんだな
5438,body,raw-L05433,俺の勝ちだな
5439,blank,,
5440,post_header,raw-L05440,644名前：名も無き軍師投稿日：2003/03/14(金) 16:38 [ .p1hwwfc ]
5441,blank,,
5442,anchor,raw-L05440,>>643
5443,body,raw-L05440,長時間考えた末の反論だが残念だったな
5444,body,raw-L05440,完全なカウンターを用意してあるから見事に打ち砕いてやる
5445,blank,,
5446,quoted_line,raw-L05440,＞どう誉められるのかが気になる。
5447,blank,,
5448,body,raw-L05440,「すごいですね」とかよく言われる
5449,blank,,
5450,quoted_line,raw-L05440,＞「うらやましがられる」でなくて「うらやましいだろ」と言え
5451,blank,,
5452,body,raw-L05440,俺は自慢するのが好きじゃないからな
5453,body,raw-L05440,だがうらやましがられるのは事実だから仕方が無い
5454,blank,,
5455,quoted_line,raw-L05440,＞まぁ、リアルで駄目駄目クンだろうから気持ちはわかるけど
5456,blank,,
5457,body,raw-L05440,何を根拠にそう言うのか
5458,body,raw-L05440,俺はリアルでも喧嘩はかなり強いんだが
5459,blank,,
5460,post_header,raw-L05460,652名前：名も無き軍師投稿日：2003/03/14(金) 17:18 [ .p1hwwfc ]
5461,blank,,
5462,anchor,raw-L05460,>>648
5463,body,raw-L05460,喧嘩弱いよりいいだろ
5464,body,raw-L05460,どうせおまえは弱いんだろうな
5465,body,raw-L05460,腕力さえあれば世の中ほとんどはなんとかなるんだよ
5466,blank,,
5467,post_header,raw-L05467,661名前：名も無き軍師投稿日：2003/03/14(金) 17:38 [ .p1hwwfc ]
5468,blank,,
5469,anchor,raw-L05467,>>656
5470,body,raw-L05467,話をそらすなよ
5471,body,raw-L05467,とにかく俺が言った事に間違いはない
5472,body,raw-L05467,ヴァサーゴがすごくてデモスラ・バーバリが恥ずかしいって事に関して否定はできないんだろ
5473,body,raw-L05467,やはり俺の勝ちか
5474,blank,,
5475,post_header,raw-L05475,671名前：名も無き軍師投稿日：2003/03/14(金) 18:04 [ .p1hwwfc ]
5476,blank,,
5477,anchor,raw-L05475,>>666
5478,body,raw-L05475,ファルカストラ・・・・・性能雑魚入手容易
5479,body,raw-L05475,バーバリアンサイズ・・・性能雑魚入手容易
5480,body,raw-L05475,デモンスライサー・・・・性能雑魚入手容易
5481,body,raw-L05475,ヴァサーゴサイズ・・・・性能最強入手困難
5482,blank,,
5483,post_header,raw-L05483,675名前：名も無き軍師投稿日：2003/03/14(金) 18:15 [ .p1hwwfc ]
5484,blank,,
5485,anchor,raw-L05483,>>672
5486,body,raw-L05483,だから何度も言ってるだろ
5487,body,raw-L05483,デモスラとか持ってる奴はヴァサーゴ取れない（＝廃人になれない）
5488,body,raw-L05483,雑魚のくせに見栄を張って少しでもは俺らの仲間入りしようとしてるのが痛い
5489,body,raw-L05483,庶民なら庶民らしくファルカス持ってたほうが潔い
5490,blank,,
5491,anchor,raw-L05483,>>674
5492,body,raw-L05483,ヴァサーゴはデモスラ・バーバリより入手困難だぞ
5493,body,raw-L05483,だからデモスラとか持ってるよりも全然うらやましがられる
5494,body,raw-L05483,むしろデモスラとかは今時は馬鹿にされる
5495,blank,,
5496,post_header,raw-L05496,682名前：名も無き軍師投稿日：2003/03/14(金) 18:30 [ .p1hwwfc ]
5497,blank,,
5498,body,raw-L05496,仕方ないので切り札を出すか
5499,body,raw-L05496,これでおまえらはもう反論できなくなり煽るしかなくなる
5500,body,raw-L05496,デモスラ・バーバリ所持者から見てヴァサーゴ所持者はうらやましい
5501,body,raw-L05496,が、
5502,body,raw-L05496,ヴァサーゴ所持者から見てデモスラ・バーバリ所持者はうらやましくない
5503,body,raw-L05496,これが全てだ
5504,body,raw-L05496,どれだけうらやましく思われるかで優劣が決定されて決まる
5505,body,raw-L05496,言っとくけど俺は戦士だから～とかいう意見はなしね
5506,blank,,
5507,post_header,raw-L05507,689名前：名も無き軍師投稿日：2003/03/14(金) 18:42 [ .p1hwwfc ]
5508,blank,,
5509,anchor,raw-L05507,>>685
5510,body,raw-L05507,それはとうとう負けを認めた敗北宣言だな
5511,body,raw-L05507,ようやく俺の支配下になったか
5512,body,raw-L05507,やはり俺は狼鯖だけと一つのところに収まらない器だからな
5513,blank,,
5514,post_header,raw-L05514,693名前：名も無き軍師投稿日：2003/03/14(金) 18:45 [ .p1hwwfc ]
5515,blank,,
5516,anchor,raw-L05514,>>687
5517,body,raw-L05514,まだ完全に理解できてない奴がいるようだな
5518,body,raw-L05514,何も最強のでないと恥ずかしいわけではない
5519,body,raw-L05514,最強のが手に入らないなら中途半端に背伸びせずファルカスのような
5520,body,raw-L05514,庶民的な生き方をすればいいと言う事だ
5521,body,raw-L05514,それなら俺も応援してやる気になる
5522,body,raw-L05514,だがデモスラ・バーバリのように実力無いくせに俺達の領域に近づこうとする奴は痛々しい
5523,blank,,
5524,post_header,raw-L05524,700名前：名も無き軍師投稿日：2003/03/14(金) 18:51 [ .p1hwwfc ]
5525,blank,,
5526,anchor,raw-L05524,>>696
5527,body,raw-L05524,そう来たか
5528,body,raw-L05524,これは討論なのにまともに反論できなくなったから
5529,body,raw-L05524,荒らし扱いして追い出そうとはな
5530,body,raw-L05524,出る杭は打たれるというやつだ
5531,body,raw-L05524,他人より優れているとよってたかってこうして叩くのだな
5532,blank,,
5533,post_header,raw-L05533,703名前：名も無き軍師投稿日：2003/03/14(金) 18:54 [ .p1hwwfc ]
5534,blank,,
5535,anchor,raw-L05533,>>701
5536,body,raw-L05533,馬鹿だなおまえは
5537,body,raw-L05533,俺はリアルで喧嘩が強いと言ったはずだ
5538,body,raw-L05533,劣ってなどいない
5539,blank,,
5540,post_header,raw-L05540,709名前：名も無き軍師投稿日：2003/03/14(金) 19:02 [ .p1hwwfc ]
5541,blank,,
5542,anchor,raw-L05540,>>707
5543,body,raw-L05540,いや、おまえより俺は強い
5544,body,raw-L05540,自慢じゃないが俺は今まで腕力で思い通りにならなかった事は一つもないからな
5545,body,raw-L05540,もし俺とタイマンをすればおまえは確実に死ぬ
5546,blank,,
5547,post_header,raw-L05547,712名前：名も無き軍師投稿日：2003/03/14(金) 19:04 [ .p1hwwfc ]
5548,blank,,
5549,anchor,raw-L05547,>>710
5550,body,raw-L05547,割った事はないからわからんな
5551,body,raw-L05547,だがかなり強いのは間違いない
5552,body,raw-L05547,俺は不良だし
5553,blank,,
5554,post_header,raw-L05554,713名前：名も無き軍師投稿日：2003/03/14(金) 19:06 [ .p1hwwfc ]
5555,blank,,
5556,anchor,raw-L05554,>>711
5557,body,raw-L05554,それはおまえが今まで雑魚としか戦った事がないからだろ
5558,body,raw-L05554,弱い奴倒して威張ってるとは底が知れたな
5559,body,raw-L05554,俺は今日もこのあとタイマンの約束があるしよ
5560,body,raw-L05554,しかも相手は５０人
5561,blank,,
5562,post_header,raw-L05562,753 名前： 名も無き軍師投稿日： 2003/03/15(土) 09:17 [ lfDGLEVs ]
5563,blank,,
5564,body,raw-L05562,久々にきてみればくだらない事いいあってるな。
5565,body,raw-L05562,p1hwwfcさんが言うことは全てあっている。
5566,body,raw-L05562,おれも余裕で手に入れたが　LSでは羨ましがられるし尊敬すらされるようになった
5567,body,raw-L05562,実力もないくせにデモスラを背負ってるのを見ると哀れに見えてくる。
5568,body,raw-L05562,自他ともに認める　本格的なヴァサーゴ使いのおれから言わせてもらう。
5569,body,raw-L05562,おまえらは負け組みだ。
5570,body,raw-L05562,p1hwwfcさんの意見に全面敵に賛成する。
5571,body,raw-L05562,p1hwwfcさんと俺だけが勝ち組みと言えるだろう
5572,blank,,
5573,post_header,raw-L05573,793 名前： 名も無き軍師投稿日： 2003/03/17(月) 08:14 [ G3yrXMKs ]
5574,blank,,
5575,body,raw-L05573,ヴァサーゴ：超強力に最強。入手超困難。持ってると凄くうらやましがられる。
5576,blank,,
5577,body,raw-L05573,デモスラ：中途半端な性能。比較的お手軽に入手可能。持ってても全然凄いと思われない。
5578,blank,,
5579,body,raw-L05573,バーバリ：性能、入手条件はデモスラと同等。持ってても誰も気が付かない。
5580,blank,,
5581,post_header,raw-L05581,852 名前： 名も無き軍師投稿日： 2003/03/20(木) 19:15 [ aAoRor.2 ]
5582,blank,,
5583,body,raw-L05581,そろそろ分かってきたようだな。
5584,body,raw-L05581,さすがの俺も５０人＋２０人は時間かかったんでな。いままで逃げていたわけじゃない
5585,body,raw-L05581,今日からまたヴァサーゴ使いとしてヴァナにいくわけだが　またデモスラ背負ったやつらをみるかと思うと哀れに思えてくるな
5586,body,raw-L05581,いいか？ヴァサーゴをもった暗黒は神と言っても過言ではない。闇王すらソロで倒せる。
5587,body,raw-L05581,もっとも俺ほどのヴァサーゴ使いはいないだろうがな。
5588,blank,,
5589,body,raw-L05581,もう一度言う　ヴァサーゴない奴はファルカスを使え
5590,body,raw-L05581,それがクズに与えられた当然の義務だ
5591,blank,,
5592,blank,, 
5593,blank,,
5594,section_title,,【廃人の証】グラットンソードは最強【ナイトの宝】
5595,blank,, 
5596,post_header,raw-L05596,1 名前：Night[] 投稿日：03/06/17(火) 14:33 ID:dwEgqDEp [1/44]
5597,body,raw-L05596,グラットン持ってない奴は内藤
5598,blank,,
5599,post_header,raw-L05599,7 名前：既にその名前は使われています[] 投稿日：03/06/17(火) 14:37 ID:dwEgqDEp [2/44]
5600,body,raw-L05599,グラットン有り：Ｐスキル高い・性格良し・会話も楽しい
5601,body,raw-L05599,グラットン無し：Ｐスキル低い・厨房率高い・面白味の無い奴
5602,blank,,
5603,blank,,
5604,post_header,raw-L05604,10 名前：既にその名前は使われています[] 投稿日：03/06/17(火) 14:39 ID:dwEgqDEp [3/44]
5605,anchor,raw-L05604,>>9
5606,body,raw-L05604,安いな、うちは３００万だよ
5607,blank,,
5608,post_header,raw-L05608,12 名前：ナイト[] 投稿日：03/06/17(火) 14:42 ID:dwEgqDEp [4/44]
5609,anchor,raw-L05608,>>11
5610,body,raw-L05608,言っておくけど俺は既にグラットン持ってる
5611,body,raw-L05608,これ手に入れてからはうらやましがられて尊敬されてる
5612,body,raw-L05608,ＬＳでも発言権強くなり、俺にまともに口答えできる奴いなくなった
5613,blank,,
5614,post_header,raw-L05614,16 名前：既にその名前は使われています[sage] 投稿日：03/06/17(火) 14:45 ID:dwEgqDEp [5/44]
5615,body,raw-L05614,やはりグラットン持ってないと駄目か
5616,body,raw-L05614,俺もがんばって手に入れようと思ってるがなかなか大変だぜ
5617,body,raw-L05614,一級廃人の証っていうだけの事はあるよな
5618,body,raw-L05614,持ってる人憧れちゃうなー
5619,blank,,
5620,post_header,raw-L05620,26 名前：ナイト[] 投稿日：03/06/17(火) 14:52 ID:dwEgqDEp [6/44]
5621,anchor,raw-L05620,>>25
5622,body,raw-L05620,それはない
5623,body,raw-L05620,俺がさりげなくグラットン使いである事を話すと
5624,body,raw-L05620,みんな「すごいですね」と誉めるし
5625,blank,,
5626,post_header,raw-L05626,27 名前：Night[] 投稿日：03/06/17(火) 14:54 ID:dwEgqDEp [7/44]
5627,anchor,raw-L05626,>>24
5628,body,raw-L05626,ドラグは二流だろう
5629,body,raw-L05626,あれじゃあうらやましがられないぞ
5630,body,raw-L05626,ちなみに俺はグラットン使いなんだが
5631,body,raw-L05626,かなりうらやましがられてる
5632,blank,,
5633,post_header,raw-L05633,31 名前：既にその名前は使われています[] 投稿日：03/06/17(火) 14:57 ID:dwEgqDEp [8/44]
5634,anchor,raw-L05633,>>28
5635,body,raw-L05633,「一般人にはいらない」じゃなくて「一般人には手に入らない」だろ
5636,body,raw-L05633,あれは一級廃人の証、持ってれば尊敬されるよ
5637,body,raw-L05633,やっぱグラットン持ってる人ってその人自身も輝いてるよなー
5638,blank,,
5639,blank,, 
5640,blank,,
5641,post_header,raw-L05641,45 名前：既にその名前は使われています[] 投稿日：03/06/17(火) 15:10 ID:dwEgqDEp [9/44]
5642,body,raw-L05641,ナイトはＰスキルによって全然違い、
5643,body,raw-L05641,人によってアタリハズレが最も激しいジョブ
5644,body,raw-L05641,そしてナイトはたくさんいるから誰を誘うか迷う
5645,body,raw-L05641,そういう時グラットン持ってるナイトを優先して誘うと良い
5646,body,raw-L05641,廃人はＰスキル高いからな
5647,blank,,
5648,post_header,raw-L05648,48 名前：既にその名前は使われています[] 投稿日：03/06/17(火) 15:11 ID:dwEgqDEp [10/44]
5649,anchor,raw-L05648,>>44
5650,body,raw-L05648,あれは見かけ倒しだな
5651,body,raw-L05648,グラットンの方が百倍強い
5652,body,raw-L05648,だから俺もあれは持ってない
5653,blank,,
5654,post_header,raw-L05654,52 名前：既にその名前は使われています[] 投稿日：03/06/17(火) 15:18 ID:dwEgqDEp [11/44]
5655,body,raw-L05654,よく「装備よりＰスキルのが重要」と言う奴がいるが
5656,body,raw-L05654,そう言う奴に限って下手だよな
5657,body,raw-L05654,グラットン所持＝装備が良い＝上手い
5658,body,raw-L05654,この公式が成り立つ
5659,blank,,
5660,post_header,raw-L05660,63 名前：既にその名前は使われています[] 投稿日：03/06/17(火) 15:32 ID:dwEgqDEp [12/44]
5661,body,raw-L05660,グラットンはたいしたことないとか
5662,body,raw-L05660,装備いい奴のが下手とか言ってる奴ってただの僻みだろ
5663,body,raw-L05660,それかグラットン安く買いたくて必死なだけ
5664,blank,,
5665,blank,,
5666,post_header,raw-L05666,82 名前：ight[] 投稿日：03/06/17(火) 16:32 ID:dwEgqDEp [13/44]
5667,anchor,raw-L05666,>>80
5668,blank,,
5669,blank,,
5670,post_header,raw-L05670,83 名前：Knight[] 投稿日：03/06/17(火) 16:33 ID:dwEgqDEp [14/44]
5671,anchor,raw-L05670,>>80
5672,body,raw-L05670,言っとくけど俺はブロントじゃないぞ
5673,body,raw-L05670,証拠も無いのに適当こくなよ
5674,body,raw-L05670,グラットンで斬られたいのか？
5675,blank,,
5676,post_header,raw-L05676,87 名前：既にその名前は使われています[] 投稿日：03/06/17(火) 16:41 ID:dwEgqDEp [15/44]
5677,anchor,raw-L05676,>>84
5678,body,raw-L05676,馬鹿だなおまえ
5679,body,raw-L05676,わざと真似してみただけだ
5680,body,raw-L05676,俺はあの人とは関係ないただのグラットン使いの一人
5681,blank,,
5682,post_header,raw-L05682,97 名前：既にその名前は使われています[] 投稿日：03/06/17(火) 16:51 ID:dwEgqDEp [16/44]
5683,anchor,raw-L05682,>>94
5684,body,raw-L05682,グラットンあるかないかでかなり変わるぞ
5685,body,raw-L05682,あれ持つと圧倒的に強くなるし何よりうらやましがられる
5686,blank,,
5687,blank,,
5688,post_header,raw-L05688,101 名前：既にその名前は使われています[] 投稿日：03/06/17(火) 16:56 ID:dwEgqDEp [17/44]
5689,anchor,raw-L05688,>>99
5690,body,raw-L05688,狼鯖２００万
5691,body,raw-L05688,まだまだ上がりそう
5692,body,raw-L05688,３００万は余裕で行くでしょう
5693,blank,,
5694,blank,,
5695,post_header,raw-L05695,106 名前：JBvBJcIm[] 投稿日：03/06/17(火) 16:59 ID:dwEgqDEp [18/44]
5696,anchor,raw-L05695,>>102
5697,body,raw-L05695,俺が思うに全員別人なのではないか？
5698,body,raw-L05695,IDはたまたま同じになる事が結構あるらしい
5699,blank,,
5700,blank,,
5701,post_header,raw-L05701,116 名前：既にその名前は使われています[] 投稿日：03/06/17(火) 17:07 ID:dwEgqDEp [19/44]
5702,embedded_quote_header,raw-L05701,500 名前： 練習相手にならない名無しさん 投稿日： 2003/06/16(月) 11:44 [ joF4dfkk ]
5703,blank,,
5704,quoted_line,raw-L05701,各アイテムの廃人ランク
5705,blank,,
5706,quoted_line,raw-L05701,Ｓ：ブラコタ、スコピオ、グラットン、バーミリオン
5707,quoted_line,raw-L05701,Ａ：ホーバー、クジャク、セルケトリング、クロカン、エウボウ、癒しの杖
5708,quoted_line,raw-L05701,Ｂ：アクトン、セイブザクイーン、ベヒマント、レイズ２
5709,quoted_line,raw-L05701,Ｃ：バーニー、落人、バルキリー、グリード
5710,quoted_line,raw-L05701,Ｄ：ヴァサーゴ、リーピング、皇帝、風魔、リフレシュ
5711,blank,,
5712,blank,,
5713,body,raw-L05701,したらばのレアアイテムの相場スレより
5714,body,raw-L05701,これでもグラットンがたいしたことがないと言うのか？
5715,body,raw-L05701,現実を見ろよな
5716,blank,,
5717,post_header,raw-L05717,123 名前：既にその名前は使われています[] 投稿日：03/06/17(火) 17:14 ID:dwEgqDEp [20/44]
5718,anchor,raw-L05717,>>121
5719,body,raw-L05717,おまえの脳内の鯖の事は聞いていない
5720,body,raw-L05717,それとマイナーな鯖も却下
5721,body,raw-L05717,最強鯖のフェンリルの相場が一番正しいと思う
5722,blank,,
5723,post_header,raw-L05723,131 名前：既にその名前は使われています[] 投稿日：03/06/17(火) 17:16 ID:dwEgqDEp [21/44]
5724,body,raw-L05723,それと落人をなめてもらっては困るな
5725,body,raw-L05723,あれは侍の最強装備
5726,body,raw-L05723,ちなみに俺は持ってるがあれも結構うらやましがられる
5727,blank,,
5728,post_header,raw-L05728,145 名前：既にその名前は使われています[] 投稿日：03/06/17(火) 17:25 ID:dwEgqDEp [22/44]
5729,body,raw-L05728,俺もグラットンをこの前２００万で運良く買えたんだが
5730,body,raw-L05728,やはりこれがあると破壊力がまるで桁違いだぞ
5731,body,raw-L05728,パワーもスピードも大幅に上がった
5732,blank,,
5733,post_header,raw-L05733,150 名前：139[] 投稿日：03/06/17(火) 17:28 ID:dwEgqDEp [23/44]
5734,body,raw-L05733,前言撤回します、やっぱり売らない方がいいかも
5735,body,raw-L05733,俺もナイト誘う時に、グラットン持ってるナイト優先して誘ってるしな
5736,body,raw-L05733,みんな安く買いたいからかたただの僻みか知らんが
5737,body,raw-L05733,グラットン貶すのわざとらしすぎ
5738,blank,,
5739,blank,,
5740,post_header,raw-L05740,163 名前：Knight[] 投稿日：03/06/17(火) 17:31 ID:dwEgqDEp [24/44]
5741,body,raw-L05740,は？ラムダオ？
5742,body,raw-L05740,両手剣なんて持つわけないじゃん
5743,body,raw-L05740,内藤じゃあるまいし
5744,body,raw-L05740,片手剣のボーパルとスウィフトで十分すぎるほどパワーあるし
5745,blank,,
5746,anchor,raw-L05740,>>150
5747,body,raw-L05740,言われるまでもない
5748,body,raw-L05740,グラットン手に入れてから俺の世界が変わったんだから売るわけがない
5749,body,raw-L05740,まぁ、５００万なら考えてもいいけど
5750,blank,,
5751,blank,,
5752,post_header,raw-L05752,178 名前：既にその名前は使われています[] 投稿日：03/06/17(火) 17:38 ID:dwEgqDEp [25/44]
5753,anchor,raw-L05752,>>173
5754,body,raw-L05752,ＬＳの手伝いとかで俺のボーパルやスウィフトの破壊力見て
5755,body,raw-L05752,みんな素直に「すごいですね」と尊敬してたぞ
5756,body,raw-L05752,ただ、暗黒やシーフは性格悪いから素直じゃなくて
5757,body,raw-L05752,俺とダメージ張り合うからむかつくけど
5758,body,raw-L05752,サシでやりあえば絶対に俺が圧勝なのに
5759,blank,,
5760,post_header,raw-L05760,190 名前：既にその名前は使われています[] 投稿日：03/06/17(火) 17:43 ID:dwEgqDEp [26/44]
5761,anchor,raw-L05760,>>183
5762,body,raw-L05760,まともに討論してるところにゴミが現れたか
5763,body,raw-L05760,グラットンスウィフトでバラバラに引き裂いてやろうか？
5764,blank,,
5765,post_header,raw-L05765,197 名前：既にその名前は使われています[] 投稿日：03/06/17(火) 17:45 ID:dwEgqDEp [27/44]
5766,body,raw-L05765,なんだかんだ言っておまえら結局は
5767,body,raw-L05765,グラットン持ってるナイトとそうでないナイトいたら
5768,body,raw-L05765,前者を誘うんだろ？
5769,body,raw-L05765,それが真実
5770,blank,,
5771,post_header,raw-L05771,202 名前：既にその名前は使われています[] 投稿日：03/06/17(火) 17:47 ID:dwEgqDEp [28/44]
5772,anchor,raw-L05771,>>196
5773,body,raw-L05771,グラットン使いがいたら超一流の仲間として認めてるけど？
5774,body,raw-L05771,でも俺はベヒーモスマントもあるからグラットンだけの人よりわずかに上
5775,body,raw-L05771,まぁ、グラットンだけでも十分すごいけど
5776,blank,,
5777,blank,,
5778,post_header,raw-L05778,210 名前：既にその名前は使われています[] 投稿日：03/06/17(火) 17:49 ID:dwEgqDEp [29/44]
5779,anchor,raw-L05778,>>203
5780,body,raw-L05778,それほどでもないが一級廃人として
5781,body,raw-L05778,一般人から見ると憧れの的なんだろうな
5782,body,raw-L05778,俺も謙虚だから「すごいですね」と尊敬されて誉められた時は
5783,body,raw-L05778,それほどでもないと言う時もある
5784,blank,,
5785,blank,,
5786,post_header,raw-L05786,224 名前：既にその名前は使われています[] 投稿日：03/06/17(火) 17:54 ID:dwEgqDEp [30/44]
5787,anchor,raw-L05786,>>218
5788,body,raw-L05786,実は学校でもかなりの地位がある
5789,body,raw-L05786,自慢じゃないが力あるから喧嘩強い
5790,blank,,
5791,blank,, 
5792,blank,,
5793,post_header,raw-L05793,241 名前：既にその名前は使われています[] 投稿日：03/06/17(火) 17:59 ID:dwEgqDEp [31/44]
5794,anchor,raw-L05793,>>237
5795,body,raw-L05793,何か勘違いしてないか？
5796,body,raw-L05793,リアルでは俺は武器なんか持たなくても素手で怪力だから強い
5797,body,raw-L05793,ＦＦではナイトだがリアルではモンクタイプだからな
5798,blank,,
5799,post_header,raw-L05799,252 名前：既にその名前は使われています[] 投稿日：03/06/17(火) 18:03 ID:dwEgqDEp [32/44]
5800,anchor,raw-L05799,>>248
5801,body,raw-L05799,勘違いするなよ、俺は一つも自慢はしてない
5802,body,raw-L05799,グラットンだって俺がいつもその話をすると
5803,body,raw-L05799,ＬＳメンの方から「すごいですね」と誉めてくれるだけ
5804,body,raw-L05799,俺が「すごいと言え」と言ってるわけじゃない
5805,blank,,
5806,post_header,raw-L05806,273 名前：既にその名前は使われています[] 投稿日：03/06/17(火) 18:10 ID:dwEgqDEp [33/44]
5807,body,raw-L05806,話が多少脱線したが結論は変わらないままだな
5808,body,raw-L05806,まぁわかりきっていたことだが
5809,body,raw-L05806,・グラットン持ってるか持ってないかで強さが全然違う
5810,body,raw-L05806,・グラットン持ちはＰスキル高い
5811,body,raw-L05806,・グラットン持ってるとうらやましがられて尊敬される
5812,blank,,
5813,blank,,
5814,post_header,raw-L05814,279 名前：既にその名前は使われています[] 投稿日：03/06/17(火) 18:15 ID:dwEgqDEp [34/44]
5815,body,raw-L05814,それよりナイトと暗黒ってサシでやりあったらナイトの圧勝だろうな
5816,body,raw-L05814,こっちは回復できるし向こうの魔法は片手剣の素早さで攻撃してれば中断させまくり
5817,body,raw-L05814,何よりナイトは防御力が高いから暗黒の攻撃はおそらくほとんど効かない
5818,body,raw-L05814,逆にあっちは防御力０に近いから必殺技のボーパル当てればほぼ即死
5819,blank,,
5820,blank,, 
5821,blank,,
5822,post_header,raw-L05822,286 名前：既にその名前は使われています[] 投稿日：03/06/17(火) 18:19 ID:dwEgqDEp [35/44]
5823,anchor,raw-L05822,>>283
5824,body,raw-L05822,だから防御高いからそんなの全然効かないって
5825,body,raw-L05822,暗黒は雑魚にしか大ダメージ出せないからな
5826,blank,,
5827,post_header,raw-L05827,289 名前：既にその名前は使われています[] 投稿日：03/06/17(火) 18:21 ID:dwEgqDEp [36/44]
5828,anchor,raw-L05827,>>288
5829,body,raw-L05827,それは強いモンスター相手の場合
5830,body,raw-L05827,暗黒は防御力がないからまともにボーパル直撃して死んでしまう
5831,body,raw-L05827,ましてや俺はグラットン持ってるし
5832,blank,,
5833,post_header,raw-L05833,296 名前：既にその名前は使われています[] 投稿日：03/06/17(火) 18:23 ID:dwEgqDEp [37/44]
5834,body,raw-L05833,ナイトの攻撃力が低いという認識がいまだに強いが
5835,body,raw-L05833,それは装備がしょぼい一般人の話
5836,body,raw-L05833,俺はまず武器がグラットンだしベヒーモスマントで攻撃力＋されてる
5837,body,raw-L05833,今は持ってないがバーニー買えばこれでまた攻撃力＋
5838,body,raw-L05833,あと自慢じゃないが落人も持ってるから、もしこれをナイトが装備できたらさらにすごいことになる
5839,blank,,
5840,post_header,raw-L05840,301 名前：既にその名前は使われています[] 投稿日：03/06/17(火) 18:26 ID:dwEgqDEp [38/44]
5841,anchor,raw-L05840,>>297
5842,body,raw-L05840,それはやりすぎだろ
5843,body,raw-L05840,別に荒らしのつもりはないと思うから許してやれよ
5844,body,raw-L05840,かわいそうだろ
5845,blank,,
5846,post_header,raw-L05846,312 名前：既にその名前は使われています[] 投稿日：03/06/17(火) 18:30 ID:dwEgqDEp [39/44]
5847,anchor,raw-L05846,>>308
5848,body,raw-L05846,やれやれ、頭が悪すぎるぞおまえ
5849,body,raw-L05846,魔法使いが鎌や鎧を装備できるわけないだろう
5850,body,raw-L05846,だがナイトは戦士タイプのファイター
5851,body,raw-L05846,小手ならそのうちバージョーンアップで装備可能になる可能性がかなり高い
5852,blank,,
5853,post_header,raw-L05853,319 名前：既にその名前は使われています[] 投稿日：03/06/17(火) 18:33 ID:dwEgqDEp [40/44]
5854,anchor,raw-L05853,>>313
5855,body,raw-L05853,ほう、それならそのブラッドソード持った暗黒を連れて来てみろ
5856,body,raw-L05853,そんなやつ滅多にいないから一部の例外を持ち出しても意味ない
5857,body,raw-L05853,仮定の話はどうでもいいんだよ
5858,body,raw-L05853,まぁグラットンも廃人の証だからそうそう持てる物じゃないけど
5859,body,raw-L05853,ナイトはグラットンなくても暗黒ごときには負けないからな
5860,body,raw-L05853,グラットン持てばさらに強くなるのは事実だが
5861,blank,,
5862,post_header,raw-L05862,326 名前：既にその名前は使われています[] 投稿日：03/06/17(火) 18:37 ID:dwEgqDEp [41/44]
5863,body,raw-L05862,暗黒には見てのと折り圧勝したので次にシーフ
5864,body,raw-L05862,これはもうお話にならない
5865,body,raw-L05862,サシでは不意だまできないからシーフは攻撃力も防御力も糞
5866,body,raw-L05862,ボーパルなんて使うまでもない
5867,body,raw-L05862,おそらく通常攻撃３～４発で殺せる
5868,blank,,
5869,post_header,raw-L05869,342 名前：既にその名前は使われています[] 投稿日：03/06/17(火) 18:42 ID:dwEgqDEp [42/44]
5870,anchor,raw-L05869,>>336
5871,body,raw-L05869,暗黒と違ってシーフは潔いな
5872,body,raw-L05869,まぁシーフもナイトほどではないけどかなり強いジョブだから
5873,body,raw-L05869,そう落ち込む事はない
5874,blank,,
5875,post_header,raw-L05875,351 名前：既にその名前は使われています[] 投稿日：03/06/17(火) 18:44 ID:dwEgqDEp [43/44]
5876,anchor,raw-L05875,>>344
5877,body,raw-L05875,おまえのところもか
5878,body,raw-L05875,やっぱりそれが普通の相場だよな
5879,blank,,
5880,blank,,
5881,post_header,raw-L05881,364 名前：既にその名前は使われています[] 投稿日：03/06/17(火) 18:47 ID:dwEgqDEp [44/44]
5882,anchor,raw-L05881,>>355
5883,body,raw-L05881,せっかくシーフ誉めてやったからって調子に乗るな
5884,body,raw-L05881,それを言ったらナイトは一人でもＰＴでも強い
5885,body,raw-L05881,召喚獣やＢＣでシーフ募集なんて聞いたことないねー
5886,blank,,
5887,post_header,raw-L05887,515 名前：Knight[] 投稿日：03/06/18(水) 04:30 ID:mf/wkDdI [1/7]
5888,body,raw-L05887,やはりみんな俺がいないとだめだな
5889,body,raw-L05887,グラットンのよさに気づいたものも多いようだな
5890,body,raw-L05887,まあ俺の書き込みをみてナイトを始める奴がいるだろうな
5891,body,raw-L05887,そんな奴にはグラットンは取れないだろうがな
5892,blank,,
5893,post_header,raw-L05893,520 名前：既にその名前は使われています[] 投稿日：03/06/18(水) 04:47 ID:mf/wkDdI [2/7]
5894,body,raw-L05893,俺もグラットン頑張って手に入れたがあれは強すぎだな
5895,body,raw-L05893,まだベヒモスマントがないのが残念
5896,body,raw-L05893,落人はそのうちナイトも装備できるようになるらしいと聞いたので
5897,body,raw-L05893,とっておいたぞ
5898,body,raw-L05893,本当にKnightさんってすげえな
5899,blank,,
5900,post_header,raw-L05900,523 名前：既にその名前は使われています[] 投稿日：03/06/18(水) 04:52 ID:mf/wkDdI [3/7]
5901,anchor,raw-L05900,>>518
5902,body,raw-L05900,自慢ではないと思うぞ
5903,body,raw-L05900,ナイトがグラットンを持つとどれほど強いかを語ってくれている
5904,body,raw-L05900,負け惜しみはやめろ
5905,blank,,
5906,post_header,raw-L05906,524 名前：Knight [] 投稿日：03/06/18(水) 05:00 ID:mf/wkDdI [4/7]
5907,anchor,raw-L05906,>>522
5908,body,raw-L05906,俺は６５だ
5909,body,raw-L05906,グラットンも持ってないのに糞とか言ってる笑いが止まらないな
5910,body,raw-L05906,Ｐスキルの低いな
5911,blank,,
5912,post_header,raw-L05912,529 名前：Knight[] 投稿日：03/06/18(水) 05:11 ID:mf/wkDdI [5/7]
5913,body,raw-L05912,もう一眠りして起きたらまた来るかな
5914,body,raw-L05912,ＰＴの希望出したままうっかり寝てしまったら
5915,body,raw-L05912,すごい数のテルがきててびっくりしたよ
5916,body,raw-L05912,バザコメにグラットン　ベヒモスマントあるぜって書いたのが
5917,body,raw-L05912,そうなってしまった原因かな？
5918,body,raw-L05912,やはりみんな俺の力を貸してほしいと証明されたな
5919,blank,,
5920,post_header,raw-L05920,533 名前：Knight [] 投稿日：03/06/18(水) 05:31 ID:mf/wkDdI [6/7]
5921,anchor,raw-L05920,>>532
5922,body,raw-L05920,誘われている
5923,body,raw-L05920,ありますなんて弱々しいイメージだ
5924,body,raw-L05920,そんな態度のナイトはグラットンない奴だな
5925,body,raw-L05920,最強の攻撃と防御をもつナイトならば
5926,body,raw-L05920,堂々とした態度でなければならないのだよ
5927,blank,,
5928,post_header,raw-L05928,534 名前：JBvBJcIm[] 投稿日：03/06/18(水) 05:41 ID:mf/wkDdI [7/7]
5929,body,raw-L05928,532のナイトと533のナイトなら
5930,body,raw-L05928,絶対533を誘うよ
5931,body,raw-L05928,Ｐスキルの高さを感じる
5932,blank,,
5933,blank,,
5934,post_header,raw-L05934,556 名前：既にその名前は使われています[] 投稿日：03/06/18(水) 11:14 ID:YLK+8Y0r [1/25]
5935,body,raw-L05934,このスレでdwEgqDEpを叩いてる奴はグラットン持ってない内藤だろ
5936,body,raw-L05934,うらやましがってるのバレバレ
5937,blank,,
5938,blank,, 
5939,blank,,
5940,post_header,raw-L05940,559 名前：既にその名前は使われています[] 投稿日：03/06/18(水) 11:22 ID:YLK+8Y0r [2/25]
5941,anchor,raw-L05940,>>557
5942,body,raw-L05940,かっこつけて２点とか言ってるがその内心
5943,body,raw-L05940,なんで心を読まれたのかとギクッとしてびびっただろ
5944,body,raw-L05940,おまえらが嫉妬してるのはお見通しなんだよ
5945,body,raw-L05940,言っとくけど俺はグラットン、ベヒーモス、落人を持ってるから
5946,blank,,
5947,post_header,raw-L05947,560 名前：dwEgqDEp[] 投稿日：03/06/18(水) 11:23 ID:YLK+8Y0r [3/25]
5948,body,raw-L05947,争うのは醜いからやめとけ
5949,body,raw-L05947,喧嘩両成敗というのだがグラットン所持者の方が
5950,body,raw-L05947,言ってる事に正論があるな
5951,blank,,
5952,blank,,
5953,post_header,raw-L05953,563 名前：ナイト[] 投稿日：03/06/18(水) 11:26 ID:YLK+8Y0r [4/25]
5954,body,raw-L05953,グラットンソードを買いたいのですが各鯖の相場はいくらでしょうか？
5955,body,raw-L05953,狼鯖は３５０万なんですが他はもっと高いでしょう
5956,blank,,
5957,post_header,raw-L05957,567 名前：既にその名前は使われています[] 投稿日：03/06/18(水) 11:30 ID:YLK+8Y0r [5/25]
5958,anchor,raw-L05957,>>565
5959,body,raw-L05957,同感だな、内藤は死んだ方が良い
5960,body,raw-L05957,ナイトか内藤かの判別はグラットンを持ってるかどうかでわかる
5961,body,raw-L05957,今まで俺が組んだ中でグラットン持ってる人はみんな強かった
5962,body,raw-L05957,逆にグラットン持ってない人はＰスキルが下手
5963,blank,,
5964,post_header,raw-L05964,573 名前：既にその名前は使われています[] 投稿日：03/06/18(水) 11:35 ID:YLK+8Y0r [6/25]
5965,anchor,raw-L05964,>>568
5966,body,raw-L05964,グラットン持ってない奴が必死だな
5967,body,raw-L05964,グラットンを持てるほどの実力＝一流の廃人
5968,body,raw-L05964,廃人＝上手いという公式が成立
5969,blank,,
5970,post_header,raw-L05970,580 名前：既にその名前は使われています[] 投稿日：03/06/18(水) 11:39 ID:YLK+8Y0r [7/25]
5971,anchor,raw-L05970,>>579
5972,body,raw-L05970,今日は休み
5973,blank,,
5974,blank,,
5975,post_header,raw-L05975,583 名前：既にその名前は使われています[] 投稿日：03/06/18(水) 11:42 ID:YLK+8Y0r [8/25]
5976,body,raw-L05975,結局グラットン反対派はまともに言い返せなくて
5977,body,raw-L05975,グラットン使いの圧勝か
5978,blank,,
5979,post_header,raw-L05979,587 名前：sage[] 投稿日：03/06/18(水) 11:44 ID:YLK+8Y0r [9/25]
5980,body,raw-L05979,俺もグラットン使ってるがやはりあれがあると全然違うよ
5981,body,raw-L05979,ベヒーモスマントも早く手に入れたいぜ
5982,blank,,
5983,post_header,raw-L05983,590 名前：既にその名前は使われています[] 投稿日：03/06/18(水) 11:47 ID:YLK+8Y0r [10/25]
5984,anchor,raw-L05983,>>589
5985,body,raw-L05983,そうやってごまかすしかできないとはあわれなやつ
5986,body,raw-L05983,グラットン使いは知力パワーも高いから
5987,body,raw-L05983,真面目な討論で絶対におまえらは勝てないのは同情するけどよ
5988,blank,,
5989,post_header,raw-L05989,594 名前：既にその名前は使われています[] 投稿日：03/06/18(水) 11:51 ID:YLK+8Y0r [11/25]
5990,anchor,raw-L05989,>>563
5991,body,raw-L05989,うちの鯖は２５０万とやや安め
5992,blank,,
5993,blank,,
5994,post_header,raw-L05994,595 名前：シーフLv65[] 投稿日：03/06/18(水) 11:53 ID:YLK+8Y0r [12/25]
5995,body,raw-L05994,俺はシーフなんだが友達のナイトがグラットン持っててすごく強い
5996,body,raw-L05994,Ｐスキルも高いし性格も良い
5997,body,raw-L05994,この前野良で組んだ内藤はグラットン持ってなかったがこいつは下手だった
5998,body,raw-L05994,グラットン使い＝上手いということが証明された瞬間だった
5999,blank,,
6000,post_header,raw-L06000,597 名前：５９１[] 投稿日：03/06/18(水) 11:59 ID:YLK+8Y0r [13/25]
6001,body,raw-L06000,スマン、失言を撤回しよう
6002,body,raw-L06000,本当はグラットンがうらやましかっただけです
6003,body,raw-L06000,今がんばって金貯めてるところ
6004,body,raw-L06000,うちの鯖は４００万だからさすがに廃人の証は高い
6005,body,raw-L06000,でもだからこそ達成した時の喜びは大きいだろうね
6006,body,raw-L06000,グラットン持ってる奴が妬まれるのは納得
6007,blank,,
6008,post_header,raw-L06008,600 名前：既にその名前は使われています[] 投稿日：03/06/18(水) 12:04 ID:YLK+8Y0r [14/25]
6009,anchor,raw-L06008,>>598
6010,body,raw-L06008,ほう、試してみるか？俺が戦闘をシュミレーションしてみたところ
6011,body,raw-L06008,１0０％の確率でナイトが勝つと勝率が出たんだがな
6012,body,raw-L06008,暗黒は防御力が低いからナイトのグラットンパワーには耐えられんよ
6013,body,raw-L06008,そにうえナイトは回復も使えるし
6014,blank,,
6015,post_header,raw-L06015,603 名前：既にその名前は使われています[] 投稿日：03/06/18(水) 12:08 ID:YLK+8Y0r [15/25]
6016,anchor,raw-L06015,>>602
6017,body,raw-L06015,いや、違うな
6018,body,raw-L06015,晒された人は無関係だろ
6019,body,raw-L06015,ていうか別に誰だっていいじゃん
6020,body,raw-L06015,そんな事はどうでもいいこと
6021,body,raw-L06015,このスレはグラットンの事を真面目に話し合う場所
6022,blank,,
6023,post_header,raw-L06023,606 名前：既にその名前は使われています[] 投稿日：03/06/18(水) 12:15 ID:YLK+8Y0r [16/25]
6024,body,raw-L06023,実際に被ダメージから検証してみた
6025,body,raw-L06023,グラットンなし＝１５０～２００のダメージ
6026,body,raw-L06023,グラットンあり＝５０～１００のダメージ
6027,body,raw-L06023,やはりVIT+7はかなり大きいという結果
6028,blank,,
6029,blank,,
6030,post_header,raw-L06030,610 名前：既にその名前は使われています[] 投稿日：03/06/18(水) 12:18 ID:YLK+8Y0r [17/25]
6031,anchor,raw-L06030,>>608
6032,body,raw-L06030,おまえ、そんな風に個人名を出すからには証拠があって言ってんの？
6033,body,raw-L06030,そうでないなら名誉既存で訴えられて逮捕になるからその書き込み削除依頼しとけよ
6034,blank,,
6035,post_header,raw-L06035,612 名前：Knight[] 投稿日：03/06/18(水) 12:21 ID:YLK+8Y0r [18/25]
6036,anchor,raw-L06035,>>607
6037,body,raw-L06035,やれやれ、勘違い君がここにもいたか
6038,body,raw-L06035,戦士は魔法が使えないし攻撃もパワーも中途半端だからナイトにはまず勝てないよ
6039,blank,,
6040,blank,, 
6041,blank,,
6042,post_header,raw-L06042,618 名前：既にその名前は使われています[] 投稿日：03/06/18(水) 12:24 ID:YLK+8Y0r [19/25]
6043,anchor,raw-L06042,>>611
6044,body,raw-L06042,全然余裕、いざとなったらインビンあるし
6045,body,raw-L06042,大体暗黒がナイトと張り合う事がおかしい
6046,body,raw-L06042,ナイトは全ジョブ防御最強だが暗黒は攻撃力一番じゃないしな
6047,blank,,
6048,anchor,raw-L06042,>>615
6049,body,raw-L06042,エルヴァーンはめちゃくちゃ強い
6050,blank,,
6051,blank,,
6052,post_header,raw-L06052,621 名前：既にその名前は使われています[] 投稿日：03/06/18(水) 12:30 ID:YLK+8Y0r [20/25]
6053,anchor,raw-L06052,>>619
6054,body,raw-L06052,その通りだよな
6055,body,raw-L06052,グラットンがうらやましいだけの嫉妬で全然関係ない人を晒したのバレバレでダサイ
6056,body,raw-L06052,もう十分グラットン派の勝ちで確定みたいだし、
6057,body,raw-L06052,これ以上何を言っても無駄で関係ない人にまで迷惑かかるから俺はもう引き上げる
6058,body,raw-L06052,他のグラットン派のみんなももうここは引き上げだ
6059,body,raw-L06052,勝敗ははっきりしたしな
6060,blank,,
6061,post_header,raw-L06061,623 名前：Knight[] 投稿日：03/06/18(水) 12:33 ID:YLK+8Y0r [21/25]
6062,anchor,raw-L06061,>>621
6063,body,raw-L06061,俺も落ちるよ
6064,body,raw-L06061,つーか反グラットン派ってどうせ一人の自演だろ
6065,body,raw-L06061,おっと、これは禁句だったかな
6066,blank,,
6067,post_header,raw-L06067,625 名前：既にその名前は使われています[] 投稿日：03/06/18(水) 12:36 ID:YLK+8Y0r [22/25]
6068,body,raw-L06067,今そのBurontって人いたから聞いてみたけどここに書いてないってさ
6069,body,raw-L06067,やっぱ全然関係なかったか
6070,blank,,
6071,blank,, 
6072,blank,,
6073,post_header,raw-L06073,629 名前：既にその名前は使われています[] 投稿日：03/06/18(水) 12:39 ID:YLK+8Y0r [23/25]
6074,anchor,raw-L06073,>>628
6075,body,raw-L06073,どさくさにまぎれてBuront私怨の晒しうざい
6076,body,raw-L06073,あいつは廃な装備してるだけで別に問題ないだろ
6077,blank,,
6078,post_header,raw-L06078,635 名前：既にその名前は使われています[bPzkYhle] 投稿日：03/06/18(水) 12:42 ID:YLK+8Y0r [24/25]
6079,anchor,raw-L06078,>>630
6080,body,raw-L06078,きっとそう思わせるのが狙いかもしれない
6081,body,raw-L06078,結局Burontってやつは関係ないんじゃない？
6082,blank,,
6083,blank,,
6084,post_header,raw-L06084,640 名前：既にその名前は使われています[sage] 投稿日：03/06/18(水) 12:48 ID:YLK+8Y0r [25/25]
6085,body,raw-L06084,もう終了でいいだろ、ageるなよ
6086,blank,,
6087,blank,,
6088,post_header,raw-L06088,875 名前：既にその名前は使われています[] 投稿日：03/06/19(木) 20:47 ID:5JQe58DG [1/15]
6089,body,raw-L06088,種族を言い訳にしてグラットン否定する奴うざいよ
6090,body,raw-L06088,グラットン持った他種族がガルカよりVIT低い？だから何？
6091,body,raw-L06088,それとグラットンがいらないという事とはつながらないだろ
6092,body,raw-L06088,例えば、アストラルリング
6093,body,raw-L06088,他種族がアストラルリング付けたってタルタルにはMPかなわない
6094,body,raw-L06088,だからアストラルリングは意味がないとはならないだろう
6095,blank,,
6096,blank,,
6097,post_header,raw-L06097,880 名前：既にその名前は使われています[] 投稿日：03/06/19(木) 20:56 ID:5JQe58DG [2/15]
6098,anchor,raw-L06097,>>876
6099,body,raw-L06097,うるさいよおまえ、くだらん口答えするなよ
6100,body,raw-L06097,要するにアストラルリングが魔道士にとって理想的な装備であるのと同じく
6101,body,raw-L06097,グラットンがナイト最高の宝であり持ってればすごいから尊敬されるのは間違いない
6102,blank,,
6103,post_header,raw-L06103,883 名前：既にその名前は使われています[] 投稿日：03/06/19(木) 20:58 ID:5JQe58DG [3/15]
6104,anchor,raw-L06103,>>881
6105,body,raw-L06103,アストラルがいらないだと？馬鹿かおまえは
6106,body,raw-L06103,だったらなんであんなに大人気で売れまくりだよ
6107,body,raw-L06103,グラットンもそれと同じ
6108,body,raw-L06103,おまえらがいくらここで叩こうと現実が真実
6109,body,raw-L06103,狼鯖はグラットン３００万だっていう話だしな
6110,blank,,
6111,blank,,
6112,post_header,raw-L06112,884 名前：既にその名前は使われています[] 投稿日：03/06/19(木) 21:02 ID:5JQe58DG [4/15]
6113,anchor,raw-L06112,>>880
6114,body,raw-L06112,同意だな
6115,body,raw-L06112,グラットン不要論なやつらはただ高い物を安く買いたいか
6116,body,raw-L06112,持ってない奴の僻み
6117,body,raw-L06112,俺もグラットン手に入れてから最強に強くなったし
6118,body,raw-L06112,めちゃくちゃうらやましがられた
6119,blank,,
6120,blank,,
6121,post_header,raw-L06121,891 名前：既にその名前は使われています[] 投稿日：03/06/19(木) 21:10 ID:5JQe58DG [5/15]
6122,anchor,raw-L06121,>>886
6123,body,raw-L06121,高価に見合う価値というのがまさにグラットンの事
6124,body,raw-L06121,あれなら３００万でも安いくらい
6125,blank,,
6126,blank,, 
6127,blank,,
6128,blank,,
6129,post_header,raw-L06129,899 名前：既にその名前は使われています[] 投稿日：03/06/19(木) 21:17 ID:5JQe58DG [6/15]
6130,anchor,raw-L06129,>>894
6131,body,raw-L06129,おまえはなかなか賢いな
6132,body,raw-L06129,グラットンの価値がわかる人は頭が良い
6133,body,raw-L06129,狼鯖で俺が尊敬してるエルヴァ－ンのナイトがいるんだが
6134,body,raw-L06129,その人もグラットンはすごいと言ってた
6135,body,raw-L06129,しかもその人ベヒーモスマントも持ってた
6136,body,raw-L06129,迷惑かかるといけないから名前は出さないけど
6137,blank,,
6138,post_header,raw-L06138,902 名前：既にその名前は使われています[] 投稿日：03/06/19(木) 21:19 ID:5JQe58DG [7/15]
6139,anchor,raw-L06138,>>899
6140,body,raw-L06138,俺も実は偶然狼鯖なんだがその人は俺も尊敬してる人かも
6141,body,raw-L06138,グラットンとベヒーモスマントという超一流装備に
6142,body,raw-L06138,見合ったＰスキルだよな、あの人は
6143,blank,,
6144,post_header,raw-L06144,903 名前：既にその名前は使われています[] 投稿日：03/06/19(木) 21:20 ID:5JQe58DG [8/15]
6145,anchor,raw-L06144,>>900
6146,body,raw-L06144,その人は関係ないよ
6147,body,raw-L06144,糞スレなので以後sage進行よろ
6148,blank,,
6149,blank,,
6150,post_header,raw-L06150,910 名前：既にその名前は使われています[] 投稿日：03/06/19(木) 21:28 ID:5JQe58DG [9/15]
6151,anchor,raw-L06150,>>905
6152,body,raw-L06150,いや、俺も>>903の意見に同意だな
6153,body,raw-L06150,個人名が出たので名誉既存で訴えられるから削除依頼も必要
6154,body,raw-L06150,あとage禁止
6155,blank,,
6156,post_header,raw-L06156,916 名前：既にその名前は使われています[sage] 投稿日：03/06/19(木) 21:35 ID:5JQe58DG [10/15]
6157,body,raw-L06156,個人名はなしにしてグラットンの事に視点を置いて語ろう
6158,body,raw-L06156,やはり多数の意見の通り、グラットンは廃人の一級品だと思う
6159,body,raw-L06156,少数精鋭のグラットン不要派はただの雑魚庶民の僻み
6160,blank,,
6161,post_header,raw-L06161,920 名前：既にその名前は使われています[] 投稿日：03/06/19(木) 21:41 ID:5JQe58DG [11/15]
6162,anchor,raw-L06161,>>919
6163,body,raw-L06161,いや、それは違うぜ
6164,body,raw-L06161,なかなか手に入らないからこそ持ってる人が
6165,body,raw-L06161,すごい廃人ナイトだという証明になるから尊敬されるのだよ
6166,body,raw-L06161,あの強さのグラットンが誰にでも取れてしまうようなものだったら良くない
6167,body,raw-L06161,使う人自身も輝いてないとな
6168,blank,,
6169,post_header,raw-L06169,927 名前：既にその名前は使われています[sage] 投稿日：03/06/19(木) 21:47 ID:5JQe58DG [12/15]
6170,body,raw-L06169,さっきから関係ない個人名出す奴うざい
6171,body,raw-L06169,もし本人がここ見てたら切れるかも
6172,blank,,
6173,blank,,
6174,post_header,raw-L06174,933 名前：既にその名前は使われています[sage] 投稿日：03/06/19(木) 21:51 ID:5JQe58DG [13/15]
6175,body,raw-L06174,俺はまだバスタードソードなんだが
6176,body,raw-L06174,このスレ見て目から涙が出て改心してグラットン取るまでレベル上げを
6177,body,raw-L06174,中断することにしたぞ
6178,body,raw-L06174,グラットン持って一級の強さでＰＴのために役に立ちたいからな
6179,blank,,
6180,blank,, 
6181,blank,,
6182,post_header,raw-L06182,935 名前：既にその名前は使われています[] 投稿日：03/06/19(木) 21:53 ID:5JQe58DG [14/15]
6183,anchor,raw-L06182,>>933
6184,body,raw-L06182,でもあれは廃人の選ばれた実力者しか持ってないからな
6185,body,raw-L06182,素人ががんばって手に入れるのは大変だががんばれよ
6186,body,raw-L06182,俺も苦労して手に入れたがその努力の甲斐があった
6187,blank,,
6188,blank,,
6189,post_header,raw-L06189,939 名前：既にその名前は使われています[sage] 投稿日：03/06/19(木) 21:59 ID:5JQe58DG [15/15]
6190,body,raw-L06189,グラットンだけでもすごいけどベヒーモスマントもすごい
6191,body,raw-L06189,この２つが揃ってる人って憧れちゃうよな
6192,blank,,
6193,post_header,raw-L06193,988 名前：既にその名前は使われています[sage] 投稿日：03/06/20(金) 11:41 ID:JS9y3lOa
6194,body,raw-L06193,Burontは関係ないって
6195,body,raw-L06193,昨日本人に聞いたが2chは見た事ないと言ってた
6196,body,raw-L06193,このスレは終了
6197,blank,,
6198,blank,, 
6199,blank,,
6200,section_title,,【廃人の証】グラットンソードは最強2【内藤の証】
6201,blank,,
6202,blank,, 
6203,blank,,
6204,post_header,raw-L06204,3 名前：既にその名前は使われています[sage] 投稿日：03/06/20(金) 13:05 ID:JS9y3lOa [1/26]
6205,body,raw-L06204,おい、やめろ馬鹿
6206,body,raw-L06204,このスレは早くも終了ですね
6207,blank,,
6208,post_header,raw-L06208,6 名前：既にその名前は使われています[sage] 投稿日：03/06/20(金) 13:11 ID:JS9y3lOa [2/26]
6209,body,raw-L06208,sage進行にしろよ
6210,blank,,
6211,post_header,raw-L06211,9 名前：既にその名前は使われています[sage] 投稿日：03/06/20(金) 13:13 ID:JS9y3lOa [3/26]
6212,anchor,raw-L06211,>>8
6213,body,raw-L06211,どうでもいい
6214,body,raw-L06211,興味ない
6215,blank,,
6216,post_header,raw-L06216,11 名前：既にその名前は使われています[sage] 投稿日：03/06/20(金) 13:18 ID:JS9y3lOa [4/26]
6217,anchor,raw-L06216,>>10
6218,body,raw-L06216,俺がどうやってBurontだって証拠だよ
6219,body,raw-L06216,言っとくけど俺はBurontじゃないから
6220,body,raw-L06216,あんまりしつこいとバラバラに引き裂くぞ
6221,blank,,
6222,blank,,
6223,post_header,raw-L06223,15 名前：既にその名前は使われています[sage] 投稿日：03/06/20(金) 13:26 ID:JS9y3lOa [5/26]
6224,body,raw-L06223,今すごいものを見つけた
6225,body,raw-L06223,このスレの643を見てみろ
6226,body,raw-L06223,http://jbbs.shitaraba.com/game/bbs/read.cgi?BBS=2804&KEY= 1055444960この発言なんだけどさ。
6227,blank,,
6228,quoted_line,raw-L06223,＞このLSってExdeathもいたろ。
6229,quoted_line,raw-L06223,＞ﾔｼナイトを相当嫌っていると聞いたことあるし、一連のグラットンマンセー
6230,quoted_line,raw-L06223,＞発言にしても、ナイトの評判を落とそうとする、なにか作為的なものを感じる
6231,quoted_line,raw-L06223,＞のだが。
6232,blank,,
6233,body,raw-L06223,ここにあるように鯖スレでは真の犯人はこいつって事で結論出てる
6234,body,raw-L06223,グラットンを妬んでBurontを陥れようとしてるらしい
6235,blank,,
6236,blank,,
6237,post_header,raw-L06237,24 名前：既にその名前は使われています[sage] 投稿日：03/06/20(金) 13:37 ID:JS9y3lOa [6/26]
6238,body,raw-L06237,真犯人は同じLSにいてBurontのグラットンを妬んでいたExdeathってやつ
6239,body,raw-L06237,Burontの廃人装備を常にうらやましがってたという噂を聞いた事がある
6240,body,raw-L06237,Burontは被害者
6241,blank,,
6242,blank,, 
6243,blank,,
6244,post_header,raw-L06244,29 名前：既にその名前は使われています[sage] 投稿日：03/06/20(金) 13:49 ID:JS9y3lOa [7/26]
6245,body,raw-L06244,おまえら馬鹿かちゃんと読めよ
6246,body,raw-L06244,鯖スレではとっくにBurontは被害者って事で結論出てるんだよ
6247,body,raw-L06244,騒いでるのおまえらだけで狼鯖の人間はBurontを悪く思ってない
6248,blank,,
6249,post_header,raw-L06249,33 名前：既にその名前は使われています[sage] 投稿日：03/06/20(金) 13:51 ID:JS9y3lOa [8/26]
6250,body,raw-L06249,http://jbbs.shitaraba.com/game/bbs/read.cgi?BBS=2804&KEY=1055444960
6251,quoted_line,raw-L06249,＞このLSってExdeathもいたろ。
6252,quoted_line,raw-L06249,＞ﾔｼナイトを相当嫌っていると聞いたことあるし、一連のグラットンマンセー
6253,quoted_line,raw-L06249,＞発言にしても、ナイトの評判を落とそうとする、なにか作為的なものを感じる
6254,quoted_line,raw-L06249,＞のだが。
6255,blank,,
6256,post_header,raw-L06256,37 名前：既にその名前は使われています[sage] 投稿日：03/06/20(金) 13:55 ID:JS9y3lOa [9/26]
6257,body,raw-L06256,真犯人がわかったのでこのスレ終了
6258,body,raw-L06256,以後age禁止
6259,blank,,
6260,post_header,raw-L06260,45 名前：既にその名前は使われています[] 投稿日：03/06/20(金) 14:05 ID:JS9y3lOa [10/26]
6261,anchor,raw-L06260,>>42
6262,body,raw-L06260,どうやら前スレ立てて騒いだのはグラットンを妬んだ奴の仕業らしい
6263,body,raw-L06260,狼鯖のスレではそう結論が出た
6264,blank,,
6265,post_header,raw-L06265,46 名前：既にその名前は使われています[sage] 投稿日：03/06/20(金) 14:08 ID:JS9y3lOa [11/26]
6266,anchor,raw-L06265,>>45
6267,body,raw-L06265,ということはBurontは最初から関係なかったのか
6268,blank,,
6269,blank,,
6270,post_header,raw-L06270,51 名前：既にその名前は使われています[sage] 投稿日：03/06/20(金) 14:10 ID:JS9y3lOa [12/26]
6271,anchor,raw-L06270,>>48
6272,body,raw-L06270,おまえは頭が悪すぎるな
6273,quoted_line,raw-L06270,>>15に証拠が出てる
6274,blank,,
6275,blank,,
6276,post_header,raw-L06276,61 名前：既にその名前は使われています[sage] 投稿日：03/06/20(金) 14:20 ID:JS9y3lOa [13/26]
6277,body,raw-L06276,おい、個人名出すのはよそうぜ
6278,body,raw-L06276,ここはグラットンのすごさを語るスレだろ
6279,blank,,
6280,blank,,
6281,post_header,raw-L06281,63 名前：ナイトLv62[] 投稿日：03/06/20(金) 14:22 ID:JS9y3lOa [14/26]
6282,anchor,raw-L06281,>>61
6283,body,raw-L06281,激しく同意ですね
6284,body,raw-L06281,私も最近グラットン取ったんだがやはりうらやましがられた
6285,body,raw-L06281,もしこれで自慢してると思われるとむかつくよ
6286,body,raw-L06281,グラットン持ってる事がすごいのは事実なんだから
6287,blank,,
6288,blank,,
6289,post_header,raw-L06289,68 名前：既にその名前は使われています[] 投稿日：03/06/20(金) 14:25 ID:JS9y3lOa [15/26]
6290,anchor,raw-L06289,>>62
6291,body,raw-L06289,俺はBurontの友達だぞ
6292,body,raw-L06289,Exdeathっていう同じLSの雑魚がBurontの装備を妬んでたという話を聞いた事がある
6293,body,raw-L06289,Burontは廃人装備というだけで嫉妬されてる被害者
6294,blank,,
6295,blank,,
6296,post_header,raw-L06296,71 名前：既にその名前は使われています[] 投稿日：03/06/20(金) 14:27 ID:JS9y3lOa [16/26]
6297,anchor,raw-L06296,>>66
6298,body,raw-L06296,何度も言ってるだろBurontは２chを見た事がない
6299,body,raw-L06296,だから無関係
6300,blank,,
6301,blank,,
6302,post_header,raw-L06302,75 名前：74[sage] 投稿日：03/06/20(金) 14:30 ID:JS9y3lOa [17/26]
6303,body,raw-L06302,今tellで確認して来たぞ
6304,body,raw-L06302,ブロントじゃないって言ってたぞ
6305,body,raw-L06302,証明されたのでこのスレ終了
6306,blank,,
6307,post_header,raw-L06307,95 名前：既にその名前は使われています[] 投稿日：03/06/20(金) 14:45 ID:JS9y3lOa [18/26]
6308,anchor,raw-L06307,>>91
6309,body,raw-L06307,これが会話ログ
6310,blank,,
6311,body,raw-L06307,俺＞ こんにちはBurontさん
6312,body,raw-L06307,Buront＞ 何か用かな？
6313,body,raw-L06307,俺＞ ２ｃｈに書きましたか？
6314,body,raw-L06307,Buront＞ 書いてない
6315,body,raw-L06307,俺＞ そうですかありがとうグラットンすごいですね
6316,body,raw-L06307,Buront＞それほどでもない
6317,blank,,
6318,body,raw-L06307,やはり無実だった
6319,body,raw-L06307,しかもグラットン持ってるのに謙虚にそれほどでもないと言った
6320,blank,,
6321,blank,,
6322,post_header,raw-L06322,112 名前：既にその名前は使われています[] 投稿日：03/06/20(金) 15:06 ID:JS9y3lOa [19/26]
6323,quoted_line,raw-L06322,>>95を見て笑ってる奴は何がおかしいんだ？
6324,body,raw-L06322,ちゃんと無実を証明してログを公開しただけじゃん
6325,body,raw-L06322,見事な仕事だと関心はするがどこもおかしくはない
6326,blank,,
6327,post_header,raw-L06327,118 名前：既にその名前は使われています[] 投稿日：03/06/20(金) 15:09 ID:JS9y3lOa [20/26]
6328,anchor,raw-L06327,>>115
6329,body,raw-L06327,ブロントじゃねーって言ってっるだろ
6330,body,raw-L06327,しつこいとぶ殺すぞ
6331,blank,,
6332,post_header,raw-L06332,127 名前：既にその名前は使われています[] 投稿日：03/06/20(金) 15:14 ID:JS9y3lOa [21/26]
6333,anchor,raw-L06332,>>125
6334,body,raw-L06332,じゃあ別人じゃないっていう証拠があるのかよ
6335,body,raw-L06332,馬鹿はおまえだろ
6336,body,raw-L06332,グラットン持ってる人は廃人だから頭が良い人が多いんだよ
6337,blank,,
6338,post_header,raw-L06338,132 名前：既にその名前は使われています[sage] 投稿日：03/06/20(金) 15:17 ID:JS9y3lOa [22/26]
6339,body,raw-L06338,糞スレ終了
6340,blank,,
6341,post_header,raw-L06341,136 名前：既にその名前は使われています[sage] 投稿日：03/06/20(金) 15:21 ID:JS9y3lOa [23/26]
6342,body,raw-L06341,終了
6343,blank,,
6344,post_header,raw-L06344,143 名前：既にその名前は使われています[] 投稿日：03/06/20(金) 15:28 ID:JS9y3lOa [24/26]
6345,anchor,raw-L06344,>>140
6346,body,raw-L06344,たまたまこのスレ通りがかったんだが
6347,body,raw-L06344,グラットンは持ってない人のが多いと思うぞ
6348,body,raw-L06344,実際グラットン持ってないナイトはたくさんいるだろ
6349,body,raw-L06344,これはグラットンはすごいという証拠
6350,blank,,
6351,post_header,raw-L06351,152 名前：既にその名前は使われています[] 投稿日：03/06/20(金) 15:32 ID:JS9y3lOa [25/26]
6352,anchor,raw-L06351,>>151
6353,body,raw-L06351,それはおまえの知り合いが廃人ばかりなだけだろ
6354,body,raw-L06351,自慢うざいよ
6355,body,raw-L06351,廃人と知り合い多いからって威張るなよ
6356,blank,,
6357,post_header,raw-L06357,159 名前：既にその名前は使われています[] 投稿日：03/06/20(金) 15:40 ID:JS9y3lOa [26/26]
6358,body,raw-L06357,俺のLSでは俺以外グラットン持ってるのいないぞ
6359,body,raw-L06357,あと俺はベヒーモスマントも持ってる
6360,body,raw-L06357,他のやつらはたいした装備じゃない
6361,blank,,
6362,post_header,raw-L06362,297 名前：既にその名前は使われています[sage] 投稿日：03/06/22(日) 09:39 ID:+VCDJdBA [1/13]
6363,anchor,raw-L06362,>>296
6364,body,raw-L06362,いい加減その名前出すのやめとけ関係ないだよ
6365,body,raw-L06362,それとage禁止
6366,blank,,
6367,blank,,
6368,post_header,raw-L06368,299 名前：既にその名前は使われています[sage] 投稿日：03/06/22(日) 09:44 ID:+VCDJdBA [2/13]
6369,quoted_line,raw-L06368,>>298は馬鹿だな
6370,body,raw-L06368,日本語読めないのかよ
6371,blank,,
6372,blank,,
6373,post_header,raw-L06373,303 名前：既にその名前は使われています[sage] 投稿日：03/06/22(日) 09:47 ID:+VCDJdBA [3/13]
6374,body,raw-L06373,さっきからあげてるやつ全員同じ同一人物
6375,body,raw-L06373,自作自演が私怨うざい
6376,blank,,
6377,blank,,
6378,post_header,raw-L06378,306 名前：既にその名前は使われています[] 投稿日：03/06/22(日) 09:52 ID:+VCDJdBA [4/13]
6379,anchor,raw-L06378,>>303
6380,body,raw-L06378,私怨は放置して真面目にグラットンについて語ろうぜ
6381,body,raw-L06378,ここのスレはそれの主旨だろ
6382,body,raw-L06378,グラットン装備してダメージを検証してみたんだが
6383,body,raw-L06378,食らうダメージも受けるダメージも３０以上減ってた
6384,blank,,
6385,blank,,
6386,post_header,raw-L06386,310 名前：既にその名前は使われています[sage] 投稿日：03/06/22(日) 10:03 ID:+VCDJdBA [5/13]
6387,body,raw-L06386,さっきから同じ奴がしつこく名前出してるBurontって誰？
6388,body,raw-L06386,聞いた事もないんだが
6389,body,raw-L06386,それとこのスレはage禁止だぞ
6390,body,raw-L06386,マナー違反は死ね
6391,blank,,
6392,post_header,raw-L06392,314 名前：既にその名前は使われています[] 投稿日：03/06/22(日) 10:11 ID:+VCDJdBA [6/13]
6393,anchor,raw-L06392,>>313
6394,body,raw-L06392,そりゃあ上には上がいるからな
6395,body,raw-L06392,それが本当だとしたらおまえはすごい
6396,body,raw-L06392,グラットン持ってると一級廃人の証でLSで尊敬されるからうらやましがられる
6397,blank,,
6398,blank,, 
6399,blank,,
6400,post_header,raw-L06400,320 名前：既にその名前は使われています[sage] 投稿日：03/06/22(日) 10:33 ID:+VCDJdBA [7/13]
6401,body,raw-L06400,Burontのフレなんだが噂を聞いてここを見に来たんだがひどいな
6402,body,raw-L06400,何の関係も無いBurontの名前が晒されてる
6403,body,raw-L06400,俺はあいつをグラットン持ってるからすごい廃人として尊敬してる
6404,body,raw-L06400,だからおまえらのような雑魚によって晒されていいわけないだよ
6405,blank,,
6406,blank,,
6407,post_header,raw-L06407,324 名前：既にその名前は使われています[sage] 投稿日：03/06/22(日) 10:37 ID:+VCDJdBA [8/13]
6408,anchor,raw-L06407,>>321
6409,body,raw-L06407,どうせグラットン持ってないくせに適当こくなよ
6410,body,raw-L06407,ただの僻みなのは見抜いてるぞ
6411,body,raw-L06407,グラットンは持ってない奴が多い＝廃人の証だろ
6412,blank,,
6413,blank,,
6414,post_header,raw-L06414,326 名前：一般人ナイト[] 投稿日：03/06/22(日) 10:41 ID:+VCDJdBA [9/13]
6415,anchor,raw-L06414,>>325
6416,body,raw-L06414,Burontなら余裕で勝つと思うぞ
6417,body,raw-L06414,スウィフトブレードでバラバラになる
6418,blank,,
6419,blank,,
6420,post_header,raw-L06420,329 名前：既にその名前は使われています[sage] 投稿日：03/06/22(日) 10:52 ID:+VCDJdBA [10/13]
6421,body,raw-L06420,パターン一緒とか意味わからん
6422,body,raw-L06420,俺は通り掛かりでたまたまここに来ただけなんだが
6423,body,raw-L06420,あと実名晒すのは犯罪だからおまえら逮捕されるかも
6424,blank,,
6425,blank,,
6426,post_header,raw-L06426,332 名前：既にその名前は使われています[sage] 投稿日：03/06/22(日) 11:00 ID:+VCDJdBA [11/13]
6427,anchor,raw-L06426,>>331
6428,body,raw-L06426,全然おもしろくない
6429,body,raw-L06426,私怨が自作自演をしてグラットン持ちを妬んで晒してるだけ
6430,body,raw-L06426,もうすぐ終了して落ちる
6431,blank,,
6432,blank,,
6433,post_header,raw-L06433,338 名前：sage[] 投稿日：03/06/22(日) 11:12 ID:+VCDJdBA [12/13]
6434,body,raw-L06433,やはり私怨か
6435,body,raw-L06433,グラットンにベヒーモスマントも持ってたからうらやましがられてたしな
6436,body,raw-L06433,LSメンバーの雑魚が嫉妬したに違いない
6437,blank,,
6438,blank,,
6439,post_header,raw-L06439,344 名前：既にその名前は使われています[sage] 投稿日：03/06/22(日) 11:48 ID:+VCDJdBA [13/13]
6440,body,raw-L06439,もうこの糞スレも終わりだな
6441,body,raw-L06439,ただの私怨スレと化した
6442,body,raw-L06439,以後sageで
6443,blank,,
6444,post_header,raw-L06444,373 名前：既にその名前は使われています[] 投稿日：03/06/22(日) 22:48 ID:8PLXFDqG
6445,body,raw-L06444,やめとけ馬鹿
6446,blank,,
6447,post_header,raw-L06447,377 名前：既にその名前は使われています[] 投稿日：03/06/23(月) 00:23 ID:G8B9qHmQ [1/20]
6448,anchor,raw-L06447,>>373
6449,body,raw-L06447,そうだな、祭りは絶対やらないほうがいい
6450,body,raw-L06447,もはや犯罪だぞこれは
6451,blank,,
6452,blank,,
6453,post_header,raw-L06453,379 名前：既にその名前は使われています[] 投稿日：03/06/23(月) 00:42 ID:G8B9qHmQ [2/20]
6454,anchor,raw-L06453,>>378
6455,body,raw-L06453,ナイトにとっては永遠の憧れの武器
6456,body,raw-L06453,持ってるとかなり廃人の証ので尊敬されるぞ
6457,body,raw-L06453,持ってないナイトがかなりいるのがその証拠
6458,blank,,
6459,blank,,
6460,post_header,raw-L06460,380 名前：378[] 投稿日：03/06/23(月) 00:45 ID:G8B9qHmQ [3/20]
6461,anchor,raw-L06460,>>379
6462,body,raw-L06460,なるほど、やはりそうか
6463,body,raw-L06460,あれ持ってるか持ってないかがナイトにとって
6464,body,raw-L06460,一流か雑魚かの分かれ目なのですな
6465,blank,,
6466,blank,,
6467,post_header,raw-L06467,384 名前：既にその名前は使われています[] 投稿日：03/06/23(月) 00:48 ID:G8B9qHmQ [4/20]
6468,anchor,raw-L06467,>>381
6469,body,raw-L06467,おまえは賢いな
6470,body,raw-L06467,こういう奴は今はグラットン持ってない雑魚でも
6471,body,raw-L06467,いずれは強く成長するだろう
6472,blank,,
6473,post_header,raw-L06473,390 名前：既にその名前は使われています[] 投稿日：03/06/23(月) 00:56 ID:G8B9qHmQ [5/20]
6474,body,raw-L06473,Hattoは最悪だなあとExtも糞
6475,body,raw-L06473,グラットン持ってるからといってもああいう糞どももいる
6476,body,raw-L06473,高い装備いっぱいつけてればいいってもんじゃないんだよ
6477,blank,,
6478,blank,, 
6479,blank,,
6480,post_header,raw-L06480,392 名前：既にその名前は使われています[] 投稿日：03/06/23(月) 00:59 ID:G8B9qHmQ [6/20]
6481,body,raw-L06480,Hatto祭り確定だな
6482,body,raw-L06480,Burontがただの被害者だという真実にこのスレのやつらも気づいたようだな
6483,blank,,
6484,post_header,raw-L06484,399 名前：既にその名前は使われています[] 投稿日：03/06/23(月) 01:05 ID:G8B9qHmQ [7/20]
6485,anchor,raw-L06484,>>395
6486,body,raw-L06484,うらやましいな
6487,body,raw-L06484,あの人に誉められるとはすごい事だ
6488,body,raw-L06484,Burontさんは俺のフレなんだが俺の目標でもあるからな
6489,body,raw-L06484,あとHattoは糞だ
6490,blank,,
6491,post_header,raw-L06491,403 名前：既にその名前は使われています[] 投稿日：03/06/23(月) 01:09 ID:G8B9qHmQ [8/20]
6492,anchor,raw-L06491,>>400
6493,body,raw-L06491,おまえ馬鹿だろ
6494,body,raw-L06491,俺はBurontとは関係ない一人のナイト
6495,body,raw-L06491,一般的な意見を言ったに過ぎないだよ
6496,blank,,
6497,post_header,raw-L06497,408 名前：既にその名前は使われています[] 投稿日：03/06/23(月) 01:14 ID:G8B9qHmQ [9/20]
6498,body,raw-L06497,Hattoとその手下どもが必死だな
6499,body,raw-L06497,グラットンはすごいけど使い手が糞だという例外でしょう
6500,blank,,
6501,post_header,raw-L06501,417 名前：既にその名前は使われています[] 投稿日：03/06/23(月) 01:20 ID:G8B9qHmQ [10/20]
6502,anchor,raw-L06501,>>411
6503,body,raw-L06501,まだ言ってやがる
6504,body,raw-L06501,もうBurontは関係ないことが証明されたんだから
6505,body,raw-L06501,これ以上実名だしたら警察に捕まえてもらう
6506,body,raw-L06501,おまえHattoだろ
6507,blank,,
6508,blank,,
6509,post_header,raw-L06509,420 名前：既にその名前は使われています[] 投稿日：03/06/23(月) 01:22 ID:G8B9qHmQ [11/20]
6510,anchor,raw-L06509,>>415
6511,body,raw-L06509,俺も噂でBurontの名前は聞いた事ある
6512,body,raw-L06509,あの人と組むと時給10000行く噂だというくらい上手い
6513,blank,,
6514,blank,,
6515,post_header,raw-L06515,423 名前：既にその名前は使われています[] 投稿日：03/06/23(月) 01:28 ID:G8B9qHmQ [12/20]
6516,anchor,raw-L06515,>>421
6517,body,raw-L06515,おまえなかなか態度が謙虚で良い
6518,body,raw-L06515,実は俺は正体がBurontの一番のフレ
6519,body,raw-L06515,俺が力を使えばBurontと仲良くなれるようにできるかも
6520,blank,,
6521,post_header,raw-L06521,428 名前：既にその名前は使われています[] 投稿日：03/06/23(月) 01:38 ID:G8B9qHmQ [13/20]
6522,body,raw-L06521,もうBurontの話はどうでもいいでしょう
6523,body,raw-L06521,実名出すと迷惑がかかるしな
6524,body,raw-L06521,ここは個人のことではなくグラットンがすごいということを語り合うスレ
6525,blank,,
6526,post_header,raw-L06526,431 名前：既にその名前は使われています[] 投稿日：03/06/23(月) 01:48 ID:G8B9qHmQ [14/20]
6527,anchor,raw-L06526,>>429
6528,body,raw-L06526,廃人として一流である事の証明になるので
6529,body,raw-L06526,持ってるとうらやましがられる
6530,body,raw-L06526,俺も最近手に入れたんだがそれから急にLSで尊敬されるようになった
6531,blank,,
6532,post_header,raw-L06532,434 名前：既にその名前は使われています[] 投稿日：03/06/23(月) 01:51 ID:G8B9qHmQ [15/20]
6533,anchor,raw-L06532,>>432
6534,body,raw-L06532,は？おまえはは読解力がないな
6535,body,raw-L06532,持ってると尊敬されるということはみんなすごいと認める証拠
6536,body,raw-L06532,自己だけではそうはならない
6537,blank,,
6538,post_header,raw-L06538,440 名前：既にその名前は使われています[] 投稿日：03/06/23(月) 01:54 ID:G8B9qHmQ [16/20]
6539,anchor,raw-L06538,>>437
6540,body,raw-L06538,残念だがランクが違いすぎる
6541,body,raw-L06538,リフレシュ程度ではグラットンほど廃人ではない
6542,blank,,
6543,anchor,raw-L06538,>>438
6544,body,raw-L06538,おまえは頭が悪すぎるぞ釣りか？
6545,body,raw-L06538,グラットンはその中でも特にすごいという事を言ってる
6546,body,raw-L06538,持ってないナイトがたくさんいるからな
6547,blank,,
6548,post_header,raw-L06548,446 名前：既にその名前は使われています[sage] 投稿日：03/06/23(月) 02:01 ID:G8B9qHmQ [17/20]
6549,body,raw-L06548,糞スレ終了
6550,body,raw-L06548,以後age禁止
6551,blank,,
6552,blank,,
6553,post_header,raw-L06553,449 名前：447[] 投稿日：03/06/23(月) 02:03 ID:G8B9qHmQ [18/20]
6554,body,raw-L06553,実は俺のほうがチンカスで馬鹿です
6555,body,raw-L06553,自殺します
6556,blank,,
6557,blank,,
6558,post_header,raw-L06558,451 名前：既にその名前は使われています[] 投稿日：03/06/23(月) 02:08 ID:G8B9qHmQ [19/20]
6559,anchor,raw-L06558,>>450
6560,body,raw-L06558,BurontoだよBurontは関係ない
6561,blank,,
6562,post_header,raw-L06562,457 名前：既にその名前は使われています[sage] 投稿日：03/06/23(月) 02:13 ID:G8B9qHmQ [20/20]
6563,body,raw-L06562,終了
6564,body,raw-L06562,書込み禁止
6565,blank,,
6566,post_header,raw-L06566,481 名前：既にその名前は使われています[] 投稿日：03/06/23(月) 14:46 ID:fr/RUniT [1/17]
6567,body,raw-L06566,俺はBurontの友達だけどBurontはちゃんと学校行ったぞ
6568,body,raw-L06566,適当こくなよ
6569,blank,,
6570,blank,,
6571,post_header,raw-L06571,485 名前：既にその名前は使われています[] 投稿日：03/06/23(月) 14:57 ID:fr/RUniT [2/17]
6572,anchor,raw-L06571,>>483
6573,body,raw-L06571,行ったって言ってるだろ
6574,body,raw-L06571,大体俺が不登校だって言う証拠あんのかよ
6575,body,raw-L06571,勝手に話作りやがってよ
6576,body,raw-L06571,どうせグラットンが嫉妬で適当に俺を叩くネタ作ったんだろうけどな
6577,blank,,
6578,post_header,raw-L06578,487 名前：既にその名前は使われています[] 投稿日：03/06/23(月) 15:01 ID:fr/RUniT [3/17]
6579,quoted_line,raw-L06578,>>485は偽者
6580,body,raw-L06578,放置しとけ
6581,blank,,
6582,post_header,raw-L06582,490 名前：既にその名前は使われています[] 投稿日：03/06/23(月) 15:12 ID:fr/RUniT [4/17]
6583,body,raw-L06582,グラットン狼鯖１１０万
6584,body,raw-L06582,どんどん値上がりしてる
6585,body,raw-L06582,明日には２００万越えるかもしれない
6586,blank,,
6587,post_header,raw-L06587,494 名前：既にその名前は使われています[] 投稿日：03/06/23(月) 15:20 ID:fr/RUniT [5/17]
6588,anchor,raw-L06587,>>492
6589,body,raw-L06587,関係ない人の実名出すなと何度も言ってるだろ
6590,body,raw-L06587,どうせ名前出してるのは全部おまえ一人の自演
6591,body,raw-L06587,嫉妬の私怨だろ？
6592,blank,,
6593,blank,, 
6594,blank,,
6595,post_header,raw-L06595,497 名前：ナイトLv59[] 投稿日：03/06/23(月) 15:24 ID:fr/RUniT [6/17]
6596,body,raw-L06595,グラットンを手に入れるために必死で金を貯めています
6597,body,raw-L06595,やっぱり同じナイトから見ても持ってる人は一級の廃人なのでかっこいい
6598,body,raw-L06595,Lv上げの参加希望の時もグラットン持ってるナイトはすぐ誘われてるので
6599,body,raw-L06595,うらやましいです
6600,blank,,
6601,blank,,
6602,post_header,raw-L06602,498 名前：既にその名前は使われています[] 投稿日：03/06/23(月) 15:25 ID:fr/RUniT [7/17]
6603,anchor,raw-L06602,>>496
6604,body,raw-L06602,そんな奴知らないよ
6605,body,raw-L06602,全然関係ないから名前出さないでくんない？
6606,blank,,
6607,post_header,raw-L06607,503 名前：狼鯖の廃人[] 投稿日：03/06/23(月) 15:29 ID:fr/RUniT [8/17]
6608,body,raw-L06607,そういえばBurontは「ロック スター」の称号ついてる
6609,body,raw-L06607,ＨＮＭを狩りに参加するほどとはやはり一級の証
6610,body,raw-L06607,同じ廃人として憧れますね
6611,blank,,
6612,post_header,raw-L06612,505 名前：494[] 投稿日：03/06/23(月) 15:33 ID:fr/RUniT [9/17]
6613,anchor,raw-L06612,>>503
6614,body,raw-L06612,だからやめろって
6615,body,raw-L06612,たしかにＨＮＭ狩るなんて素晴らしい事だが
6616,body,raw-L06612,名前出されたら迷惑に思うかもしれないだろ
6617,body,raw-L06612,あの人は謙虚だからそんな事で威張ったりしない
6618,blank,,
6619,blank,,
6620,post_header,raw-L06620,508 名前：既にその名前は使われています[] 投稿日：03/06/23(月) 15:36 ID:fr/RUniT [10/17]
6621,anchor,raw-L06620,>>504
6622,body,raw-L06620,おまえうざいよ
6623,body,raw-L06620,グラットンがうらやましいなら素直にそう言えばいいだろ
6624,body,raw-L06620,廃人でもないくせに調子こいてるとバラバラに引き裂く
6625,blank,,
6626,blank,,
6627,post_header,raw-L06627,511 名前：既にその名前は使われています[] 投稿日：03/06/23(月) 15:38 ID:fr/RUniT [11/17]
6628,anchor,raw-L06627,>>507
6629,body,raw-L06627,たしかに上には上がいるがロック狩った事ないやつのが圧倒的に多い
6630,body,raw-L06627,つまりこれはロック狩った事があるやつはすごいということになる
6631,body,raw-L06627,おまえはそんな風に言ってるがどうせグラットンも持ってないしＨＮＭもやったことないんだろうな
6632,body,raw-L06627,おっと、見栄張って嘘つくのはやめとけよ
6633,blank,,
6634,anchor,raw-L06627,>>508
6635,body,raw-L06627,廃人になれない雑魚の僻みは放置しとけ
6636,blank,,
6637,post_header,raw-L06637,514 名前：既にその名前は使われています[] 投稿日：03/06/23(月) 15:41 ID:fr/RUniT [12/17]
6638,anchor,raw-L06637,>>513
6639,body,raw-L06637,また実名出したな
6640,body,raw-L06637,おまえ住んでる住所調べたから逮捕される
6641,blank,,
6642,blank,,
6643,post_header,raw-L06643,517 名前：既にその名前は使われています[] 投稿日：03/06/23(月) 15:45 ID:fr/RUniT [13/17]
6644,anchor,raw-L06643,>>515
6645,body,raw-L06643,おまえ何いい気になってるだ
6646,body,raw-L06643,別にBurontは知らないからどうでもいいが
6647,body,raw-L06643,おまえは何故調子に乗ってるがむかつくんだよ
6648,body,raw-L06643,住所調べて喧嘩できるもんならやってみろよ
6649,body,raw-L06643,言っとくけど喧嘩かなり強く高校でもかなり権力ある
6650,blank,,
6651,blank,,
6652,post_header,raw-L06652,518 名前：５１５[uEvHhKnd] 投稿日：03/06/23(月) 15:46 ID:fr/RUniT [14/17]
6653,body,raw-L06652,ごめんなさい、本当はグラットンがうらやましかっただけです
6654,body,raw-L06652,もう悪口言わないから許してください
6655,blank,,
6656,blank,,
6657,post_header,raw-L06657,524 名前：既にその名前は使われています[] 投稿日：03/06/23(月) 15:48 ID:fr/RUniT [15/17]
6658,anchor,raw-L06657,>>518
6659,body,raw-L06657,もう遅いぜおまえは死ぬ
6660,blank,,
6661,blank,,
6662,post_header,raw-L06662,526 名前：既にその名前は使われています[] 投稿日：03/06/23(月) 15:52 ID:fr/RUniT [16/17]
6663,anchor,raw-L06662,>>519
6664,body,raw-L06662,おまえみたいのが一番うざいんだよ
6665,body,raw-L06662,グラットンの事言えばExtやLucidはもっと良い装備してるから
6666,body,raw-L06662,それに比べればたいしたことないとか言って勝ち誇るなよ
6667,body,raw-L06662,別におまえがすごいわけじゃないだろ
6668,body,raw-L06662,俺がおまえより上なのは確か
6669,body,raw-L06662,他の奴を引き合えに出すのではなくおまえ自身が俺より上なら威張っても良い
6670,blank,,
6671,post_header,raw-L06671,530 名前：既にその名前は使われています[sage] 投稿日：03/06/23(月) 15:57 ID:fr/RUniT [17/17]
6672,body,raw-L06671,終了
6673,blank,,
6674,post_header,raw-L06674,606 名前：既にその名前は使われています[] 投稿日：03/06/24(火) 10:21 ID:CNTwWNs9 [1/38]
6675,body,raw-L06674,グラットンはすごいと思うけどな
6676,body,raw-L06674,D値最強だし隔大きいからボーパルブレード使った時にたくさん貯まる
6677,body,raw-L06674,やっぱり廃人装備だけの事はあると思うぞ
6678,blank,,
6679,post_header,raw-L06679,608 名前：既にその名前は使われています[] 投稿日：03/06/24(火) 10:26 ID:CNTwWNs9 [2/38]
6680,anchor,raw-L06679,>>607
6681,body,raw-L06679,俺だったら優先して誘うけどなー
6682,body,raw-L06679,グラットン持ってるほどの実力者の廃人はPスキルも高いし
6683,blank,,
6684,blank,, 
6685,blank,,
6686,post_header,raw-L06686,613 名前：既にその名前は使われています[] 投稿日：03/06/24(火) 10:33 ID:CNTwWNs9 [3/38]
6687,body,raw-L06686,いい加減認めろよ
6688,body,raw-L06686,グラットンが誰でも手に入るような事言ってる奴うざい
6689,body,raw-L06686,もしそうならナイト全員がグラットン持ってるはず
6690,body,raw-L06686,何度も言うがグラットン持ってないナイトのが圧倒的に多いだよ
6691,body,raw-L06686,これが真実
6692,blank,,
6693,post_header,raw-L06693,616 名前：既にその名前は使われています[] 投稿日：03/06/24(火) 10:36 ID:CNTwWNs9 [4/38]
6694,body,raw-L06693,それと勝手にBurontと決め付けるなよ
6695,body,raw-L06693,いつ俺がそうだと名乗ったんだ
6696,body,raw-L06693,一度もBurontだと認めてる奴はいない
6697,body,raw-L06693,おまえらが勝手に決めただけだろ
6698,body,raw-L06693,Burontはここ見てないって言ってたぞ
6699,blank,,
6700,blank,,
6701,post_header,raw-L06701,619 名前：既にその名前は使われています[] 投稿日：03/06/24(火) 10:39 ID:CNTwWNs9 [5/38]
6702,anchor,raw-L06701,>>616
6703,body,raw-L06701,たしかにそうですね
6704,body,raw-L06701,周りが勝手に決め付けて適当こいてるだけ
6705,body,raw-L06701,Burontだって自分で名乗ってないのによ
6706,blank,,
6707,post_header,raw-L06707,624 名前：既にその名前は使われています[] 投稿日：03/06/24(火) 10:44 ID:CNTwWNs9 [6/38]
6708,anchor,raw-L06707,>>620
6709,body,raw-L06707,Burontは今学校行ってるから来れない
6710,body,raw-L06707,引っかかるとでも思ったか
6711,body,raw-L06707,こっちのが一枚上手なのだよ
6712,blank,,
6713,blank,,
6714,post_header,raw-L06714,629 名前：既にその名前は使われています[] 投稿日：03/06/24(火) 10:51 ID:CNTwWNs9 [7/38]
6715,anchor,raw-L06714,>>626
6716,body,raw-L06714,だからなんなんだよグラットンがすごいことに変わりはない
6717,body,raw-L06714,あと俺はベヒーモスマントも持ってるんだよ
6718,body,raw-L06714,この２つを揃えてる奴とそうでない奴どっちが多いか比べてみろよ
6719,body,raw-L06714,揃ってないやつのが圧倒的に多いでしょう
6720,blank,,
6721,post_header,raw-L06721,631 名前：既にその名前は使われています[] 投稿日：03/06/24(火) 10:52 ID:CNTwWNs9 [8/38]
6722,anchor,raw-L06721,>>624
6723,body,raw-L06721,ブロントは喧嘩強いから尊敬されてるからイジメられてないぞ
6724,body,raw-L06721,パワーもスピードもあるしな
6725,blank,,
6726,post_header,raw-L06726,633 名前：既にその名前は使われています[] 投稿日：03/06/24(火) 10:56 ID:CNTwWNs9 [9/38]
6727,anchor,raw-L06726,>>630
6728,body,raw-L06726,学校行ってるって言ってんだよ
6729,body,raw-L06726,しつこいんだよおまえ粘着だろ
6730,body,raw-L06726,どうせ一人で自演してるな
6731,blank,,
6732,post_header,raw-L06732,637 名前：既にその名前は使われています[] 投稿日：03/06/24(火) 10:58 ID:CNTwWNs9 [10/38]
6733,anchor,raw-L06732,>>634
6734,body,raw-L06732,そう来ると思ったぜ
6735,body,raw-L06732,だがこっちはカウンターを用意してあるんだよ
6736,body,raw-L06732,残念だがおまえの負け
6737,body,raw-L06732,狼鯖のベヒーモスマントのジュノの履歴見てみろ
6738,body,raw-L06732,Burontがしっかり買ってる履歴がある
6739,body,raw-L06732,作り話がばれておまえはもう絶体絶命だな
6740,blank,,
6741,post_header,raw-L06741,642 名前：既にその名前は使われています[] 投稿日：03/06/24(火) 11:00 ID:CNTwWNs9 [11/38]
6742,anchor,raw-L06741,>>639
6743,body,raw-L06741,そんな事はないとおもうぞ
6744,body,raw-L06741,俺、野良PTでたまたまBurontと組んだ事あるがかなり上手かった
6745,blank,,
6746,blank,,
6747,post_header,raw-L06747,647 名前：既にその名前は使われています[] 投稿日：03/06/24(火) 11:02 ID:CNTwWNs9 [12/38]
6748,anchor,raw-L06747,>>640
6749,body,raw-L06747,そういえばグラットンの価格が上がってきてるな
6750,body,raw-L06747,狼鯖のナイトは賢い
6751,blank,,
6752,anchor,raw-L06747,>>642
6753,body,raw-L06747,俺も前に組んだが性格も心優しくPスキルも高いし強いからまた組みたいと思った
6754,blank,,
6755,post_header,raw-L06755,651 名前：既にその名前は使われています[] 投稿日：03/06/24(火) 11:05 ID:CNTwWNs9 [13/38]
6756,body,raw-L06755,仕方ないので取っておきの切り札を出す
6757,body,raw-L06755,これを見たらおまえらもBurontは無関係で被害者としか思えくなるでしょう
6758,blank,,
6759,post_header,raw-L06759,543 名前： 練習相手にならない名無しさん 投稿日： 2003/06/23(月) 22:54 [ 0SUUbEOg ]
6760,blank,,
6761,body,raw-L06759,Burontに恨みがある奴を考えてみた
6762,body,raw-L06759,七罪にて
6763,body,raw-L06759,Ａ「おぉ　グラットンでたー」
6764,body,raw-L06759,Ｂ「おーロット　ロット」
6765,body,raw-L06759,粘着真犯人のロットイン　９５６
6766,body,raw-L06759,粘着真犯人（うはｗｗｗｗｗグラットン俺の物ｗｗｗｗｗｗｗｗ）
6767,body,raw-L06759,Burontのロットイン　９８９
6768,body,raw-L06759,Burontはグラットンソードを手に入れた。
6769,body,raw-L06759,粘着真犯人（晒す！！！！！！！！！！！！！！！！！！）
6770,blank,,
6771,blank,, 
6772,blank,,
6773,post_header,raw-L06773,655 名前：既にその名前は使われています[] 投稿日：03/06/24(火) 11:08 ID:CNTwWNs9 [14/38]
6774,anchor,raw-L06773,>>653
6775,body,raw-L06773,そうだよ
6776,body,raw-L06773,狼鯖のスレではそれでFAという結論が出てる
6777,blank,,
6778,post_header,raw-L06778,661 名前：既にその名前は使われています[] 投稿日：03/06/24(火) 11:10 ID:CNTwWNs9 [15/38]
6779,anchor,raw-L06778,>>659
6780,body,raw-L06778,どうせ本当はそんなの一つも持ってないくせに
6781,body,raw-L06778,ホラ吹き野郎だなおまえは
6782,blank,,
6783,blank,,
6784,post_header,raw-L06784,670 名前：667[ID:y1DYIa0B] 投稿日：03/06/24(火) 11:15 ID:CNTwWNs9 [16/38]
6785,body,raw-L06784,俺はチラシ送りには反対だな
6786,body,raw-L06784,送るならBurontのLSの奴の中に犯人がいるはずだから
6787,body,raw-L06784,そいつらの誰かに送るといい
6788,blank,,
6789,post_header,raw-L06789,673 名前：既にその名前は使われています[] 投稿日：03/06/24(火) 11:16 ID:CNTwWNs9 [17/38]
6790,anchor,raw-L06789,>>672
6791,body,raw-L06789,やめとけよ垢バンされても知らないぜ
6792,blank,,
6793,blank,, 
6794,blank,,
6795,post_header,raw-L06795,678 名前：既にその名前は使われています[] 投稿日：03/06/24(火) 11:17 ID:CNTwWNs9 [18/38]
6796,quoted_line,raw-L06795,>>671＝>>676
6797,body,raw-L06795,自演必死だな
6798,blank,,
6799,post_header,raw-L06799,682 名前：既にその名前は使われています[] 投稿日：03/06/24(火) 11:19 ID:CNTwWNs9 [19/38]
6800,anchor,raw-L06799,>>670
6801,body,raw-L06799,俺も反対だなー
6802,body,raw-L06799,Burontは被害者なのに祭りやられるなんておかしい
6803,body,raw-L06799,だいたい一度もBurontだって名乗ってないだろ
6804,blank,,
6805,blank,,
6806,post_header,raw-L06806,687 名前：既にその名前は使われています[] 投稿日：03/06/24(火) 11:22 ID:CNTwWNs9 [20/38]
6807,body,raw-L06806,チラシ送りとかそういう汚いやりかたはよせ
6808,body,raw-L06806,そんなに気に入らないなら正々堂々と勝負すればいいだろ
6809,body,raw-L06806,廃人装備が悔しいならがんばってそれに近づくようにがんばればいい
6810,body,raw-L06806,嫉妬で妬むのは気持ちはわかるがおまえらうざいよ
6811,blank,,
6812,post_header,raw-L06812,690 名前：既にその名前は使われています[] 投稿日：03/06/24(火) 11:23 ID:CNTwWNs9 [21/38]
6813,anchor,raw-L06812,>>684
6814,body,raw-L06812,昨日も言っただろ
6815,body,raw-L06812,自分が凄くないのに自慢する奴がそういうのが一番うざい
6816,body,raw-L06812,Burontよりすごい装備がいたとしてもおまえがそうじゃないなら
6817,body,raw-L06812,おまえが威張る事じゃない
6818,body,raw-L06812,それにいくらでもいるというが持ってない奴のが多い
6819,blank,,
6820,blank,,
6821,post_header,raw-L06821,693 名前：既にその名前は使われています[] 投稿日：03/06/24(火) 11:25 ID:CNTwWNs9 [22/38]
6822,body,raw-L06821,チラシとかマジやめてくんない？
6823,body,raw-L06821,やられた迷惑考えろよ
6824,body,raw-L06821,おまえらはクズだな
6825,blank,,
6826,post_header,raw-L06826,696 名前：既にその名前は使われています[] 投稿日：03/06/24(火) 11:26 ID:CNTwWNs9 [23/38]
6827,anchor,raw-L06826,>>691
6828,body,raw-L06826,残念だがBurontも侍やってて良い装備してる
6829,blank,,
6830,blank,, 
6831,blank,,
6832,post_header,raw-L06832,703 名前：既にその名前は使われています[] 投稿日：03/06/24(火) 11:30 ID:CNTwWNs9 [24/38]
6833,anchor,raw-L06832,>>700
6834,body,raw-L06832,どうせおまえはそうやって先に聞いておいて
6835,body,raw-L06832,持ってないくせにそれら＋これもある、みたいな
6836,body,raw-L06832,ホラ吹くんだろうけどな
6837,body,raw-L06832,落人の篭手と皇帝羽虫とリーピーングブーツ持ってるらしいぞ
6838,blank,,
6839,blank,, 
6840,blank,,
6841,post_header,raw-L06841,708 名前：既にその名前は使われています[] 投稿日：03/06/24(火) 11:32 ID:CNTwWNs9 [25/38]
6842,anchor,raw-L06841,>>705
6843,body,raw-L06841,そうやって勝手に勝ち誇ってろ
6844,body,raw-L06841,おまえは本当はどれも持ってないくせに
6845,body,raw-L06841,そんぐらいと言うが、持ってないやつのが多いんだから持ってるのはすごい
6846,blank,,
6847,post_header,raw-L06847,715 名前：既にその名前は使われています[] 投稿日：03/06/24(火) 11:35 ID:CNTwWNs9 [26/38]
6848,anchor,raw-L06847,>>712
6849,body,raw-L06847,ということはBurontがもしすぐ後に現れなければ
6850,body,raw-L06847,Burontは関係ないという証明になるな
6851,blank,,
6852,blank,,
6853,post_header,raw-L06853,718 名前：既にその名前は使われています[] 投稿日：03/06/24(火) 11:37 ID:CNTwWNs9 [27/38]
6854,anchor,raw-L06853,>>716
6855,body,raw-L06853,馬鹿かおまえ
6856,body,raw-L06853,Burontはできないのではなくやらないだけ
6857,body,raw-L06853,FFやる時は集中したいからここに来ない
6858,body,raw-L06853,本気出せばできるぞ
6859,blank,,
6860,post_header,raw-L06860,727 名前：既にその名前は使われています[] 投稿日：03/06/24(火) 11:40 ID:CNTwWNs9 [28/38]
6861,body,raw-L06860,もうBurontの事は関係ないんだからどうでもいいだろ
6862,body,raw-L06860,それよりこのスレの本題の主旨のグラットンについて語るスレだろここは
6863,body,raw-L06860,話を正しい方向に戻そうぜ
6864,blank,,
6865,post_header,raw-L06865,735 名前：既にその名前は使われています[] 投稿日：03/06/24(火) 11:45 ID:CNTwWNs9 [29/38]
6866,body,raw-L06865,ひどいスレだなここは
6867,body,raw-L06865,何も悪くない人を叩いて祭りとかただのイジメだろ
6868,body,raw-L06865,おまえら逮捕されるよ
6869,blank,,
6870,post_header,raw-L06870,741 名前：既にその名前は使われています[] 投稿日：03/06/24(火) 11:47 ID:CNTwWNs9 [30/38]
6871,body,raw-L06870,これで証明されたな
6872,body,raw-L06870,おまえら勝手に決め付けてたのを謝罪しろよ
6873,blank,,
6874,post_header,raw-L06874,744 名前：既にその名前は使われています[sage] 投稿日：03/06/24(火) 11:48 ID:CNTwWNs9 [31/38]
6875,body,raw-L06874,全てが解決したのでこれで終了
6876,blank,,
6877,post_header,raw-L06877,753 名前：既にその名前は使われています[] 投稿日：03/06/24(火) 11:51 ID:CNTwWNs9 [32/38]
6878,body,raw-L06877,本物が現れたということは今まではBurontがいなかったことになる
6879,body,raw-L06877,やはりBurontは無関係だったか
6880,blank,,
6881,blank,,
6882,post_header,raw-L06882,760 名前：Buront ◇qgqXZWB30M[] 投稿日：03/06/24(火) 11:55 ID:CNTwWNs9 [33/38]
6883,body,raw-L06882,俺が本物のBurontです
6884,body,raw-L06882,今日初めてここに来たので今までは関係ないです
6885,body,raw-L06882,だからもうこのスレは終了
6886,blank,,
6887,blank,,
6888,post_header,raw-L06888,776 名前：既にその名前は使われています[sage] 投稿日：03/06/24(火) 12:00 ID:CNTwWNs9 [34/38]
6889,body,raw-L06888,終了
6890,blank,,
6891,post_header,raw-L06891,780 名前：既にその名前は使われています[sage] 投稿日：03/06/24(火) 12:01 ID:CNTwWNs9 [35/38]
6892,body,raw-L06891,age禁止
6893,body,raw-L06891,削除依頼出しとけ
6894,blank,,
6895,post_header,raw-L06895,793 名前：Buront ◆WB/.rxKSBA [] 投稿日：03/06/24(火) 12:17 ID:CNTwWNs9 [36/38]
6896,body,raw-L06895,Burontです
6897,body,raw-L06895,もう俺の事は関係ないのでほっといてください
6898,body,raw-L06895,ここからはグラットンを語るスレに本題を戻しましょう
6899,blank,,
6900,post_header,raw-L06900,795 名前：既にその名前は使われています[] 投稿日：03/06/24(火) 12:18 ID:CNTwWNs9 [37/38]
6901,anchor,raw-L06900,>>793
6902,body,raw-L06900,こいつ偽者
6903,body,raw-L06900,馬鹿だな
6904,blank,,
6905,post_header,raw-L06905,807 名前：既にその名前は使われています[sage] 投稿日：03/06/24(火) 12:25 ID:CNTwWNs9 [38/38]
6906,body,raw-L06905,糞スレ終了
6907,body,raw-L06905,以後、age禁止、個人名出すのも禁止
6908,blank,,
6909,blank,,
6910,post_header,raw-L06910,933 名前：既にその名前は使われています[sage] 投稿日：03/06/25(水) 10:27 ID:kB7zGIJ6 [1/13]
6911,body,raw-L06910,まだやってたのか
6912,body,raw-L06910,相変わらず関係ない人の実名出してるし
6913,body,raw-L06910,嫉妬の粘着もここまで行くとすごいな
6914,body,raw-L06910,どうせこの糞スレももう終了
6915,blank,,
6916,blank,,
6917,post_header,raw-L06917,935 名前：既にその名前は使われています[sage] 投稿日：03/06/25(水) 10:31 ID:kB7zGIJ6 [2/13]
6918,anchor,raw-L06917,>>934
6919,body,raw-L06917,ageするな馬鹿
6920,body,raw-L06917,このスレは実名晒しが出たからもう終わりなんだよ
6921,body,raw-L06917,それをageするということはおまえも同罪
6922,blank,,
6923,blank,,
6924,post_header,raw-L06924,938 名前：既にその名前は使われています[] 投稿日：03/06/25(水) 10:36 ID:kB7zGIJ6 [3/13]
6925,anchor,raw-L06924,>>937
6926,body,raw-L06924,おまえの言う通りだ
6927,body,raw-L06924,グラットンについて語るのはすばらしい
6928,body,raw-L06924,持ってないナイトが多いから持ってる事を明かすとすごいですねと言われた
6929,blank,,
6930,blank,,
6931,post_header,raw-L06931,939 名前：既にその名前は使われています[] 投稿日：03/06/25(水) 10:37 ID:kB7zGIJ6 [4/13]
6932,body,raw-L06931,それと昨日、ここから消えたあとすぐ後にBurontはFFにログインしてなかった
6933,body,raw-L06931,無関係だったという証明になる
6934,blank,,
6935,blank,,
6936,post_header,raw-L06936,944 名前：既にその名前は使われています[YlqrrzgU] 投稿日：03/06/25(水) 10:40 ID:kB7zGIJ6 [5/13]
6937,anchor,raw-L06936,>>939
6938,body,raw-L06936,やはりそうか
6939,body,raw-L06936,もしあいつが犯人ならここから消えた後にすぐFFに現れるのは不自然じゃないからな
6940,body,raw-L06936,ところが昨日はそうじゃなかったからやはり無実でしょう
6941,blank,,
6942,post_header,raw-L06942,949 名前：既にその名前は使われています[] 投稿日：03/06/25(水) 10:42 ID:kB7zGIJ6 [6/13]
6943,body,raw-L06942,ソースってなんだよ意味わからん
6944,body,raw-L06942,それとSGってのは罠なのはわかってるだよ
6945,body,raw-L06942,上の方で何人かIPのアドレスが出てるのはおそらく引っかかった馬鹿がいたおかげで俺は見切った
6946,blank,,
6947,post_header,raw-L06947,957 名前：既にその名前は使われています[] 投稿日：03/06/25(水) 10:48 ID:kB7zGIJ6 [7/13]
6948,anchor,raw-L06947,>>945
6949,body,raw-L06947,やめといたほうがいいですよ
6950,body,raw-L06947,昨日一人それで垢バンされて逮捕されたという噂
6951,blank,,
6952,anchor,raw-L06947,>>951
6953,body,raw-L06947,Burontは学校行ったらしい
6954,body,raw-L06947,毎日学校行ってる
6955,blank,,
6956,blank,,
6957,post_header,raw-L06957,960 名前：既にその名前は使われています[] 投稿日：03/06/25(水) 10:51 ID:kB7zGIJ6 [8/13]
6958,body,raw-L06957,おまえらは何も根本的にわかってないな
6959,body,raw-L06957,仮にBurontが住んでる住所ばれたとするがあいつは
6960,body,raw-L06957,喧嘩がめちゃくちゃ強いから死ぬのはおまえら
6961,body,raw-L06957,俺に堂々と勝てるならかかってきてみろよ
6962,blank,,
6963,post_header,raw-L06963,962 名前：既にその名前は使われています[] 投稿日：03/06/25(水) 10:52 ID:kB7zGIJ6 [9/13]
6964,anchor,raw-L06963,>>959
6965,body,raw-L06963,言っていねーよ馬鹿
6966,body,raw-L06963,おまえらが勝手に決め付けただけだろ
6967,body,raw-L06963,Burontは昨日学校にいたぞ
6968,blank,,
6969,blank,,
6970,post_header,raw-L06970,970 名前：既にその名前は使われています[sage] 投稿日：03/06/25(水) 10:55 ID:kB7zGIJ6 [10/13]
6971,body,raw-L06970,終了だな
6972,body,raw-L06970,もうこれはただの粘着スレ
6973,body,raw-L06970,逮捕者も出たしそろそろやめとけ
6974,blank,,
6975,post_header,raw-L06975,976 名前：既にその名前は使われています[] 投稿日：03/06/25(水) 11:00 ID:kB7zGIJ6 [11/13]
6976,anchor,raw-L06975,>>971
6977,body,raw-L06975,泣いてねーよ適当こくのやめろ
6978,body,raw-L06975,そうやって嘘の情報流して人を陥れるのは糞だな
6979,body,raw-L06975,おまえらみたいなのは返り討ちにしてやると言ってたぞ
6980,blank,,
6981,anchor,raw-L06975,>>975
6982,body,raw-L06975,それは偽者だろ
6983,body,raw-L06975,騙されるなよ馬鹿
6984,blank,,
6985,post_header,raw-L06985,979 名前：既にその名前は使われています[sage] 投稿日：03/06/25(水) 11:01 ID:kB7zGIJ6 [12/13]
6986,body,raw-L06985,糞スレ終了
6987,blank,,
6988,post_header,raw-L06988,982 名前：既にその名前は使われています[sage] 投稿日：03/06/25(水) 11:03 ID:kB7zGIJ6 [13/13]
6989,body,raw-L06988,俺もこれ以上は書かないからおまえらも実名出すのはやめろ
6990,body,raw-L06988,そしてこのスレはageは禁止
6991,body,raw-L06988,これは対等な誓いなので守られなければならない
6992,body,raw-L06988,わかったな
6993,body,raw-L06988,もう終了だ
6994,blank,,
6995,blank,, 
6996,blank,,
6997,section_title,,【最狂の証】ｸﾞﾗｯﾄﾝｿｰﾄﾞは最強3【Burontの宝】
6998,blank,,
6999,blank,, 
7000,blank,,
7001,post_header,raw-L07001,110 名前：既にその名前は使われています[sage] 投稿日：03/06/26(木) 11:10 ID:C42D/gmB [1/7]
7002,anchor,raw-L07001,>>108
7003,body,raw-L07001,やめとけよ
7004,body,raw-L07001,そんな事して楽しいか？
7005,blank,,
7006,blank,, 
7007,blank,,
7008,post_header,raw-L07008,113 名前：既にその名前は使われています[sage] 投稿日：03/06/26(木) 11:15 ID:C42D/gmB [2/7]
7009,body,raw-L07008,無実の人間の実名が出てしまってるので削除依頼
7010,body,raw-L07008,このスレは以後書き込み禁止
7011,blank,,
7012,blank,,
7013,post_header,raw-L07013,114 名前：２ｃｈ”管理”人[] 投稿日：03/06/26(木) 11:17 ID:C42D/gmB [3/7]
7014,body,raw-L07013,このスレは書き込みが禁止となりました
7015,body,raw-L07013,以後書き込んだ人は逮捕されるかもしれないでしょう
7016,blank,,
7017,post_header,raw-L07017,119 名前：既にその名前は使われています[sage] 投稿日：03/06/26(木) 11:19 ID:C42D/gmB [4/7]
7018,body,raw-L07017,馬鹿が、せっかくの警告を無視かよ
7019,body,raw-L07017,今二人逮捕された
7020,blank,,
7021,post_header,raw-L07021,122 名前：既にその名前は使われています[sage] 投稿日：03/06/26(木) 11:21 ID:C42D/gmB [5/7]
7022,anchor,raw-L07021,>>119
7023,body,raw-L07021,待てよ、無関係な実名が出たのはよくないが
7024,body,raw-L07021,グラットンを語るスレとしては残しておく大事なスレだろう
7025,body,raw-L07021,グラットンのすごさを語るだけなら許される
7026,blank,,
7027,post_header,raw-L07027,127 名前：既にその名前は使われています[] 投稿日：03/06/26(木) 11:25 ID:C42D/gmB [6/7]
7028,body,raw-L07027,Burontって誰？全然関係ない人の事をどさくさに紛れて晒すなよ
7029,body,raw-L07027,粘着が全部一人自演してるのだろうけどな
7030,blank,,
7031,post_header,raw-L07031,132 名前：既にその名前は使われています[sage] 投稿日：03/06/26(木) 11:31 ID:C42D/gmB [7/7]
7032,body,raw-L07031,終了
7033,blank,,
7034,post_header,raw-L07034,336 名前：既にその名前は使われています[sage] 投稿日：03/06/28(土) 16:51 ID:uCcO0uxm [1/5]
7035,body,raw-L07034,糞スレ終了
7036,blank,,
7037,post_header,raw-L07037,341 名前：既にその名前は使われています[sage] 投稿日：03/06/28(土) 18:32 ID:uCcO0uxm [2/5]
7038,anchor,raw-L07037,>>339
7039,body,raw-L07037,とか言ってageをしてるなよ
7040,body,raw-L07037,おまえなめてるだろ
7041,body,raw-L07037,以後書き込み禁止
7042,blank,,
7043,post_header,raw-L07043,343 名前：既にその名前は使われています[sage] 投稿日：03/06/28(土) 18:43 ID:uCcO0uxm [3/5]
7044,body,raw-L07043,しつこいな粘着か
7045,body,raw-L07043,関係ない人の名前出すなよ
7046,body,raw-L07043,どうせ粘着は一人が自演
7047,blank,,
7048,post_header,raw-L07048,346 名前：既にその名前は使われています[sage] 投稿日：03/06/28(土) 18:46 ID:uCcO0uxm [4/5]
7049,anchor,raw-L07048,>>343
7050,body,raw-L07048,そうだよな
7051,body,raw-L07048,グラットン持ってるってだけで妬まれて粘着されてる
7052,body,raw-L07048,みんなうらやましがってるだよ
7053,blank,,
7054,post_header,raw-L07054,347 名前：既にその名前は使われています[sage] 投稿日：03/06/28(土) 18:48 ID:uCcO0uxm [5/5]
7055,anchor,raw-L07054,>>345
7056,body,raw-L07054,おまえ証拠あるのかよ
7057,body,raw-L07054,適当こくのはむかつくな
7058,body,raw-L07054,グラットンの事だけを真剣に話し合うスレだったのに
7059,body,raw-L07054,実名出すのはうざいから死ね
7060,blank,,
7061,post_header,raw-L07061,426 名前：既にその名前は使われています[sage] 投稿日：03/06/30(月) 09:49 ID:vq4fxsym [1/53]
7062,anchor,raw-L07061,>>425
7063,body,raw-L07061,学校行ったらしい
7064,body,raw-L07061,だからもうほっといてやろうぜ
7065,body,raw-L07061,もともと関係なかったみたいだし
7066,body,raw-L07061,このスレ書き込み禁止
7067,blank,,
7068,blank,,
7069,post_header,raw-L07069,428 名前：既にその名前は使われています[sage] 投稿日：03/06/30(月) 09:59 ID:vq4fxsym [2/53]
7070,anchor,raw-L07069,>>427
7071,body,raw-L07069,ageをするな馬鹿
7072,body,raw-L07069,このスレは実名が出て私怨が叩かれてるので終了なのだよ
7073,blank,,
7074,blank,,
7075,post_header,raw-L07075,430 名前：既にその名前は使われています[sage] 投稿日：03/06/30(月) 10:13 ID:vq4fxsym [3/53]
7076,anchor,raw-L07075,>>429
7077,body,raw-L07075,馬鹿だなおまえは
7078,body,raw-L07075,無関係の人の名前出すのはその人に迷惑がかかるという事を言ってる
7079,body,raw-L07075,ageをしなかったのは俺を油断させる作戦だろ
7080,blank,,
7081,blank,, 
7082,blank,,
7083,post_header,raw-L07083,432 名前：既にその名前は使われています[sage] 投稿日：03/06/30(月) 10:23 ID:vq4fxsym [4/53]
7084,anchor,raw-L07083,>>431
7085,body,raw-L07083,おまえには関係ない
7086,body,raw-L07083,とにかく名前出すのうざいからやめてくんない？
7087,body,raw-L07083,ここに書いてないと本人が言ってたんだからよ
7088,blank,,
7089,post_header,raw-L07089,435 名前：既にその名前は使われています[] 投稿日：03/06/30(月) 10:32 ID:vq4fxsym [5/53]
7090,anchor,raw-L07089,>>433
7091,body,raw-L07089,やはりグラットンが良いと思う
7092,body,raw-L07089,一流の証だから持ってるだけでも意味があるからな
7093,body,raw-L07089,俺がLSで恐れられてるのはグラットン持ってるから
7094,blank,,
7095,blank,,
7096,post_header,raw-L07096,439 名前：既にその名前は使われています[] 投稿日：03/06/30(月) 10:50 ID:vq4fxsym [6/53]
7097,anchor,raw-L07096,>>435
7098,body,raw-L07096,うちのLSにもグラットン持ってるナイトいるんだが
7099,body,raw-L07096,やはりみんなに尊敬されてるよ
7100,body,raw-L07096,一級廃人は強いから憧れる
7101,blank,,
7102,post_header,raw-L07102,441 名前：既にその名前は使われています[] 投稿日：03/06/30(月) 11:18 ID:vq4fxsym [7/53]
7103,anchor,raw-L07102,>>440
7104,body,raw-L07102,とうとうグラットンのすごさを認めたか
7105,body,raw-L07102,勝利確定の瞬間
7106,blank,,
7107,blank,,
7108,post_header,raw-L07108,443 名前：ナイトLv65[] 投稿日：03/06/30(月) 11:28 ID:vq4fxsym [8/53]
7109,anchor,raw-L07108,>>442
7110,body,raw-L07108,やっぱりグラットンソードだな
7111,body,raw-L07108,うちの鯖は250万なので持ってるだけで廃人と思われて尊敬されるし
7112,body,raw-L07108,俺もいつか手に入れるのが夢
7113,blank,,
7114,post_header,raw-L07114,450 名前：既にその名前は使われています[] 投稿日：03/06/30(月) 11:58 ID:vq4fxsym [9/53]
7115,anchor,raw-L07114,>>448
7116,body,raw-L07114,うざいよおまえ
7117,body,raw-L07114,素直にすごいですねとだけ言えば良いのによ
7118,body,raw-L07114,余計な事ばかりうざい
7119,body,raw-L07114,おまえみたいな僻み根性な奴が私怨で関係ない人を実名を叩く
7120,blank,,
7121,post_header,raw-L07121,452 名前：既にその名前は使われています[] 投稿日：03/06/30(月) 12:13 ID:vq4fxsym [10/53]
7122,anchor,raw-L07121,>>451
7123,body,raw-L07121,いや、それは違うな
7124,body,raw-L07121,見下してる風に装って精一杯必死なだけで実はグラットン持ってるのがうらやましい
7125,body,raw-L07121,つまり>>450さんの圧勝が決定
7126,blank,,
7127,post_header,raw-L07127,454 名前：452[] 投稿日：03/06/30(月) 12:16 ID:vq4fxsym [11/53]
7128,anchor,raw-L07127,>>453
7129,body,raw-L07127,貴族とか言って誉めても遅い
7130,body,raw-L07127,勝ちは決まったので譲れない
7131,blank,,
7132,blank,,
7133,post_header,raw-L07133,457 名前：既にその名前は使われています[] 投稿日：03/06/30(月) 12:19 ID:vq4fxsym [12/53]
7134,anchor,raw-L07133,>>455
7135,body,raw-L07133,同意だな、おまえは賢い
7136,body,raw-L07133,やっぱりグラットンは尊敬されるよな
7137,body,raw-L07133,LSでナンバー１になったから誰も意見を口答えしないし
7138,body,raw-L07133,たまに勘違いしてるLSメンの馬鹿が俺を倒すとか言い出すと
7139,body,raw-L07133,俺はすぐに返り討ちにしてやると言うとそいつは言い返せなくて黙る
7140,blank,,
7141,post_header,raw-L07141,462 名前：既にその名前は使われています[] 投稿日：03/06/30(月) 12:28 ID:vq4fxsym [13/53]
7142,anchor,raw-L07141,>>459
7143,body,raw-L07141,おまえ何勝手に他人の名前使ってるの？うざいよ
7144,body,raw-L07141,本人に聞いたがおまえは偽者だ
7145,body,raw-L07141,それにそれほどでもないと言うのは謙虚に謙遜して言ってる言葉
7146,body,raw-L07141,おまえが言うなよ
7147,blank,,
7148,blank,,
7149,post_header,raw-L07149,468 名前：既にその名前は使われています[] 投稿日：03/06/30(月) 12:32 ID:vq4fxsym [14/53]
7150,anchor,raw-L07149,>>460
7151,body,raw-L07149,悪いがそれに加えて俺はベヒーモスマントも持ってる
7152,body,raw-L07149,もちろんグラットンだけでもすごいと思うけど
7153,body,raw-L07149,それにおまえが自慢にならないと言うが実際うらやましがられて恐れられてるのは実際のところ事実
7154,body,raw-L07149,もちろん俺は自慢野郎じゃないからそれほどでもないと謙虚に言う
7155,blank,,
7156,post_header,raw-L07156,469 名前：既にその名前は使われています[] 投稿日：03/06/30(月) 12:34 ID:vq4fxsym [15/53]
7157,anchor,raw-L07156,>>466
7158,body,raw-L07156,駄々をこねてとか意味わからん
7159,body,raw-L07156,狼鯖でベヒーモスマントの履歴が証拠だから見てみろよ
7160,body,raw-L07156,ちゃんと実力の１３０万ギルで落札してるのがまだ残ってるはず
7161,blank,,
7162,post_header,raw-L07162,470 名前：既にその名前は使われています[] 投稿日：03/06/30(月) 12:35 ID:vq4fxsym [16/53]
7163,anchor,raw-L07162,>>469
7164,body,raw-L07162,言っておくけどこれは別に俺自身の事ではないので特に触れなくて良い
7165,blank,,
7166,post_header,raw-L07166,475 名前：既にその名前は使われています[sage] 投稿日：03/06/30(月) 12:38 ID:vq4fxsym [17/53]
7167,anchor,raw-L07166,>>472
7168,body,raw-L07166,しつこいよおまえ粘着か
7169,body,raw-L07166,関係ない事は話題はもういい
7170,body,raw-L07166,グラットンについて語るスレだぞ
7171,blank,,
7172,blank,,
7173,post_header,raw-L07173,480 名前：既にその名前は使われています[] 投稿日：03/06/30(月) 12:41 ID:vq4fxsym [18/53]
7174,anchor,raw-L07173,>>478
7175,body,raw-L07173,俺はただの通りすがりだが一般的な意見を言わせてもらってるだけ
7176,body,raw-L07173,おまえに名乗る名前はないだよ
7177,body,raw-L07173,おまえらが関係ない人の名前をいつまでも晒してくだらん事で楽しんでるのがむかついただけだ
7178,blank,,
7179,post_header,raw-L07179,485 名前：既にその名前は使われています[] 投稿日：03/06/30(月) 12:46 ID:vq4fxsym [19/53]
7180,anchor,raw-L07179,>>481
7181,body,raw-L07179,偽者とか意味わからん
7182,body,raw-L07179,Burontはここを見た事がないという事が証明されてるんだよ
7183,body,raw-L07179,だからおまえらが勝手に決め付けてただけで最初から書いてない
7184,body,raw-L07179,それと前から何度も言ってるが実名出すなよ
7185,body,raw-L07179,うざいよ
7186,blank,,
7187,blank,,
7188,post_header,raw-L07188,489 名前：既にその名前は使われています[] 投稿日：03/06/30(月) 12:49 ID:vq4fxsym [20/53]
7189,anchor,raw-L07188,>>487
7190,body,raw-L07188,グラットンは七罪で見事にロット勝ちしたと言ってた
7191,body,raw-L07188,つまりグラットンもベヒーモスマントちゃんと実力で取ってる
7192,body,raw-L07188,だから俺は尊敬されてる
7193,blank,,
7194,post_header,raw-L07194,494 名前：既にその名前は使われています[] 投稿日：03/06/30(月) 12:53 ID:vq4fxsym [21/53]
7195,anchor,raw-L07194,>>489
7196,body,raw-L07194,やはりそうか
7197,body,raw-L07194,きっと名前晒して叩いてる奴はその時グラットンをロット負けした雑魚かも
7198,body,raw-L07194,そいつは粘着で全部自演で一人がやってる
7199,blank,,
7200,post_header,raw-L07200,498 名前：既にその名前は使われています[] 投稿日：03/06/30(月) 12:54 ID:vq4fxsym [22/53]
7201,anchor,raw-L07200,>>491
7202,body,raw-L07200,おまえ分盲だろ
7203,body,raw-L07200,俺は通りすがりだと言っただろ
7204,body,raw-L07200,だからスレなんて立ててるはずが無い
7205,blank,,
7206,post_header,raw-L07206,503 名前：既にその名前は使われています[] 投稿日：03/06/30(月) 12:56 ID:vq4fxsym [23/53]
7207,anchor,raw-L07206,>>496
7208,body,raw-L07206,何か勘違いしてるようだな
7209,body,raw-L07206,ＬＳにベヒーモスマント＋１持ってる奴なんていないんだが
7210,body,raw-L07206,普通のベヒーモスマントは他にもいるけど
7211,body,raw-L07206,それに加えてグラットンまで持ってるのも俺だけ
7212,body,raw-L07206,自慢じゃないけど俺がナンバー１に装備が強い
7213,blank,,
7214,post_header,raw-L07214,508 名前：既にその名前は使われています[] 投稿日：03/06/30(月) 13:00 ID:vq4fxsym [24/53]
7215,quoted_line,raw-L07214,>>505は賢い
7216,body,raw-L07214,素直に相手のすごさを認められるのは偉い
7217,body,raw-L07214,ＬＳメンもほとんどはこういう奴等だがたまに俺と張り合うのがいる
7218,body,raw-L07214,でもいつも言い争うと結局俺が勝つので相手は黙る
7219,blank,,
7220,post_header,raw-L07220,509 名前：既にその名前は使われています[] 投稿日：03/06/30(月) 13:04 ID:vq4fxsym [25/53]
7221,anchor,raw-L07220,>>507
7222,body,raw-L07220,落札しちゃいけないのかよ
7223,body,raw-L07220,別に手に入れる方法はどうでも良い
7224,body,raw-L07220,持ってればすごいのだからおまえはどうせ持ってないだろどっちも
7225,body,raw-L07220,嘘ついて見栄張っても無駄だぞ証拠がないから誰も信じない
7226,blank,,
7227,post_header,raw-L07227,513 名前：既にその名前は使われています[] 投稿日：03/06/30(月) 13:06 ID:vq4fxsym [26/53]
7228,anchor,raw-L07227,>>510
7229,body,raw-L07227,だから狼鯖で有名だろ
7230,body,raw-L07227,おまえらとは違って持ってるの知られててＬＳでも尊敬されてるし
7231,blank,,
7232,post_header,raw-L07232,520 名前：既にその名前は使われています[] 投稿日：03/06/30(月) 13:10 ID:vq4fxsym [27/53]
7233,body,raw-L07232,うるさいないちいち
7234,body,raw-L07232,ちょっと間違えて勘違いしただけだろ
7235,body,raw-L07232,焦ってれば誰でもミスはするからな
7236,blank,,
7237,post_header,raw-L07237,524 名前：既にその名前は使われています[] 投稿日：03/06/30(月) 13:13 ID:vq4fxsym [28/53]
7238,anchor,raw-L07237,>>521
7239,body,raw-L07237,こっちは全然余裕なんだが
7240,body,raw-L07237,１０％のパワーも使ってない
7241,body,raw-L07237,おまえらが追いつめられてるんだよ
7242,body,raw-L07237,さっきから巧妙にバレバレの自演してるくせによ
7243,blank,,
7244,blank,,
7245,post_header,raw-L07245,533 名前：既にその名前は使われています[sage] 投稿日：03/06/30(月) 13:27 ID:vq4fxsym [29/53]
7246,body,raw-L07245,もういいだろ放置しようぜ
7247,body,raw-L07245,関係ない人の事はほっとけよ
7248,body,raw-L07245,あんまりやりすぎると名誉既存で訴えられて逮捕になる
7249,blank,,
7250,blank,,
7251,post_header,raw-L07251,536 名前：既にその名前は使われています[] 投稿日：03/06/30(月) 13:31 ID:vq4fxsym [30/53]
7252,anchor,raw-L07251,>>533
7253,body,raw-L07251,その意見には同意だな
7254,body,raw-L07251,叩いてる奴は同じＬＳで装備がうらやましいから妬んで嫉妬してる誰かの一人の自演
7255,body,raw-L07251,そんな私怨に馬鹿らしくてつきあってられない
7256,blank,,
7257,post_header,raw-L07257,544 名前：既にその名前は使われています[] 投稿日：03/06/30(月) 13:34 ID:vq4fxsym [31/53]
7258,anchor,raw-L07257,>>539
7259,body,raw-L07257,IDはたまたま同じになる事が稀にだがよくあるらしい
7260,body,raw-L07257,逆にID違ってても自演の可能性はある
7261,body,raw-L07257,だからIDはあてにならないでしょう
7262,blank,,
7263,post_header,raw-L07263,549 名前：既にその名前は使われています[] 投稿日：03/06/30(月) 13:36 ID:vq4fxsym [32/53]
7264,anchor,raw-L07263,>>544
7265,body,raw-L07263,やはりそうだったか
7266,body,raw-L07263,俺もよく他の奴とID同じになるからな
7267,blank,,
7268,post_header,raw-L07268,553 名前：２ｃｈ”管理”人[sage] 投稿日：03/06/30(月) 13:45 ID:vq4fxsym [33/53]
7269,body,raw-L07268,このスレは書込み禁止になりました
7270,body,raw-L07268,実名を晒したのでこれ以上続けると逮捕されます
7271,body,raw-L07268,これは管理人の命令なので逆らうわけにはいかないでしょう
7272,blank,,
7273,blank,,
7274,post_header,raw-L07274,558 名前：既にその名前は使われています[] 投稿日：03/06/30(月) 13:49 ID:vq4fxsym [34/53]
7275,anchor,raw-L07274,>>557
7276,body,raw-L07274,は？三流じゃないんだけど
7277,body,raw-L07274,馬鹿かおまえは
7278,body,raw-L07274,どうせまたいつもみたくもっとすごい装備があるとか言って威張るんだろ
7279,body,raw-L07274,でもそれはおまえが持ってる訳じゃないから威張るなよ
7280,body,raw-L07274,いつも同じ事言わせるな馬鹿
7281,blank,,
7282,blank,,
7283,post_header,raw-L07283,568 名前：既にその名前は使われています[] 投稿日：03/06/30(月) 13:57 ID:vq4fxsym [35/53]
7284,body,raw-L07283,うざいな揚げ足取りってやつだろ
7285,body,raw-L07283,ちょっと焦ってミスでごちゃごちゃうざい
7286,body,raw-L07283,それより俺が言った事に論理的に反論してみろよ
7287,body,raw-L07283,それができずそういう細かいところしか突っ込まないのは負けを認めた証拠
7288,blank,,
7289,blank,,
7290,post_header,raw-L07290,573 名前：既にその名前は使われています[] 投稿日：03/06/30(月) 14:00 ID:vq4fxsym [36/53]
7291,anchor,raw-L07290,>>569
7292,body,raw-L07290,何を証拠にそんな適当こいてるの？
7293,body,raw-L07290,怪力で喧嘩メチャクチャ強いんだけど
7294,body,raw-L07290,パンチで骨を砕くしよ
7295,blank,,
7296,blank,,
7297,post_header,raw-L07297,580 名前：既にその名前は使われています[] 投稿日：03/06/30(月) 14:04 ID:vq4fxsym [37/53]
7298,body,raw-L07297,関係ない話やめろって
7299,body,raw-L07297,おまえらつまらないんだよ
7300,body,raw-L07297,グラットンについて真剣に討論をするスレだったのにメチャクチャにしやがって
7301,body,raw-L07297,実名晒しもマジやめてくんない？
7302,body,raw-L07297,やられる側に身になってみろよ馬鹿
7303,blank,,
7304,post_header,raw-L07304,592 名前：既にその名前は使われています[] 投稿日：03/06/30(月) 14:19 ID:vq4fxsym [38/53]
7305,anchor,raw-L07304,>>588
7306,body,raw-L07304,しつこいなおまえ
7307,body,raw-L07304,Burontはいじめられてないって言ってるだろ
7308,body,raw-L07304,証拠も無く適当こくのうざい
7309,body,raw-L07304,不良だから喧嘩強いし
7310,body,raw-L07304,おまえこそいじめられてるでしょう
7311,blank,,
7312,anchor,raw-L07304,>>589
7313,body,raw-L07304,それは謙遜して言ってるセリフだろ
7314,body,raw-L07304,自慢するのが好きじゃなくて謙虚な性格だからそう答えてる
7315,blank,,
7316,blank,,
7317,post_header,raw-L07317,604 名前：既にその名前は使われています[] 投稿日：03/06/30(月) 14:36 ID:vq4fxsym [39/53]
7318,anchor,raw-L07317,>>602
7319,body,raw-L07317,なんなんだおまえは
7320,body,raw-L07317,知りもしないくせに適当ばっかこくな
7321,body,raw-L07317,そうやって嘘の噂流して陥れようとしてる私怨か
7322,body,raw-L07317,マジうざいな
7323,blank,,
7324,post_header,raw-L07324,607 名前：既にその名前は使われています[] 投稿日：03/06/30(月) 14:41 ID:vq4fxsym [40/53]
7325,anchor,raw-L07324,>>606
7326,body,raw-L07324,泣いてねーよ適当こくな
7327,body,raw-L07324,全然余裕で勝ち誇って笑ってるんだが
7328,body,raw-L07324,おまえらこそもう絶体絶命
7329,blank,,
7330,post_header,raw-L07330,611 名前：既にその名前は使われています[sage] 投稿日：03/06/30(月) 14:43 ID:vq4fxsym [41/53]
7331,body,raw-L07330,久々に見てみたが糞スレだな終了
7332,body,raw-L07330,sage進行で
7333,blank,,
7334,post_header,raw-L07334,619 名前：既にその名前は使われています[] 投稿日：03/06/30(月) 14:48 ID:vq4fxsym [42/53]
7335,anchor,raw-L07334,>>609
7336,body,raw-L07334,普段は確かに心優しく言葉使いも良いナイトでも
7337,body,raw-L07334,おまえらのあまりの粘着ぶりに完全な怒りとなった
7338,body,raw-L07334,仏の顔を三度までという名セリフを知らないのかよ
7339,blank,,
7340,post_header,raw-L07340,628 名前：既にその名前は使われています[] 投稿日：03/06/30(月) 14:56 ID:vq4fxsym [43/53]
7341,anchor,raw-L07340,>>624
7342,body,raw-L07340,おまえは他の奴と違ってなかなか賢い
7343,body,raw-L07340,グラットンのすごさを素直に認めるのは偉い
7344,body,raw-L07340,固定PTになってやってもいいぞ
7345,blank,,
7346,post_header,raw-L07346,636 名前：ナイトLv64[] 投稿日：03/06/30(月) 15:06 ID:vq4fxsym [44/53]
7347,body,raw-L07346,この前ようやく七罪でグラットンを実力のゲットしたよ
7348,body,raw-L07346,みんなが言ってた通り取ってからはやはりLSでの立場が強くなった
7349,body,raw-L07346,もしこの中で戦ったら誰が強いかという話題を提案したら
7350,body,raw-L07346,みんな俺がいると勝つ自信がないらしくて黙る
7351,body,raw-L07346,二人ほど暗黒とシーフが張り合って来た馬鹿がいたが
7352,body,raw-L07346,他のLSメンに多数決取ったら全部俺に投票した
7353,body,raw-L07346,そしたらその二人悔しそうだった
7354,blank,,
7355,post_header,raw-L07355,642 名前：既にその名前は使われています[] 投稿日：03/06/30(月) 15:15 ID:vq4fxsym [45/53]
7356,anchor,raw-L07355,>>640
7357,body,raw-L07355,それはおまえ自身が雑魚だから
7358,body,raw-L07355,Pスキルが低いだよ
7359,body,raw-L07355,それに俺はベヒーモスマントも持ってるし
7360,body,raw-L07355,装備はLSで最強の廃装備だからみんな尊敬してる
7361,blank,,
7362,post_header,raw-L07362,654 名前：既にその名前は使われています[] 投稿日：03/06/30(月) 15:29 ID:vq4fxsym [46/53]
7363,anchor,raw-L07362,>>651
7364,body,raw-L07362,また出やがったな
7365,body,raw-L07362,どうせ全部嘘で本当は一つも持ってないくせによ
7366,body,raw-L07362,それは妄想ってやつだな悲しいやつだよおまえは
7367,blank,,
7368,post_header,raw-L07368,660 名前：既にその名前は使われています[] 投稿日：03/06/30(月) 15:31 ID:vq4fxsym [47/53]
7369,anchor,raw-L07368,>>654
7370,body,raw-L07368,俺もそう思う
7371,body,raw-L07368,持ってもいないくせに見栄張って廃人のふりするのはみっともないな
7372,blank,,
7373,blank,, 
7374,blank,,
7375,post_header,raw-L07375,661 名前：既にその名前は使われています[] 投稿日：03/06/30(月) 15:32 ID:vq4fxsym [48/53]
7376,anchor,raw-L07375,>>659
7377,body,raw-L07375,うざいよおまえ
7378,body,raw-L07375,たしかにそれくらいの装備を揃えてる奴は世界にはいるでしょう
7379,body,raw-L07375,だがおまえは絶対にそれを持ってない
7380,body,raw-L07375,だからおまえが威張れる事じゃないんだよ
7381,blank,,
7382,post_header,raw-L07382,672 名前：既にその名前は使われています[] 投稿日：03/06/30(月) 15:39 ID:vq4fxsym [49/53]
7383,anchor,raw-L07382,>>666
7384,body,raw-L07382,嘘を言うなよ
7385,body,raw-L07382,持ってる人より持ってない人のが多い
7386,body,raw-L07382,つまりこれは廃人の証ということになる
7387,body,raw-L07382,そう言うともっとすごいの持ってる奴がいてそいつから比べれば
7388,body,raw-L07382,とかいうんだろうけどそれはおまえらがすごいわけじゃないから
7389,body,raw-L07382,おまえらは威張れない
7390,body,raw-L07382,俺がおまえらより上な事には変わりはないのだよ
7391,body,raw-L07382,言っとくが持ってるとか見栄張って嘘はつくなよ
7392,blank,,
7393,post_header,raw-L07393,688 名前：既にその名前は使われています[] 投稿日：03/06/30(月) 15:50 ID:vq4fxsym [50/53]
7394,anchor,raw-L07393,>>683
7395,body,raw-L07393,しつこいなおまえも
7396,body,raw-L07393,だったら見てみろよ周りのやつらの装備をよ
7397,body,raw-L07393,一般人っていうなら持ってる奴のが多いんだよな？
7398,body,raw-L07393,だが実際はグラットンもベヒーモスマントも持ってるやつのが少ない
7399,body,raw-L07393,つまりこの２つは廃人装備
7400,body,raw-L07393,論理的に反論できる物ならしてみろよ
7401,blank,,
7402,blank,,
7403,post_header,raw-L07403,698 名前：既にその名前は使われています[] 投稿日：03/06/30(月) 15:58 ID:vq4fxsym [51/53]
7404,body,raw-L07403,だからたくさんいるとは言ってもそれでも持ってないやつのが多いんだろ
7405,body,raw-L07403,つまり持ってる奴は一般より上の廃人ということになる
7406,body,raw-L07403,さっきから反論しきれてないなさてはおまえら釣りか？
7407,blank,,
7408,anchor,raw-L07403,>>696
7409,body,raw-L07403,おまえに三流と言われる筋合いはない
7410,body,raw-L07403,おまえがもし俺よりすごい装備を持ってるのなら言う資格はあるが
7411,body,raw-L07403,どうせおまえは何もすごいの持ってないから俺より下
7412,body,raw-L07403,だからおまえが威張る事はできない
7413,blank,,
7414,blank,, 
7415,blank,,
7416,post_header,raw-L07416,705 名前：既にその名前は使われています[] 投稿日：03/06/30(月) 16:05 ID:vq4fxsym [52/53]
7417,anchor,raw-L07416,>>702
7418,body,raw-L07416,だからそれが嘘だと言うんだよ
7419,body,raw-L07416,実際持ってない奴のが圧倒的に多いのは絶対な事実
7420,body,raw-L07416,そんなデタラメを言い出すところを見るとこれはおまえらの負けだな
7421,blank,,
7422,post_header,raw-L07422,709 名前：既にその名前は使われています[] 投稿日：03/06/30(月) 16:07 ID:vq4fxsym [53/53]
7423,body,raw-L07422,さっきから聞き流してやったがうざいから言わせてもらおう
7424,body,raw-L07422,セイブザクーインは狼鯖では５０万
7425,body,raw-L07422,つまりグラットンより遥かに下
7426,body,raw-L07422,グラットンは１１０万
7427,body,raw-L07422,これが現実なのだよ
7428,blank,,
7429,blank,, 
7430,blank,,
7431,section_title,,【名誉既存】ﾌﾞﾛｯﾄﾝｿｰﾄﾞは最強4【仏の顔を三度】
7432,blank,,
7433,blank,, 
7434,blank,,
7435,blank,, 
7436,blank,,
7437,post_header,raw-L07437,463 名前：既にその名前は使われています[] 投稿日：03/07/05(土) 19:45 ID:OhbENR7q [1/22]
7438,body,raw-L07437,Burontと同じLSの者なんだが
7439,body,raw-L07437,最近グラットンの自慢をしなくなりました
7440,body,raw-L07437,ベヒーモスマントも持ってるけど最近は自慢してない
7441,body,raw-L07437,だからこのスレはもう意味が無い
7442,blank,,
7443,blank,, 
7444,blank,,
7445,post_header,raw-L07445,465 名前：既にその名前は使われています[] 投稿日：03/07/05(土) 19:52 ID:OhbENR7q [2/22]
7446,anchor,raw-L07445,>>464
7447,body,raw-L07445,は？何言ってんの？
7448,body,raw-L07445,おまえ馬鹿だな
7449,body,raw-L07445,グラットンは持ってれば一級廃人の証というFAがとっくに出てるんだが
7450,blank,,
7451,post_header,raw-L07451,467 名前：既にその名前は使われています[sage] 投稿日：03/07/05(土) 19:56 ID:OhbENR7q [3/22]
7452,anchor,raw-L07451,>>466
7453,body,raw-L07451,違うと思う
7454,blank,,
7455,post_header,raw-L07455,470 名前：既にその名前は使われています[] 投稿日：03/07/05(土) 20:08 ID:OhbENR7q [4/22]
7456,anchor,raw-L07455,>>468
7457,body,raw-L07455,嘘はおまえだろ
7458,body,raw-L07455,俺もLSにいたが自慢は絶対にしてなかった
7459,body,raw-L07455,嘘ばっか適当こいて評判落とすのやめてくんない？
7460,blank,,
7461,blank,,
7462,post_header,raw-L07462,471 名前：既にその名前は使われています[] 投稿日：03/07/05(土) 20:09 ID:OhbENR7q [5/22]
7463,body,raw-L07462,今BurontがFFにいるということはここにはBurontはいないという証明
7464,blank,,
7465,post_header,raw-L07465,474 名前：既にその名前は使われています[] 投稿日：03/07/05(土) 20:19 ID:OhbENR7q [6/22]
7466,body,raw-L07465,とにかく俺の事本人だとか決めつけた奴は謝罪があってもおかしくない
7467,body,raw-L07465,今ここにはBurontは絶対にいないんだからな
7468,blank,,
7469,post_header,raw-L07469,479 名前：既にその名前は使われています[sage] 投稿日：03/07/05(土) 20:34 ID:OhbENR7q [7/22]
7470,body,raw-L07469,このままでは結論が出ないのでまとめてみる
7471,body,raw-L07469,まずBurontは最近グラットンを自慢してない
7472,body,raw-L07469,自慢してるという書き込みもあったが自慢してないという書き込みのが
7473,body,raw-L07469,多かったから多数決で嘘は自慢してると言った方でしょう
7474,body,raw-L07469,そして今Burontはダボイにいるという証拠があるのでこのスレにもいない
7475,body,raw-L07469,つまりもうこのスレは意味が無くなり終了するしかなくなる
7476,blank,,
7477,blank,,
7478,post_header,raw-L07478,482 名前：既にその名前は使われています[sage] 投稿日：03/07/05(土) 20:45 ID:OhbENR7q [8/22]
7479,body,raw-L07478,名前出すなよマジうざい
7480,body,raw-L07478,偽者もなにも最初からここには来てないって何度も言ってるだろ
7481,body,raw-L07478,何もしてないのにおまえらみたいのに実名晒される身にもなってみろよ
7482,body,raw-L07478,そういうくだらんことするのが俺がむかつくんだよ
7483,blank,,
7484,post_header,raw-L07484,485 名前：既にその名前は使われています[sage] 投稿日：03/07/05(土) 20:49 ID:OhbENR7q [9/22]
7485,anchor,raw-L07484,>>483
7486,body,raw-L07484,俺はあいつのフレだから友情があるからおまえらがむかつくんだよ
7487,body,raw-L07484,ゴミ送ったりいい加減ウザイ
7488,body,raw-L07484,やられる身になれよな悪いことしてないのになんでこんな目に遭わなきゃいけないだよ
7489,blank,,
7490,blank,,
7491,post_header,raw-L07491,490 名前：既にその名前は使われています[] 投稿日：03/07/05(土) 20:56 ID:OhbENR7q [10/22]
7492,anchor,raw-L07491,>>486
7493,body,raw-L07491,偽フレンドがおまえこそそうだろ
7494,body,raw-L07491,謙虚だから自慢はしないんだけど
7495,body,raw-L07491,LSメンが誉めるけど謙遜するし
7496,blank,,
7497,post_header,raw-L07497,493 名前：既にその名前は使われています[] 投稿日：03/07/05(土) 21:00 ID:OhbENR7q [11/22]
7498,anchor,raw-L07497,>>492
7499,body,raw-L07497,いじめられてないって言ってるだろ
7500,body,raw-L07497,うざいよおまえ
7501,blank,,
7502,blank,,
7503,post_header,raw-L07503,499 名前：既にその名前は使われています[] 投稿日：03/07/05(土) 21:08 ID:OhbENR7q [12/22]
7504,body,raw-L07503,いちいち名前出してうざいな
7505,body,raw-L07503,なんでおまえらはそこまで粘着するんだ？
7506,body,raw-L07503,最初から悪い事何もしてないのにほっとけよ
7507,body,raw-L07503,グラットン持ってるってだけでこんな目に遭うのは間違ってる
7508,blank,,
7509,blank,,
7510,post_header,raw-L07510,505 名前：既にその名前は使われています[] 投稿日：03/07/05(土) 21:13 ID:OhbENR7q [13/22]
7511,anchor,raw-L07510,>>502
7512,body,raw-L07510,俺はあんなすごいもの持ってない
7513,body,raw-L07510,一級廃人の証を持ってるのはBurontがすごい
7514,body,raw-L07510,俺も憧れてる
7515,blank,,
7516,anchor,raw-L07510,>>503
7517,body,raw-L07510,あいつはベヒーモスマントも持ってる
7518,body,raw-L07510,だから強い
7519,blank,,
7520,post_header,raw-L07520,509 名前：既にその名前は使われています[] 投稿日：03/07/05(土) 21:16 ID:OhbENR7q [14/22]
7521,anchor,raw-L07520,>>506
7522,body,raw-L07520,謝るのはどう見てもおまえらの方
7523,body,raw-L07520,俺は謝罪をおまえらに宣言する
7524,body,raw-L07520,今謝れば許されるかも
7525,blank,,
7526,post_header,raw-L07526,519 名前：既にその名前は使われています[] 投稿日：03/07/05(土) 21:23 ID:OhbENR7q [15/22]
7527,body,raw-L07526,おまえら謝ったから負けを認めたという事だな
7528,body,raw-L07526,つまりこれは俺が言ってた事が正しくておまえらが全て間違ってた事になる
7529,body,raw-L07526,実妹晒してたが最初から関係なかった
7530,blank,,
7531,post_header,raw-L07531,521 名前：既にその名前は使われています[] 投稿日：03/07/05(土) 21:23 ID:OhbENR7q [16/22]
7532,anchor,raw-L07531,>>517
7533,body,raw-L07531,それは謙虚に実力を隠してただけだろ
7534,body,raw-L07531,おまえ馬鹿だろ
7535,blank,,
7536,post_header,raw-L07536,523 名前：既にその名前は使われています[sage] 投稿日：03/07/05(土) 21:24 ID:OhbENR7q [17/22]
7537,anchor,raw-L07536,>>522
7538,body,raw-L07536,俺はもうこれ以上は必要ないと思う
7539,blank,,
7540,blank,,
7541,post_header,raw-L07541,527 名前：既にその名前は使われています[] 投稿日：03/07/05(土) 21:28 ID:OhbENR7q [18/22]
7542,anchor,raw-L07541,>>525
7543,body,raw-L07541,いちいち間違いの揚げ足取りうざいよ
7544,body,raw-L07541,実名というのを間違えただけだとすぐわかるだろ馬鹿
7545,body,raw-L07541,焦ればミスはする
7546,blank,,
7547,post_header,raw-L07547,534 名前：既にその名前は使われています[] 投稿日：03/07/05(土) 21:34 ID:OhbENR7q [19/22]
7548,body,raw-L07547,うざいよおまえら
7549,body,raw-L07547,そうやってくだらん揚げ足取りしかないところを
7550,body,raw-L07547,おまえらがもう論理的に反論できなくて負けてる証拠
7551,blank,,
7552,post_header,raw-L07552,543 名前：既にその名前は使われています[sage] 投稿日：03/07/05(土) 21:53 ID:OhbENR7q [20/22]
7553,body,raw-L07552,次スレはない
7554,body,raw-L07552,終了
7555,blank,,
7556,post_header,raw-L07556,549 名前：既にその名前は使われています[sage] 投稿日：03/07/05(土) 22:17 ID:OhbENR7q [21/22]
7557,anchor,raw-L07556,>>548
7558,body,raw-L07556,俺もそう思う
7559,body,raw-L07556,全然関係ないだろうな
7560,blank,,
7561,post_header,raw-L07561,551 名前：既にその名前は使われています[sage] 投稿日：03/07/05(土) 22:19 ID:OhbENR7q [22/22]
7562,body,raw-L07561,終了
7563,blank,,
7564,post_header,raw-L07564,563 名前：既にその名前は使われています[] 投稿日：03/07/06(日) 00:13 ID:aBoNeSFG [1/16]
7565,anchor,raw-L07564,>>562
7566,body,raw-L07564,やめとけくだらん
7567,blank,,
7568,post_header,raw-L07568,565 名前：既にその名前は使われています[sage] 投稿日：03/07/06(日) 00:16 ID:aBoNeSFG [2/16]
7569,body,raw-L07568,俺も反対だな
7570,body,raw-L07568,そういう汚いやり方はよくない
7571,blank,,
7572,post_header,raw-L07572,567 名前：既にその名前は使われています[] 投稿日：03/07/06(日) 00:25 ID:aBoNeSFG [3/16]
7573,body,raw-L07572,何も悪い事してないのにゴミを送ったりするのはやめとけ
7574,body,raw-L07572,おまえら最低な事だぞ
7575,blank,,
7576,blank,,
7577,post_header,raw-L07577,569 名前：既にその名前は使われています[] 投稿日：03/07/06(日) 00:31 ID:aBoNeSFG [4/16]
7578,body,raw-L07577,ID同じでも違う人でたまたま同じになる事はよくある
7579,body,raw-L07577,だからIDで判断するのは危険
7580,blank,,
7581,post_header,raw-L07581,571 名前：既にその名前は使われています[] 投稿日：03/07/06(日) 00:35 ID:aBoNeSFG [5/16]
7582,anchor,raw-L07581,>>570
7583,body,raw-L07581,おまえは何も悪い事してないのにゴミが送られてきたら悲しくないのかよ
7584,body,raw-L07581,そういう事はやられる身になってみろよな
7585,body,raw-L07581,グラットンの私怨でやりすぎなんだよ
7586,blank,,
7587,post_header,raw-L07587,575 名前：既にその名前は使われています[] 投稿日：03/07/06(日) 00:45 ID:aBoNeSFG [6/16]
7588,body,raw-L07587,もうやめておけって
7589,body,raw-L07587,別におまえらが何かされたわけじゃないだろ
7590,body,raw-L07587,それなのにおまえらはなんでそんな事ができるんだ？
7591,body,raw-L07587,自慢だってただの誤解でLSメンが尊敬して勝手に誉めてるだけで本人は自慢してないで謙虚
7592,blank,,
7593,post_header,raw-L07593,578 名前：既にその名前は使われています[] 投稿日：03/07/06(日) 00:49 ID:aBoNeSFG [7/16]
7594,anchor,raw-L07593,>>576
7595,body,raw-L07593,適当こくなよ
7596,body,raw-L07593,いじめられてなんてないんだけど
7597,body,raw-L07593,返り討ちにする
7598,blank,,
7599,post_header,raw-L07599,581 名前：既にその名前は使われています[] 投稿日：03/07/06(日) 00:52 ID:aBoNeSFG [8/16]
7600,anchor,raw-L07599,>>579
7601,body,raw-L07599,なんで消さなきゃいけなだ
7602,body,raw-L07599,こっちは何も悪いことしてない
7603,body,raw-L07599,自慢も自分からしたんじゃなくて勝手に尊敬されてるだけ
7604,body,raw-L07599,原因があるならLSメンが悪い
7605,blank,,
7606,blank,,
7607,post_header,raw-L07607,583 名前：既にその名前は使われています[] 投稿日：03/07/06(日) 00:58 ID:aBoNeSFG [9/16]
7608,anchor,raw-L07607,>>581
7609,body,raw-L07607,そうだなゴミ送るならLSメンに送るといい
7610,body,raw-L07607,あいつらが誉めたのが悪い
7611,body,raw-L07607,本人は謙虚にそれほどでもないと言ってるのに誉めて
7612,body,raw-L07607,それで勝手に妬んで私怨なのでむかつく
7613,blank,,
7614,post_header,raw-L07614,588 名前：既にその名前は使われています[] 投稿日：03/07/06(日) 01:10 ID:aBoNeSFG [10/16]
7615,anchor,raw-L07614,>>587
7616,body,raw-L07614,俺はBurontと関係ないからそんなの知ってるわけないだろ
7617,body,raw-L07614,ひっかかると思ったか馬鹿め
7618,blank,,
7619,post_header,raw-L07619,591 名前：既にその名前は使われています[] 投稿日：03/07/06(日) 01:14 ID:aBoNeSFG [11/16]
7620,anchor,raw-L07619,>>589
7621,body,raw-L07619,なんでそうなるだよ
7622,body,raw-L07619,マジうざいよおまえら
7623,body,raw-L07619,何度も言わせるなだが自慢なんてしてないんだろ
7624,blank,,
7625,post_header,raw-L07625,594 名前：既にその名前は使われています[] 投稿日：03/07/06(日) 01:20 ID:aBoNeSFG [12/16]
7626,anchor,raw-L07625,>>593
7627,body,raw-L07625,俺が誰だかは関係ないでしょう
7628,body,raw-L07625,おまえらがあまりにも酷いから完全な怒りになった
7629,body,raw-L07625,通りすがりだがこういう何もしてないのに粘着に被害を受けるのは見逃せない
7630,blank,,
7631,blank,,
7632,post_header,raw-L07632,597 名前：既にその名前は使われています[] 投稿日：03/07/06(日) 01:22 ID:aBoNeSFG [13/16]
7633,body,raw-L07632,ゴミ送ってた奴が捕まったらしいよ
7634,body,raw-L07632,おまえらもやばいからやめとけ
7635,blank,,
7636,post_header,raw-L07636,602 名前：既にその名前は使われています[] 投稿日：03/07/06(日) 01:35 ID:aBoNeSFG [14/16]
7637,body,raw-L07636,うざい死ね
7638,blank,,
7639,post_header,raw-L07639,606 名前：既にその名前は使われています[] 投稿日：03/07/06(日) 01:43 ID:aBoNeSFG [15/16]
7640,body,raw-L07639,粘着必死だな
7641,body,raw-L07639,どうせ一人が自演でしょう
7642,blank,,
7643,blank,,
7644,post_header,raw-L07644,608 名前：既にその名前は使われています[sage] 投稿日：03/07/06(日) 01:56 ID:aBoNeSFG [16/16]
7645,body,raw-L07644,こんなくだらんスレ意味ないよ
7646,body,raw-L07644,ただの私怨晒しスレで馬鹿みたい
7647,body,raw-L07644,書き込み禁止
7648,blank,,
7649,post_header,raw-L07649,623 名前：既にその名前は使われています[] 投稿日：03/07/06(日) 10:22 ID:ODbIPpMG [1/17]
7650,anchor,raw-L07649,>>622
7651,body,raw-L07649,本人は最初から関係ないよ
7652,body,raw-L07649,勝手におまえらが決め付けただけ
7653,body,raw-L07649,一度もBurontだと名乗ってないんだけど
7654,blank,,
7655,post_header,raw-L07655,625 名前：既にその名前は使われています[] 投稿日：03/07/06(日) 10:27 ID:ODbIPpMG [2/17]
7656,anchor,raw-L07655,>>624
7657,body,raw-L07655,うざいな
7658,body,raw-L07655,それは偽者だろ馬鹿
7659,blank,,
7660,post_header,raw-L07660,629 名前：既にその名前は使われています[] 投稿日：03/07/06(日) 10:32 ID:ODbIPpMG [3/17]
7661,body,raw-L07660,だいたい偽者とか本物とか意味わからん
7662,body,raw-L07660,関係ない人が実名で陥れられてるだけなだよ
7663,body,raw-L07660,グラットンがそごいという事を語り合うスレなのに晒しは禁止
7664,blank,,
7665,post_header,raw-L07665,634 名前：既にその名前は使われています[] 投稿日：03/07/06(日) 10:38 ID:ODbIPpMG [4/17]
7666,anchor,raw-L07665,>>631
7667,body,raw-L07665,またいじめられてるとか適当こいてるな
7668,body,raw-L07665,喧嘩強いし返り討ちにするしパンチ力も強い
7669,body,raw-L07665,あと見た目もかっこいいという噂
7670,blank,,
7671,post_header,raw-L07671,639 名前：既にその名前は使われています[] 投稿日：03/07/06(日) 10:46 ID:ODbIPpMG [5/17]
7672,anchor,raw-L07671,>>636
7673,anchor,raw-L07671,>>637
7674,body,raw-L07671,論理的に反論できなくなるとそうやって煽るしかないのか
7675,body,raw-L07671,いつもワンパターンなんだよおまえら
7676,blank,,
7677,blank,,
7678,post_header,raw-L07678,641 名前：既にその名前は使われています[] 投稿日：03/07/06(日) 10:48 ID:ODbIPpMG [6/17]
7679,body,raw-L07678,それにBurontは関係ないだろ
7680,body,raw-L07678,ここはグラットンソードのスレだから
7681,body,raw-L07678,がんばって手に入れようとしてがんばったり取った人がすごいと言う事を真面目に話し合う場所
7682,blank,,
7683,post_header,raw-L07683,644 名前：既にその名前は使われています[] 投稿日：03/07/06(日) 10:55 ID:ODbIPpMG [7/17]
7684,body,raw-L07683,だから何度もBurontはここの事知らないって言ってるのによ
7685,body,raw-L07683,しつこいんだよおまえらはゴミ送るとかわけわからん
7686,body,raw-L07683,なんでそういう事をするのか理由が無い
7687,blank,,
7688,post_header,raw-L07688,648 名前：既にその名前は使われています[] 投稿日：03/07/06(日) 11:00 ID:ODbIPpMG [8/17]
7689,anchor,raw-L07688,>>646
7690,body,raw-L07688,６０は軽く超える
7691,body,raw-L07688,でもこう書くとどうせおまえら見栄張って俺より大きい数字書くんだろ
7692,body,raw-L07688,ばれてるんだよ
7693,blank,,
7694,post_header,raw-L07694,654 名前：既にその名前は使われています[] 投稿日：03/07/06(日) 11:09 ID:ODbIPpMG [9/17]
7695,anchor,raw-L07694,>>650
7696,body,raw-L07694,ほら予想通りだ
7697,body,raw-L07694,俺は先を読んでいたから予想が当たった
7698,body,raw-L07694,だからワンパターンだと言ってるんだよ
7699,body,raw-L07694,だが残念だが俺のが一枚上だった事を今から見せる
7700,body,raw-L07694,俺は６０を軽く超えると言ったのはおまえらをひっかけるため
7701,body,raw-L07694,軽く超えると言っただけで６０だとは言ってないだろ
7702,body,raw-L07694,正確には２００以上
7703,blank,,
7704,post_header,raw-L07704,662 名前：既にその名前は使われています[] 投稿日：03/07/06(日) 11:15 ID:ODbIPpMG [10/17]
7705,anchor,raw-L07704,>>659
7706,body,raw-L07704,またひっかかったな
7707,body,raw-L07704,さっきも２００以上とはいったが２００とか言ってない
7708,body,raw-L07704,実は１０００越える
7709,body,raw-L07704,何度も同じ手にひっかかっておまえら学習しろよな
7710,blank,,
7711,blank,,
7712,post_header,raw-L07712,664 名前：既にその名前は使われています[] 投稿日：03/07/06(日) 11:18 ID:ODbIPpMG [11/17]
7713,anchor,raw-L07712,>>663
7714,body,raw-L07712,ちゃんと学校行ってるって何度も言っただろ
7715,body,raw-L07712,同じ事何度も言わせるのはうざいよ
7716,blank,,
7717,post_header,raw-L07717,668 名前：既にその名前は使われています[] 投稿日：03/07/06(日) 11:22 ID:ODbIPpMG [12/17]
7718,body,raw-L07717,勝手にほさいてろ
7719,body,raw-L07717,どうせおまえらはただうらやましいから妬んでる私怨
7720,body,raw-L07717,LSメンは雑魚ではあるが素直なのでちゃんとほめる
7721,body,raw-L07717,その差がおまえらがLSメンより劣っていると証明
7722,blank,,
7723,post_header,raw-L07723,673 名前：既にその名前は使われています[] 投稿日：03/07/06(日) 11:31 ID:ODbIPpMG [13/17]
7724,body,raw-L07723,先週学校行ったって聞いたぞ
7725,body,raw-L07723,嘘かくのはよせ
7726,blank,,
7727,blank,,
7728,post_header,raw-L07728,684 名前：既にその名前は使われています[sage] 投稿日：03/07/06(日) 12:06 ID:ODbIPpMG [14/17]
7729,body,raw-L07728,糞スレ終了
7730,blank,,
7731,post_header,raw-L07731,692 名前：既にその名前は使われています[sage] 投稿日：03/07/06(日) 12:21 ID:ODbIPpMG [15/17]
7732,anchor,raw-L07731,>>689
7733,body,raw-L07731,最初から本物なんていないよ
7734,body,raw-L07731,全部私怨が勝手に名前出しただけ
7735,body,raw-L07731,これ以上レス禁止
7736,blank,,
7737,post_header,raw-L07737,694 名前：既にその名前は使われています[sage] 投稿日：03/07/06(日) 12:24 ID:ODbIPpMG [16/17]
7738,anchor,raw-L07737,>>692
7739,body,raw-L07737,やはりそうだったか
7740,body,raw-L07737,関係ないのに実名を晒すという事は危険
7741,body,raw-L07737,逮捕されたやつもいるらしい
7742,blank,,
7743,blank,,
7744,post_header,raw-L07744,702 名前：既にその名前は使われています[sage] 投稿日：03/07/06(日) 12:30 ID:ODbIPpMG [17/17]
7745,anchor,raw-L07744,>>701
7746,body,raw-L07744,うざい馬鹿
7747,blank,,
7748,blank,, 
7749,blank,,
7750,blank,, 
7751,blank,,
7752,section_title,,【時代は】ｸﾞﾗｯﾄﾝｿｰﾄﾞは最凶５【セイブザクイーン】
7753,blank,,
7754,blank,, 
7755,blank,,
7756,blank,, 
7757,blank,,
7758,post_header,raw-L07758,84 名前：既にその名前は使われています[sage] 投稿日：03/07/08(火) 18:29 ID:wTlIw+ZH [1/47]
7759,body,raw-L07758,どでもいいけどいい加減うざい
7760,body,raw-L07758,グラットン持ってちゃいけないのかよ
7761,body,raw-L07758,馬鹿かおまえら
7762,blank,,
7763,post_header,raw-L07763,87 名前：既にその名前は使われています[sage] 投稿日：03/07/08(火) 18:43 ID:wTlIw+ZH [2/47]
7764,body,raw-L07763,名前出すのマジやめてくんない？
7765,body,raw-L07763,おまえら自分でも偽者とか言ってるって事は本物は何も悪くないって事だろ
7766,body,raw-L07763,ゴミ送りとかも意味わからん
7767,blank,,
7768,blank,, 
7769,blank,,
7770,post_header,raw-L07770,89 名前：既にその名前は使われています[sage] 投稿日：03/07/08(火) 18:48 ID:wTlIw+ZH [3/47]
7771,anchor,raw-L07770,>>88
7772,body,raw-L07770,悪くないのに実名出したりとかするのはやめろよ
7773,body,raw-L07770,ゴミ送ったりも絶対やってはいけない
7774,body,raw-L07770,やられたらどれだけ悲しいかわかるのか
7775,blank,,
7776,blank,,
7777,post_header,raw-L07777,91 名前：既にその名前は使われています[sage] 投稿日：03/07/08(火) 18:53 ID:wTlIw+ZH [4/47]
7778,anchor,raw-L07777,>>90
7779,body,raw-L07777,別に俺が本人じゃないから送られてるわけじゃないので知らない
7780,body,raw-L07777,だがやめろという事を言ってるだけ
7781,body,raw-L07777,大体ただの私怨がここまで行くとはおかしい
7782,blank,,
7783,post_header,raw-L07783,93 名前：既にその名前は使われています[] 投稿日：03/07/08(火) 19:00 ID:wTlIw+ZH [5/47]
7784,anchor,raw-L07783,>>92
7785,body,raw-L07783,俺もそう思うやってる奴は馬鹿
7786,body,raw-L07783,絶対後悔するぞ
7787,blank,,
7788,blank,, 
7789,blank,,
7790,post_header,raw-L07790,94 名前：既にその名前は使われています[sage] 投稿日：03/07/08(火) 19:03 ID:wTlIw+ZH [6/47]
7791,body,raw-L07790,グラットン自慢なんて一度もしてないのにマジうざい
7792,body,raw-L07790,LSメンに勝手にうらやましがられるのもいけないのか？
7793,body,raw-L07790,良い装備してるからほめられてそれを見て嫉妬した奴が晒してるだけ
7794,body,raw-L07790,それに最近はバスタードソードを使ってるという噂
7795,body,raw-L07790,もういい加減粘着やめておけよ
7796,blank,,
7797,post_header,raw-L07797,97 名前：95[] 投稿日：03/07/08(火) 19:07 ID:wTlIw+ZH [7/47]
7798,body,raw-L07797,昨日まではそう思ってたけどGMのパワーはけっこう侮れない
7799,body,raw-L07797,やめといたほうがいいと言う事が証明された
7800,blank,,
7801,blank,,
7802,post_header,raw-L07802,98 名前：既にその名前は使われています[] 投稿日：03/07/08(火) 19:09 ID:wTlIw+ZH [8/47]
7803,anchor,raw-L07802,>>96
7804,body,raw-L07802,今本人に聞いたけど怒ってた
7805,body,raw-L07802,やめておかないとこっちも考えがあるから
7806,body,raw-L07802,そろそろ反撃するかもしれないといってた切り札があるらしい
7807,blank,,
7808,post_header,raw-L07808,104 名前：95[] 投稿日：03/07/08(火) 19:14 ID:wTlIw+ZH [9/47]
7809,anchor,raw-L07808,>>101
7810,body,raw-L07808,実は俺もBurontがうらやましくて悔しいから
7811,body,raw-L07808,ゴミ送ってたんだが昨日GMに怒られて
7812,body,raw-L07808,垢バンになった
7813,body,raw-L07808,もう悪い事は改心した
7814,blank,,
7815,post_header,raw-L07815,105 名前：既にその名前は使われています[] 投稿日：03/07/08(火) 19:15 ID:wTlIw+ZH [10/47]
7816,anchor,raw-L07815,>>104
7817,body,raw-L07815,おまえは馬鹿だがそれで教訓になってこれから立派に真面目な人間になる
7818,body,raw-L07815,今もまだ実名出したりゴミ送ってる馬鹿よりは強い
7819,blank,,
7820,post_header,raw-L07820,109 名前：既にその名前は使われています[] 投稿日：03/07/08(火) 19:19 ID:wTlIw+ZH [11/47]
7821,body,raw-L07820,前にも言ったがIDが同じでもたまたま同じになっただけで
7822,body,raw-L07820,そういう事がよくあるらしい
7823,body,raw-L07820,だからID同じだからと言って同じ人だと判断すると痛い目に見る
7824,blank,,
7825,post_header,raw-L07825,111 名前：既にその名前は使われています[] 投稿日：03/07/08(火) 19:27 ID:wTlIw+ZH [12/47]
7826,anchor,raw-L07825,>>110
7827,body,raw-L07825,俺はそんな事はないと思うな
7828,body,raw-L07825,ちゃんと目を通してFFの世界を知り尽くしてると思う
7829,body,raw-L07825,だからグラットンとベヒーモスマントを手に入れる事が出来た
7830,blank,,
7831,post_header,raw-L07831,117 名前：既にその名前は使われています[] 投稿日：03/07/08(火) 19:42 ID:wTlIw+ZH [13/47]
7832,anchor,raw-L07831,>>116
7833,body,raw-L07831,待て>>115は偽者だ
7834,body,raw-L07831,本物を態度悪くしてああやってむかつかせようとしてる
7835,body,raw-L07831,だからひっかかるな
7836,blank,,
7837,blank,,
7838,post_header,raw-L07838,122 名前：既にその名前は使われています[] 投稿日：03/07/08(火) 19:48 ID:wTlIw+ZH [14/47]
7839,anchor,raw-L07838,>>121
7840,body,raw-L07838,やめろよそうやって本物の評判を落とす作戦だろう
7841,body,raw-L07838,本物は自慢はしない
7842,blank,,
7843,blank,,
7844,post_header,raw-L07844,132 名前：既にその名前は使われています[] 投稿日：03/07/08(火) 19:55 ID:wTlIw+ZH [15/47]
7845,anchor,raw-L07844,>>126
7846,body,raw-L07844,だからいつも言ってるが自慢はしてない
7847,body,raw-L07844,LSメンが勝手にほめて尊敬してるだけ
7848,body,raw-L07844,それを影で妬んでる奴がLSの中にいるでしょう
7849,body,raw-L07844,俺は自分では謙虚にしてるし自慢なんてしない
7850,body,raw-L07844,ベヒーモスマントだって見せびらかさないし
7851,blank,,
7852,blank,,
7853,post_header,raw-L07853,135 名前：既にその名前は使われています[] 投稿日：03/07/08(火) 19:58 ID:wTlIw+ZH [16/47]
7854,body,raw-L07853,あと誰かが勝手に言ってたけど
7855,body,raw-L07853,グラットンは実力でロット勝ちして取った
7856,body,raw-L07853,ベヒーモスマントはこれも実力で１３０万で落札
7857,body,raw-L07853,貰ったりなんてしてないから適当こくのはよせ
7858,blank,,
7859,post_header,raw-L07859,140 名前：既にその名前は使われています[] 投稿日：03/07/08(火) 20:06 ID:wTlIw+ZH [17/47]
7860,anchor,raw-L07859,>>139
7861,body,raw-L07859,今本人に聞いたが全部嘘
7862,body,raw-L07859,粘着うざい死ね
7863,blank,,
7864,blank,,
7865,post_header,raw-L07865,142 名前：既にその名前は使われています[] 投稿日：03/07/08(火) 20:08 ID:wTlIw+ZH [18/47]
7866,anchor,raw-L07865,>>141
7867,body,raw-L07865,嘘つくなよ聞かれてないぞ
7868,body,raw-L07865,グラットンはロット勝ちしたのはその時の参加者全員が証拠となる
7869,body,raw-L07865,おまえの負けだ
7870,blank,,
7871,blank,,
7872,post_header,raw-L07872,147 名前：既にその名前は使われています[] 投稿日：03/07/08(火) 20:15 ID:wTlIw+ZH [19/47]
7873,anchor,raw-L07872,>>146
7874,body,raw-L07872,違うよでたらめ言うな
7875,body,raw-L07872,大体BurontがLSでナンバー１廃人だからお下がりなどありえない
7876,body,raw-L07872,しかしそのナンバー１の強さだったせいで妬まれたのでしょう
7877,blank,,
7878,blank,,
7879,post_header,raw-L07879,151 名前：既にその名前は使われています[] 投稿日：03/07/08(火) 20:18 ID:wTlIw+ZH [20/47]
7880,body,raw-L07879,仕方ないから証拠としてログを出す
7881,blank,,
7882,body,raw-L07879,俺：こんばんは
7883,body,raw-L07879,Buront：何の用だ？
7884,body,raw-L07879,俺：質問ですがグラットンとベヒーモスマントは貰ったのですか？
7885,body,raw-L07879,Buront：違う実力でゲット
7886,body,raw-L07879,俺：やっぱりそうでしたかすごいですね
7887,body,raw-L07879,Buront：謙虚だからほめられても自慢はしない
7888,blank,,
7889,post_header,raw-L07889,155 名前：既にその名前は使われています[] 投稿日：03/07/08(火) 20:24 ID:wTlIw+ZH [21/47]
7890,anchor,raw-L07889,>>154
7891,body,raw-L07889,迷惑だからよせ俺が一人でやる
7892,blank,,
7893,post_header,raw-L07893,165 名前：既にその名前は使われています[] 投稿日：03/07/08(火) 20:41 ID:wTlIw+ZH [22/47]
7894,body,raw-L07893,うざいなしつこいよ
7895,body,raw-L07893,どっちも自力で実力でゲットしたと何度も言わせるな
7896,blank,,
7897,blank,,
7898,post_header,raw-L07898,168 名前：既にその名前は使われています[] 投稿日：03/07/08(火) 20:46 ID:wTlIw+ZH [23/47]
7899,body,raw-L07898,とにかくもう晒したりゴミ送る理由がないだよ
7900,body,raw-L07898,自慢は結局誤解だったし自力でゲットしてないという疑問も嘘だと証明された
7901,blank,,
7902,blank,, 
7903,blank,,
7904,post_header,raw-L07904,171 名前：既にその名前は使われています[] 投稿日：03/07/08(火) 20:49 ID:wTlIw+ZH [24/47]
7905,body,raw-L07904,それといい加減はっきりしておきたいんだが
7906,body,raw-L07904,セイブザクーイーンはグラットンより下
7907,body,raw-L07904,その証拠にグラットンより競売では安い
7908,body,raw-L07904,セイブは５０万でグラットンは少し前まで１１０万
7909,body,raw-L07904,最強鯖の狼だからこその信頼度
7910,body,raw-L07904,よその雑魚い鯖のは参考にならないので放置
7911,blank,,
7912,post_header,raw-L07912,172 名前：既にその名前は使われています[] 投稿日：03/07/08(火) 20:51 ID:wTlIw+ZH [25/47]
7913,anchor,raw-L07912,>>170
7914,body,raw-L07912,１３０万という大金を持つのは超実力だと思うんだが
7915,body,raw-L07912,先に言っておくがそのくらいたいしたことないもっと持ってる奴もいるとか言うなよ
7916,body,raw-L07912,いつも言ってるが自分の事じゃないのに威張るなよな
7917,blank,,
7918,blank,,
7919,post_header,raw-L07919,178 名前：既にその名前は使われています[] 投稿日：03/07/08(火) 20:54 ID:wTlIw+ZH [26/47]
7920,anchor,raw-L07919,>>175
7921,body,raw-L07919,出たなやっぱりこのホラ吹き野郎が
7922,body,raw-L07919,どうせ持ってないくせによ証拠ないだろ馬鹿
7923,blank,,
7924,post_header,raw-L07924,184 名前：既にその名前は使われています[] 投稿日：03/07/08(火) 20:58 ID:wTlIw+ZH [27/47]
7925,anchor,raw-L07924,>>177
7926,body,raw-L07924,焦っててちょっと間違えただけだろ
7927,body,raw-L07924,いちいちうざいな
7928,body,raw-L07924,それに上とか言ってるが実際に競売ではグラットンより安いという真の現実
7929,body,raw-L07924,大体名前からして負けてるでしょう
7930,body,raw-L07924,グラットンソードは落とす骨の名前から取ってる
7931,body,raw-L07924,強そうなキャラの固有名詞でかっこいいのだが
7932,body,raw-L07924,セイブザクイーンというのは女王の守りというのが女なので弱々しい
7933,blank,,
7934,blank,, 
7935,blank,,
7936,post_header,raw-L07936,190 名前：既にその名前は使われています[] 投稿日：03/07/08(火) 21:03 ID:wTlIw+ZH [28/47]
7937,anchor,raw-L07936,>>185
7938,body,raw-L07936,うるさいよおまえ別に名前の意味なんてどうでもいい
7939,body,raw-L07936,グラットンのが高く取り引きされてるという現実
7940,body,raw-L07936,これが重要な真実
7941,blank,,
7942,post_header,raw-L07942,193 名前：既にその名前は使われています[] 投稿日：03/07/08(火) 21:05 ID:wTlIw+ZH [29/47]
7943,body,raw-L07942,暴食とか言ってる奴は適当こいてる
7944,body,raw-L07942,論理的に反撃してやる
7945,body,raw-L07942,落とす敵は骨でやせてるから絶対暴食なんてしてない
7946,body,raw-L07942,これでおまえらが知ったかぶりなのがわかった
7947,blank,,
7948,post_header,raw-L07948,196 名前：既にその名前は使われています[] 投稿日：03/07/08(火) 21:07 ID:wTlIw+ZH [30/47]
7949,anchor,raw-L07948,>>185
7950,body,raw-L07948,もう一つ反撃してやるこれでとどめだ
7951,body,raw-L07948,おまえ近衛騎士と言ったが近衛騎士はサンドのレベル５５のやつ
7952,body,raw-L07948,グラットン落とす骨は絶対レベル６０以上は軽くある
7953,blank,,
7954,blank,,
7955,post_header,raw-L07955,201 名前：既にその名前は使われています[] 投稿日：03/07/08(火) 21:12 ID:wTlIw+ZH [31/47]
7956,anchor,raw-L07955,>>200
7957,body,raw-L07955,馬鹿かおまえ
7958,body,raw-L07955,別に落とす敵の強さは関係ないだろ
7959,body,raw-L07955,だったら俺の持ってる廃人アイテムの落人は
7960,body,raw-L07955,レベル５０とか６０の敵が落とすアイテムより安いのかよ
7961,blank,,
7962,blank,,
7963,post_header,raw-L07963,203 名前：既にその名前は使われています[] 投稿日：03/07/08(火) 21:14 ID:wTlIw+ZH [32/47]
7964,body,raw-L07963,さらに追い討ちの追加攻撃ってやつだ
7965,body,raw-L07963,リーピーングブーツなんてあんなに雑魚い敵が持ってるのに価値が高い
7966,blank,,
7967,post_header,raw-L07967,210 名前：既にその名前は使われています[] 投稿日：03/07/08(火) 21:20 ID:wTlIw+ZH [33/47]
7968,body,raw-L07967,もうここまででも十分にグラットンの勝ちは圧勝に決まったのだが
7969,body,raw-L07967,さらに攻撃は続く
7970,body,raw-L07967,次は見た目に注目するのだが
7971,body,raw-L07967,セイブはただのひょろっとした弱そうな形
7972,body,raw-L07967,あれで斬られてもあまり痛くはない
7973,body,raw-L07967,しかしグラットンは尖った部分が多くあの部分でさらに敵に致命的な致命傷を与えられる
7974,body,raw-L07967,色も黒っぽいのでダークパワーが宿ってそうで強い
7975,blank,,
7976,post_header,raw-L07976,213 名前：既にその名前は使われています[] 投稿日：03/07/08(火) 21:22 ID:wTlIw+ZH [34/47]
7977,body,raw-L07976,ちなみにダークパワーっぽいのはナイトが持つと
7978,body,raw-L07976,光と闇が両方そなわり最強に見える
7979,body,raw-L07976,暗黒が持つと逆に頭がおかしくなって死ぬ
7980,blank,,
7981,post_header,raw-L07981,219 名前：既にその名前は使われています[] 投稿日：03/07/08(火) 21:25 ID:wTlIw+ZH [35/47]
7982,anchor,raw-L07981,>>218
7983,body,raw-L07981,おまえ何わけのわからないこと言ってんの？
7984,body,raw-L07981,そうやって話題を全然関係なくそらして負けを認めない気だな
7985,body,raw-L07981,俺には通用せず見破られてしまった
7986,blank,,
7987,post_header,raw-L07987,228 名前：既にその名前は使われています[] 投稿日：03/07/08(火) 21:30 ID:wTlIw+ZH [36/47]
7988,body,raw-L07987,だから結局グラットンのが上なんだよ
7989,body,raw-L07987,競売での価格が全ての真実
7990,blank,,
7991,blank,,
7992,post_header,raw-L07992,229 名前：既にその名前は使われています[] 投稿日：03/07/08(火) 21:31 ID:wTlIw+ZH [37/47]
7993,anchor,raw-L07992,>>227
7994,body,raw-L07992,しつこいなおまえ
7995,quoted_line,raw-L07992,>>160は嘘ついてるだけ
7996,body,raw-L07992,俺は誰にも借りてない
7997,body,raw-L07992,実力で落札したと何度も言ってる
7998,blank,,
7999,post_header,raw-L07999,234 名前：既にその名前は使われています[] 投稿日：03/07/08(火) 21:33 ID:wTlIw+ZH [38/47]
8000,body,raw-L07999,それと俺はBurontじゃないんだけど
8001,body,raw-L07999,ただの通りすがりのナイト
8002,blank,,
8003,post_header,raw-L08003,243 名前：既にその名前は使われています[] 投稿日：03/07/08(火) 21:36 ID:wTlIw+ZH [39/47]
8004,anchor,raw-L08003,>>239
8005,body,raw-L08003,いい加減うざい
8006,body,raw-L08003,借りてない物は借りてないとしか言えない
8007,body,raw-L08003,それよりここはグラットンのスレなのでそれについて語りましょう
8008,blank,,
8009,post_header,raw-L08009,249 名前：既にその名前は使われています[] 投稿日：03/07/08(火) 21:38 ID:wTlIw+ZH [40/47]
8010,anchor,raw-L08009,>>245
8011,body,raw-L08009,おまえはなかなか賢い
8012,body,raw-L08009,グラットンをよく理解ができてて好感度が高いので固定になってもいい
8013,body,raw-L08009,ちなみに俺はクラスでは魔神と呼ばれて恐れられてる
8014,blank,,
8015,post_header,raw-L08015,259 名前：既にその名前は使われています[] 投稿日：03/07/08(火) 21:42 ID:wTlIw+ZH [41/47]
8016,anchor,raw-L08015,>>255
8017,body,raw-L08015,誰だとか言ってるけど馬鹿か？
8018,body,raw-L08015,誰というのは人に対する言い方
8019,body,raw-L08015,太公望は釣竿だろ
8020,blank,,
8021,post_header,raw-L08021,262 名前：既にその名前は使われています[] 投稿日：03/07/08(火) 21:43 ID:wTlIw+ZH [42/47]
8022,anchor,raw-L08021,>>258
8023,body,raw-L08021,本人に聞いた
8024,blank,,
8025,post_header,raw-L08025,266 名前：既にその名前は使われています[] 投稿日：03/07/08(火) 21:45 ID:wTlIw+ZH [43/47]
8026,anchor,raw-L08025,>>265
8027,body,raw-L08025,漫画の話を出してきやがった馬鹿がいるな
8028,body,raw-L08025,漫画と現実の区別もつかないのかよ
8029,blank,,
8030,post_header,raw-L08030,270 名前：既にその名前は使われています[] 投稿日：03/07/08(火) 21:45 ID:wTlIw+ZH [44/47]
8031,anchor,raw-L08030,>>267
8032,body,raw-L08030,おまえもしかして太公望の釣竿知らないの？
8033,blank,,
8034,blank,, 
8035,blank,,
8036,post_header,raw-L08036,278 名前：既にその名前は使われています[] 投稿日：03/07/08(火) 21:48 ID:wTlIw+ZH [45/47]
8037,anchor,raw-L08036,>>271
8038,body,raw-L08036,でも所詮は漫画だろ信頼度は低い
8039,body,raw-L08036,いい加減諦めろ
8040,body,raw-L08036,あとベヒーモスは何度言われても借りてない
8041,body,raw-L08036,本当に絶対借りてない
8042,blank,,
8043,post_header,raw-L08043,280 名前：既にその名前は使われています[sage] 投稿日：03/07/08(火) 21:49 ID:wTlIw+ZH [46/47]
8044,anchor,raw-L08043,>>275
8045,body,raw-L08043,多分偽者だろ
8046,body,raw-L08043,以後放置でsage
8047,blank,,
8048,post_header,raw-L08048,283 名前：既にその名前は使われています[sage] 投稿日：03/07/08(火) 21:50 ID:wTlIw+ZH [47/47]
8049,body,raw-L08048,糞スレ終了
8050,blank,,
8051,blank,,
8052,post_header,raw-L08052,649 名前：既にその名前は使われています[sage] 投稿日：03/07/15(火) 10:51 ID:h3EQC/mZ [1/23]
8053,body,raw-L08052,このスレもとうとう終わりだな
8054,body,raw-L08052,それに俺はこの前Burontと組んだがここで言われてるような自慢はしてない
8055,body,raw-L08052,結局装備を妬んだ雑魚が私怨で適当こいてたに過ぎないという結論
8056,blank,,
8057,post_header,raw-L08057,653 名前：既にその名前は使われています[] 投稿日：03/07/15(火) 11:07 ID:h3EQC/mZ [2/23]
8058,anchor,raw-L08057,>>650
8059,body,raw-L08057,おまえはなかなか賢い
8060,body,raw-L08057,だが他のやつらは馬鹿だからまだ名前を出してるので私怨
8061,blank,,
8062,post_header,raw-L08062,656 名前：既にその名前は使われています[] 投稿日：03/07/15(火) 11:13 ID:h3EQC/mZ [3/23]
8063,anchor,raw-L08062,>>655
8064,body,raw-L08062,そういうのはやめとけ
8065,body,raw-L08062,おまえのやってることは違法の犯罪だぞ
8066,blank,,
8067,post_header,raw-L08067,665 名前：既にその名前は使われています[] 投稿日：03/07/15(火) 11:30 ID:h3EQC/mZ [4/23]
8068,body,raw-L08067,俺もこの前Burontと組んだが自慢してなかったぞ
8069,body,raw-L08067,自慢してくるという話は嘘の噂だったと見て確実だな
8070,body,raw-L08067,ベヒーモスマントも持っててすごい装備なのに自慢しないとは偉い人だ
8071,blank,,
8072,post_header,raw-L08072,668 名前：既にその名前は使われています[] 投稿日：03/07/15(火) 11:37 ID:h3EQC/mZ [5/23]
8073,quoted_line,raw-L08072,>>667は偽者
8074,body,raw-L08072,みんな相手にするなよ
8075,blank,,
8076,post_header,raw-L08076,670 名前：既にその名前は使われています[] 投稿日：03/07/15(火) 11:43 ID:h3EQC/mZ [6/23]
8077,anchor,raw-L08076,>>669
8078,body,raw-L08076,実は俺は本物と友達
8079,body,raw-L08076,今本人に聞いたがここは見た事ないと言う
8080,blank,,
8081,post_header,raw-L08081,676 名前：既にその名前は使われています[] 投稿日：03/07/15(火) 11:48 ID:h3EQC/mZ [7/23]
8082,anchor,raw-L08081,>>672
8083,body,raw-L08081,絶対違う偽者だ
8084,body,raw-L08081,本人が言ってるんだからそっちが正しいに決まってる
8085,body,raw-L08081,馬鹿かおまえ
8086,blank,,
8087,post_header,raw-L08087,680 名前：既にその名前は使われています[] 投稿日：03/07/15(火) 11:53 ID:h3EQC/mZ [8/23]
8088,body,raw-L08087,グラットン持ってるのは廃人の証だろ
8089,body,raw-L08087,ベヒーモスマントだって普通の奴は持てないしよ
8090,blank,,
8091,post_header,raw-L08091,692 名前：既にその名前は使われています[] 投稿日：03/07/15(火) 12:38 ID:h3EQC/mZ [9/23]
8092,body,raw-L08091,グラットン持ってないナイトのが多い＝グラットンがすごいという証拠
8093,body,raw-L08091,これに対してまだ誰も論理的に反論ができてない
8094,blank,,
8095,post_header,raw-L08095,700 名前：既にその名前は使われています[] 投稿日：03/07/15(火) 12:46 ID:h3EQC/mZ [10/23]
8096,anchor,raw-L08095,>>696
8097,body,raw-L08095,セイブザクイーンはうちの鯖では５０万なのでグラットンより安い
8098,body,raw-L08095,これは持ってても何の自慢にもならないでしょう
8099,blank,,
8100,blank,,
8101,post_header,raw-L08101,702 名前：既にその名前は使われています[] 投稿日：03/07/15(火) 12:51 ID:h3EQC/mZ [11/23]
8102,body,raw-L08101,グラットンソード
8103,body,raw-L08101,パワー：Ｓ スピード：Ｂ 廃人度：Ｓ
8104,body,raw-L08101,バスタードソード+1
8105,body,raw-L08101,パワー：Ａ スピード：Ａ 廃人度：Ｂ
8106,body,raw-L08101,ブラッドソード
8107,body,raw-L08101,パワー：Ａ スピード：Ｃ 廃人度：Ｂ
8108,body,raw-L08101,セイブザクイーン
8109,body,raw-L08101,パワー：Ｃ スピード：Ｓ 廃人度：Ａ
8110,blank,,
8111,body,raw-L08101,客観的な分析をしたがやはり総合の力ではグラットンが一番
8112,blank,,
8113,blank,,
8114,post_header,raw-L08114,707 名前：既にその名前は使われています[] 投稿日：03/07/15(火) 12:56 ID:h3EQC/mZ [12/23]
8115,anchor,raw-L08114,>>704
8116,body,raw-L08114,じゃあこれなら納得だろもう文句は出ないと確信できる
8117,blank,,
8118,body,raw-L08114,グラットンソード
8119,body,raw-L08114,パワー：Ｓ スピード：Ｂ 防御力：Ｓ 廃人度：Ｓ
8120,body,raw-L08114,バスタードソード+1
8121,body,raw-L08114,パワー：Ａ スピード：Ａ 防御力：Ｂ 廃人度：Ｂ
8122,body,raw-L08114,ブラッドソード
8123,body,raw-L08114,パワー：Ａ スピード：Ｃ 防御力：Ｃ 廃人度：Ａ
8124,body,raw-L08114,セイブザクイーン
8125,body,raw-L08114,パワー：Ｃ スピード：Ｓ 防御力：Ａ 廃人度：Ａ
8126,blank,,
8127,post_header,raw-L08127,709 名前：既にその名前は使われています[] 投稿日：03/07/15(火) 12:58 ID:h3EQC/mZ [13/23]
8128,body,raw-L08127,客観的じゃないと言うならおまえらが評価をしてみろよ
8129,body,raw-L08127,俺のとどっちが賛成する奴が多いか見物だな
8130,body,raw-L08127,言っとくけど自作自演はするなよ
8131,blank,,
8132,post_header,raw-L08132,712 名前：既にその名前は使われています[] 投稿日：03/07/15(火) 13:07 ID:h3EQC/mZ [14/23]
8133,body,raw-L08132,どうやら煽るだけで誰も完璧な評価表を作れないので俺のが正しかった
8134,blank,,
8135,post_header,raw-L08135,716 名前：既にその名前は使われています[] 投稿日：03/07/15(火) 13:10 ID:h3EQC/mZ [15/23]
8136,anchor,raw-L08135,>>714
8137,body,raw-L08135,通りすがりの者だがこれは話にならないですね
8138,body,raw-L08135,グラットンの廃人度がＣというのはおかしい
8139,blank,,
8140,blank,,
8141,post_header,raw-L08141,720 名前：既にその名前は使われています[] 投稿日：03/07/15(火) 13:13 ID:h3EQC/mZ [16/23]
8142,anchor,raw-L08141,>>717
8143,body,raw-L08141,たった２つだけで得意げに言うなよ
8144,body,raw-L08141,俺は４つもの武器を評価したがおまえはたった２つ
8145,body,raw-L08141,これはどちらが評価する人間として能力が優れてるか明確
8146,blank,,
8147,post_header,raw-L08147,726 名前：既にその名前は使われています[] 投稿日：03/07/15(火) 13:20 ID:h3EQC/mZ [17/23]
8148,body,raw-L08147,グラットンソード
8149,body,raw-L08147,パワー：Ｓ スピード：Ｂ 防御力：Ｓ 廃人度：Ｓ 権力：Ｓ
8150,body,raw-L08147,バスタードソード
8151,body,raw-L08147,パワー：Ｂ スピード：Ｂ 防御力：Ｂ 廃人度：Ｄ 権力：Ｄ
8152,body,raw-L08147,バスタードソード+1
8153,body,raw-L08147,パワー：Ａ スピード：Ａ 防御力：Ｂ 廃人度：Ｂ 権力：Ｂ
8154,body,raw-L08147,ブラッドソード
8155,body,raw-L08147,パワー：Ａ スピード：Ｃ 防御力：Ｃ 廃人度：Ａ 権力：Ｃ
8156,body,raw-L08147,セイブザクイーン
8157,body,raw-L08147,パワー：Ｃ スピード：Ｓ 防御力：Ａ 廃人度：Ａ 権力：Ａ
8158,blank,,
8159,body,raw-L08147,権力を追加した
8160,body,raw-L08147,権力というのは持ってる事による尊敬されやすさと発言権の強さ
8161,blank,,
8162,blank,,
8163,post_header,raw-L08163,729 名前：既にその名前は使われています[] 投稿日：03/07/15(火) 13:22 ID:h3EQC/mZ [18/23]
8164,anchor,raw-L08163,>>728
8165,body,raw-L08163,そうだろうか？俺は>>726のはかなり信頼性が高いと思うぞ
8166,body,raw-L08163,客観的によく見ている頭の良い評価だ
8167,blank,,
8168,post_header,raw-L08168,732 名前：既にその名前は使われています[] 投稿日：03/07/15(火) 13:24 ID:h3EQC/mZ [19/23]
8169,body,raw-L08168,誰も論理的に反論できないな
8170,body,raw-L08168,また俺に勝利か
8171,blank,,
8172,post_header,raw-L08172,737 名前：既にその名前は使われています[] 投稿日：03/07/15(火) 13:27 ID:h3EQC/mZ [20/23]
8173,body,raw-L08172,おまえら馬鹿だからたくさんステータスの項目を作るとわからないらしいのでもっと簡単しよう
8174,blank,,
8175,body,raw-L08172,性能
8176,body,raw-L08172,グラットン＞バスタード＋１＞バスタード＞セイブ＞ブラッド
8177,body,raw-L08172,廃人度
8178,body,raw-L08172,グラットン＞セイブ＞ブラッド＞バスタード＋１＞バスタード
8179,blank,,
8180,post_header,raw-L08180,745 名前：既にその名前は使われています[] 投稿日：03/07/15(火) 13:35 ID:h3EQC/mZ [21/23]
8181,anchor,raw-L08180,>>744
8182,body,raw-L08180,馬鹿が
8183,body,raw-L08180,おまえのそれは主観というのだよ
8184,blank,,
8185,post_header,raw-L08185,751 名前：既にその名前は使われています[] 投稿日：03/07/15(火) 13:43 ID:h3EQC/mZ [22/23]
8186,anchor,raw-L08185,>>750
8187,body,raw-L08185,いや、俺は負けてないと思うな
8188,blank,,
8189,post_header,raw-L08189,756 名前：既にその名前は使われています[] 投稿日：03/07/15(火) 13:47 ID:h3EQC/mZ [23/23]
8190,body,raw-L08189,ホーバージョン
8191,body,raw-L08189,パワー：Ｓ スピード：Ａ 命中パワー：Ｓ 防御：Ａ 廃人度：Ｓ
8192,body,raw-L08189,バーニー
8193,body,raw-L08189,パワー：Ａ スピード：Ｂ 命中パワー：Ｃ 防御：Ａ 廃人度：Ｂ
8194,body,raw-L08189,ガラントサコート
8195,body,raw-L08189,パワー：Ｂ スピード：Ｂ 命中パワー：Ｂ 防御：Ｓ 廃人度：Ｃ
8196,blank,,
8197,blank,,
8198,blank,,
8199,section_title,,そろそろ竜騎士の時代だろ
8200,blank,,
8201,blank,, 
8202,blank,,
8203,blank,, 
8204,blank,,
8205,post_header,raw-L08205,14 名前：最高の騎士[] 投稿日：03/07/28(月) 10:55 ID:ngm7Ux7E [1/29]
8206,body,raw-L08205,とてとて戦の再開
8207,body,raw-L08205,瞬間テルが殺到した
8208,body,raw-L08205,どうやらナイトの力が必要らしい
8209,body,raw-L08205,面倒だったので断ったが粘着されたので
8210,body,raw-L08205,仕方ないから参入して稼がせてやった
8211,body,raw-L08205,ヒュムリア♀とエルリア♀からフレンド登録の要請が来た
8212,body,raw-L08205,ナイトは最強だと思った（リアル話）
8213,blank,,
8214,post_header,raw-L08214,17 名前：最高の騎士[] 投稿日：03/07/28(月) 11:46 ID:ngm7Ux7E [2/29]
8215,body,raw-L08214,俺がログインするたびにその仔猫（リア♀）たちが戯れてくる
8216,body,raw-L08214,仕方ないからＰＴに入る
8217,body,raw-L08214,どうやら俺を崇拝しているらしい
8218,body,raw-L08214,ＰＴに入ってないときにもTellしてくる
8219,body,raw-L08214,ナイトならではの出来事（リアル話）
8220,blank,,
8221,post_header,raw-L08221,23 名前：最高の騎士[] 投稿日：03/07/28(月) 12:08 ID:ngm7Ux7E [3/29]
8222,anchor,raw-L08221,>>22
8223,body,raw-L08221,つがう最強はナイトと証明されている
8224,body,raw-L08221,竜騎士は一応騎士だから暗黒と並んで
8225,body,raw-L08221,ナイトの下僕と自覚してもらう
8226,body,raw-L08221,ちょっと調子こきすぎ
8227,blank,,
8228,post_header,raw-L08228,25 名前：最高の騎士[] 投稿日：03/07/28(月) 12:11 ID:ngm7Ux7E [4/29]
8229,body,raw-L08228,ウソじゃない
8230,body,raw-L08228,これがリアル話に聞こえないのはお前らの
8231,body,raw-L08228,Ｐスキルが低くリア♀が惹かれないから
8232,body,raw-L08228,おれほどのスキルの持ち主は常に引っ張りだこ（リアル話）
8233,blank,,
8234,post_header,raw-L08234,28 名前：最高の騎士[] 投稿日：03/07/28(月) 12:15 ID:ngm7Ux7E [5/29]
8235,anchor,raw-L08234,>>24
8236,body,raw-L08234,バカは黙れ
8237,body,raw-L08234,茶化すくらいなら書き込むな
8238,body,raw-L08234,おれは調子こいてる奴を見ると叩き潰したくなる
8239,body,raw-L08234,お前も候補入りだばか
8240,blank,,
8241,post_header,raw-L08241,33 名前：最高の騎士[] 投稿日：03/07/28(月) 12:25 ID:ngm7Ux7E [6/29]
8242,body,raw-L08241,おれはリア♀に一目置かれている
8243,body,raw-L08241,それはフレ登録の殺到で証明されている
8244,body,raw-L08241,もてないのはＰスキルの低いから
8245,blank,,
8246,post_header,raw-L08246,36 名前：最高の騎士[] 投稿日：03/07/28(月) 13:18 ID:ngm7Ux7E [7/29]
8247,anchor,raw-L08246,>>34
8248,body,raw-L08246,利用なんてされていない
8249,body,raw-L08246,むしろ逆だ俺は誘われるほう
8250,body,raw-L08246,いつでも誘いが来るのでＰＴを作るなんてやってられない
8251,body,raw-L08246,リア♀はいつも俺を誘ってくる
8252,anchor,raw-L08246,>>35
8253,body,raw-L08246,バカはお前だ
8254,body,raw-L08246,誰がブロントだよ勝ってに決めるな
8255,body,raw-L08246,そもそも誰だよって感じだバカ
8256,body,raw-L08246,おれはＰスキルの高い最高のナイトだ
8257,blank,,
8258,blank,,
8259,post_header,raw-L08259,45 名前：最高の騎士[] 投稿日：03/07/28(月) 13:41 ID:ngm7Ux7E [8/29]
8260,body,raw-L08259,おまえらふざけた態度とってる
8261,body,raw-L08259,失礼だとは思わないのか
8262,body,raw-L08259,おれは常識もわきまえないような
8263,body,raw-L08259,低脳なレスはs無視する
8264,body,raw-L08259,おまえら真剣にＦＦをやれよ
8265,body,raw-L08259,このままじゃリア♀全部フレ登録する羽目になる
8266,body,raw-L08259,嫉妬する時間が惜しいだろ
8267,blank,,
8268,post_header,raw-L08268,48 名前：最高の騎士[] 投稿日：03/07/28(月) 13:52 ID:ngm7Ux7E [9/29]
8269,anchor,raw-L08268,>>46
8270,body,raw-L08268,冗談は顔とＰスキルの低さだけにしろ
8271,body,raw-L08268,あんな空飛んでヘイト逃げする騎士と
8272,body,raw-L08268,攻撃を一手に引き受ける至高ｼﾞｮﾌﾞを一緒にするなと言いたい
8273,body,raw-L08268,このＰＴを思う思いやりももてる秘訣だ
8274,body,raw-L08268,近日中に結婚するつもり
8275,blank,,
8276,post_header,raw-L08276,49 名前：最高の騎士[] 投稿日：03/07/28(月) 13:54 ID:ngm7Ux7E [10/29]
8277,anchor,raw-L08276,>>47
8278,body,raw-L08276,リアルは関係ないということが解らないのかバカ
8279,body,raw-L08276,実際におれはＦＦでもてもての引っ張りだこ
8280,blank,,
8281,blank,,
8282,post_header,raw-L08282,63 名前：最高の騎士[] 投稿日：03/07/28(月) 14:29 ID:ngm7Ux7E [11/29]
8283,body,raw-L08282,おれは顔真っ赤になんてしていない（リアル話）
8284,body,raw-L08282,おまえらの嫉妬は見苦しい
8285,body,raw-L08282,人をバカにする暇があるなら自分を磨け
8286,body,raw-L08282,今のおれはそう言うふうにしてある
8287,body,raw-L08282,もてる秘訣はここにあるのかも（謙虚）
8288,blank,,
8289,post_header,raw-L08289,70 名前：最高の騎士[] 投稿日：03/07/28(月) 14:39 ID:ngm7Ux7E [12/29]
8290,anchor,raw-L08289,>>64
8291,body,raw-L08289,ふざけるなよ
8292,body,raw-L08289,スレッドのタイトルがふざけてるから
8293,body,raw-L08289,本当のことを言ったまでだ
8294,body,raw-L08289,ナイトは真の勇者だから
8295,body,raw-L08289,竜騎士は後手に回るしかない
8296,blank,,
8297,post_header,raw-L08297,73 名前：最高の騎士[] 投稿日：03/07/28(月) 14:45 ID:ngm7Ux7E [13/29]
8298,anchor,raw-L08297,>>67
8299,body,raw-L08297,お前もふざけたスレ立ててると一泡ふかせるぞ
8300,body,raw-L08297,ナイトをゴミと言い放つには何か確証があるんだろうな
8301,body,raw-L08297,仮にあったとしてもそれはＰスキルの低い奴だから俺には効かない（リアル話）
8302,body,raw-L08297,おれは最高の騎士であるナイトの実力に惹かれている
8303,body,raw-L08297,だからリア♀も俺に惹かれてる
8304,body,raw-L08297,勉強してくることをねがう
8305,blank,,
8306,post_header,raw-L08306,78 名前：最高の騎士[] 投稿日：03/07/28(月) 14:57 ID:ngm7Ux7E [14/29]
8307,body,raw-L08306,いいやお前らは解ってない
8308,body,raw-L08306,全部のナイトが最高の騎士じゃない
8309,body,raw-L08306,最高の騎士の条件
8310,body,raw-L08306,つよい
8311,body,raw-L08306,もてる
8312,body,raw-L08306,フレ登録殺到
8313,body,raw-L08306,様々な高度Ｐスキル
8314,body,raw-L08306,だ
8315,body,raw-L08306,竜騎士は飛んでるだけ
8316,body,raw-L08306,暗黒騎士もケアル受けてるだけ
8317,body,raw-L08306,これでいかにナイトが優れているか解るはず
8318,blank,,
8319,post_header,raw-L08319,82 名前：最高の騎士[] 投稿日：03/07/28(月) 15:02 ID:ngm7Ux7E [15/29]
8320,anchor,raw-L08319,>>77
8321,body,raw-L08319,俺が相手するんだからかわいいに決まっている
8322,body,raw-L08319,俺はあんまりブスは好きじゃないからな
8323,body,raw-L08319,ヒュム♀＞エルヴァ―ン＞ミスラだな
8324,body,raw-L08319,基本的にヒュム♀はかわいい
8325,blank,,
8326,blank,,
8327,post_header,raw-L08327,88 名前：最高の騎士[] 投稿日：03/07/28(月) 15:09 ID:ngm7Ux7E [16/29]
8328,anchor,raw-L08327,>>79
8329,body,raw-L08327,Ｐスキルの低い奴らにＰスキルの向上を促している
8330,body,raw-L08327,そんなこともわからない奴は俺のフレンドには要らない消えろ
8331,anchor,raw-L08327,>>80
8332,body,raw-L08327,なんだお前は
8333,body,raw-L08327,お前のような奴はフレお断りだ
8334,body,raw-L08327,リア♀が多いのでそんな暇もない
8335,anchor,raw-L08327,>>81
8336,body,raw-L08327,お前その言葉使ってると逮捕だぞ
8337,body,raw-L08327,以後気をつけろ（この辺の心配りが人気の秘訣）
8338,blank,,
8339,post_header,raw-L08339,93 名前：最高の騎士[] 投稿日：03/07/28(月) 15:18 ID:ngm7Ux7E [17/29]
8340,anchor,raw-L08339,>>86
8341,body,raw-L08339,それはお前がヒュム♀に頼りにされてないので
8342,body,raw-L08339,嫉妬してるだけの問題
8343,anchor,raw-L08339,>>87
8344,body,raw-L08339,ネカマはフレの中には居ない
8345,body,raw-L08339,ネカマであれだけ魅力あるわけも無いからな
8346,body,raw-L08339,確信済み
8347,anchor,raw-L08339,>>89
8348,body,raw-L08339,お前も俺のＰスキルをバカにしているバカか
8349,body,raw-L08339,いい加減お前らもＰスキル上げて俺を楽にしてくれ
8350,body,raw-L08339,こう誘いがあっては一人の時間も作れない（リアル話）
8351,blank,,
8352,blank,,
8353,post_header,raw-L08353,97 名前：最高の騎士[] 投稿日：03/07/28(月) 15:31 ID:ngm7Ux7E [18/29]
8354,anchor,raw-L08353,>>90
8355,body,raw-L08353,竜騎士をバカにするな
8356,body,raw-L08353,真の騎士であるナイトまで弱く見えるだろう
8357,body,raw-L08353,竜騎士はそれほど強くないが一説ではヘイト管理できるらしい
8358,body,raw-L08353,（もちろん完全に管理しきってるナイトには遠く及ばないが）
8359,body,raw-L08353,あと俺がどこで話そうと関係ないだろお前がしゃべることを禁止する
8360,anchor,raw-L08353,>>91>>92
8361,body,raw-L08353,お前らには向上心がないね
8362,body,raw-L08353,もう終わってる
8363,body,raw-L08353,この違いが画面を越えてキャラのＰスキルの低下に繋がって行ってるんだろうな
8364,blank,,
8365,blank,, 
8366,blank,,
8367,post_header,raw-L08367,99 名前：最高の騎士[] 投稿日：03/07/28(月) 15:35 ID:ngm7Ux7E [19/29]
8368,anchor,raw-L08367,>>94
8369,body,raw-L08367,バカが！最高の騎士は俺だけで十分だよ
8370,body,raw-L08367,お前のはおれのマネをしたパクリのニセモノ
8371,body,raw-L08367,一体何が面白くて人の足を引っ張る
8372,body,raw-L08367,リア♀のフレ登録確かにウザイがお前のがウザイ
8373,body,raw-L08367,いい加減に引き下がることを要求する
8374,blank,,
8375,blank,,
8376,post_header,raw-L08376,108 名前：最高の騎士[] 投稿日：03/07/28(月) 15:55 ID:ngm7Ux7E [20/29]
8377,anchor,raw-L08376,>>103
8378,body,raw-L08376,お前はほんとに救いようのないほらふきだな
8379,body,raw-L08376,そもそも俺のうちは裕福だ
8380,body,raw-L08376,ﾀﾞから心も広い
8381,body,raw-L08376,それに比べてお前は人を貶めるような事ばかり
8382,body,raw-L08376,そんなんではいくら装備品を良くしても最高の騎士にはなれない
8383,body,raw-L08376,ちなみにおれもＬＳで遊び行くときは最高級の装備をしてゆく
8384,body,raw-L08376,野良ＰＴ戦ではいやみになるし極力控えてるが
8385,body,raw-L08376,ＰＴがピンチになったら変身する
8386,body,raw-L08376,何度もそれで危機を脱した
8387,body,raw-L08376,お前には心を広くすることが必要不可欠
8388,blank,,
8389,post_header,raw-L08389,112 名前：至高の騎士[] 投稿日：03/07/28(月) 16:16 ID:ngm7Ux7E [21/29]
8390,body,raw-L08389,バカだな
8391,body,raw-L08389,この装備を言ったら俺が誰だかばれてしまう
8392,body,raw-L08389,お前のように今では一般でも購入されてしまう装備品に価値はない
8393,body,raw-L08389,せっかくそっとしといてやったのに
8394,body,raw-L08389,自分の心に広さが怖い
8395,body,raw-L08389,最高の騎士はヴァージョンアップして至高の騎士に進化した
8396,blank,,
8397,post_header,raw-L08397,116 名前：至高の騎士[] 投稿日：03/07/28(月) 16:25 ID:ngm7Ux7E [22/29]
8398,body,raw-L08397,それどころじゃない
8399,body,raw-L08397,俺の怒りは有頂天！
8400,body,raw-L08397,ｽｰﾊﾟｰサイヤ人からスーパー大猿になった感覚
8401,body,raw-L08397,もう止められない
8402,blank,,
8403,blank,,
8404,post_header,raw-L08404,121 名前：至高の騎士[] 投稿日：03/07/28(月) 16:40 ID:ngm7Ux7E [23/29]
8405,anchor,raw-L08404,>>119
8406,body,raw-L08404,ハッキリ言ってお前のは絡みづらいから
8407,body,raw-L08404,お前が２番でもういいよ　俺が一番だけど
8408,anchor,raw-L08404,>>120
8409,body,raw-L08404,ほらまたおれへ憧れだした奴が一人
8410,body,raw-L08404,これはもう認めるしかないでしょう
8411,body,raw-L08404,でも勘違いしてるね
8412,body,raw-L08404,別に恥ずかしい事じゃない
8413,body,raw-L08404,みんなもプライド持ってやってれば
8414,body,raw-L08404,そのうち軽く言えるようになる
8415,body,raw-L08404,おれはプライドの塊　だから一番強い
8416,blank,,
8417,post_header,raw-L08417,126 名前：至高の騎士[] 投稿日：03/07/28(月) 17:08 ID:ngm7Ux7E [24/29]
8418,body,raw-L08417,どちらにしてもナイトが最重要なわけだな
8419,body,raw-L08417,盾がしっかりしてないと稼げるものも稼げなくなるしな
8420,body,raw-L08417,俺はそこらの一般と違って与えられた役割以上に仕事をこなす
8421,body,raw-L08417,やはりナイトは頼りになるらしい
8422,body,raw-L08417,まぁ、やっててやりがいのあるｼﾞｮﾌﾞ
8423,blank,,
8424,post_header,raw-L08424,128 名前：至高の騎士[] 投稿日：03/07/28(月) 17:14 ID:ngm7Ux7E [25/29]
8425,anchor,raw-L08424,>>127
8426,body,raw-L08424,なんだお前は
8427,body,raw-L08424,ストーカーか　気持ち悪いからレスつけるな
8428,body,raw-L08424,しばらくヴァナでヒュム♀のレベル上げ手伝うことになってるから
8429,body,raw-L08424,心配する必要はない
8430,blank,,
8431,post_header,raw-L08431,137 名前：至高の騎士[] 投稿日：03/07/28(月) 17:34 ID:ngm7Ux7E [26/29]
8432,body,raw-L08431,なんだ　今度はおれを煽りに来たのか
8433,body,raw-L08431,何か気に障ることをしたんなら謝るが
8434,body,raw-L08431,あいにく礼節にうるさい至高の騎士としては
8435,body,raw-L08431,お前らの望むような悪態は一度としてついていない
8436,body,raw-L08431,そもそもおれは引き篭もりじゃない
8437,body,raw-L08431,ヒュム♀とかとよく話してる
8438,blank,,
8439,post_header,raw-L08439,140 名前：至高の騎士[] 投稿日：03/07/28(月) 17:38 ID:ngm7Ux7E [27/29]
8440,body,raw-L08439,またでたよ　パクリやろう
8441,body,raw-L08439,別にお前をニセモノだという気はないが
8442,body,raw-L08439,究極は調子こきすぎ
8443,body,raw-L08439,そもそもその安易な名前に寒気すら感じる始末
8444,blank,,
8445,post_header,raw-L08445,143 名前：至高の騎士[] 投稿日：03/07/28(月) 17:42 ID:ngm7Ux7E [28/29]
8446,anchor,raw-L08445,>>134
8447,body,raw-L08445,追加
8448,body,raw-L08445,それはお前が晒されてるからじゃないのか
8449,body,raw-L08445,俺は違う　ぜんぜん知らない人から希望だしてるナイトを差し置いて
8450,body,raw-L08445,誘われたことが何回もある
8451,body,raw-L08445,これは俺が至高の騎士だから噂が広まった（フレ談）
8452,body,raw-L08445,今でもフレのフレと一緒にたまに良くＰＴくんで狩りに行く
8453,blank,,
8454,post_header,raw-L08454,145 名前：至高の騎士[] 投稿日：03/07/28(月) 17:48 ID:ngm7Ux7E [29/29]
8455,body,raw-L08454,今日は今からいかなきゃ行けないとこあるから
8456,body,raw-L08454,落ちるけど俺はまけてないからな
8457,body,raw-L08454,またそのうち来るよ
8458,body,raw-L08454,お前ら全員Ｐスキル低すぎ！ばーーか！
8459,blank,,
8460,blank,,
8461,post_header,raw-L08461,177 名前：至高の騎士[] 投稿日：03/07/29(火) 09:50 ID:/5Jn5dhR [1/3]
8462,body,raw-L08461,おはよう
8463,body,raw-L08461,さて昨日の続きだけど
8464,body,raw-L08461,究極の騎士(パクリ)はいるのか
8465,blank,,
8466,blank,,
8467,post_header,raw-L08467,179 名前：至高の騎士[] 投稿日：03/07/29(火) 10:36 ID:/5Jn5dhR [2/3]
8468,anchor,raw-L08467,>>178
8469,body,raw-L08467,はげていない
8470,body,raw-L08467,お前はなにかハゲヒュムに恨みがあるようだが
8471,body,raw-L08467,それを俺にぶつけるのはお門違い
8472,body,raw-L08467,俺が誇り高い思考の騎士じゃなかったら
8473,body,raw-L08467,既にお前は海の中
8474,blank,,
8475,post_header,raw-L08475,181 名前：至高の騎士[] 投稿日：03/07/29(火) 10:45 ID:/5Jn5dhR [3/3]
8476,body,raw-L08475,どちらかと言えばモンクﾀｲﾌﾟ
8477,body,raw-L08475,あくまでどちらかと言えばであって
8478,body,raw-L08475,ただのモンクﾀｲﾌﾟだと思ってたら
8479,body,raw-L08475,痛い目に会うこと確実（リアル話）
8480,blank,,
8481,blank,,
8482,blank,, 
8483,blank,,
8484,section_title,,【正直】ナイトはゴミジョブpart3【寄生虫】
8485,blank,,
8486,blank,,
8487,blank,,
8488,post_header,raw-L08488,34 名前：最高の騎士[] 投稿日：03/07/28(月) 11:54 ID:ngm7Ux7E [1/2]
8489,body,raw-L08488,ヒュムナイトしているがナイトをバカにしてる奴がバカ
8490,body,raw-L08488,ナイトが居ないと何も出来ないくせに強がるバカ
8491,body,raw-L08488,昨日も現にPTに速攻誘われたし
8492,body,raw-L08488,フレ登録もいまだに来る
8493,body,raw-L08488,ナイトは無限の可能性を秘めている
8494,blank,,
8495,post_header,raw-L08495,72 名前：至高の騎士[] 投稿日：03/07/28(月) 17:29 ID:ngm7Ux7E [2/2]
8496,body,raw-L08495,ほんとにつまんないな
8497,body,raw-L08495,ここはナイトが糞かどうかを検証するスレじゃないのか
8498,body,raw-L08495,せっかくナイトの最高峰である俺がきたのに
8499,body,raw-L08495,ちょっとひどくない？
8500,blank,,
8501,blank,,
8502,blank,,
8503,blank,,
8504,section_title,,【合法】天下一武装会【ＭＰＫ】
8505,blank,,
8506,blank,, 
8507,blank,,
8508,blank,, 
8509,blank,,
8510,post_header,raw-L08510,1 名前：最高の騎士[] 投稿日：03/08/18(月) 13:00 ID:CYcBRIhV [1/3]
8511,body,raw-L08510,蛙イベントは失敗した
8512,body,raw-L08510,イベントとして今必要なのは
8513,body,raw-L08510,せっかく灰プレイして高級装備してても
8514,body,raw-L08510,実力の程がわかんないから
8515,body,raw-L08510,合法的にＭＰＫが出来る舞台を用意してほしい（リアル話）
8516,body,raw-L08510,3国それぞれで大会は行われる様にして
8517,body,raw-L08510,各優勝者はジュノで戦うことにする
8518,body,raw-L08510,これで各ジョブの格差も把握できると思う(リアル話)
8519,body,raw-L08510,率直に言えば赤は強すぎ・傲慢の塊なので
8520,body,raw-L08510,大幅な弱体をした後に大会希望（ナイトは別）
8521,blank,,
8522,blank,, 
8523,blank,,
8524,post_header,raw-L08524,4 名前：最高の騎士[] 投稿日：03/08/18(月) 13:05 ID:CYcBRIhV [2/3]
8525,anchor,raw-L08524,>>1
8526,body,raw-L08524,ＰＫだった
8527,blank,,
8528,blank,,
8529,post_header,raw-L08529,22 名前：最高の騎士[] 投稿日：03/08/18(月) 17:03 ID:CYcBRIhV [3/3]
8530,body,raw-L08529,バカだな
8531,body,raw-L08529,もちろん２ｈアビは2時間おきにしか使えない
8532,body,raw-L08529,よって本来の高性能を誇るナイトが有利
8533,body,raw-L08529,この話に乗った時点でお前らの敗北は決定（大胆不敵）
8534,body,raw-L08529,そもそも狩人なんて相手じゃないし（リアル話）
8535,body,raw-L08529,グラットンを持てばその他のジョブなんてかずり傷程度で
8536,body,raw-L08529,かたずけられる
8537,body,raw-L08529,俺は狩る側であって狩られる側じゃないから
8538,body,raw-L08529,心配は要らない（リアル話）
8539,blank,,
8540,post_header,raw-L08540,55 名前：最高の騎士[] 投稿日：03/08/19(火) 08:47 ID:cxJ5HRvz [1/5]
8541,body,raw-L08540,ＰＫ導入でほんとの実力者が分かる（リアル話）
8542,body,raw-L08540,これでやっと個人所有の灰装備が産声を上げられる（リアル話）
8543,body,raw-L08540,そしてここで大口叩いているやつの大半が
8544,body,raw-L08540,ナイトに負けてナイト弱体しろと叫ぶだろうけど
8545,body,raw-L08540,はっきりいってそれはやめろと言っておく（切実）
8546,body,raw-L08540,いまバス勢がイマイチ勢いが無いがこれで回復も考えられる
8547,blank,,
8548,post_header,raw-L08548,60 名前：最高の騎士[] 投稿日：03/08/19(火) 09:29 ID:cxJ5HRvz [2/5]
8549,body,raw-L08548,とにかく赤はムカツクので
8550,body,raw-L08548,大幅な弱体を求めることにする
8551,body,raw-L08548,ファランクスでナイト以上の盾になったなどとぬかす糞赤が
8552,body,raw-L08548,最近目立つ（大きな勘違い）
8553,body,raw-L08548,白の仕事も奪うし傲慢な態度を取り続ける赤に
8554,body,raw-L08548,おれは最強にご立腹している（リアル話）
8555,body,raw-L08548,とにかく赤大幅弱体それ以外は後回しでもいい
8556,body,raw-L08548,蛙イベント要らないからその分赤の超大幅弱体を要求（激怒）
8557,blank,,
8558,post_header,raw-L08558,64 名前：最高の騎士[] 投稿日：03/08/19(火) 09:48 ID:cxJ5HRvz [3/5]
8559,body,raw-L08558,というか後衛要らないから
8560,body,raw-L08558,ナイトのＭＰを大幅上昇させるべき（リアル話）
8561,body,raw-L08558,そうすれば後衛不足にならない（リアル話）
8562,body,raw-L08558,オートリフレシュも６５以降特性につけば言うこと無し
8563,body,raw-L08558,でもそれ位して当たり前
8564,body,raw-L08558,騎士は今まで敵の攻撃の中を耐えてきた
8565,body,raw-L08558,新たな力に目覚めて当たり前（リアル話）
8566,blank,,
8567,blank,,
8568,post_header,raw-L08568,70 名前：最高の騎士[] 投稿日：03/08/19(火) 10:34 ID:cxJ5HRvz [4/5]
8569,body,raw-L08568,ＰｖＰ出来るようになったら
8570,body,raw-L08568,絶対ナイト系が増える事になる（リアル話）
8571,body,raw-L08568,その他前衛にはほぼ確実に勝つことが出来る
8572,body,raw-L08568,心が痛むのが詩人・シーフジョブ
8573,body,raw-L08568,彼らとは気が合うから見逃してやってもいい（勝ちは譲らないけど）
8574,body,raw-L08568,ナイトはさらに憧れられるぞんざいになる
8575,blank,,
8576,blank,,
8577,post_header,raw-L08577,71 名前：最高の騎士[] 投稿日：03/08/19(火) 10:51 ID:cxJ5HRvz [5/5]
8578,body,raw-L08577,それじゃヴァナディールに
8579,body,raw-L08577,降り立つことにする
8580,body,raw-L08577,じゃあまた
8581,blank,,
8582,blank,, 
8583,blank,,
8584,blank,, 
8585,blank,,
8586,blank,,
8587,section_title,,【取るな】天然素材【ころすぞ】
8588,blank,,
8589,blank,, 
8590,blank,,
8591,blank,, 
8592,blank,,
8593,post_header,raw-L08593,1 名前：最高の騎士[] 投稿日：03/08/21(木) 14:10 ID:zNmeDykx [1/24]
8594,body,raw-L08593,昨日コカ肉を集めてたら低レベ
8595,body,raw-L08593,ルなバカがおれのコカを横取りした（最悪）
8596,body,raw-L08593,勝てないと悟ったのか救援を出してたが
8597,body,raw-L08593,もちろん無視してやった（リアル話）
8598,body,raw-L08593,俺がレイズをかけるのを待っていたのか
8599,body,raw-L08593,そのバカはじっと動かなかった（もちろんかけず）
8600,body,raw-L08593,でしゃばった罰だと思った
8601,body,raw-L08593,雑魚プレイヤーは消えて欲しい（切実）
8602,body,raw-L08593,実際みんなそう思ってると思うので
8603,body,raw-L08593,抵プレイヤーはどっかいってくれるとたすかる
8604,blank,,
8605,post_header,raw-L08605,11 名前：最高の騎士[] 投稿日：03/08/21(木) 14:18 ID:zNmeDykx [2/24]
8606,body,raw-L08605,ほかにもデカ羊乱獲の
8607,body,raw-L08605,バカ狩人とバカシーフもどっかいって欲しい
8608,body,raw-L08605,こいつらはゲームを楽しむことが出来ないバカ
8609,body,raw-L08605,少し余裕を持って欲しい
8610,blank,,
8611,post_header,raw-L08611,24 名前：最高の騎士[] 投稿日：03/08/21(木) 14:25 ID:zNmeDykx [3/24]
8612,body,raw-L08611,おれはいつも余裕を持ってる
8613,body,raw-L08611,だから余裕の無いやつに注意を出来る
8614,body,raw-L08611,ほんとに上にあげた奴らは注意したほうが
8615,body,raw-L08611,いいと思う（リアル話）
8616,blank,,
8617,post_header,raw-L08617,31 名前：最高の騎士[] 投稿日：03/08/21(木) 14:33 ID:zNmeDykx [4/24]
8618,body,raw-L08617,あとバタリアでトラ乱獲してる奴も同様
8619,body,raw-L08617,はっきり言って他の奴の迷惑を考えていないとしか
8620,body,raw-L08617,思えない行動（リアル話）
8621,body,raw-L08617,今のところ我慢してるけどいつ
8622,body,raw-L08617,怒るが爆発するかわからない（リアル話）
8623,blank,,
8624,post_header,raw-L08624,35 名前：最高の騎士[] 投稿日：03/08/21(木) 14:43 ID:zNmeDykx [5/24]
8625,body,raw-L08624,お前らウザイ
8626,body,raw-L08624,おれは余裕あるって言ってるし
8627,body,raw-L08624,ﾀﾞから注意出来るくらい心がゆとりある（リアル話）
8628,anchor,raw-L08624,>>32
8629,body,raw-L08624,おれが何で自分を責めなきゃいけないかわからない
8630,body,raw-L08624,罪を負うのは勝てもしないのに横取りしたバカ
8631,anchor,raw-L08624,>>33
8632,body,raw-L08624,好感が持てる
8633,body,raw-L08624,コカの奴もそうしていれば死ななかったのに
8634,body,raw-L08624,バカみたいに救援ﾀﾞすから罪を負うことになった
8635,blank,,
8636,blank,,
8637,post_header,raw-L08637,40 名前：最高の騎士[] 投稿日：03/08/21(木) 15:15 ID:zNmeDykx [6/24]
8638,body,raw-L08637,ここにいる奴らは
8639,body,raw-L08637,何ですぐ煽ってくるのか不思議でたまらない
8640,body,raw-L08637,おれは何も悪いこと言ってないし（苦笑）
8641,body,raw-L08637,ただわかったのは心の余裕のない奴らが
8642,body,raw-L08637,おれをひがんでる様に見えると言うこと
8643,body,raw-L08637,見苦しいし何も進展性がないのでおれは怒りが溜まってきてる（用心）
8644,blank,,
8645,post_header,raw-L08645,44 名前：最高の騎士[] 投稿日：03/08/21(木) 15:21 ID:zNmeDykx [7/24]
8646,body,raw-L08645,おれのLSのやつらは常識を持ってるから
8647,body,raw-L08645,LSのやつが狩ってる場所での乱獲はしない（リアル話）
8648,body,raw-L08645,楽しむ余裕をなくしたバカは金の亡者になる
8649,body,raw-L08645,はっきり言って邪魔なので邪魔しないことを要望（リアル話）
8650,blank,,
8651,post_header,raw-L08651,51 名前：既にその名前は使われています[] 投稿日：03/08/21(木) 15:28 ID:zNmeDykx [8/24]
8652,anchor,raw-L08651,>>45
8653,body,raw-L08651,お前のLSなんかに興味ないし
8654,body,raw-L08651,邪魔なのはどっちかを考えることを要求
8655,body,raw-L08651,みんなから笑われるから気をつけることをお勧めする
8656,anchor,raw-L08651,>>４６
8657,body,raw-L08651,何がそんなにおかしいのか意味不明
8658,body,raw-L08651,そんなに怒ったおれが見たいのか
8659,body,raw-L08651,手遅れになるのではままるな
8660,blank,,
8661,post_header,raw-L08661,60 名前：最高の騎士[] 投稿日：03/08/21(木) 15:40 ID:zNmeDykx [9/24]
8662,anchor,raw-L08661,>>52
8663,body,raw-L08661,お前人をむかつかせるなよ（激怒）
8664,body,raw-L08661,きっとお前はまじめな論議をした事がないまま大人になった
8665,body,raw-L08661,んだろうと考える（苦笑）
8666,body,raw-L08661,実際むかついたよ上手いなむかつかせるの
8667,body,raw-L08661,でもここはむかつかせる所じゃないから何処かに行け
8668,blank,,
8669,blank,,
8670,post_header,raw-L08670,71 名前：最高の騎士[] 投稿日：03/08/21(木) 15:52 ID:zNmeDykx [10/24]
8671,body,raw-L08670,おれは別に悪口は言っていないとおもうんだけど
8672,body,raw-L08670,気を悪くした人がいるなら謝る（謝罪）
8673,body,raw-L08670,これでひがんでる奴らの気は晴れたと思うので
8674,body,raw-L08670,俺の狩りの邪魔はしないふぇ下さい（約束）
8675,blank,,
8676,blank,,
8677,post_header,raw-L08677,75 名前：最高の騎士[] 投稿日：03/08/21(木) 15:56 ID:zNmeDykx [11/24]
8678,anchor,raw-L08677,>>64
8679,body,raw-L08677,何で人を陥れようとするのか意味不明（怒り絶頂）
8680,body,raw-L08677,前からちょくちょく聞く名だがブロントなんて言う奴は知らない
8681,body,raw-L08677,しおれの人生で知る必要もないと思う
8682,body,raw-L08677,ただあげられた武具は普通にスゴイもちろん手に入れる手はず
8683,blank,,
8684,blank,,
8685,post_header,raw-L08685,80 名前：最高の騎士[] 投稿日：03/08/21(木) 16:19 ID:zNmeDykx [12/24]
8686,body,raw-L08685,グラットンはすでにある（驚愕）
8687,body,raw-L08685,自慢するつもりはなかったから伏せておいた（謙虚）
8688,body,raw-L08685,ベヒーモスマントはお金貯めて買うことにする
8689,body,raw-L08685,いま８０万なのであと４０万くらい貯めようと思う
8690,body,raw-L08685,完全無欠になる日も近い（成人）
8691,blank,,
8692,post_header,raw-L08692,89 名前：最高の騎士[] 投稿日：03/08/21(木) 16:31 ID:zNmeDykx [13/24]
8693,anchor,raw-L08692,>>83
8694,body,raw-L08692,別に無視はしてないと思うけど
8695,body,raw-L08692,もうすこし文章を読み取ってもらいたい（リアル話）
8696,anchor,raw-L08692,>>84
8697,body,raw-L08692,別に自慢してないと言ってる！
8698,body,raw-L08692,ただ貴重な武具装備品だから
8699,body,raw-L08692,自慢と思われるのがイヤだから伏せていた
8700,body,raw-L08692,聞かれたから答えただけ（苦笑）
8701,blank,,
8702,post_header,raw-L08702,93 名前：最高の騎士[] 投稿日：03/08/21(木) 16:39 ID:zNmeDykx [14/24]
8703,quoted_line,raw-L08702,>>91→>>88
8704,body,raw-L08702,あらたまて言うけど煽りは要らないです
8705,body,raw-L08702,ストレスたまるので（苦笑）
8706,blank,,
8707,post_header,raw-L08707,98 名前：最高の騎士[] 投稿日：03/08/21(木) 16:43 ID:zNmeDykx [15/24]
8708,body,raw-L08707,誰のものでもない
8709,body,raw-L08707,別にこのことについて言うことはない
8710,body,raw-L08707,ただ勝てないやつはウザイから邪魔だって
8711,body,raw-L08707,言ってるだけ
8712,body,raw-L08707,死ぬの待ってる時間が無駄に思える
8713,body,raw-L08707,いい迷惑だと考える（怒）
8714,blank,,
8715,blank,,
8716,post_header,raw-L08716,107 名前：最高の騎士[] 投稿日：03/08/21(木) 16:50 ID:zNmeDykx [16/24]
8717,body,raw-L08716,勝てないところで戦っていて
8718,body,raw-L08716,他人がとやかく言う資格がない？
8719,body,raw-L08716,じゃ巣なんかのＭＰＫも容認ってことだな
8720,body,raw-L08716,奥からわざわざ低レベルでつって来て
8721,body,raw-L08716,戦闘中のＰＴの中でくたばっても文句言う資格がないのと同じ
8722,blank,,
8723,blank,,
8724,post_header,raw-L08724,110 名前：最高の騎士[] 投稿日：03/08/21(木) 16:53 ID:zNmeDykx [17/24]
8725,anchor,raw-L08724,>>108
8726,body,raw-L08724,おれとか仲間の邪魔をするなって意味でな
8727,blank,,
8728,post_header,raw-L08728,113 名前：最高の騎士[] 投稿日：03/08/21(木) 16:55 ID:zNmeDykx [18/24]
8729,anchor,raw-L08728,>>109
8730,body,raw-L08728,おれはいつでもマジメ
8731,body,raw-L08728,この退役白魔の粘着に腹がたってるだけ
8732,blank,,
8733,post_header,raw-L08733,117 名前：最高の騎士[] 投稿日：03/08/21(木) 16:58 ID:zNmeDykx [19/24]
8734,anchor,raw-L08733,>>112
8735,body,raw-L08733,結局プレイヤーの気持ちは知る事が出来ないだろうに
8736,body,raw-L08733,楽しむのが良いことならＭＰＫも成り立つはず
8737,body,raw-L08733,ようはそこに不釣合いなレベルでうろつくなと言うこと（リアル話）
8738,blank,,
8739,post_header,raw-L08739,122 名前：最高の騎士[] 投稿日：03/08/21(木) 17:04 ID:zNmeDykx [20/24]
8740,body,raw-L08739,とりあえずおれの勝ちは決定した（確定）
8741,body,raw-L08739,文句言う奴も凹ませられたので少し満足（良い汗）
8742,blank,,
8743,blank,,
8744,post_header,raw-L08744,128 名前：最高の騎士[] 投稿日：03/08/21(木) 17:07 ID:zNmeDykx [21/24]
8745,anchor,raw-L08744,>>121
8746,body,raw-L08744,だから？気にするやつは
8747,body,raw-L08744,そのまま気にし続ければいいし
8748,body,raw-L08744,気にしないやつは気にしなきゃいいだけの話じゃないの（失笑）
8749,blank,,
8750,blank,,
8751,post_header,raw-L08751,132 名前：最高の騎士[] 投稿日：03/08/21(木) 17:11 ID:zNmeDykx [22/24]
8752,body,raw-L08751,世の中には分相応と言う言葉
8753,body,raw-L08751,がある
8754,body,raw-L08751,そこでソロでやってる人に
8755,body,raw-L08751,邪魔と見えるならそこに居るだけで罪（核心）
8756,blank,,
8757,post_header,raw-L08757,141 名前：最高の騎士[] 投稿日：03/08/21(木) 17:14 ID:zNmeDykx [23/24]
8758,anchor,raw-L08757,>>133
8759,body,raw-L08757,感動した
8760,body,raw-L08757,バカな偽善白魔に鉄槌ありがとう（感涙）
8761,blank,,
8762,post_header,raw-L08762,149 名前：最高の騎士[] 投稿日：03/08/21(木) 17:20 ID:zNmeDykx [24/24]
8763,anchor,raw-L08762,>>143
8764,body,raw-L08762,あの時のコカトリスは許してやっても良い（心が広大）
8765,body,raw-L08762,お前が死んだ後倒せたから
8766,body,raw-L08762,ただもう勝てないところで戦うのはやめてくれ
8767,blank,,
8768,post_header,raw-L08768,230 名前：最高の騎士[] 投稿日：03/08/22(金) 09:04 ID:3LQX0Oyo [1/9]
8769,body,raw-L08768,昨日はおれの勝ちだった（リアル話）
8770,body,raw-L08768,昨日は疲れたから帰ったけどここにまた来たことで
8771,body,raw-L08768,おれは逃げていないということが理解できる（驚愕）
8772,body,raw-L08768,おれを釣ってたらしいけどここは釣りをするところじゃないもら
8773,body,raw-L08768,マジメに話をするところと言うことをわきまえて欲しい（本気）
8774,body,raw-L08768,結局コカ肉を横取りしたやつの名前は思い出せなかったけど
8775,body,raw-L08768,今更ごちゃごちゃ言っても名乗り出ないらろうし無視することに決めた（寛大）
8776,body,raw-L08768,他にもこんな悔しい体験してるやつが居ると思う
8777,body,raw-L08768,おれを見習えとは言わないからおれくらい心を大きく持って欲しい（期待）
8778,blank,,
8779,blank,,
8780,post_header,raw-L08780,235 名前：最高の騎士[] 投稿日：03/08/22(金) 09:54 ID:3LQX0Oyo [2/9]
8781,body,raw-L08780,おれはいつでもＰＴを守っている（リアル話）
8782,body,raw-L08780,攻撃を一身に受けてるのがその証拠（勇敢）
8783,body,raw-L08780,そもそもそんなナイトへの恩も知らずに
8784,body,raw-L08780,おれのコカトリスを奪おうとした罰として見捨てただけ
8785,body,raw-L08780,げんにデカ羊に襲われてる人をおれは助けた（リアル話）
8786,body,raw-L08780,何度も何度も御礼を言われた経験の持ち主（勇者）
8787,blank,,
8788,post_header,raw-L08788,241 名前：最高の騎士[] 投稿日：03/08/22(金) 10:29 ID:3LQX0Oyo [3/9]
8789,body,raw-L08788,別にお前らに理解をもとめているわけじゃないから
8790,body,raw-L08788,お前らのおれに対する攻撃は通用しない（リアル話）
8791,body,raw-L08788,おれは死なないし仲間も出来るだけ死なせない様にしてる（リアル話）
8792,body,raw-L08788,もし仲間を死なせてしまっても謝罪しているので
8793,body,raw-L08788,みんな笑って許してくれる
8794,body,raw-L08788,これはおれのこれまで築き上げてきた信頼と人望の結果だと思う（感動）
8795,body,raw-L08788,先に言っておくがおれで守りきれなかったＰＴは
8796,body,raw-L08788,どいつがやっても無駄
8797,body,raw-L08788,おまえのＰスキルが低いだけと言う煽りはおれには全く効かず通用しない（大人）
8798,blank,,
8799,blank,,
8800,post_header,raw-L08800,251 名前：最高の騎士[] 投稿日：03/08/22(金) 10:48 ID:3LQX0Oyo [4/9]
8801,anchor,raw-L08800,>>243
8802,body,raw-L08800,サイコビーム？お前ウザイな
8803,body,raw-L08800,おれは最高の騎士　最高とサイコを掛けて
8804,body,raw-L08800,上手いとか思ってる奴はほんとウザイよ（苦笑）
8805,anchor,raw-L08800,>>246
8806,body,raw-L08800,ネタスレじゃないただおれはムカツク行為を
8807,body,raw-L08800,するなと注意を含めてここで話してるだけ（思いやり）
8808,body,raw-L08800,ここで注意を受けるような行為は他人の迷惑を考えてない行為
8809,body,raw-L08800,だから俺は許しても許さない（リアル話）
8810,body,raw-L08800,そう思っている奴も多いはず（理解）
8811,body,raw-L08800,おれは代表として言ってるに過ぎないから
8812,body,raw-L08800,おれに対する煽りは他のやつらの怒りを買うだけだから注意（用心不足）
8813,blank,,
8814,blank,,
8815,post_header,raw-L08815,252 名前：最高の騎士[] 投稿日：03/08/22(金) 10:54 ID:3LQX0Oyo [5/9]
8816,body,raw-L08815,名前は　って言うとでも思ったか
8817,body,raw-L08815,あぶないあぶない　名前を言うわけない（用心）
8818,body,raw-L08815,いってもいいけどなにか晒されたりしたらバカ見たいﾀﾞし（よみよみ）
8819,body,raw-L08815,逆恨み連中とかいちいち相手するのも面倒そうだしな
8820,body,raw-L08815,そう言うことだから名前は教えられないと言うことに気づけ（賢者）
8821,blank,,
8822,blank,,
8823,post_header,raw-L08823,256 名前：最高の騎士[] 投稿日：03/08/22(金) 11:11 ID:3LQX0Oyo [6/9]
8824,body,raw-L08823,昨日はコカ肉４Ｄ取れた（収穫）
8825,body,raw-L08823,ライバルは最初いなさげだったが
8826,body,raw-L08823,端の方でコソコソコカと戦ってるバカを発見
8827,body,raw-L08823,少々気になったが小物を気にするﾀｲﾌﾟでもないので
8828,body,raw-L08823,一睨みして無視しといてやったら何も言えず
8829,body,raw-L08823,スゴスゴとどっかに行っていた（貫禄）
8830,body,raw-L08823,あのコカトリスは絶対に肉を落してない
8831,body,raw-L08823,おれと同じ所で同じ獲物を狩るから無駄な時間をかけることになる
8832,blank,,
8833,post_header,raw-L08833,258 名前：最高の騎士[] 投稿日：03/08/22(金) 11:24 ID:3LQX0Oyo [7/9]
8834,body,raw-L08833,ソロムグが断然いい（リアル話）
8835,body,raw-L08833,あんな命がけのところに行ってもメリットはない（リアル話）
8836,body,raw-L08833,かすり傷程度で連戦の利くところをおれはお勧めする
8837,quoted_line,raw-L08833,>>257は趣味が合いそうだ
8838,body,raw-L08833,コカ肉は調理してもそのまま売ってもいい金額になる（リアル話）
8839,blank,,
8840,post_header,raw-L08840,266 名前：最高の騎士[] 投稿日：03/08/22(金) 11:47 ID:3LQX0Oyo [8/9]
8841,body,raw-L08840,おれはケチじゃない（怒）
8842,body,raw-L08840,ちゃんとＬＳの後輩ナイトなんかにも
8843,body,raw-L08840,取ってきた肉を調理して
8844,body,raw-L08840,あげていることがそれを証明している（実証）
8845,body,raw-L08840,勝手な憶測で話をするなよ
8846,body,raw-L08840,人の迷惑を考えてくれ（リアル話）
8847,blank,,
8848,post_header,raw-L08848,273 名前：最高の騎士[sage] 投稿日：03/08/22(金) 12:01 ID:3LQX0Oyo [9/9]
8849,body,raw-L08848,お前達には理解されないみたいなので
8850,body,raw-L08848,このスレ落していい（切実）
8851,body,raw-L08848,ただおれは悔しい思いをしたやつらの代わりに言っただけ（度胸万点）
8852,body,raw-L08848,それすら受け入れられないバカに何言ってもムダなので
8853,body,raw-L08848,今日は帰ってコカ肉を集めに行く（また今度）
8854,body,raw-L08848,ソロムグには来るな（リアル話）
8855,blank,,
8856,blank,,
8857,post_header,raw-L08857,381 名前：最高の騎士[] 投稿日：03/08/23(土) 17:18 ID:bYAxWEvX [1/5]
8858,body,raw-L08857,おい、ここ見てるやつらだと
8859,body,raw-L08857,思うけどわざわざソロムグに来るな（怒）
8860,body,raw-L08857,俺をいちいち調べるな
8861,body,raw-L08857,このスレも早く落ちて欲しい
8862,body,raw-L08857,本当に迷惑している（切実）
8863,blank,,
8864,post_header,raw-L08864,383 名前：既にその名前は使われています[] 投稿日：03/08/23(土) 17:46 ID:bYAxWEvX [2/5]
8865,anchor,raw-L08864,>>382
8866,body,raw-L08864,他の奴の迷惑を考えていないやつら
8867,body,raw-L08864,に警告するためにここを利用しただけ（リアル話）
8868,body,raw-L08864,野次馬根性でソロムグをうろうろするなということ（妨げ）
8869,body,raw-L08864,当たり前のことと考える
8870,blank,,
8871,blank,,
8872,post_header,raw-L08872,387 名前：最高の騎士[] 投稿日：03/08/23(土) 18:06 ID:bYAxWEvX [3/5]
8873,anchor,raw-L08872,>>385
8874,body,raw-L08872,いちいち噛みついてくることに怒りを感じる
8875,body,raw-L08872,やはりここのやつらは
8876,body,raw-L08872,余裕が足りないと思う（リアル話）
8877,body,raw-L08872,ここではそれで満足かもしれないが
8878,body,raw-L08872,ゲームの中では邪魔をしないでほしい（警告）
8879,blank,,
8880,post_header,raw-L08880,388 名前：最高の騎士[] 投稿日：03/08/23(土) 18:12 ID:bYAxWEvX [4/5]
8881,anchor,raw-L08880,>>386
8882,body,raw-L08880,こういう野次馬の典型がゲームで
8883,body,raw-L08880,もおれの邪魔をしている（最悪）
8884,body,raw-L08880,こういうやつはきっとおれ以外にも
8885,body,raw-L08880,ちょっかいをだしていると思うので
8886,body,raw-L08880,ヴァナから消えて欲しい（警告）
8887,blank,,
8888,post_header,raw-L08888,396 名前：既にその名前は使われています[] 投稿日：03/08/23(土) 20:10 ID:bYAxWEvX [5/5]
8889,anchor,raw-L08888,>>392
8890,body,raw-L08888,前もそうだったけどおれに粘着するやつ
8891,body,raw-L08888,には何を言っても無駄らしい（怒）
8892,body,raw-L08888,余裕が無いのはどちらなのか
8893,body,raw-L08888,おれはこうしてる間にもコカ肉３ダース集めている（リアル話）
8894,blank,,
8895,blank,,
8896,post_header,raw-L08896,456 名前：最高の騎士[] 投稿日：03/08/25(月) 09:35 ID:QqRaK534 [1/26]
8897,quoted_line,raw-L08896,>>全員
8898,body,raw-L08896,コカ狙い多すぎ
8899,body,raw-L08896,おれは別に困らないけどここ二日
8900,body,raw-L08896,ソロムグで乱獲してるバカがいて困る（リアル話）
8901,body,raw-L08896,別におれはいいんだけど確実に
8902,body,raw-L08896,迷惑してる人がいるのを理解したほうがいいと判断（賢者）
8903,body,raw-L08896,ここで乱獲バカに注意を出来たと言うことで
8904,body,raw-L08896,おれの余裕が証明された（勝訴）
8905,blank,,
8906,post_header,raw-L08906,460 名前：最高の騎士[] 投稿日：03/08/25(月) 10:06 ID:QqRaK534 [2/26]
8907,anchor,raw-L08906,>>457
8908,body,raw-L08906,おれが最高の騎士だけど
8909,body,raw-L08906,確かに偽者が多い（リアル話）
8910,body,raw-L08906,ひとを落し入れるようなレスが多い（調査結果）
8911,anchor,raw-L08906,>>458>>459
8912,body,raw-L08906,おまえらウザイよ
8913,body,raw-L08906,ここは汚い言葉を言うところじゃないと
8914,body,raw-L08906,言うことを理解することを要望（切実）
8915,body,raw-L08906,最高の騎士への第一歩は品格がある会話から
8916,body,raw-L08906,始まると考える（王族）
8917,blank,,
8918,post_header,raw-L08918,462 名前：最高の騎士[] 投稿日：03/08/25(月) 10:18 ID:QqRaK534 [3/26]
8919,anchor,raw-L08918,>>461
8920,body,raw-L08918,なに言ってる？
8921,body,raw-L08918,ここではタイトルは関係ないだろう（不思議）
8922,body,raw-L08918,騎士への第一歩としての品格の話をしている（貴族）
8923,body,raw-L08918,自慢げに話すのは品格がないと判断
8924,body,raw-L08918,だからグラットンやセイブを持ってても
8925,body,raw-L08918,おれは自慢はあんまりしない（リアル話）
8926,blank,,
8927,blank,,
8928,post_header,raw-L08928,469 名前：最高の騎士[] 投稿日：03/08/25(月) 11:03 ID:QqRaK534 [4/26]
8929,anchor,raw-L08928,>>465
8930,body,raw-L08928,煽るのは気にしないからいいけど（余裕）
8931,body,raw-L08928,おれの品格が疑われるような事を言うのは許さない（怒）
8932,body,raw-L08928,おれは迷惑かけていない
8933,body,raw-L08928,迷惑掛かっていたらtellが来るはず
8934,body,raw-L08928,それが来ないと言うことは迷惑をかけてないと言う証拠（リアル話）
8935,body,raw-L08928,コカ肉は調理に使うにで貴重に大切（リアル話）
8936,blank,,
8937,post_header,raw-L08937,471 名前：最高の騎士[] 投稿日：03/08/25(月) 11:11 ID:QqRaK534 [5/26]
8938,body,raw-L08937,おれは人を見下したりしていない（無罪）
8939,body,raw-L08937,ちゃんと筋は通してる
8940,body,raw-L08937,おれを落し入れるつもりなら名誉毀損（法廷）
8941,body,raw-L08937,自慢だってあんまりしてないと言ってるし（実証）
8942,body,raw-L08937,以上に理由でおれの勝ちは確定（勝訴）
8943,blank,,
8944,post_header,raw-L08944,484 名前：最高の騎士[] 投稿日：03/08/25(月) 12:28 ID:QqRaK534 [6/26]
8945,anchor,raw-L08944,>>481
8946,body,raw-L08944,おまえふざけるなよ
8947,body,raw-L08944,おれはこんなワガママじゃない（リアル話）
8948,body,raw-L08944,見ててイライラする
8949,body,raw-L08944,女神もおまえも（リアル話）
8950,blank,,
8951,post_header,raw-L08951,489 名前：最高の騎士[] 投稿日：03/08/25(月) 12:43 ID:QqRaK534 [7/26]
8952,body,raw-L08951,ドードーを倒した！！（リアル話）
8953,body,raw-L08951,ほかのバカプレイヤーはコカ狩りに忙しくて
8954,body,raw-L08951,伝説のＮＭ鳥の存在に気が回らなかったらしい（宿命）
8955,body,raw-L08951,コカとの連戦で回復の間を惜しんでいたから
8956,body,raw-L08951,体力半分ＭＰもわずかの状態のまま戦いに突入
8957,body,raw-L08951,即一撃を加えて確保する
8958,body,raw-L08951,なかなか体力が高いし攻撃力もバカには出来ない（騎士には効かないから怖くはないが）
8959,body,raw-L08951,３回の絶対的な力を持つ邪視をかわし（神業）
8960,body,raw-L08951,攻撃と防御の二つを兼ねてるグラットンソードが食い込む（VIT＋７＋激打）
8961,body,raw-L08951,遅れ馳せながらNMに気づいたバカでもが駆け寄ってくる
8962,body,raw-L08951,続
8963,blank,,
8964,blank,,
8965,post_header,raw-L08965,493 名前：最高の騎士[] 投稿日：03/08/25(月) 13:03 ID:QqRaK534 [8/26]
8966,body,raw-L08965,テルで「茶帯欲しいんで一瞬ＰＴ
8967,body,raw-L08965,組んでください」と言うテルが来た（苦笑）
8968,body,raw-L08965,おれは別に茶帯なんてどうでも良かったんだけど
8969,body,raw-L08965,やっぱりクエなんかのアイテムは自分で取るべきだと思ったから
8970,body,raw-L08965,丁重に「自分で取ってください」と返した（思い遣り）
8971,body,raw-L08965,すると「そうですかわかりました」と言う無愛想な返事が着た
8972,body,raw-L08965,直後ドードー撃破ついにドードーの皮ゲット（不要）
8973,body,raw-L08965,引き続きコカ狩りを始めるとさっきのやつが近くで
8974,body,raw-L08965,コカを横取りしているのでイライラした（おれの獲物）
8975,body,raw-L08965,テルを送り付けるかとも思ったが心が寛大なので
8976,body,raw-L08965,「ドードーの皮出ましたよドードーはもっと奥なので場所を変えてくれますか」
8977,body,raw-L08965,と注意と皮肉を込めてテルしても返事は来ず皮を渡さなくて良かったと思った（リアル話）
8978,blank,,
8979,post_header,raw-L08979,495 名前：最高の騎士[] 投稿日：03/08/25(月) 13:09 ID:QqRaK534 [9/26]
8980,quoted_line,raw-L08979,>>txhQHF5t
8981,body,raw-L08979,おまえは常識がある（良心）
8982,body,raw-L08979,他の奴らは煽ることしかしない中
8983,body,raw-L08979,txhQHF5tは良い生き方をしている
8984,body,raw-L08979,そういうやつは天国に行けるので
8985,body,raw-L08979,安心しても良い（リアル主義）
8986,blank,,
8987,post_header,raw-L08987,505 名前：最高の騎士[] 投稿日：03/08/25(月) 13:39 ID:QqRaK534 [10/26]
8988,body,raw-L08987,ナイトなら６０あれば十分（リアル話）
8989,body,raw-L08987,鍛えるのは戦士よりもナイトがお勧め
8990,body,raw-L08987,ソロでもサポート消費しなくともケアルが
8991,body,raw-L08987,撃てて時間短縮出来るのは絶大な能力
8992,body,raw-L08987,また憧れの対象になるので他の奴らからの注目度も高い（脚光）
8993,body,raw-L08987,グラットンなど高価な品があるとなおその力は際立つが
8994,body,raw-L08987,なくとも他のジョブとは各の違いを味わうことが出来る（リアル話）
8995,body,raw-L08987,txhQHF5tには頑張ってもらいたい（お墨付き）
8996,blank,,
8997,post_header,raw-L08997,513 名前：最高の騎士[] 投稿日：03/08/25(月) 14:02 ID:QqRaK534 [11/26]
8998,body,raw-L08997,赤は強いそれは認める
8999,body,raw-L08997,でも赤からは信念を感じない（リアル話）
9000,body,raw-L08997,人気に乗じて育てるバカがそれを証明している（証明）
9001,body,raw-L08997,ナイトはそれ自体が信念の塊（正義）
9002,body,raw-L08997,人気も高いし憧れられる対象でもある（♀フレ登録殺到）
9003,body,raw-L08997,べつに最強を目指している訳じゃないからどうでもいいけど
9004,body,raw-L08997,今の赤は弱体要望（リアル主義）
9005,body,raw-L08997,最終的にはナイトが最強になる
9006,body,raw-L08997,よって必然的にナイトＬＳを発てて無敵の軍団を起こす手はず（壮大）
9007,blank,,
9008,blank,,
9009,post_header,raw-L09009,516 名前：至高の騎士[] 投稿日：03/08/25(月) 14:10 ID:QqRaK534 [12/26]
9010,anchor,raw-L09009,>>514
9011,body,raw-L09009,おれがカッコイイかどうかは分からないけど
9012,body,raw-L09009,上でも言ってる通りヒュム♀から
9013,body,raw-L09009,フレ登録殺到してる（リアル話）
9014,body,raw-L09009,ここからもおれが憧れられてる存在だということが分かる（貴重）
9015,anchor,raw-L09009,>>515
9016,body,raw-L09009,おまえ騙してた？ふざけるなよっ！
9017,body,raw-L09009,知ってたからおれには効かない（怒）
9018,body,raw-L09009,あまりの怒りで最高の騎士は至高の騎士になった（格上）
9019,blank,,
9020,blank,,
9021,post_header,raw-L09021,519 名前：至高の騎士[] 投稿日：03/08/25(月) 14:18 ID:QqRaK534 [13/26]
9022,anchor,raw-L09021,>>517
9023,body,raw-L09021,だからおまえは何がしたい
9024,body,raw-L09021,いままでウザかったから黙ってたが
9025,body,raw-L09021,おまえの名前自体が煽りだから
9026,body,raw-L09021,訴えられても文句は言えない（法廷）
9027,body,raw-L09021,とりあえず満足したならここには来るな（排除）
9028,blank,,
9029,post_header,raw-L09029,524 名前：至高の騎士[] 投稿日：03/08/25(月) 14:32 ID:QqRaK534 [14/26]
9030,anchor,raw-L09029,>>518
9031,body,raw-L09029,ナイトがゆくゆくは最強になる（リアル話）
9032,body,raw-L09029,現時点で最強だと言うやつもいるが
9033,body,raw-L09029,おれはそうは思わない（リアル主義）
9034,body,raw-L09029,今は2位でいい（謙虚）
9035,body,raw-L09029,今人気が高すぎると人数がバカみたいになる（=弱体対象）
9036,body,raw-L09029,上の定説によって赤はまもなく弱体されて
9037,body,raw-L09029,ナイトが君臨するようになる（リアル話）
9038,blank,,
9039,post_header,raw-L09039,528 名前：至高の騎士[] 投稿日：03/08/25(月) 15:19 ID:QqRaK534 [15/26]
9040,body,raw-L09039,騎士が一番強くなるのは当然なこと（摂理）
9041,body,raw-L09039,ナイトが人気がでるとこまでは簡単に予想できる
9042,body,raw-L09039,だけど同じレベル帯でナイトが何人居てもムダ（リアル話）
9043,body,raw-L09039,限られたナイトだけが高みへ昇ってくる（騎士団）
9044,body,raw-L09039,誘われずに疲れたナイトは誘われる後衛へ戻る
9045,body,raw-L09039,これで極端な弱体対象にはならない（安心）
9046,body,raw-L09039,赤の場合コンバートやリフレなんかや
9047,body,raw-L09039,基本的なモノがそろってたから誘われてる=やめない（目立ちすぎ=弱体対象）
9048,body,raw-L09039,となるしたがってナイトはそれは当てはまらない
9049,blank,,
9050,post_header,raw-L09050,532 名前：至高の騎士[] 投稿日：03/08/25(月) 16:17 ID:QqRaK534 [16/26]
9051,body,raw-L09050,ｳﾞｧﾙﾌｧｰﾚだけど
9052,body,raw-L09050,ここの鯖のナイトは名前先行の狼鯖なんかより
9053,body,raw-L09050,5歩も6歩も先進んでる（先進国）
9054,body,raw-L09050,正体は深くは言えないけど趣味は
9055,body,raw-L09050,クジャク取り（250～300万）
9056,body,raw-L09050,コカ狩り（１Ｄ　17000）
9057,body,raw-L09050,フレ登録は受け付けてない（迷惑）
9058,blank,,
9059,post_header,raw-L09059,535 名前：至高の騎士[] 投稿日：03/08/25(月) 16:25 ID:QqRaK534 [17/26]
9060,anchor,raw-L09059,>>530
9061,body,raw-L09059,大きな勘違い（リアル話）
9062,body,raw-L09059,ソロ最強とか何とか言うより獣は
9063,body,raw-L09059,敵にしか相手にされない（リアル話）
9064,body,raw-L09059,むしろソロでやってる獣見ると泣けてくるのはこっち（笑泣）
9065,anchor,raw-L09059,>>531
9066,body,raw-L09059,後衛は今も昔も誘われる（宿命）
9067,body,raw-L09059,そんなことよりお前ｗが多すぎ
9068,body,raw-L09059,内藤とか言われるのイヤだから止めろ（激怒）
9069,blank,,
9070,post_header,raw-L09070,537 名前：至高の騎士[] 投稿日：03/08/25(月) 16:36 ID:QqRaK534 [18/26]
9071,anchor,raw-L09070,>>534
9072,body,raw-L09070,なにか分かりにくいとこあったか（不思議）
9073,body,raw-L09070,おれはすでにお前らのとこまで下がってるつもり（気遣い）
9074,body,raw-L09070,相手に理解されなくてはの意味はわかるが
9075,body,raw-L09070,いくら余裕があってもこれ以上程度を下げるのは
9076,body,raw-L09070,ナイトの尊厳にかかわるのでバッシュ（リアル話）
9077,blank,,
9078,post_header,raw-L09078,544 名前：至高の騎士[] 投稿日：03/08/25(月) 16:57 ID:QqRaK534 [19/26]
9079,anchor,raw-L09078,>>540
9080,body,raw-L09078,お前は国語の勉強からやり直してこい（驚愕）
9081,anchor,raw-L09078,>>541
9082,body,raw-L09078,お前ウザイよ
9083,body,raw-L09078,人を騙して今更天国にいこうなんてむしがよすぎる
9084,body,raw-L09078,詐欺罪が適応されておまえは監獄に行くことが決定している（警告）
9085,anchor,raw-L09078,>>542
9086,body,raw-L09078,おまえは一体何の権限があってそんな事を言うのか意味不明（苦情）
9087,body,raw-L09078,間違った人を晒すことになったら責任取れるのか（リアル話）
9088,body,raw-L09078,おれは誰にも迷惑はかけていない
9089,body,raw-L09078,おまえが迷惑をかけるならおれはお前を許さず問題になる（法廷）
9090,blank,,
9091,post_header,raw-L09091,547 名前：至高の騎士[] 投稿日：03/08/25(月) 17:03 ID:QqRaK534 [20/26]
9092,anchor,raw-L09091,>>543
9093,body,raw-L09091,お前はおれのプライベートを
9094,body,raw-L09091,知ってどうするつもりだ（無礼）
9095,body,raw-L09091,おれがいくつだろうとおもえには関係がないと判断（賢者）
9096,body,raw-L09091,お前はいくつなんだ（リアル話）
9097,blank,,
9098,blank,,
9099,post_header,raw-L09099,554 名前：至高の騎士[] 投稿日：03/08/25(月) 17:15 ID:QqRaK534 [21/26]
9100,anchor,raw-L09099,>>549
9101,body,raw-L09099,ふざけるなよ！
9102,body,raw-L09099,鯖名しか言ってないのにわかるわけない（リアル主義）
9103,body,raw-L09099,もしわかってるとしても言えばその時点でお前は
9104,body,raw-L09099,警察の前で自供することになる（逆転）
9105,anchor,raw-L09099,>>550
9106,body,raw-L09099,お前が何をしようとしてる皮知らないけど
9107,body,raw-L09099,少なくともおれが不利益を
9108,body,raw-L09099,受けない様に配慮することを要望（要求）
9109,blank,,
9110,post_header,raw-L09110,563 名前：至高の騎士[] 投稿日：03/08/25(月) 17:27 ID:QqRaK534 [22/26]
9111,body,raw-L09110,天国に行けるのは正直で良い奴と相場は決まってる（リアル話）
9112,body,raw-L09110,騎士をやってるやつは一歩リード（ナイト別格）
9113,body,raw-L09110,だがtxhQHF5tは人を騙したことで重大な重罪を起こした
9114,body,raw-L09110,天国に行きたいのはわかるがもともとから行く権利はなかった
9115,body,raw-L09110,神様は犯罪を見逃さないからな（証明）
9116,anchor,raw-L09110,>>555
9117,body,raw-L09110,また人のプライバーを聞いてくるバカ（突然変異）
9118,body,raw-L09110,プライバシーは守ってもらわなくては困る（当然）
9119,blank,,
9120,post_header,raw-L09120,567 名前：至高の騎士[] 投稿日：03/08/25(月) 17:33 ID:QqRaK534 [23/26]
9121,anchor,raw-L09120,>>562
9122,body,raw-L09120,そう思うならお前も地獄行き（リアル話）
9123,body,raw-L09120,今日は疲れた周りが敵だらけだと
9124,body,raw-L09120,ストレスがたまる
9125,blank,,
9126,post_header,raw-L09126,570 名前：至高の騎士[] 投稿日：03/08/25(月) 17:35 ID:QqRaK534 [24/26]
9127,anchor,raw-L09126,>>566
9128,body,raw-L09126,記憶にはない（無罪）
9129,body,raw-L09126,おれは憧れられる存在なので
9130,body,raw-L09126,いくら犯罪者に仕立て上げ様と
9131,body,raw-L09126,自動的に無罪になるほど（ヒュム♀フレ登録殺到）
9132,blank,,
9133,post_header,raw-L09133,573 名前：至高の騎士[] 投稿日：03/08/25(月) 17:38 ID:QqRaK534 [25/26]
9134,anchor,raw-L09133,>>568
9135,body,raw-L09133,お前ウザイよ
9136,body,raw-L09133,別にお前が知っても仕方ない（リアル話）
9137,body,raw-L09133,証明されてる物に理由は要らない
9138,blank,,
9139,post_header,raw-L09139,577 名前：至高の騎士[] 投稿日：03/08/25(月) 17:41 ID:QqRaK534 [26/26]
9140,body,raw-L09139,はらへったから帰るけど
9141,body,raw-L09139,おれが負けてないと言うことは証明（了承）
9142,body,raw-L09139,あくまで空腹（三大欲求）
9143,blank,,
9144,post_header,raw-L09144,638 名前：最高の騎士[] 投稿日：03/08/26(火) 11:02 ID:Rt9DF7XL [1/3]
9145,body,raw-L09144,おれはフリオじゃない
9146,body,raw-L09144,おまえたちの誤解でフリオに迷惑がかかるのは
9147,body,raw-L09144,おれはダメだと考える（思い遣り）
9148,body,raw-L09144,そもそも勝手に決めて実名晒すと言うことは犯罪（リアル話）
9149,body,raw-L09144,おれはフリオじゃないので人に迷惑かける気なら警察に出頭する（脅迫）
9150,blank,,
9151,post_header,raw-L09151,641 名前：最高の騎士[] 投稿日：03/08/26(火) 11:22 ID:Rt9DF7XL [2/3]
9152,anchor,raw-L09151,>>640
9153,body,raw-L09151,おれはフリオじゃないと言うことは証明された（リアル話）
9154,body,raw-L09151,以後フリオの迷惑になるような事があったら
9155,body,raw-L09151,随時警察に行くつもりだから注意（用心）
9156,quoted_line,raw-L09151,>>
9157,body,raw-L09151,せっかく準備してたのにメンテ延長（激怒）
9158,body,raw-L09151,ライバルが増えないうちに早くメンテ終われ（リアル話）
9159,blank,,
9160,post_header,raw-L09160,649 名前：最高の騎士[] 投稿日：03/08/26(火) 12:08 ID:Rt9DF7XL [3/3]
9161,body,raw-L09160,お前らにはおれが誰かなんて関係ないはず（核心）
9162,body,raw-L09160,おれはフリオじゃないけど迷惑かかるなら
9163,body,raw-L09160,出頭する（良心）
9164,body,raw-L09160,おれの知り合いには警察本部長と知り合いがいる
9165,body,raw-L09160,何かあったら本部長が出てくるから用心（細心）
9166,blank,,
9167,post_header,raw-L09167,717 名前：最高の騎士[] 投稿日：03/08/27(水) 09:15 ID:xz8YOP/Y [1/4]
9168,anchor,raw-L09167,>>710>>711
9169,body,raw-L09167,それおれじゃないから晒さないことを要望（切望）
9170,body,raw-L09167,しゃべり方が似てるくらいで人を落しいれると
9171,body,raw-L09167,このスレ見てるやつらから何言われるかわからない
9172,body,raw-L09167,から（要注意）
9173,body,raw-L09167,昨日から言ってるがおれはフリオじゃないといってる（リアル話）
9174,body,raw-L09167,本人が言ってるんだから間違いない（究極断定）
9175,body,raw-L09167,フリオに迷惑がかかるからこれ以上の
9176,body,raw-L09167,いやがらせやtellなどは随時警察に報告する（脅迫）
9177,blank,,
9178,post_header,raw-L09178,720 名前：最高の騎士[] 投稿日：03/08/27(水) 10:06 ID:xz8YOP/Y [2/4]
9179,anchor,raw-L09178,>>718
9180,body,raw-L09178,警察が動いてる（驚愕）
9181,body,raw-L09178,まだ話してないけどどうやら感づいたと見た（敏感）
9182,body,raw-L09178,脅迫じゃなくこれはリアルな真実（リアル主義）
9183,body,raw-L09178,バカとか言う奴は名誉毀損(法廷出頭)
9184,anchor,raw-L09178,>>719
9185,body,raw-L09178,他にもいっぱいいるはず（リアル主義）
9186,body,raw-L09178,おれがフリオ本人と言った覚えはない（記憶）
9187,body,raw-L09178,おれの正体をバラせば済むという言葉を取り消すべき（怒涛）
9188,body,raw-L09178,おれは悪い事してないというのは証明されている（承認）
9189,body,raw-L09178,そもそもなんでおれがフリオと結び付いたのかが疑問
9190,body,raw-L09178,何かナイトに嫉妬して仕組まれてる感じがする（リアル話）
9191,blank,,
9192,post_header,raw-L09192,728 名前：最高の騎士[] 投稿日：03/08/27(水) 10:56 ID:xz8YOP/Y [3/4]
9193,body,raw-L09192,おれは腰抜けじゃない（リアル話）
9194,body,raw-L09192,ＬＳ内では騎士団を作ってるし（武党派）
9195,body,raw-L09192,この話をしたところ♀フレから
9196,body,raw-L09192,サンドの騎士団より強そうという感想文をもらった（リアル話）
9197,body,raw-L09192,騎士団だけにナイトだけじゃなく竜騎士や暗黒騎士もいれている（ナイト別格）
9198,body,raw-L09192,ゆくゆくは強大な力にしていく手はず（軍隊）
9199,blank,,
9200,blank,,
9201,post_header,raw-L09201,734 名前：最高の騎士[] 投稿日：03/08/27(水) 11:53 ID:xz8YOP/Y [4/4]
9202,body,raw-L09201,コカ肉ライバルうざ過ぎ（憎悪）
9203,body,raw-L09201,バカみたいに狩り続けるバカがいるので
9204,body,raw-L09201,いったん帰ってきた（リアル話）
9205,body,raw-L09201,数回睨んだら「何ですか」と返事来たので
9206,body,raw-L09201,「おれは別に良いけど周りの迷惑考えろ」と注意してきた（正義）
9207,body,raw-L09201,すると「コカ肉集めてるだけ」と意味不明な言葉（殺意）
9208,body,raw-L09201,さすがのおれも怒り有頂天！！ここまできたら人間終わりだと思った（リアル主義）
9209,blank,,
9210,blank,, 
9211,blank,,
9212,blank,, 
9213,blank,,
9214,blank,,
9215,section_title,,【最高武器】ナイトの時代【最強盾】
9216,blank,,
9217,blank,, 
9218,blank,,
9219,blank,, 
9220,blank,,
9221,post_header,raw-L09221,1 名前：最高の騎士投稿日：03/12/10 12:28 E3G3gOwA
9222,body,raw-L09221,ついにキャップが75で決まった
9223,body,raw-L09221,レイズも使えるようになりこれからも大きくＰＴはもとよりソロでも前進をするだろうと思うナイトが注
9224,body,raw-L09221,目の脚光を浴びることは一般人から見ても明らか
9225,body,raw-L09221,しかもフレの噂ではエクスかリバーはナイト専用だと言うことも判明したから
9226,body,raw-L09221,これまでの圧倒的な防御力に加えて絶望的な破壊力も誇る破壊力を持つことになった
9227,body,raw-L09221,しかも来年にはＭＰＫできるシステムが入ってこれまで騎士連盟がバカにしてきた他のジョブどもを
9228,body,raw-L09221,その圧倒的な力を振るうことが叶わなかったために長生きさせてついには騎士をバカにしだす始末
9229,body,raw-L09221,だがそれもここまでだった次回からはその圧倒的なＰスキルと最強の防御力とエクスカリバーで骨になる
9230,blank,,
9231,post_header,raw-L09231,8 名前：最高の騎士投稿日：03/12/10 12:40 E3G3gOwA
9232,body,raw-L09231,お前らはまだまだナイトの凄さを判っていない（未熟）
9233,body,raw-L09231,ナイトと唯一互角の力を持つ赤ですら今回のエクスカリバー導入で
9234,body,raw-L09231,騎士連盟の前に謝ることになる（実写）
9235,body,raw-L09231,他のジョブで少しウザイのが黒とシーフ
9236,body,raw-L09231,なぜならびゃ黒はデジョンするにけっていしてる（雑魚）
9237,body,raw-L09231,シーフはそれほどではないが今まで仲良く組んできただけにとどめを刺すのをためらう（雄大）
9238,blank,,
9239,post_header,raw-L09239,13 名前：最高の騎士投稿日：03/12/10 13:06 E3G3gOwA
9240,body,raw-L09239,解ってると思うがエクスカリバーは最強の武器の名前これがナイトの専用武器ということで
9241,body,raw-L09239,防御力・攻撃力の前に相手は謝るしかないと言うのはあきらかな事実（証明）
9242,body,raw-L09239,しかもサポ白なら相手がどこに逃げようとテレポで追いかけて逃げてる背後から不意だまスフィストが炸裂し
9243,body,raw-L09239,しかも不意だまは必中なのでどれだけ回避が高くてもむだになる（驚愕）
9244,body,raw-L09239,いままでナイトの強さは神秘のベールに隠されてきたがついにそのカーテンが開かれる
9245,blank,,
9246,post_header,raw-L09246,24 名前：最高の騎士投稿日：03/12/10 13:23 E3G3gOwA
9247,body,raw-L09246,てはじめにソロムグでコカ肉乱獲してる一般人の雑魚から
9248,body,raw-L09246,コカトリスの気分を味あわせるために乱獲してみようかと思う（正義）
9249,body,raw-L09246,狩られる気分がどう言うものかはナイトだから味わ無いのが残念
9250,body,raw-L09246,エクスカリバーは伝説の武器なので各時代の勇者が持つに相応しいと思う
9251,anchor,raw-L09246,>>14
9252,body,raw-L09246,あげあしとりウザイなお前お前は一番で犠牲になりたいみたいにきこえる
9253,body,raw-L09246,おれは出来れば一般人には手を出したくないから言葉使いに気をつけるべき（リアル話）
9254,blank,,
9255,post_header,raw-L09255,28 名前：最高の騎士投稿日：03/12/10 13:34 E3G3gOwA
9256,body,raw-L09255,誰もおれがサポ白だなんて言っていない（軽率）
9257,body,raw-L09255,追いかけるときジュノでテレポ屋を見つければ良いだけ
9258,body,raw-L09255,はっきり言って他の剣はエクスカリバーには数段落ちるから持ってるだけムダになる
9259,body,raw-L09255,しかもむしろ反抗的と言うことでさらにオレから目をつけられやすくなるからあんまり持たない方が良いと思う（リアル話）
9260,blank,,
9261,post_header,raw-L09261,48 名前：最高の騎士投稿日：03/12/10 13:52 E3G3gOwA
9262,body,raw-L09261,放狼の騎士の発言で決定的なことになった（リアル話）
9263,body,raw-L09261,アルテマウェポンは騎士であるオレも少し恐れていたけどそれがナイト専用であるから
9264,body,raw-L09261,すでに他のジョブは通用しないと言っても良い（リアル話）
9265,body,raw-L09261,おれは今もけっこう優しくてヒュム♀からもフレ登録殺到するくらいかなり人気だからさらに凄いことになる（リアル主義）
9266,blank,,
9267,post_header,raw-L09267,59 名前：最高の騎士投稿日：03/12/10 14:04 E3G3gOwA
9268,body,raw-L09267,エクスカリバーが最強な武器なのは世界基準でみとめられてるからお前らが文句とか嫉妬してても不動の真実（究極）
9269,body,raw-L09267,アルテマウェポンとサポ忍で二刀流で鬼に金棒なほどの攻撃力も出せる（凶悪）
9270,body,raw-L09267,これによってＰＴにナイトはアタッカー盾として無敵になって他のジョブはジュノで骨になる（リアル話）
9271,body,raw-L09267,そのあいだにナイトはぐんぐん成長していくのでたぶん手におえなくなる
9272,body,raw-L09267,いままでも強かったがこれからどこまで強くなるのか楽しみで仕方が無い（極楽）
9273,blank,,
9274,post_header,raw-L09274,64 名前：最高の騎士投稿日：03/12/10 14:17 E3G3gOwA
9275,body,raw-L09274,なんだ急に牙抜いてきた>>60
9276,body,raw-L09274,勝手にライバル視するなオレの圧倒的なＰスキルの前におまえの命は長くない（不快）
9277,body,raw-L09274,おれの力はお前の想像ではたぶん追い付かないほどのもの
9278,body,raw-L09274,おまえが装備変更マクロは使えるのか知らないけど
9279,body,raw-L09274,俺は攻撃時にはエクスカリバー防御時にはグラットンでまさに鉄壁盾となる（リアル話）
9280,body,raw-L09274,しかもＴＰが溜まりしだい不意だまスフィストが炸裂するのでお前では役不足
9281,body,raw-L09274,もっとリアルを大切にするべき(リアル主義)
9282,blank,,
9283,post_header,raw-L09283,70 名前：最高の騎士投稿日：03/12/10 15:14 E3G3gOwA
9284,body,raw-L09283,サポートをシーフにして回避高いから攻撃避けるし問題ない（無傷）
9285,body,raw-L09283,エクスカリバーは真の強敵が現れたときに抜くつもり
9286,body,raw-L09283,今からそのとき相手が青ざめる顔が思い浮かぶ（狂気）
9287,blank,,
9288,post_header,raw-L09288,94 名前：最高の騎士投稿日：03/12/10 16:43 E3G3gOwA
9289,body,raw-L09288,万が一にエクスカリバー投げれても後悔するのはお前ら
9290,body,raw-L09288,さすがにエクスカリバーの一撃はおれのロードキュロイスすらも通すしかないからな（神剣）
9291,body,raw-L09288,でもその傷すらも自己ケアルで瞬間回復するからムダになる
9292,body,raw-L09288,そもそもおれは光属性のリアルモンクだからあんまり効かないことは予想済み（リアル主義）
9293,body,raw-L09288,属性一緒なのは回復するかもしれないし仮に少し通っても鍛えられてる筋肉でインビン防御が発動予定（脱帽）
9294,blank,,
9295,post_header,raw-L09295,107 名前：最高の騎士投稿日：03/12/10 17:02 E3G3gOwA
9296,anchor,raw-L09295,>>104
9297,body,raw-L09295,自分から墓にいきたがる奴は久々だなだがすでに勝負は決まっている（リアル話）
9298,body,raw-L09295,お前は今なんと言った？
9299,quoted_line,raw-L09295,>>俺と最高の騎士が～といったことによってお前はおれが最高の騎士だと言うことをみとめてしている（正直）
9300,body,raw-L09295,最高の武器と最強の防御力を持っているおれにはお前の持っているサポ戦の挑発すら効きにくい（頑固）
9301,blank,,
9302,post_header,raw-L09302,112 名前：最高の騎士投稿日：03/12/10 17:16 E3G3gOwA
9303,body,raw-L09302,お前がおれを敵視しようと関係無い
9304,body,raw-L09302,おれはお前なんか相手にしないから戦わないし戦わなければ称号も譲る必要ない（賢者）
9305,body,raw-L09302,この心のゆとりのある器の差が今の最高の騎士であるおれと放狼してるお前の差
9306,blank,,
9307,post_header,raw-L09307,230 名前：最高の騎士投稿日：03/12/11 12:28 OQhoFouz
9308,body,raw-L09307,やはりナイトこそ最も一般人からあこがれる存在だと確認した
9309,body,raw-L09307,フレのヒュム♀が最近ほかの雑魚ヒュム♂につきまとわてるらしい（迷惑）
9310,body,raw-L09307,相手は赤でヒュム♀も赤なので仲良しになりたいらしいちょっと調子に乗り過ぎ（不潔）
9311,body,raw-L09307,それに比べてナイトの能力は他の一般ジョブには無い圧倒的な防御力と今回追加される最強のエクスカリバーの追加で
9312,body,raw-L09307,開放されることになる力を来年追加される対ＰｖＰで証明できることになった（リアル話）
9313,blank,,
9314,post_header,raw-L09314,245 名前：最高の騎士投稿日：03/12/11 15:00 OQhoFouz
9315,body,raw-L09314,武器は誰もがみとめざるをえないエクスカリバー
9316,body,raw-L09314,鎧はロードの称号のロードキュライス
9317,body,raw-L09314,盾は最高の名にふさわしいジェネラルシールド
9318,body,raw-L09314,しかもサポ忍にすることによって唯一無二の伝説のエクスカリバー二刀流も夢ではない（至福）
9319,blank,,
9320,post_header,raw-L09320,255 名前：最高の騎士投稿日：03/12/11 15:47 OQhoFouz
9321,body,raw-L09320,防御はダントツでトップクラスしかもエクスカリバーがきて通常も強い
9322,body,raw-L09320,しかもケアルのヘイト奪取により敵はナイトしか見えなくなる（盲目）
9323,body,raw-L09320,だが敵の攻撃もここまでだった攻撃がサポシーフなのでなかなかヒットせず
9324,body,raw-L09320,しかもまんがいちあたってもロードとジェネラルによってナイトの身には
9325,body,raw-L09320,かすり傷程度で保証されている（無傷）
9326,blank,,
9327,blank,, 
9328,blank,,
9329,blank,, 
9330,blank,,
9331,section_title,,【迷惑】低ﾚﾍﾞﾙはﾏｼﾞ糞【考えるべき】
9332,blank,,
9333,blank,, 
9334,blank,,
9335,blank,, 
9336,blank,,
9337,post_header,raw-L09337,1 名前：最高の騎士[] 投稿日：04/10/26(火) 10:56:37 ID:htLVjDT3 [1/5]
9338,body,raw-L09337,高レベルが高率よく敵を瞬殺しているのに低ﾚﾍﾞﾙが時間をかけて敵を倒すとこうりつは落ちるので低レベルは自粛するべき（リアル話）
9339,body,raw-L09337,大人なので口には出さなかったが（バカが！）と思いながら少し近くの離れたところにに沸いたコカを倒してるとドードーが沸いた
9340,body,raw-L09337,これを倒したら倒すかと余裕だけどあたまの中でどのように切り刻もうかと計算してると
9341,body,raw-L09337,さっきの低ﾚﾍﾞﾙが手を出した（愕然）
9342,body,raw-L09337,俺／ｓ「・・・」
9343,body,raw-L09337,俺／ｓ「それはアナタの手には負えないほどの力秘めてるんだけど・・・」
9344,body,raw-L09337,白／ｔ「ですね、今気づきました」
9345,body,raw-L09337,白／ｔ「なんとかなります。心配ありがとう」
9346,body,raw-L09337,俺／ｔ「あっそう。」
9347,body,raw-L09337,しばらく待ってるとピッキーン！邪視発動（期待）
9348,body,raw-L09337,しばらく待ってると黄色　赤を経過して灰色になって白死亡　まぁわかってた（予知夢）
9349,body,raw-L09337,白／ｔ「レイズくださいますか＾＾；」
9350,body,raw-L09337,今回は神様が見逃さなかった勝手に人の沸かせたＮＭを奪うやつは万死に値する事実（リアル話）
9351,blank,,
9352,post_header,raw-L09352,10 名前：最高の騎士[] 投稿日：04/10/26(火) 11:18:12 ID:htLVjDT3 [2/5]
9353,body,raw-L09352,敵を１分で怯えさせるほどの圧倒的な力を持つ一級プレイヤーと
9354,body,raw-L09352,敵を３分かけて倒す３級プレイヤーとの違いはみんなが理解している（歴然）
9355,body,raw-L09352,それが今回の伝説の皮を持つドードーによって証明された
9356,body,raw-L09352,ＮＱのコカトリスはなんとか倒せてもＨＱのコカトリスは絶望的な破壊力であり硬かった（白撃破）
9357,body,raw-L09352,対抗するには一級プレイヤーの存在
9358,body,raw-L09352,一級プレイヤーがわざわざ沸かせたＮＭを卑怯な手段でとるというのはバカのする事
9359,body,raw-L09352,あまり度が過ぎると常に後ろに気をつけなければ成らなくなる（リアル話）
9360,blank,,
9361,post_header,raw-L09361,21 名前：最高の騎士[] 投稿日：04/10/26(火) 11:45:14 ID:htLVjDT3 [3/5]
9362,body,raw-L09361,学校にはたまにいつも行っている
9363,body,raw-L09361,ただ学校のやつらは各種ステータスが低いので俺は一目置かれていて先生からも注目の的
9364,body,raw-L09361,バカか？出たら肉も皮も出れば自分の物に決まっている
9365,blank,,
9366,blank,,
9367,post_header,raw-L09367,26 名前：最高の騎士[] 投稿日：04/10/26(火) 12:00:14 ID:htLVjDT3 [4/5]
9368,body,raw-L09367,勝手に人の事調べるなよ訴えられたいのか？俺は人のことをバカにした事はない
9369,body,raw-L09367,おれに文句言われてるやつはそうとうのキチガイだという事実（リアル話）
9370,body,raw-L09367,それに俺は俺はﾌﾞﾛﾝﾄではない
9371,body,raw-L09367,勝手に特定されるとその人に迷惑がかかるから余り舐めた事はしないほうが良いな（正義）
9372,body,raw-L09367,ヒュム♀とエル♀からフレ登録要求がいちじき凄かったのは事実
9373,body,raw-L09367,一級プレイヤーはフレがフレを呼ぶ（暴風）
9374,body,raw-L09367,ＰＴ組んでもいつも♀から登録要請が来る困る（泣）
9375,blank,,
9376,post_header,raw-L09376,30 名前：最高の騎士[] 投稿日：04/10/26(火) 12:07:51 ID:htLVjDT3 [5/5]
9377,body,raw-L09376,ここは俺と共感できるやつだけくればいい（激怒）
9378,body,raw-L09376,俺が別に誰だろうと関係ないはずただし俺は特定されるよぷな言葉は何ひとつ喋ってない
9379,body,raw-L09376,ここに文句いいに来る馬鹿は低ﾚﾍﾞﾙの妬みだろうな
9380,body,raw-L09376,こんなところまで高レベル者に迷惑かけるなよ切り刻まれたいのか？
9381,blank,,
9382,blank,,
9383,blank,,
9384,blank,,
9385,blank,,
9386,blank,,
9387,section_title,,ブラッドソード最強
9388,blank,,
9389,blank,,
9390,blank,,
9391,blank,,
9392,blank,,
9393,blank,,
9394,post_header,raw-L09394,3 名前：既にその名前は使われています[] 投稿日：03/07/06(日) 11:36 ID:ODbIPpMG [1/4]
9395,body,raw-L09394,グラットンのがすごいと思うけど
9396,blank,,
9397,post_header,raw-L09397,6 名前：既にその名前は使われています[] 投稿日：03/07/06(日) 11:40 ID:ODbIPpMG [2/4]
9398,body,raw-L09397,グラットンは持ってると尊敬される
9399,body,raw-L09397,ナイトは片手剣を上手く使うジョブなのでグラットンは価値がある
9400,body,raw-L09397,だけどブラッドはナイトが装備できないから
9401,body,raw-L09397,暗黒とか戦士は片手剣使わないのでうらやましがられない
9402,blank,,
9403,post_header,raw-L09403,11 名前：既にその名前は使われています[] 投稿日：03/07/06(日) 11:57 ID:ODbIPpMG [3/4]
9404,body,raw-L09403,グラットン＝尊敬される、うらやましがられる
9405,body,raw-L09403,ブラッド＝尊敬されない、うらやましがられない
9406,blank,,
9407,post_header,raw-L09407,13 名前：既にその名前は使われています[] 投稿日：03/07/06(日) 12:03 ID:ODbIPpMG [4/4]
9408,anchor,raw-L09407,>>12
9409,body,raw-L09407,おまえは馬鹿だな
9410,body,raw-L09407,片手剣はナイトしかまともに扱う事が出来ない
9411,body,raw-L09407,そのナイトが装備できない片手剣に何の無価値も無い
9412,body,raw-L09407,だから持ってても誰もうらやましがらないし廃人の証としてはグラットンより下
9413,body,raw-L09407,それとこのスレは晒しageなのでsage禁止
9414,blank,,
9415,blank,,
9416,blank,,
9417,blank,,
9418,blank,,
9419,section_title,,【祭り好き共】でで汚祭り再び【ついに来た】
9420,blank,,
9421,blank,, 
9422,blank,,
9423,blank,, 
9424,blank,,
9425,blank,, 
9426,blank,,
9427,post_header,raw-L09427,180 名前：既にその名前は使われています[] 投稿日：03/10/13(月) 11:19 ID:K5EZH1v8 [1/27]
9428,body,raw-L09427,いい加減うざいと思ってたんで言わせてもらうが
9429,body,raw-L09427,寝落ちくらいはする奴は結構いるだろ
9430,body,raw-L09427,仕方ない事なんじゃないのかよ？
9431,body,raw-L09427,ちょっとしつこすぎるよおまえら
9432,blank,,
9433,blank,,
9434,post_header,raw-L09434,182 名前：既にその名前は使われています[] 投稿日：03/10/13(月) 11:22 ID:K5EZH1v8 [2/27]
9435,anchor,raw-L09434,>>181
9436,body,raw-L09434,別に普通だろ
9437,body,raw-L09434,ででおさんは十分悪いと思って反省してるでしょう
9438,body,raw-L09434,要するにおまえらはででおさんがただ気に入らなくて叩きたいだけだろ
9439,blank,,
9440,blank,,
9441,post_header,raw-L09441,184 名前：既にその名前は使われています[] 投稿日：03/10/13(月) 11:24 ID:K5EZH1v8 [3/27]
9442,anchor,raw-L09441,>>183
9443,body,raw-L09441,ほら出たよ、そう来ると思った
9444,body,raw-L09441,反論できなくなると釣りだのネタだの言うのがおまえらのワンパターンなんだよ
9445,blank,,
9446,post_header,raw-L09446,185 名前：既にその名前は使われています[] 投稿日：03/10/13(月) 11:26 ID:K5EZH1v8 [4/27]
9447,body,raw-L09446,このスレうざいから削除依頼しとくわ
9448,blank,,
9449,post_header,raw-L09449,189 名前：既にその名前は使われています[] 投稿日：03/10/13(月) 11:29 ID:K5EZH1v8 [5/27]
9450,anchor,raw-L09449,>>186
9451,body,raw-L09449,この前ででおさんがそう言ってた
9452,body,raw-L09449,ででおさんは心優しいので自分が被害に遭う事よりも
9453,body,raw-L09449,他人に迷惑をかける事の方がとても心が苦しいらしい
9454,blank,,
9455,post_header,raw-L09455,195 名前：既にその名前は使われています[] 投稿日：03/10/13(月) 11:34 ID:K5EZH1v8 [6/27]
9456,anchor,raw-L09455,>>190
9457,body,raw-L09455,そろそろ明かそうと思ってたがやはり気づく奴もいたか
9458,body,raw-L09455,俺は実はででお四天王の一人
9459,body,raw-L09455,前におまえらがこういったくだらん騒ぎをした時
9460,body,raw-L09455,食い止めた実績があるのだよ
9461,blank,,
9462,anchor,raw-L09455,>>192
9463,body,raw-L09455,結局まともに言い返せないのかよ
9464,body,raw-L09455,これはででおさんが悪くないって証明になってるな
9465,blank,,
9466,post_header,raw-L09466,199 名前：既にその名前は使われています[] 投稿日：03/10/13(月) 11:38 ID:K5EZH1v8 [7/27]
9467,quoted_line,raw-L09466,＞zLmpDFOL
9468,blank,,
9469,body,raw-L09466,こいつは最初の脱落者だな
9470,body,raw-L09466,早速反論できなくなって悔しいから煽ってばかりの馬鹿だ
9471,body,raw-L09466,晒しageをしておくか
9472,blank,,
9473,post_header,raw-L09473,202 名前：既にその名前は使われています[] 投稿日：03/10/13(月) 11:42 ID:K5EZH1v8 [8/27]
9474,body,raw-L09473,だから寝落ちは仕方の無い事だという俺の意見におまえら反論できてないだろ
9475,body,raw-L09473,人間なんだからそれくらいのミスは仕方が無い
9476,body,raw-L09473,反省してないとか勝手に決め付けてマジむかつくんだよ
9477,body,raw-L09473,ででおさんはすごく気にしてるのにおまえらはなんでそういう酷い事ばかり言うんだよ
9478,blank,,
9479,blank,,
9480,post_header,raw-L09480,204 名前：既にその名前は使われています[] 投稿日：03/10/13(月) 11:44 ID:K5EZH1v8 [9/27]
9481,anchor,raw-L09480,>>203
9482,body,raw-L09480,どうすれてるのか説明しろよ
9483,body,raw-L09480,おまえらはででおさんが嫌いなだけだろ
9484,blank,,
9485,post_header,raw-L09485,206 名前：既にその名前は使われています[] 投稿日：03/10/13(月) 11:46 ID:K5EZH1v8 [10/27]
9486,anchor,raw-L09485,>>205
9487,body,raw-L09485,脱落者がいつまでもしつこいな
9488,body,raw-L09485,おまえこそ釣りだろ
9489,body,raw-L09485,みんなおまえのこと笑ってるんだよ馬鹿
9490,blank,,
9491,blank,,
9492,post_header,raw-L09492,208 名前：既にその名前は使われています[] 投稿日：03/10/13(月) 11:49 ID:K5EZH1v8 [11/27]
9493,anchor,raw-L09492,>>207
9494,body,raw-L09492,俺達はででおさんを尊敬してるんだよ
9495,body,raw-L09492,あの人の事よく知りもしないくせに悪く言ってんじゃねえよ
9496,body,raw-L09492,優しい性格で信頼も厚いんだよ
9497,blank,,
9498,blank,,
9499,post_header,raw-L09499,211 名前：既にその名前は使われています[] 投稿日：03/10/13(月) 12:08 ID:K5EZH1v8 [12/27]
9500,anchor,raw-L09499,>>210
9501,body,raw-L09499,人間誰だってミスはしてしまうだろ
9502,body,raw-L09499,たった一回の寝落ちと言うミスだけで
9503,body,raw-L09499,ここまで粘着するおまえらが異常
9504,blank,,
9505,post_header,raw-L09505,213 名前：既にその名前は使われています[] 投稿日：03/10/13(月) 12:13 ID:K5EZH1v8 [13/27]
9506,body,raw-L09505,二回寝落ちしたらこんなに叩かれなきゃいけないのかよ
9507,body,raw-L09505,おまえらやりすぎなんだよ
9508,body,raw-L09505,名誉毀損ってのを知らないようだな
9509,blank,,
9510,post_header,raw-L09510,215 名前：既にその名前は使われています[] 投稿日：03/10/13(月) 12:22 ID:K5EZH1v8 [14/27]
9511,quoted_line,raw-L09510,>>214＝zLmpDFOL
9512,body,raw-L09510,釣りスキルとかいってかっこつけてんなよ
9513,body,raw-L09510,おまえ言い返せなくなるといつもそうやって逃げてるんだろ
9514,body,raw-L09510,おまえが反論できない意見は全て釣りという事にして負けを認めたくないのだな
9515,blank,,
9516,post_header,raw-L09516,219 名前：既にその名前は使われています[] 投稿日：03/10/13(月) 12:30 ID:K5EZH1v8 [15/27]
9517,anchor,raw-L09516,>>217
9518,body,raw-L09516,おまえファミ通をちゃんと読んだのかよ？
9519,body,raw-L09516,あれはででおさんは有効な戦略を書いただけで攻略記事として立派だったものだ
9520,body,raw-L09516,しかしおまえらがあの時うざかったから誤解を招く表現だったかもしれないと書いたけどよ
9521,body,raw-L09516,一部に誤解は招いたが決して悪い事をしたわけではなかったのだよ
9522,blank,,
9523,post_header,raw-L09523,221 名前：既にその名前は使われています[] 投稿日：03/10/13(月) 12:33 ID:K5EZH1v8 [16/27]
9524,anchor,raw-L09523,>>218
9525,body,raw-L09523,結局言い返せなくて話そらしてきたな
9526,body,raw-L09523,削除依頼はおまえらを打ち負かしてからゆっくりとやらせてもらうよ
9527,body,raw-L09523,必死なおまえらと違ってこっちには余裕があるからな
9528,body,raw-L09523,ちなみにもう一人既に完全に倒してるな、zLmpDFOLって奴をな
9529,body,raw-L09523,おまえ一人だけさっきから浮いてるぞ
9530,body,raw-L09523,良い笑い者だ
9531,blank,,
9532,blank,,
9533,post_header,raw-L09533,225 名前：既にその名前は使われています[] 投稿日：03/10/13(月) 12:41 ID:K5EZH1v8 [17/27]
9534,anchor,raw-L09533,>>222
9535,body,raw-L09533,どうやってそれが反省してないという証拠だよ？
9536,body,raw-L09533,もし全く反省してないなら血も涙もなくなんとも
9537,body,raw-L09533,思ってないと言う事だから記事にも書かないでしょう
9538,body,raw-L09533,あの記事はででおさんが心に気にしてるから反省の意味として書いたと取るべき
9539,blank,,
9540,blank,,
9541,post_header,raw-L09541,230 名前：既にその名前は使われています[] 投稿日：03/10/13(月) 12:53 ID:K5EZH1v8 [18/27]
9542,body,raw-L09541,仕方ないので別の方から攻撃してみるか
9543,body,raw-L09541,大体ででおさんが謝ってないという証拠はあるのかよ？
9544,body,raw-L09541,おまえら何も知らないで騒いでるが
9545,body,raw-L09541,実はででおさんはその時のPTメンバーにちゃんと真剣に謝って
9546,body,raw-L09541,この件は決着ついてる
9547,blank,,
9548,post_header,raw-L09548,233 名前：既にその名前は使われています[] 投稿日：03/10/13(月) 12:57 ID:K5EZH1v8 [19/27]
9549,anchor,raw-L09548,>>232
9550,body,raw-L09548,だから何故ででおさんがそこまでいじめられなければならないの？
9551,body,raw-L09548,寝落ちした奴は全員そうやって証明しなきゃこういう騒ぎを起こされるのか？
9552,body,raw-L09548,そうじゃないだろ
9553,body,raw-L09548,単におまえらがででおさんを妬んで嫌ってるだけじゃないのかよ
9554,blank,,
9555,post_header,raw-L09555,238 名前：既にその名前は使われています[] 投稿日：03/10/13(月) 13:04 ID:K5EZH1v8 [20/27]
9556,body,raw-L09555,まあ予想通りの答えが返ってきたか
9557,body,raw-L09555,全くおまえらは馬鹿すぎる
9558,body,raw-L09555,今からそれをカウンターで逆転されるとは思ってもないのだろうな
9559,quoted_line,raw-L09555,>>1の内容が本当だという証拠はないだろ
9560,body,raw-L09555,どうせ記事を見て叩くネタ見つけたから勝手に話を合わせて
9561,body,raw-L09555,作り話を作ったと見るのが普通の考え
9562,body,raw-L09555,zLmpDFOLは自分が本心では追いつめられて来てるのを理解してるな
9563,body,raw-L09555,だからまた釣りとか言い出した
9564,blank,,
9565,blank,,
9566,post_header,raw-L09566,241 名前：既にその名前は使われています[] 投稿日：03/10/13(月) 13:14 ID:K5EZH1v8 [21/27]
9567,anchor,raw-L09566,>>239
9568,body,raw-L09566,勝手に言ってろ
9569,body,raw-L09566,どう見てもループ煽りも釣りもおまえの事だろ
9570,body,raw-L09566,さっきからみんなおまえの書き込み見て
9571,body,raw-L09566,zLmpDFOLは頭悪くて言い返せないんだなって思って笑ってるぞ
9572,blank,,
9573,blank,,
9574,post_header,raw-L09574,242 名前：既にその名前は使われています[] 投稿日：03/10/13(月) 13:15 ID:K5EZH1v8 [22/27]
9575,body,raw-L09574,結局>>238には誰も反論できなかったようだな
9576,body,raw-L09574,一匹馬鹿が無理して勝ち誇ってるが多分本当は泣いてる
9577,blank,,
9578,post_header,raw-L09578,245 名前：既にその名前は使われています[] 投稿日：03/10/13(月) 13:17 ID:K5EZH1v8 [23/27]
9579,body,raw-L09578,zLmpDFOLは釣りなので放置しとけよ
9580,body,raw-L09578,こいつはただの荒らしだからそのうちアクセス規制かかるでしょう
9581,body,raw-L09578,荒らしじゃないっていうなら論理的に反論してみろよ
9582,body,raw-L09578,できないだろうけどな
9583,blank,,
9584,post_header,raw-L09584,250 名前：既にその名前は使われています[] 投稿日：03/10/13(月) 13:21 ID:K5EZH1v8 [24/27]
9585,body,raw-L09584,どうやら反論できなくなってきたようだな
9586,body,raw-L09584,おまえらが釣りとかネタとかしか返せないレスをするたびに
9587,body,raw-L09584,こちらの勝利ポイントが貯まってる事に気付けよ
9588,body,raw-L09584,今ででおさんから連絡入って誉められたところ
9589,body,raw-L09584,論破して勝ちは確定してきたからな
9590,blank,,
9591,blank,,
9592,post_header,raw-L09592,254 名前：既にその名前は使われています[] 投稿日：03/10/13(月) 13:26 ID:K5EZH1v8 [25/27]
9593,anchor,raw-L09592,>>248
9594,body,raw-L09592,さっき密かに正体を明かす伏線を書いたのに気づかなかったのか？
9595,body,raw-L09592,実は俺は四天王№１の攻撃力と言われてるイフリート
9596,body,raw-L09592,正体知ったからといって恐れて逃げるなよ
9597,body,raw-L09592,ちゃんと論破して負けを認めてもらうからな
9598,blank,,
9599,post_header,raw-L09599,258 名前：既にその名前は使われています[] 投稿日：03/10/13(月) 13:38 ID:K5EZH1v8 [26/27]
9600,anchor,raw-L09599,>>256
9601,body,raw-L09599,ででお四天王と言うのはででおさんの1000人の弟子の中でも特に
9602,body,raw-L09599,ででおさんに信頼されてて強い者達
9603,body,raw-L09599,昔ででおさんがファミ通の記事に赤や召喚士の戦い方を
9604,body,raw-L09599,書いたのだがそれを一部のひねくれものが悪い様に解釈して誤解が生まれて
9605,body,raw-L09599,それでででおさんが叩かれた
9606,body,raw-L09599,しかし四天王達がででおさんの正しさを証明して論破して
9607,body,raw-L09599,騒動を静めたのだよ
9608,blank,,
9609,post_header,raw-L09609,284 名前：既にその名前は使われています[sage] 投稿日：03/10/13(月) 18:00 ID:K5EZH1v8 [27/27]
9610,body,raw-L09609,もうこのスレも落ちるし終了だな
9611,blank,,
9612,post_header,raw-L09612,368 名前：イフリート[] 投稿日：03/10/14(火) 14:49 ID:7UjCL+ef
9613,body,raw-L09612,昨日おまえらに圧倒的に勝ったはずなんだがまだやってたのかよ
9614,body,raw-L09612,論破されても祭りを実行しようとするのはマナー違反だろ
9615,body,raw-L09612,ででおさんがどう悪いのかちゃんと証明してみせろよ
9616,body,raw-L09612,できないならもうこれ以上騒いではいけない
9617,blank,,
9618,blank,, 
9619,blank,,
9620,blank,, 
9621,blank,,
9622,section_title,,【フレ♀】５００万の破壊スキル【沈黙】
9623,blank,,
9624,blank,, 
9625,blank,,
9626,blank,, 
9627,blank,,
9628,blank,, 
9629,blank,,
9630,post_header,raw-L09630,1 名前：既にその名前は使われています[] 投稿日：03/10/30(木) 11:50 ID:QcBxXqoc [1/18]
9631,body,raw-L09630,はっきり言って装備に500万以上かけてないとPTスキル以前の問題
9632,body,raw-L09630,そのことが昨日明らかになったので紹介することになった
9633,body,raw-L09630,LS♀から頼られて巣に粘菌取りにいったんだが巣はレベリング連中で満腹
9634,body,raw-L09630,かなり重くてうざかったので少し乱獲・幸いフレ♀が赤なのでナイトと凄く相性が良かった
9635,body,raw-L09630,キノコを狩りまくってたら獣連中から数度℡がきたウザイので無視
9636,body,raw-L09630,だいたい一分ほどでキノコは一匹片付けられてリフレがあるから休憩無しで狩り続けると
9637,body,raw-L09630,あまりの手際の良さにフレ♀は沈黙
9638,body,raw-L09630,そしてこの手際の良さを維持するには最強の武具を所持が必要
9639,blank,,
9640,post_header,raw-L09640,5 名前：既にその名前は使われています[] 投稿日：03/10/30(木) 12:03 ID:QcBxXqoc [2/18]
9641,body,raw-L09640,圧倒的な生命維持能力を保持するナイトと赤の組み合わせは獣使いじゃないにに巣も他の者をを魅了するほど
9642,body,raw-L09640,何度も見つめられ装備の貴重さを世に広めることでリアル世界よりも充実したヴァナ生活が認可される
9643,blank,,
9644,post_header,raw-L09644,8 名前：既にその名前は使われています[] 投稿日：03/10/30(木) 12:13 ID:QcBxXqoc [3/18]
9645,body,raw-L09644,♀は強い男に憧れるから最強の伝説武具装備してるのはもてる
9646,body,raw-L09644,最強の武具装備してると全身からかもし出すエネルギー量がオーラとして
9647,body,raw-L09644,見えそうになる
9648,blank,,
9649,post_header,raw-L09649,16 名前：既にその名前は使われています[] 投稿日：03/10/30(木) 12:40 ID:QcBxXqoc [4/18]
9650,body,raw-L09649,そのときに装備できる装備をせずにPTに寄生してる雑魚はキックで掃除
9651,body,raw-L09649,あとから粘着℡来たときもあるが「泣かされたいのか?」と問いただすと決まって沈黙する
9652,body,raw-L09649,フレ♀は感動の沈黙で心地も良かったが雑魚の負け犬沈黙は沈黙させた自分も一般人に悪いことしたかもと思うから一般人でも常に最強の装備は要求
9653,blank,,
9654,post_header,raw-L09654,23 名前：既にその名前は使われています[] 投稿日：03/10/30(木) 13:01 ID:QcBxXqoc [5/18]
9655,body,raw-L09654,ロンフォでウサギNMを待つ間に生半可なナイトでは使えないホーリを使って敵を掃除していたら３回連続見つめられたから
9656,body,raw-L09654,「抵レベル体では見たことの無いものだから覗きたかったのもわかるが魔法であって武具は無関係」
9657,body,raw-L09654,と伝えてやったがむ反応たぶん信用してない
9658,body,raw-L09654,信用してないところでジュノ競売でベヒーモスマントの値段を見たらあきらめることになる
9659,blank,,
9660,blank,,
9661,post_header,raw-L09661,26 名前：既にその名前は使われています[] 投稿日：03/10/30(木) 13:05 ID:QcBxXqoc [6/18]
9662,body,raw-L09661,フレ♀はリアル♀だと本人が言っていたから間違いない
9663,body,raw-L09661,そしてたぶんフレはおれのことを好きだと思う昨夜粘菌取りにおれを誘ったのがその証拠
9664,blank,,
9665,blank,,
9666,post_header,raw-L09666,27 名前：既にその名前は使われています[] 投稿日：03/10/30(木) 13:09 ID:QcBxXqoc [7/18]
9667,body,raw-L09666,過去少し間違ったくらいで粘着ウザイな
9668,body,raw-L09666,ベーモスマントと言うものは存在していないことがわかった
9669,body,raw-L09666,これでいいか以降揚げ足取りは禁止
9670,body,raw-L09666,揚げ足取った奴はリアルで痛い目を見ることになる
9671,blank,,
9672,blank,,
9673,post_header,raw-L09673,34 名前：既にその名前は使われています[] 投稿日：03/10/30(木) 13:20 ID:QcBxXqoc [8/18]
9674,body,raw-L09673,揚げ足取るバカがいきなり現れたな
9675,body,raw-L09673,おれは自分の名前を１度も言ったことはないからそうこにはならない
9676,body,raw-L09673,フレ♀はリアル♀ダと本人から聞いたんだから間違いないと言っている
9677,body,raw-L09673,利用しようとしてるならわざわざ土のクリスタルや羊の皮は送ってこない
9678,blank,,
9679,post_header,raw-L09679,36 名前：既にその名前は使われています[] 投稿日：03/10/30(木) 13:22 ID:QcBxXqoc [9/18]
9680,body,raw-L09679,リアルで痛い目を見たいのかおれはリアルでモンク属性だから相当の力持ち
9681,blank,,
9682,post_header,raw-L09682,39 名前：既にその名前は使われています[] 投稿日：03/10/30(木) 13:29 ID:QcBxXqoc [10/18]
9683,body,raw-L09682,いい加減にしろよ実名出すのは犯罪だぞ!!
9684,body,raw-L09682,お前ら警察に逮捕されることになるリアル犯罪者
9685,blank,,
9686,blank,, 
9687,blank,,
9688,post_header,raw-L09688,42 名前：既にその名前は使われています[] 投稿日：03/10/30(木) 13:32 ID:QcBxXqoc [11/18]
9689,body,raw-L09688,ボコボコにされたいらしいなさっきも言ったがおれはリアルモンク属性だから手加減できないし最悪の場合病院に行くことになる
9690,blank,,
9691,post_header,raw-L09691,47 名前：既にその名前は使われています[] 投稿日：03/10/30(木) 13:42 ID:QcBxXqoc [12/18]
9692,anchor,raw-L09691,＞＞４１
9693,body,raw-L09691,他人の実名を晒したら警察が動くと言うことを知らないのか
9694,body,raw-L09691,関係ない人を巻き込むなそういう汚い人種が居るからヴァナ世界はだめなって行く
9695,blank,,
9696,post_header,raw-L09696,50 名前：既にその名前は使われています[] 投稿日：03/10/30(木) 13:49 ID:QcBxXqoc [13/18]
9697,body,raw-L09696,リア♀にもてるためにナイト始める下心持つやつ調子こき過ぎ
9698,body,raw-L09696,今必死になってナイト上げてる奴らは先行のおれから見ればださいとしかいえない
9699,body,raw-L09696,ナイトは生まれもった光属性の者しか扱い切れない
9700,body,raw-L09696,そう言う能無しの雑魚どもが増えるとナイトの質が落ちる
9701,blank,,
9702,post_header,raw-L09702,59 名前：既にその名前は使われています[] 投稿日：03/10/30(木) 14:10 ID:QcBxXqoc [14/18]
9703,body,raw-L09702,お前ら調子こき過ぎ
9704,body,raw-L09702,おれはただ最強装備してたほうが何事もスムースに進むと言ってるだけ
9705,blank,,
9706,blank,,
9707,post_header,raw-L09707,67 名前：既にその名前は使われています[] 投稿日：03/10/30(木) 14:45 ID:QcBxXqoc [15/18]
9708,body,raw-L09707,おれは光属性のリアルモンク属性だから一目置かれる存在
9709,body,raw-L09707,たまに学校に行くとみんながおれに注目する
9710,blank,,
9711,post_header,raw-L09711,71 名前：既にその名前は使われています[] 投稿日：03/10/30(木) 16:17 ID:QcBxXqoc [16/18]
9712,body,raw-L09711,今フレ♀に確認してきたがやっぱりリアル♀だったやっとおれのせいで限界突破できたみたいだから今日は楽しく遊ぼうと思う
9713,body,raw-L09711,ヴァナ婚まですることになったらリアルヴァナ生活はいっそう楽しくなる
9714,body,raw-L09711,ナイト冥利
9715,blank,,
9716,post_header,raw-L09716,75 名前：既にその名前は使われています[] 投稿日：03/10/30(木) 16:38 ID:QcBxXqoc [17/18]
9717,body,raw-L09716,お前らは一級廃人のおれの足元にも及ばない貧弱一般人
9718,body,raw-L09716,その一般人どもが一級廃人のおれに対してナメタ言葉を使うことでおれの怒りが有頂天になった
9719,body,raw-L09716,この怒りはしばらくおさまる事を知らない
9720,blank,,
9721,post_header,raw-L09721,88 名前：既にその名前は使われています[] 投稿日：03/10/30(木) 17:33 ID:QcBxXqoc [18/18]
9722,body,raw-L09721,８７
9723,body,raw-L09721,おまえらの想像できる装備品は多分持っている
9724,body,raw-L09721,グラットンも捨てがたいvit+７は見ているものを圧倒するが
9725,body,raw-L09721,フレ♀はクラウドが好きみたいなのでカンパニーソードを装備しているので見た目は神羅のソルジャー
9726,blank,,
9727,blank,, 
9728,blank,,
9729,blank,,
9730,section_title,,ナイト弱体スレ
9731,blank,,
9732,blank,, 
9733,blank,,
9734,blank,,
9735,post_header,raw-L09735,873 名前：既にその名前は使われています[sage] 投稿日：04/03/03(水) 13:18 ID:4Ei9AWRA [1/3]
9736,body,raw-L09735,おまえらの嫉妬うざいな
9737,body,raw-L09735,俺は古代のナイトだけどナイトは強いとは思わない
9738,body,raw-L09735,ただ自慢じゃないが俺は他のﾌﾟﾚｲﾔｰには無いﾌﾟﾚｲﾔｰｽｷﾙがあるから一般人と比べて
9739,body,raw-L09735,やはり頼りになるから誘われる
9740,body,raw-L09735,ﾌﾟﾚｲﾔｰｽｷﾙに武器防具が重なったら手が付けられない鬼になる
9741,blank,,
9742,post_header,raw-L09742,889 名前：既にその名前は使われています[] 投稿日：04/03/03(水) 13:35 ID:4Ei9AWRA [2/3]
9743,body,raw-L09742,お前らは馬鹿すぐる
9744,body,raw-L09742,ナイトが強いのは当然に決まっている
9745,body,raw-L09742,黄金の鉄の塊で出来ているナイトが皮装備のｼﾞｮﾌﾞに遅れをとるはずは無い
9746,body,raw-L09742,確実にナイトはエクスカリバを手に入れたら高確率で一番最強になる
9747,blank,,
9748,post_header,raw-L09748,893 名前：既にその名前は使われています[] 投稿日：04/03/03(水) 13:45 ID:4Ei9AWRA [3/3]
9749,body,raw-L09748,俺はただの通りすがりの古代からいるナイト
9750,body,raw-L09748,最近フラッシュと言う魔法で空蝉忍者と同等の回避能力を手に入れただけ
9751,body,raw-L09748,しかも回避能力はどうとうでありながら当たってもアダマンインゴ並の硬さを誇ってるから最強に近いと言える
9752,body,raw-L09748,攻撃もエクスカリバ手に入れれば敵はそのまま骨になる
9753,blank,,
9754,blank,, 
9755,blank,,
9756,blank,, 
9757,blank,,
9758,blank,,
9759,section_title,,【弱体】ま　た　ナ　イ　ト　か【必須】
9760,blank,,
9761,blank,, 
9762,blank,,
9763,blank,,
9764,post_header,raw-L09764,9 名前：既にその名前は使われています[] 投稿日：04/03/03(水) 15:21 ID:4Ei9AWRA [1/20]
9765,body,raw-L09764,俺はナイトじゃないがナイトは本当に勇気があると思う
9766,body,raw-L09764,誰も敵の攻撃で怖い思いはしたくない
9767,body,raw-L09764,でも俺はフラッシュで敵の視界が消滅して当たっても最高装備なので効かない
9768,body,raw-L09764,攻撃力も半端じゃないから敵が俺に後ろを向いた瞬間に不意だまｽﾌｨｽﾄが火を吹く事になる
9769,blank,,
9770,post_header,raw-L09770,11 名前：既にその名前は使われています[sage] 投稿日：04/03/03(水) 15:24 ID:4Ei9AWRA [2/20]
9771,body,raw-L09770,これ以上ナイトスレを立てるなよ
9772,body,raw-L09770,ナイトはお前等のために盾をしてやってるんだからな
9773,body,raw-L09770,ナイトが盾じゃなければすぐ死ぬくせに調子こき過ぎ
9774,body,raw-L09770,あまり調子に乗ってると裏世界でひっそり幕を閉じる
9775,blank,,
9776,post_header,raw-L09776,16 名前：既にその名前は使われています[sage] 投稿日：04/03/03(水) 15:34 ID:4Ei9AWRA [3/20]
9777,body,raw-L09776,うざいやつがいるな
9778,body,raw-L09776,たまに実名を出すやつがいるがそれは犯罪だぞ！
9779,body,raw-L09776,名前出す奴は国家戦力を舐めすぎ
9780,body,raw-L09776,お前の家の住所ぐらいはすぐにばれる
9781,blank,,
9782,post_header,raw-L09782,20 名前：既にその名前は使われています[sage] 投稿日：04/03/03(水) 15:44 ID:4Ei9AWRA [4/20]
9783,body,raw-L09782,馬鹿だなお前少しは身分をわきまえるべき
9784,body,raw-L09782,ナイトはいつでも引っ張りだこなのがナイトの重要が証明される
9785,body,raw-L09782,他のｼﾞｮﾌﾞは一般ジョブ
9786,body,raw-L09782,後衛は雑魚のくせにケアル役として使ってやってる
9787,body,raw-L09782,後衛は結構便利だからナイト以外のやつは後衛するべき
9788,blank,,
9789,post_header,raw-L09789,24 名前：既にその名前は使われています[sage] 投稿日：04/03/03(水) 15:55 ID:4Ei9AWRA [5/20]
9790,body,raw-L09789,やはり今輝いてるのはナイトメアソードだな
9791,body,raw-L09789,まさしく名実ともにナイトが持つに相応しいの一般人にもわかるはず
9792,body,raw-L09789,一般人には見ることすら出来ないと思うが
9793,body,raw-L09789,グラットンともども名刀コレクションしている一般人には数え切れないほどの種類
9794,blank,,
9795,post_header,raw-L09795,42 名前：既にその名前は使われています[sage] 投稿日：04/03/03(水) 16:48 ID:4Ei9AWRA [6/20]
9796,anchor,raw-L09795,>>39
9797,body,raw-L09795,調子こき過ぎリアルで痛い目を見たくないならそれ以上は言わない方が吉
9798,body,raw-L09795,俺はブロントじゃないしブロントはそんなふざけたナイトじゃない
9799,body,raw-L09795,誇りを持ってナイトしてるナイトは全員高いＰｽｷﾙを所持している
9800,body,raw-L09795,これはどんなＬＳに入っていても手に入らない神様の贈り物だから一般人は諦めたほうがいいだろう
9801,blank,,
9802,post_header,raw-L09802,48 名前：既にその名前は使われています[sage] 投稿日：04/03/03(水) 17:00 ID:4Ei9AWRA [7/20]
9803,body,raw-L09802,ナイト弱体をもてめている奴は全員練習相手にもならない雑魚
9804,body,raw-L09802,ナイトはＰＴに必須の高級ジョブ
9805,body,raw-L09802,後衛に比べて圧倒的なＤ値
9806,body,raw-L09802,前衛と比べても最強クラスの間隔値を誇る片手剣の使い手
9807,body,raw-L09802,フラシュで忍者と同格の回避能力
9808,body,raw-L09802,そしてその他のジョブと圧倒的な差を誇る超防御力
9809,blank,,
9810,blank,,
9811,post_header,raw-L09811,51 名前：既にその名前は使われています[sage] 投稿日：04/03/03(水) 17:02 ID:4Ei9AWRA [8/20]
9812,body,raw-L09811,こんな恐ろしいい敵を作りたくないので僕はあやまりますごめんなさい
9813,body,raw-L09811,他の人も早く謝るべき死にたくないなら謝るべき
9814,body,raw-L09811,ごめんなさい経験値ロストしたくないんです
9815,blank,,
9816,post_header,raw-L09816,52 名前：既にその名前は使われています[sage] 投稿日：04/03/03(水) 17:03 ID:4Ei9AWRA [9/20]
9817,anchor,raw-L09816,>>51
9818,body,raw-L09816,ほうお前はなかなか解っている様だな
9819,body,raw-L09816,命は助けてやる俺は優しいからな他のやつらにも伝えてやるべき
9820,blank,,
9821,post_header,raw-L09821,54 名前：既にその名前は使われています[sage] 投稿日：04/03/03(水) 17:06 ID:4Ei9AWRA [10/20]
9822,body,raw-L09821,hai!!他の人も早く謝ってください！
9823,body,raw-L09821,まだ僕は死にたくないんです！！経験値ロストが怖いんです！
9824,body,raw-L09821,僕の頑張った時間を奪わないで下さい！僕がロストしたらここで謝らなかった人達のせいですね？
9825,blank,,
9826,post_header,raw-L09826,55 名前：既にその名前は使われています[sage] 投稿日：04/03/03(水) 17:08 ID:4Ei9AWRA [11/20]
9827,anchor,raw-L09826,>>53
9828,body,raw-L09826,上げるな雑魚お前は俺が怖いのに必死につよがってもだめ
9829,body,raw-L09826,ビビってるのばれてるからな
9830,body,raw-L09826,怖くないなら鯖言ってみろよ雑魚
9831,blank,,
9832,post_header,raw-L09832,59 名前：既にその名前は使われています[] 投稿日：04/03/03(水) 17:14 ID:4Ei9AWRA [12/20]
9833,body,raw-L09832,まだあげてる雑魚がいるなふざけるなよ
9834,body,raw-L09832,お前はどこにも逃げられないプレシャーを背負う事になった
9835,body,raw-L09832,後ろに気をつけておくことをお進めする不意だまでお前の命は非常にまずい事になる
9836,blank,,
9837,post_header,raw-L09837,63 名前：既にその名前は使われています[sage] 投稿日：04/03/03(水) 17:17 ID:4Ei9AWRA [13/20]
9838,body,raw-L09837,早く謝ってください！ナイトには攻撃きかない！
9839,body,raw-L09837,僕は絶望的な戦いはしたくないです
9840,body,raw-L09837,必死に逃げてもとんずらされて後ろから切られたくないです！はやくあやまっテ！！
9841,blank,,
9842,post_header,raw-L09842,69 名前：既にその名前は使われています[sage] 投稿日：04/03/03(水) 17:24 ID:4Ei9AWRA [14/20]
9843,body,raw-L09842,ここであげたやつら全員後ろからの不意だまに気をつけるべき
9844,body,raw-L09842,もうどこにも逃げられない
9845,body,raw-L09842,いまはレベル上限が７５になってテレポも出来る始末
9846,body,raw-L09842,どこに行ってもとんずらー不意だまからは逃げられない
9847,body,raw-L09842,リアルでは臆病者のくせにゲームでだけは強気になったのが命取り
9848,blank,,
9849,post_header,raw-L09849,74 名前：既にその名前は使われています[sage] 投稿日：04/03/03(水) 17:27 ID:4Ei9AWRA [15/20]
9850,body,raw-L09849,あああああああああああああ・・ナイトさんを怒らせた！！！
9851,body,raw-L09849,どうすてくれるんですか！！まだ死にたくないのに！！経験値ロスト分かえしてください！
9852,body,raw-L09849,僕はまだナイトさんにかすり傷も付けられないんです！
9853,body,raw-L09849,ごめんなさい！ごめんなさい！
9854,blank,,
9855,post_header,raw-L09855,79 名前：既にその名前は使われています[sage] 投稿日：04/03/03(水) 17:29 ID:4Ei9AWRA [16/20]
9856,anchor,raw-L09855,>>74
9857,body,raw-L09855,もうだめだ！！
9858,body,raw-L09855,恨むならここのやつらを恨むんだな
9859,blank,,
9860,post_header,raw-L09860,83 名前：既にその名前は使われています[sage] 投稿日：04/03/03(水) 17:31 ID:4Ei9AWRA [17/20]
9861,body,raw-L09860,何度も言っている俺はブロントじゃない
9862,body,raw-L09860,次言ったらリアルでかなり痛い目を見るから気をつけるべき
9863,body,raw-L09860,不意だまをくらいたくは無いはず
9864,blank,,
9865,post_header,raw-L09865,87 名前：既にその名前は使われています[sage] 投稿日：04/03/03(水) 17:35 ID:4Ei9AWRA [18/20]
9866,body,raw-L09865,忍者は弱体すべきだな
9867,body,raw-L09865,ナイトの輝きが薄れてしまう
9868,body,raw-L09865,やはり安定してるのは圧倒敵にナイトだがあの空蝉は卑怯過ぎる
9869,body,raw-L09865,不意だまの前では無意味だがな今のうちに忍者はナイトの部下になっておくべき
9870,blank,,
9871,post_header,raw-L09871,89 名前：既にその名前は使われています[sage] 投稿日：04/03/03(水) 17:37 ID:4Ei9AWRA [19/20]
9872,anchor,raw-L09871,>>85
9873,body,raw-L09871,一度病院に行った方が良いな
9874,body,raw-L09871,圧倒的攻撃力の前にはナイト以外の防御方など無意味
9875,blank,,
9876,post_header,raw-L09876,100 名前：既にその名前は使われています[sage] 投稿日：04/03/03(水) 17:46 ID:4Ei9AWRA [20/20]
9877,body,raw-L09876,フラッシュで回避能力は確かに高くなった
9878,body,raw-L09876,だがその凄いナイトは少し言いすぎたかもな
9879,body,raw-L09876,この事からやはり忍者の弱体は確定的
9880,body,raw-L09876,ナイトメアソードの命中補正はクジャク以上！
9881,body,raw-L09876,この超能力を持ってすればたとえ暗闇状態でも当たってしまう
9882,body,raw-L09876,俺はクジャクも持ってるので外れる事が珍しいくらい
9883,body,raw-L09876,自慢じゃないがPT組んでる時に「ヴァナのイチローですね」と言われた事もある
9884,blank,,
9885,post_header,raw-L09885,397 名前：既にその名前は使われています[sage] 投稿日：04/03/04(木) 10:39 ID:zQEGPbgw [1/4]
9886,body,raw-L09885,ナイトに弱体は必要無いだろ弱体もとててる奴は雑魚
9887,body,raw-L09885,ナイトはPTの為に盾をしてやっている
9888,body,raw-L09885,お前ら一般人のジョブでは計り知れないダメージを負ってちめいしょうになる
9889,body,raw-L09885,ナイトは最低ダメージでそれを押さえてやっているお前らは感謝すべき
9890,blank,,
9891,post_header,raw-L09891,547 名前：既にその名前は使われています[sage] 投稿日：04/03/04(木) 14:33 ID:zQEGPbgw [2/4]
9892,body,raw-L09891,ﾅｲﾄ弱体とか言う雑魚はﾏｼﾞうざいな一度痛い目見せるかな・・
9893,body,raw-L09891,ﾅｲﾄが弱体したら今の敵は手に負えなくなる
9894,body,raw-L09891,俺はナイトじゃないがﾅｲﾄの弱体には反対
9895,body,raw-L09891,今でもﾅｲﾄは中の人のPｽｷﾙに依存しているから攻撃力を強くして固定をもっと容易に出来る様にすると丁度いい
9896,blank,,
9897,post_header,raw-L09897,555 名前：既にその名前は使われています[sage] 投稿日：04/03/04(木) 14:44 ID:zQEGPbgw [3/4]
9898,body,raw-L09897,ﾌﾞﾛﾝﾄさんとか関係ない
9899,body,raw-L09897,俺はただ今の戦闘をこれ以上ややこしくしたくないだけ
9900,body,raw-L09897,ﾅｲﾄの強化は必要でも弱体などもってのほか忍者と暗黒を先に弱体するべき
9901,body,raw-L09897,それとﾅｲﾄスレ立ちすぎﾏｼﾞうざいあげるなよ雑魚
9902,blank,,
9903,post_header,raw-L09903,557 名前：既にその名前は使われています[sage] 投稿日：04/03/04(木) 15:13 ID:zQEGPbgw [4/4]
9904,body,raw-L09903,妬みはｳｻﾞｲです
9905,quoted_line,raw-L09903,>>555さんは気にしないで下さい
9906,body,raw-L09903,全員556はスルーで
9907,blank,,
9908,blank,, 
9909,blank,,
9910,blank,,
9911,section_title,,【廃人の証】ナイトメアソードは最強【ナイトの宝】
9912,blank,,
9913,blank,, 
9914,blank,,
9915,blank,,
9916,post_header,raw-L09916,74 名前：既にその名前は使われています[sage] 投稿日：04/03/04(木) 11:33 ID:zQEGPbgw [1/19]
9917,body,raw-L09916,ナイトメアソードは強い
9918,body,raw-L09916,ここで微妙だのいってる奴等は欲しいのにLSがしょぼくて取れないだけの雑魚
9919,body,raw-L09916,本当は羨ましいのに人の武器をけなして価値を下げ様としてるのは
9920,body,raw-L09916,一人のナイトとして許せない行為
9921,body,raw-L09916,一般人には手に入らない武器だから正直に羨ましいと言えば見せてやっても良い
9922,blank,,
9923,post_header,raw-L09923,77 名前：既にその名前は使われています[sage] 投稿日：04/03/04(木) 11:48 ID:zQEGPbgw [2/19]
9924,body,raw-L09923,盾としてならやはりグラットンの信じられない性能は見過ごせない
9925,body,raw-L09923,グラットンのVIT+7はナイトがメタルボディするほどの効果
9926,body,raw-L09923,これのおかげでLSはもちろんPT内で発言力はVIT並に上がるただこれを持っていても
9927,body,raw-L09923,最近の後続ナイトには扱いきれない呪われた魔剣
9928,blank,,
9929,post_header,raw-L09929,79 名前：既にその名前は使われています[sage] 投稿日：04/03/04(木) 11:53 ID:zQEGPbgw [3/19]
9930,body,raw-L09929,だが真の先行ナイトにとってナイトメアソードは
9931,body,raw-L09929,名実ともにナイトに相応しい武器この命中補正はクジャクを軽く越えているので
9932,body,raw-L09929,競売に流せれば推定400万はする神剣で国宝級
9933,body,raw-L09929,ナイトメアソードとグラットンソードは一級廃人としてはやはり欲しい武器
9934,blank,,
9935,post_header,raw-L09935,82 名前：既にその名前は使われています[sage] 投稿日：04/03/04(木) 11:59 ID:zQEGPbgw [4/19]
9936,body,raw-L09935,ウソをつくな馬鹿かお前は？調子こき過ぎ雑魚
9937,body,raw-L09935,もし本当だとしてもリディルとナイトメアソードの立場は変わらない
9938,body,raw-L09935,ナイトの称号を持つナイトメアソードこそナイトには相応しい
9939,body,raw-L09935,そもそもリディルを持ってないとは俺は言ってない勝手に勝利宣言するなよ雑魚
9940,blank,,
9941,post_header,raw-L09941,85 名前：既にその名前は使われています[sage] 投稿日：04/03/04(木) 12:05 ID:zQEGPbgw [5/19]
9942,anchor,raw-L09941,>>81
9943,body,raw-L09941,お前はブロントさんの事を正しく理解してる
9944,body,raw-L09941,だがブロントさんはここの雑魚には手を出さない一級廃人の一級ﾅｲﾄ
9945,body,raw-L09941,俺の鯖のナイトもブロントさんに憧れてる
9946,body,raw-L09941,お前はまだ成長するﾌﾞﾛﾝﾄさんに少しでも近づけるように
9947,blank,,
9948,post_header,raw-L09948,95 名前：既にその名前は使われています[sage] 投稿日：04/03/04(木) 13:47 ID:zQEGPbgw [6/19]
9949,body,raw-L09948,一般人が騒いでるがてきとうこくなよ雑魚
9950,body,raw-L09948,ナイトメアソードこそ真のナイトが手にする最強武器である事は既に証明済み
9951,body,raw-L09948,ここで文句を言っても何も解決はしない
9952,body,raw-L09948,俺は何も文句は言わない
9953,blank,,
9954,post_header,raw-L09954,107 名前：既にその名前は使われています[sage] 投稿日：04/03/04(木) 14:26 ID:zQEGPbgw [7/19]
9955,body,raw-L09954,俺はﾌﾞﾛﾝﾄさんじゃないが昨日も言ってた人がいたが
9956,body,raw-L09954,実名をここで言うのは犯罪
9957,body,raw-L09954,ﾌﾞﾛﾝﾄさんはお前らの勝手に作ったｲﾒｰｼﾞで心に深いﾀﾞﾒｰｼﾞを負った
9958,body,raw-L09954,ﾘｱﾙでもかなりの力を保有してるからあまり名前を出すのは感心しない
9959,blank,,
9960,post_header,raw-L09960,116 名前：既にその名前は使われています[sage] 投稿日：04/03/04(木) 14:40 ID:zQEGPbgw [8/19]
9961,anchor,raw-L09960,>>108
9962,body,raw-L09960,俺はﾌﾞﾛﾝﾄさんじゃないと言っているだろうが！
9963,body,raw-L09960,いいから名前あげるなよ雑魚
9964,body,raw-L09960,俺はﾌﾞﾛﾝﾄさんをあまり知らないけどオーラを感じる
9965,body,raw-L09960,ﾘｱﾙでのﾀｲﾌﾟが似ているみたいだしな俺も格闘かなりの使い手だから用心すべき
9966,blank,,
9967,post_header,raw-L09967,125 名前：既にその名前は使われています[sage] 投稿日：04/03/04(木) 14:55 ID:zQEGPbgw [9/19]
9968,body,raw-L09967,ここで文句を言っても始まらない
9969,body,raw-L09967,ナイトメアの命中+はクジャク以上すなわち価格にして３００万は超えるはず
9970,body,raw-L09967,しかも後衛に比べて圧倒的な攻撃力と前衛の中でもトップクラスの間隔値を有する
9971,body,raw-L09967,防御力もその他のｼﾞｮﾌﾞとは圧倒的な差をみせつけてるし敵の攻撃は逆に敵の余命を縮めているだけになる（TP増加）
9972,body,raw-L09967,PT戦においてもタゲを固定できれば問題無いし後ろを向いた瞬間不意だまがさく裂するので敵簡単に俺からタゲを外せないからな
9973,blank,,
9974,post_header,raw-L09974,131 名前：既にその名前は使われています[sage] 投稿日：04/03/04(木) 15:11 ID:zQEGPbgw [10/19]
9975,body,raw-L09974,しかもナイトメアソード所持者はいずれも鯖で有数の超ナイト
9976,body,raw-L09974,・一級の使い手→大手LSから接待→HNM→凄まじい武器の入手→PTでの効率アップ→武器防具の話を聞かれる→人気者
9977,body,raw-L09974,・普通の使い手→重要な戦闘で信頼を得られない→庶民武器→効率悪い→何も話を聞かれない無言PT→雑魚
9978,blank,,
9979,post_header,raw-L09979,133 名前：既にその名前は使われています[sage] 投稿日：04/03/04(木) 15:18 ID:zQEGPbgw [11/19]
9980,body,raw-L09979,ﾌﾞﾛﾝﾄさんは心に深い傷を負っているからな
9981,body,raw-L09979,あまり人と関わりたくないらしい
9982,body,raw-L09979,今は初期鯖のﾘｱﾙ格闘フレ（同等の力を秘めている）からパス発行してもらってそこで既に
9983,body,raw-L09979,超ナイトとなっている
9984,body,raw-L09979,リアル格闘フレが大手HNMのリーダーだから彼は今後も強大な力を手に入れることになる
9985,blank,,
9986,post_header,raw-L09986,139 名前：既にその名前は使われています[sage] 投稿日：04/03/04(木) 15:33 ID:zQEGPbgw [12/19]
9987,body,raw-L09986,調子にのるなよ本気出すぞ？
9988,body,raw-L09986,リアル格闘フレと俺はかなりの戦闘力持ってるから調子に乗ってるとまずい事になる
9989,body,raw-L09986,俺は学校でもかなり注目されてたしなリアル格闘フレも別学校だがやはり注目度はかなりの高さらしい
9990,body,raw-L09986,ここでしか強気に出れない奴はﾏｼﾞでｳｻﾞｲなﾏｼﾞでぶっ飛ばしてやるから鯖とネームいってみろよ
9991,blank,,
9992,post_header,raw-L09992,144 名前：既にその名前は使われています[sage] 投稿日：04/03/04(木) 15:46 ID:zQEGPbgw [13/19]
9993,body,raw-L09992,ほらな？やっぱりお前ら俺が怖くて鯖と名前言えないんだな
9994,body,raw-L09992,俺は逃げも隠れもしてない
9995,body,raw-L09992,お前ら覚えてろよ？PvP機能は俺にとっては神の贈物だがお前等にとっては地獄の宴だからな
9996,body,raw-L09992,せいぜい裏世界で後ろに怯えながら遊ぶんだな
9997,body,raw-L09992,リアルで俺が怖くないなら鯖と名前あかしてみろよ雑魚！出来ないんなら俺の勝ち
9998,blank,,
9999,post_header,raw-L09999,150 名前：既にその名前は使われています[sage] 投稿日：04/03/04(木) 16:04 ID:zQEGPbgw [14/19]
10000,body,raw-L09999,俺はいじめられてなどいない俺はちゃんとたまにいつも学校に行くだけでクラスでも注目を集めていたことで証明されている
10001,body,raw-L09999,学校に行ってない時にオートで美化委員とかになってたりしてるしクラスの中心的存在だった
10002,body,raw-L09999,俺は学校に行かなくても雑魚のやつらとはレベルが違う
10003,blank,,
10004,post_header,raw-L10004,154 名前：既にその名前は使われています[sage] 投稿日：04/03/04(木) 16:20 ID:zQEGPbgw [15/19]
10005,body,raw-L10004,ナイトメアソードはHNMなら勝てる敵
10006,body,raw-L10004,普通のLSではきついから諦めた方が早い
10007,body,raw-L10004,ナイトメアソードは使い手を選ぶからな
10008,blank,,
10009,post_header,raw-L10009,158 名前：既にその名前は使われています[sage] 投稿日：04/03/04(木) 16:24 ID:zQEGPbgw [16/19]
10010,anchor,raw-L10009,>>156
10011,body,raw-L10009,それほどでもない
10012,blank,,
10013,blank,,
10014,post_header,raw-L10014,170 名前：既にその名前は使われています[sage] 投稿日：04/03/04(木) 16:53 ID:zQEGPbgw [17/19]
10015,body,raw-L10014,ナイトメアソードは命中が大幅に上がる
10016,body,raw-L10014,その効果はクジャク以上で競売に出せるなら３００～４００万はするだろう
10017,body,raw-L10014,前にも言ったが後衛に比べて圧倒的なＤ値に加え前衛の中でもトップクラスの間隔値を有する
10018,body,raw-L10014,もちろんトップクラスの武器なのでＬＳ内はおろか野良ＰＴでも絶大な権限を得る
10019,blank,,
10020,post_header,raw-L10020,175 名前：既にその名前は使われています[sage] 投稿日：04/03/04(木) 17:22 ID:zQEGPbgw [18/19]
10021,body,raw-L10020,どうでもいいが上げるなよバカ
10022,body,raw-L10020,ﾏｼﾞでいい加減ナイト弱体スレとかウザすぎ
10023,body,raw-L10020,俺は忙しいから相手してられないし
10024,body,raw-L10020,そろそろレベル上げの時間カンストまであと少しだからな
10025,body,raw-L10020,次あげたやつはマジ裏世界でＭＰＫするから覚悟が必要
10026,blank,,
10027,post_header,raw-L10027,186 名前：通りすがり[sage] 投稿日：04/03/04(木) 17:48 ID:zQEGPbgw [19/19]
10028,body,raw-L10027,おまえらﾌﾞﾛﾝﾄさんが怖くないのか？
10029,body,raw-L10027,俺はﾌﾞﾛﾝﾄさんが怖いから上げないで下げる
10030,body,raw-L10027,裏世界でＭＰＫされたらッ衰弱長いからあんまり怒らせないほうがいい
10031,body,raw-L10027,リアルモンクなのは有名な話だし絶対にさかわらないほうがいい
10032,blank,,
10033,blank,, 
10034,blank,,
10035,blank,, 
10036,blank,,
10037,blank,,
10038,section_title,,【せＹで話すな】常識無いｶｽ【ｔｅｌでこいよ】
10039,blank,,
10040,blank,, 
10041,blank,,
10042,blank,, 
10043,blank,,
10044,blank,, 
10045,blank,,
10046,post_header,raw-L10046,1 名前：既にその名前は使われています 投稿日：04/07/18 13:55 xmYKa+Le
10047,body,raw-L10046,昨日競売前で一般人がだらだらと話していた
10048,body,raw-L10046,俺は周りの迷惑だろうと思ったのでテルで注意してやった
10049,body,raw-L10046,ところがザコのくせにseyで文句言ってくた
10050,body,raw-L10046,「俺はテルで言ってるんだからテルで返せよ馬鹿が」とテルを送ったら「誰が馬鹿ですか？」とか
10051,body,raw-L10046,とまたseyで文句言うし最悪氏ねよザコ
10052,body,raw-L10046,タイマンで話すのがそんなに怖いのか？俺はいつでもケンカ上等でいちもく置かれるほどに攻撃的だから
10053,body,raw-L10046,ザコがいきがってるとワンパンでＫＯだろうな
10054,body,raw-L10046,テルで話しかけられたらテルで答えろよ周りを巻き込むなよｶｽ
10055,blank,,
10056,blank,,
10057,post_header,raw-L10057,21 名前：既にその名前は使われています 投稿日：04/07/18 14:17 xmYKa+Le
10058,body,raw-L10057,調子こくなよ？>>6
10059,body,raw-L10057,何で俺が動かねばならない？俺は競売を見ている
10060,body,raw-L10057,ザコの会話もレベルがやっと４５になったとかそういう低レベルな会話
10061,body,raw-L10057,７５以下の奴はジュノにくるなよ死にたいのか？
10062,body,raw-L10057,ジュノには信じられないくらい一級廃装備している選ばれた人種がいる
10063,body,raw-L10057,そういう人達に眼をつけられたらもう死ぬしかない
10064,body,raw-L10057,一般人では束になっても手におえない
10065,blank,,
10066,post_header,raw-L10066,39 名前：既にその名前は使われています 投稿日：04/07/18 14:31 xmYKa+Le
10067,body,raw-L10066,リアルでは俺に言い返せないくせに調子こきすぎ
10068,body,raw-L10066,ゲームだからって安全じゃないのにな
10069,body,raw-L10066,現実でもゲームでも弱いやつはこそこそしかないからな
10070,body,raw-L10066,seyで周りの助けが入る状況でしかタイマンはれない弱虫だな
10071,blank,,
10072,post_header,raw-L10072,61 名前：既にその名前は使われています 投稿日：04/07/18 14:43 xmYKa+Le
10073,body,raw-L10072,常識だろうな高ﾚﾍﾞﾙが偉いのは
10074,body,raw-L10072,高レベル→経験豊富→頼りにされる→彼女が出来る→ケンカが強い
10075,body,raw-L10072,低レベル→経験不足→足ひっぱる→しかとされる→チキン
10076,body,raw-L10072,sey会話するなとはいわないがテルでいいだろ？マジウザイのからナイトやばい事になるな
10077,blank,,
10078,post_header,raw-L10078,82 名前：既にその名前は使われています 投稿日：04/07/18 14:52 xmYKa+Le
10079,anchor,raw-L10078,>>62
10080,body,raw-L10078,ウザイなおまえケンカ売ってるのか？ボディブローとか言ってる時点で相手にならないことは証明されたな
10081,body,raw-L10078,本当につよいやつは強さを口で説明したりはしないからな
10082,body,raw-L10078,口で説明するくらいならおれは牙をむくだろうな
10083,body,raw-L10078,おれパンチングマシンで１００とか普通に出すし
10084,blank,,
10085,post_header,raw-L10085,92 名前：既にその名前は使われています 投稿日：04/07/18 15:00 xmYKa+Le
10086,body,raw-L10085,おまえら俺の事相手にならないって言ってるように見えるんだが
10087,body,raw-L10085,パンチングマシンで三ケタ出せないくせに威張るなよ
10088,quoted_line,raw-L10085,>>84とかウソいっているしベジータかよしねよ
10089,blank,,
10090,post_header,raw-L10090,122 名前：既にその名前は使われています 投稿日：04/07/18 15:23 xmYKa+Le
10091,body,raw-L10090,また調子に乗り出してきたばかが沸いたな
10092,body,raw-L10090,俺は別に強さをアッピルなどしてはいない
10093,body,raw-L10090,俺を強いと感じてしまってるやつは本能的に長寿タイプ
10094,body,raw-L10090,自分がリアルモンクとかいっていきがってる馬鹿がいるけどリアルモンクが一人だけだと思うなよ
10095,body,raw-L10090,俺は防御もかなりかたい
10096,blank,,
10097,post_header,raw-L10097,145 名前：既にその名前は使われています 投稿日：04/07/18 15:40 xmYKa+Le
10098,body,raw-L10097,防御がかたいと言う事は攻撃力も高いと言う事になる
10099,body,raw-L10097,まぁヴァナじゃ俺の力はあまり関係無いが
10100,body,raw-L10097,ヴァナでも戦闘スキルが激高
10101,body,raw-L10097,もっとゲームが進化して実際に剣持って動けたり反射神経が必要なリアルゲームになったら
10102,body,raw-L10097,スカウトされるかもしれないな・・
10103,blank,,
10104,blank,, 
10105,blank,,
10106,blank,,
10107,section_title,,【廃人は】【勝組だった】
10108,blank,,
10109,blank,, 
10110,blank,,
10111,blank,, 
10112,blank,,
10113,blank,,
10114,post_header,raw-L10114,1 名前：既にその名前は使われています[] 投稿日：04/08/06(金) 00:07 ID:wBIwhcCF [1/8]
10115,body,raw-L10114,ライバルの内藤が負けを認めた瞬間ＬＳの仲間が俺に頼ってくる
10116,body,raw-L10114,べ３つに俺に頼らなくてもいいのに・・
10117,body,raw-L10114,おれがいないとＨＮＭを倒せないのはわかるが
10118,body,raw-L10114,ヒュム♀以外が頼ってきてもおれは別に感情を持たない魔剣士なので無視することになった
10119,body,raw-L10114,俺は強いというのがＬＳ内で常識だから頼るのは仕方がないけどずたずたにしてやりたくなる
10120,body,raw-L10114,俺は自分が最強だとは思わないので（実際は最強だと思うが）他のをつれてきてもよい
10121,body,raw-L10114,そのナイトも知り合いの最強を連れてくると調子こいてたが連れてこないしやはりうそだった
10122,blank,,
10123,blank,,
10124,post_header,raw-L10124,14 名前：既にその名前は使われています[] 投稿日：04/08/06(金) 00:19 ID:wBIwhcCF [2/8]
10125,body,raw-L10124,黙れ世おまえら
10126,body,raw-L10124,おまえらが俺を認めないのは自分が弱いからということ
10127,body,raw-L10124,本当の強いのは人を認めるのでお前らは弱いということが証明された
10128,body,raw-L10124,まけたナイトも俺を超えたナイト連れてこないのは負けたから
10129,body,raw-L10124,だといこと負けを認めないのはほんとおに救いようがない
10130,blank,,
10131,post_header,raw-L10131,18 名前：既にその名前は使われています[] 投稿日：04/08/06(金) 00:22 ID:wBIwhcCF [3/8]
10132,body,raw-L10131,別に俺を認めなくてもいいけどＬＳでは最強の称号を得た（現鯖最強ＨＮＭＬＳ）
10133,body,raw-L10131,俺は最強とは思わないが俺を超えたナイトが居るという話は聴いたことがないのは事実
10134,blank,,
10135,post_header,raw-L10135,27 名前：既にその名前は使われています[] 投稿日：04/08/06(金) 00:26 ID:wBIwhcCF [4/8]
10136,body,raw-L10135,黙れよ馬鹿が
10137,body,raw-L10135,俺は別に最強じゃないといっているはず
10138,body,raw-L10135,ただ俺を超えてる奴は全鯖検索してみても居るという話は聴いたことがないだけ
10139,body,raw-L10135,負けを認めない奴は負けたナイト同様人を認めた力を持たない奴だということで馬鹿だろうな
10140,blank,,
10141,post_header,raw-L10141,49 名前：既にその名前は使われています[] 投稿日：04/08/06(金) 00:51 ID:wBIwhcCF [5/8]
10142,body,raw-L10141,わけは文に書いたから説明するのは馬鹿のすること廃人はリアルでも二度手間とか手間のけける奴は居ない
10143,body,raw-L10141,廃人は一つのことに集中できるのでリアルでも負けることは滅多にない
10144,body,raw-L10141,そのいい例が一般人とｔよう廃人の装備の差だろうな
10145,body,raw-L10141,一般人では勝てるわけもないほどパワがちがうというのはみんながおもってるはず
10146,blank,,
10147,post_header,raw-L10147,64 名前：既にその名前は使われています[] 投稿日：04/08/06(金) 01:19 ID:wBIwhcCF [6/8]
10148,body,raw-L10147,俺は>>1に賛成だな
10149,body,raw-L10147,俺のＬＳにも同じような負けたくせにお前らみたいにいつまでも」粘着する馬鹿が居るのでよく分かる
10150,body,raw-L10147,絶対的な力を持ってて力があふれてくるナイトに勝てる気で居るナイトがいるからかなりウザイとみんあ思ってる
10151,body,raw-L10147,俺は尊敬に値すると感じるので服従するからそのエリートから圧倒的な力（最強装備）を借りることができるので彼の次に皆に尊敬がある
10152,body,raw-L10147,権力者にはへたにさかららない方がいいとおもう
10153,blank,,
10154,post_header,raw-L10154,68 名前：既にその名前は使われています[] 投稿日：04/08/06(金) 01:23 ID:wBIwhcCF [7/8]
10155,quoted_line,raw-L10154,>>64お前はかなりののう力者だろうな
10156,body,raw-L10154,その部下になることによってその絶望的な力を借りることができてそれが直接ＬＳのパワーとなるからＨＮＭ戦でも貴重になるだろうな
10157,blank,,
10158,blank,,
10159,post_header,raw-L10159,73 名前：既にその名前は使われています[sage] 投稿日：04/08/06(金) 01:26 ID:wBIwhcCF [8/8]
10160,body,raw-L10159,おまえら素人だなＩＤはまれによく同じＩＤになったりする
10161,body,raw-L10159,ズタズタにされたいのか？調子こいてるとリアルで痛い目に会う事になるから注意すべき
10162,blank,,
10163,blank,, 
10164,blank,,
10165,section_title,,【３日前から張ってます】08:ValeforVol.6【遠慮しろ！】
10166,blank,,
10167,blank,,
10168,post_header,raw-L10168,559 名前： こちらナナ暗です投稿日： 2004/06/09(水) 14:42 [ i07KlNIY ]
10169,blank,,
10170,body,raw-L10168,黙れよ。Fulioは結構いいやつだと言う事はぜいいん知ってること
10171,body,raw-L10168,それに謙虚だからウソ言うやつは死ねよ（本気で）
10172,body,raw-L10168,お前等そんなこと言ってるけど超装備のうらやましんだろう？死ねよ
10173,blank,,
10174,blank,, 
10175,blank,,
10176,post_header,raw-L10176,564 名前： こちらナナ暗です 投稿日： 2004/06/09(水) 15:45 [ i07KlNIY ]
10177,blank,,
10178,body,raw-L10176,別に俺怒ってないし俺は冷静んに言ってる
10179,body,raw-L10176,ここでかげぐち言うやつの方が糞だとプロはわかってるからあえて言い返さないだけ
10180,body,raw-L10176,プロから見ると超装備のFulioにシッタしてるだけに見える事実
10181,body,raw-L10176,あまり粘着ウザイとズタズタにされるぞ？
10182,blank,,
10183,blank,,
10184,post_header,raw-L10184,567 名前： こちらナナ暗です 投稿日： 2004/06/09(水) 16:18 [ i07KlNIY ]
10185,blank,,
10186,body,raw-L10184,おれはただの通りすがりのナイトだが一般人の勘違いはズタズタにしてやりたくなった
10187,body,raw-L10184,誉められる為にナイトしてるやつはナイトしてるわけじゃないと言う事
10188,body,raw-L10184,こんなところでコソコソかげぐち叩くやつはズタズタの
10189,body,raw-L10184,引き裂かれるのｶﾞお似合い
10190,body,raw-L10184,お前等はアンティカのボロより引き裂くのは簡単だと言う事を自覚すべき
10191,blank,,
10192,blank,, 
10193,blank,,
10194,post_header,raw-L10194,573 名前： こちらナナ暗です 投稿日： 2004/06/09(水) 16:38 [ i07KlNIY ]
10195,blank,,
10196,body,raw-L10194,ここまで言ってわからないのはザコの証拠となる
10197,body,raw-L10194,お前ら名前言ってみろ？どうせなめも言えないようなザコに間違いないだろ
10198,body,raw-L10194,うけどちゃんとしたＰｖＰができるまでバリスタで圧倒的な超装備と一般装備の各の違いをわかるようになる
10199,body,raw-L10194,そうなったら２度と対等な口のきき方すら出来なくなって病院行きになるが怖くな
10200,body,raw-L10194,いと言うなら名前を言えってみろよ？！
10201,blank,,
10202,blank,,
10203,post_header,raw-L10203,576 名前： こちらナナ暗です 投稿日： 2004/06/09(水) 16:52 [ i07KlNIY ]
10204,blank,,
10205,anchor,raw-L10203,>>572
10206,body,raw-L10203,ほう、おまえは少しはプリの力をわかってるようだな
10207,body,raw-L10203,たぶんプロはお前等が思ってるよりもしんけんに力をもとめてるからその差がれきぜんとなってしまっている
10208,body,raw-L10203,だがお前は少しは見所があるからもっと上を目指すべき
10209,anchor,raw-L10203,>>574
10210,body,raw-L10203,やはり来たな「お前が言えよ」発言
10211,body,raw-L10203,お前調子こきすぎおれが先に聞いてるのに何でおれが先に言わなければならないのか？
10212,body,raw-L10203,チャレンジャ側から名乗りをあげるべき
10213,blank,,
10214,blank,, 
10215,blank,,
10216,blank,,
10217,post_header,raw-L10217,589 名前： こちらナナ暗です 投稿日： 2004/06/09(水) 17:19 [ i07KlNIY ]
10218,blank,,
10219,body,raw-L10217,なにか必死な赤が噛み付いてきているが小小勘違いで調子こきすぎ
10220,body,raw-L10217,赤は魔法使えるだけの一般ザコが自分は強いと勘違いしてるからな
10221,body,raw-L10217,魔法なしでやってみろよ？超装備の前で必死にグラビデ逃走してる姿が目に浮かぶ
10222,body,raw-L10217,レジストされた瞬間とんずら不意だまスウィストでズタズタなのはあきらか
10223,blank,,
10224,blank,,
10225,post_header,raw-L10225,592 名前： こちらナナ暗です 投稿日： 2004/06/09(水) 17:30 [ i07KlNIY ]
10226,blank,,
10227,body,raw-L10225,プロがプロと言って何がわるい？フレのヒュム♀に買ったＮＭ品をプレゼントするとプロだと言われている
10228,body,raw-L10225,やっぱり強いとなんでも倒せるのかプロは違うとかいわれるしな
10229,body,raw-L10225,お前の意見は嫉妬に狂ってるから男らしくない
10230,blank,,
10231,blank,, 
10232,blank,,
10233,post_header,raw-L10233,598 名前： こちらナナ暗です 投稿日： 2004/06/09(水) 17:40 [ i07KlNIY ]
10234,blank,,
10235,anchor,raw-L10233,>>593
10236,body,raw-L10233,バカか？ナイトも魔法は使えると言う事もわからないザコは黙ってろ！
10237,body,raw-L10233,お互い魔法なしなら純粋にどっちが強いかわかる
10238,body,raw-L10233,そうなると超装備の前には魔法の力は無意味になる
10239,blank,,
10240,blank,,
10241,post_header,raw-L10241,601 名前： こちらナナ暗です 投稿日： 2004/06/09(水) 17:47 [ i07KlNIY ]
10242,blank,,
10243,body,raw-L10241,何でおれがフレに騙されなければならないんだ？
10244,body,raw-L10241,フレのヒュム♀はおれにベタボレだしおれは拒む理由がない
10245,body,raw-L10241,おまえは勝手に気の毒になってんじゃないよ？男の嫉妬はテレタクライバル波に不愉快だからきえろよ
10246,blank,,
10247,blank,, 
10248,blank,,
10249,post_header,raw-L10249,604 名前： こちらナナ暗です 投稿日： 2004/06/09(水) 17:51 [ i07KlNIY ]
10250,blank,,
10251,anchor,raw-L10249,>>599
10252,body,raw-L10249,いい加減にしろよ粘着ザコ！
10253,body,raw-L10249,魔法は２人とも無しの方が強さがわかる
10254,body,raw-L10249,アビの使いどころがプレイヤースキルの高さここが勝負の分かれ道になるはず
10255,body,raw-L10249,魔法は関係ない
10256,blank,,
10257,blank,,
10258,post_header,raw-L10258,648 名前： こちらナナ暗です 投稿日： 2004/06/10(木) 13:40 [ pQuM/jbI ]
10259,blank,,
10260,anchor,raw-L10258,>>559
10261,body,raw-L10258,i07KlNIY の言うとおり誰も名乗ってないのに
10262,body,raw-L10258,勝手に特定した気になって調子コイてるザコは見てて不愉快
10263,body,raw-L10258,ザコはマジで市ねよ
10264,blank,,
10265,blank,, 
10266,blank,,
10267,post_header,raw-L10267,651 名前： こちらナナ暗です 投稿日： 2004/06/10(木) 15:01 [ pQuM/jbI ]
10268,blank,,
10269,anchor,raw-L10267,>>649
10270,body,raw-L10267,おいおれはだからそれをやめろと言っている
10271,body,raw-L10267,勝手に特定した気になって調子こくなよザコ
10272,body,raw-L10267,おれはただi07KlNIY の意見は素晴らしい大人の考えだから共鳴しただけ
10273,body,raw-L10267,i07KlNIY は尊敬するべき事実
10274,blank,,
10275,blank,, 
10276,blank,,
10277,post_header,raw-L10277,658 名前： こちらナナ暗です 投稿日： 2004/06/10(木) 16:28 [ pQuM/jbI ]
10278,blank,,
10279,body,raw-L10277,残念ながらおれはまだ彼の圧倒的装備には及ばない
10280,body,raw-L10277,超装備はナイトの最高のたしなみだが彼は最高の地位に就職していると言える
10281,body,raw-L10277,おれはＬＳでは結構クールでＨＮＭなんかの絶望液な戦いでも我がベビーキュライスが圧倒的な防御力を発揮する
10282,body,raw-L10277,攻撃力も神剣ナイトメアソードを持っている
10283,body,raw-L10277,おれとＰＴを組む奴らは知らないうちに自然と敬語になってしまっている
10284,body,raw-L10277,本物はリアル殺気を感じるらしい
10285,blank,,
10286,blank,, 
10287,blank,,
10288,post_header,raw-L10288,666 名前： こちらナナ暗です 投稿日： 2004/06/10(木) 16:49 [ pQuM/jbI ]
10289,blank,,
10290,body,raw-L10288,なんだおまえら？ズタズタに引き裂いてやってもいいんだぞ
10291,body,raw-L10288,あまり調子こくとリアルで痛い目を見て病院で栄養食を食べる事になる
10292,blank,,
10293,blank,, 
10294,blank,,
10295,post_header,raw-L10295,823 名前： こちらナナ暗です 投稿日： 2004/06/11(金) 11:15 [ EIqkZhV2 ]
10296,blank,,
10297,body,raw-L10295,おまえらちょっと調子こきすぎ
10298,body,raw-L10295,i07KlNIY は特定されるようなことは１回も言ってなどいない
10299,body,raw-L10295,凡人が勝手に特定し関係のない人ｶﾞ巻き添えになる
10300,body,raw-L10295,おれに別に迷惑がかかるわけじゃないが無礼なやつらがプロに関わると壮大な怒りを買う事になる
10301,blank,,
10302,blank,, 
10303,blank,,
10304,blank,,
10305,post_header,raw-L10305,827 名前： こちらナナ暗です 投稿日： 2004/06/11(金) 11:38 [ EIqkZhV2 ]
10306,blank,,
10307,body,raw-L10305,やはりきたな妄想特定、ズタズタにされたいのか？
10308,body,raw-L10305,おれはHg7OtDvI じゃないお前はIDをしらないのかそれがおれがHg7OtDvI ではない証拠となった
10309,body,raw-L10305,Hg7OtDvI も勝手に特定されたらおまえらを潰しに来るだろうな
10310,body,raw-L10305,仮にそれでおまえらがズタズタになって病院送りになっても正当防衛だから弱いものイジメにはならない
10311,blank,,
10312,blank,, 
10313,blank,,
10314,blank,,
10315,post_header,raw-L10315,829 名前： こちらナナ暗です 投稿日： 2004/06/11(金) 11:53 [ EIqkZhV2 ]
10316,blank,,
10317,body,raw-L10315,だまれ泣かされたいのか？お前みたいなザコに頭悪いとか言われたくない
10318,body,raw-L10315,おれは国語の成績はかなり良かったしお前みたいにザコ人生送ってない
10319,body,raw-L10315,その証拠におれはフレのヒュム♀とかなり仲がいい
10320,blank,,
10321,blank,, 
10322,blank,,
10323,blank,,
10324,post_header,raw-L10324,837 名前： こちらナナ暗です 投稿日： 2004/06/11(金) 12:19 [ EIqkZhV2 ]
10325,blank,,
10326,body,raw-L10324,フレ本人が♀だといってるんだから間違いない
10327,body,raw-L10324,お前は自分の性別すらわからないバカか？泣かすぞ
10328,blank,,
10329,blank,, 
10330,blank,,
10331,post_header,raw-L10331,877 名前： こちらナナ暗です 投稿日： 2004/06/11(金) 13:50 [ EIqkZhV2 ]
10332,blank,,
10333,anchor,raw-L10331,>>861
10334,body,raw-L10331,ウザイぞそんなに死にたいのか？おれは別にEsoOCXNwなんて相手にしていない
10335,body,raw-L10331,こいつがニセモノだと言う事もわかってるしな
10336,body,raw-L10331,装備を見ただけで廃人には程遠い一般人だとわかった
10337,body,raw-L10331,廃人は一般人とは潜在能力がちがう
10338,blank,,
10339,blank,,
10340,post_header,raw-L10340,879 名前： こちらナナ暗です 投稿日： 2004/06/11(金) 13:52 [ EIqkZhV2 ]
10341,blank,,
10342,quoted_line,raw-L10340,>>EsoOCXNw
10343,body,raw-L10340,お前もかるがるしく人の本名を口に出すなよボケザコ
10344,body,raw-L10340,お前マジで泣かすぞ？死ねよ
10345,blank,,
10346,blank,,
10347,post_header,raw-L10347,884 名前： こちらナナ暗です 投稿日： 2004/06/11(金) 14:01 [ EIqkZhV2 ]
10348,blank,,
10349,body,raw-L10347,だから本名をだすなといってるのがわからないのか？
10350,body,raw-L10347,いい加減そのはずべきこういを治さないとおれのぎゃくりんに触れてしまうから注意
10351,body,raw-L10347,怒りを忘れたおれは手がつけられない
10352,blank,,
10353,blank,, 
10354,blank,,
10355,blank,,
10356,post_header,raw-L10356,888 名前： こちらナナ暗です 投稿日： 2004/06/11(金) 14:05 [ EIqkZhV2 ]
10357,blank,,
10358,anchor,raw-L10356,>>882
10359,body,raw-L10356,おれもお前等みたいなひきこもりのザコどもにかまってやりたくは無い
10360,body,raw-L10356,だがEsoOCXNwはトリップまでつけてさらに軽軽しく人の本名まで出す始末
10361,body,raw-L10356,だからお前等はいつまでも彼女出来ない
10362,blank,,
10363,blank,, 
10364,blank,,
10365,post_header,raw-L10365,909 名前： こちらナナ暗です 投稿日： 2004/06/11(金) 15:07 [ EIqkZhV2 ]
10366,blank,,
10367,quoted_line,raw-L10365,>>EsoOCXNw
10368,body,raw-L10365,お前ふざけるなよ
10369,body,raw-L10365,証明する気もないのに証明してみせるというたいどとるなよ
10370,body,raw-L10365,おれは結構高大な心の持ち主のおれが怒ってるんだからそうとうな怒り
10371,blank,,
10372,blank,, 
10373,blank,,
10374,post_header,raw-L10374,935 名前： こちらナナ暗です 投稿日： 2004/06/11(金) 16:58 [ EIqkZhV2 ]
10375,blank,,
10376,body,raw-L10374,所詮はザコだったな
10377,body,raw-L10374,つまらないからもう来なくて良いぞ
10378,body,raw-L10374,別にお前が誰だろうとここにいるやつらは本当は誰も興味ないから
10379,body,raw-L10374,ただあおりあってるだけだから正体を明かす意味はない
10380,body,raw-L10374,ただ釣りだとしても人の本名をつかう事は怒りのだんぺんをみる
10381,blank,,
10382,blank,, 
10383,blank,,
10384,post_header,raw-L10384,939 名前： こちらナナ暗です 投稿日： 2004/06/11(金) 17:23 [ EIqkZhV2 ]
10385,blank,,
10386,body,raw-L10384,残念だったなおれはクールだから冷静に大人の考えだし
10387,body,raw-L10384,国語のせんせきだって本当によかった
10388,body,raw-L10384,じじつ本読みとかでもかなりの高ひょうか
10389,blank,,
10390,blank,, 
10391,blank,,
10392,post_header,raw-L10392,944 名前： こちらナナ暗です 投稿日： 2004/06/11(金) 17:46 [ EIqkZhV2 ]
10393,blank,,
10394,body,raw-L10392,フレのヒュム♀は多分かなりかわいい
10395,body,raw-L10392,プロは場のふんんきで♀が自分のことを好きかどうかわかる
10396,body,raw-L10392,装備品を見ればかわいいかどうかもわかるしな
10397,body,raw-L10392,一級の装備をしているやつは芸能界のトップレベルも驚愕
10398,blank,,
10399,blank,,
10400,blank,, 
10401,blank,,
10402,blank,, 
10403,blank,,
10404,section_title,,【魔法は勘弁】08:Valefor鯖総合スレ Vol.7【超装備！】
10405,blank,,
10406,blank,,
10407,post_header,raw-L10407,57 名前： こちらナナ暗です 投稿日： 2004/06/13(日) 11:35 [ EIqkZhV2 ]
10408,blank,,
10409,body,raw-L10407,なんだこのスレのタイトル・・ばかにしてるのか
10410,body,raw-L10407,はっきりいって当たり前だとおもう
10411,body,raw-L10407,装備とＰスキルの高さを証明するんだからな魔法をつかうザコは敵前逃亡したとみておかしくない
10412,body,raw-L10407,魔法をリアルでは使えないくせに勝手につかうなよザコ
10413,blank,,
10414,blank,, 
10415,blank,,
10416,post_header,raw-L10416,68 名前： こちらナナ暗です 投稿日： 2004/06/13(日) 12:58 [ EIqkZhV2 ]
10417,blank,,
10418,body,raw-L10416,ふざけるなよリアル大口叩けないザコが
10419,body,raw-L10416,ヴァナでもリアルでもこれからは背中に気をつけるように
10420,body,raw-L10416,ここ見てるってことは８鯖なんだろ？ズタズタにされるぞ
10421,blank,,
10422,blank,, 
10423,blank,,
10424,post_header,raw-L10424,236 名前： こちらナナ暗です 投稿日： 2004/06/16(水) 11:18 [ yWXHwgBU ]
10425,blank,,
10426,body,raw-L10424,実名を出していこうという気持ちはわかる
10427,body,raw-L10424,自分たちだけ特定されるのは気分が優れないからな
10428,body,raw-L10424,ここで調子コイてるザコもプロが本気出せば正体は明らかになる
10429,body,raw-L10424,ばれると恥ずかしいので自分からバラした方がいいな
10430,blank,,
10431,blank,, 
10432,blank,,
10433,blank,, 
10434,blank,,
10435,section_title,,【マジで】08:Valefor鯖総合スレ Vol.17【糞漏れた】
10436,blank,,
10437,blank,, 
10438,blank,,
10439,post_header,raw-L10439,882 名前： プロマシアの名無しさん 投稿日： 2005/01/13(木) 13:49 [ ldyLBSRA ]
10440,blank,,
10441,body,raw-L10439,わたしは組んだ事あるけど今まで組んだ暗黒より各段にじょうずく感じたんだけど？
10442,body,raw-L10439,そもそも暗黒は攻撃力が命だからガルカが1番使いこなせるのは言わなくてもわかると思うけどそのなかでも1番だったぞ？あんまりいい加減なこと言わない方がいいよ。
10443,body,raw-L10439,一度組んでみたら分かると思うけどし切ってるわけじゃない感じだし、わたしは一緒に組んでテキパキ指示してくれて助かった。
10444,body,raw-L10439,そもそもリーダーは組める後衛を確保したあとで人集めるべきだったと思う。
10445,body,raw-L10439,そうしないと誘われるはずだった機会をそのPTリーダーに奪われてるんだから怒ってあたりまえじゃない？
10446,blank,,
10447,blank,, 
10448,blank,,
10449,post_header,raw-L10449,888 名前： プロマシアの名無しさん 投稿日： 2005/01/13(木) 14:16 [ ldyLBSRA ]
10450,blank,,
10451,anchor,raw-L10449,>>885
10452,body,raw-L10449,だから後衛がつかまらないんだったらその他の人を誘うなよ。
10453,body,raw-L10449,つかまって無いのにその他の人を誘うわけだから責めるなって方がムリ
10454,body,raw-L10449,人間的に出来て無いのはどっちだろうな　考えてみるといいよ
10455,blank,,
10456,body,raw-L10449,あと勝手に名前出さない方が良いぞ？出すなら本人にいってからにしろ
10457,body,raw-L10449,それにｶﾞﾙ赤が超劣化種族ってｗクラクラもってのエン系ﾀﾞﾒ知りませんか？ｗ
10458,body,raw-L10449,強化スキル青での削りはﾊﾝﾊﾟないしｗ
10459,blank,,
10460,blank,,
10461,post_header,raw-L10461,890 名前： プロマシアの名無しさん 投稿日： 2005/01/13(木) 14:23 [ ldyLBSRA ]
10462,blank,,
10463,body,raw-L10461,爆弾は仕方ないだろｗそれも人のせいにするな
10464,body,raw-L10461,わたしはクラクラ（+青ｽｷﾙエン系）でﾊﾝﾊﾟなく削りもありだしクラクラでＴＰ加速で自爆狙いも
10465,body,raw-L10461,どっちもクラクラ持ちならではの良作戦だと思うんだけど？
10466,body,raw-L10461,これの理解度もＰスキルあるひとなら一発でわかるはず。Ｐスキルが足りないくて理解できないからと言って勝手に名前出すべきじゃないっつの
10467,blank,,
10468,blank,,
10469,post_header,raw-L10469,891 名前： プロマシアの名無しさん 投稿日： 2005/01/13(木) 14:27 [ ldyLBSRA ]
10470,blank,,
10471,body,raw-L10469,本人じゃない。普通の意見言っただけだしな
10472,body,raw-L10469,管理人は無関係で出た名前のレスは削除してほしい
10473,body,raw-L10469,これが当たり前になったらＰスキルあるやつはぜいいん晒されることになるぞ？
10474,blank,,
10475,blank,, 
10476,blank,,
10477,post_header,raw-L10477,899 名前： プロマシアの名無しさん 投稿日： 2005/01/13(木) 14:48 [ yFjPblU. ]
10478,blank,,
10479,body,raw-L10477,いや自分も>>891に賛成
10480,body,raw-L10477,Ｐスキルあるやつが良い意味で晒されるのなら問題は無いけどこんな意味の無い事で晒されてる人みるとかわいそうだろ
10481,body,raw-L10477,犠牲者の名前でてるレスは消してほしい、常識が無いのはどっちか良く考えてみろよ？
10482,blank,,
10483,blank,,
10484,post_header,raw-L10484,900 名前： プロマシアの名無しさん 投稿日： 2005/01/13(木) 14:53 [ yFjPblU. ]
10485,blank,,
10486,anchor,raw-L10484,>>898
10487,body,raw-L10484,ldyLBSRAからのレスが遅いな。怒って帰ったかな。
10488,body,raw-L10484,怒って当然か。お前等は無関係の人を一人晒してしまってそれに常識を持ったldyLBSRAを本人扱いしようとしたんだからな
10489,body,raw-L10484,ここで調子に乗ったやつぜいいんここで名前言って謝るべきだぞ
10490,blank,,
10491,blank,, 
10492,blank,,
10493,post_header,raw-L10493,910 名前： プロマシアの名無しさん 投稿日： 2005/01/13(木) 15:14 [ yFjPblU. ]
10494,blank,,
10495,anchor,raw-L10493,>>901
10496,body,raw-L10493,今度は俺かよ、俺は違うぞ？次から次に本人候補決めつけるな
10497,body,raw-L10493,俺は本人と組んだ事は無いけどな。ただldyLBSRAの言ってる事が正しいから怒って帰ったて事はldyLBSRAは正しいんだろうな。
10498,body,raw-L10493,クラクラとか普通に最強装備だし赤の青スキルのエン系と適性からみてもその削りは疑う余地無いだろ
10499,body,raw-L10493,するとクラクラ持って殴ってたって言ったやつはＰスキルの足りない無知だったってことになる
10500,body,raw-L10493,ldyLBSRAが正しかった事が分かる　晒したやつらは自分も名前書け
10501,blank,,
10502,blank,,
10503,post_header,raw-L10503,911 名前： プロマシアの名無しさん 投稿日： 2005/01/13(木) 15:15 [ yFjPblU. ]
10504,blank,,
10505,body,raw-L10503,ゴチャゴチャ言わなくていいから名前書けよ
10506,blank,,
10507,blank,, 
10508,blank,,
10509,blank,,
10510,post_header,raw-L10510,914 名前： プロマシアの名無しさん 投稿日： 2005/01/13(木) 15:28 [ yFjPblU. ]
10511,blank,,
10512,body,raw-L10510,ldyLBSRA出てきてくれ、多勢に無勢じゃ正しい事いっても無かった事にされるみたいだからな
10513,body,raw-L10510,裁判なら勝てるだろうけど。怒ってたら出てこなくていいぞ
10514,blank,,
10515,blank,, 
10516,blank,,
10517,post_header,raw-L10517,925 名前： プロマシアの名無しさん 投稿日： 2005/01/13(木) 16:18 [ yFjPblU. ]
10518,blank,,
10519,body,raw-L10517,ldyLBSRAを待ったけど怒って帰ったみたいだな。
10520,quoted_line,raw-L10517,>>921かわりに言っておくけど前衛はギリギリまでｶﾞﾙ前衛を待った方がいい
10521,body,raw-L10517,攻撃力、ＨＰ、防御力とか前衛に必要なものは最強ｸﾗｽ
10522,body,raw-L10517,おまえみたいのがいるからオートカリスマ発動で主導権握ってしまう人が晒される
10523,body,raw-L10517,説明すると後衛は樽がいいがｼﾞｭｰｽがぶ飲み+ﾘﾌﾚ（歌があれば種族とわないから
10524,body,raw-L10517,後衛が揃えば前衛はそっこう決まる事が多いからな、ｶﾞﾙ前衛はﾚｱだから高望み止めればすぐＰＴ完成する
10525,blank,,
10526,blank,, 
10527,blank,,
10528,blank,,
10529,post_header,raw-L10529,928 名前： プロマシアの名無しさん 投稿日： 2005/01/13(木) 16:25 [ yFjPblU. ]
10530,blank,,
10531,anchor,raw-L10529,>>924
10532,body,raw-L10529,お前クラクラの攻撃見たことないだろ
10533,body,raw-L10529,赤のエン系クラクラは削りがハンパ無い事は既出
10534,body,raw-L10529,さっきも言ったようにゴブとかエン系クラクラで荒削りで倒すと言うのも敵ＴＰ加速で自爆狙いでいけるのもクラクラ持ちならではの作戦
10535,body,raw-L10529,それに気づかないやつに人を批判する資格はない
10536,body,raw-L10529,Ｐスキルがあるほど判断力があるからそこで無類の削りのエン系クラクラで殴っていたのならそれが最強の選択だったんだとなんで考えないんだ
10537,blank,,
10538,blank,, 
10539,blank,,
10540,blank,,
10541,post_header,raw-L10541,940 名前： プロマシアの名無しさん 投稿日： 2005/01/13(木) 16:45 [ yFjPblU. ]
10542,blank,,
10543,body,raw-L10541,+の意味は（～とか）って意味だっつのｗｗｗ
10544,body,raw-L10541,それくらいも理解できないのか？ｗｗ
10545,body,raw-L10541,俺はわかってるから当然の様に言ってみただけだけどなｗ説明なんかしなくていいっつのｗｗ
10546,blank,,
10547,body,raw-L10541,あとバカみたいにageるなよ>>935
10548,blank,,
10549,blank,, 
10550,blank,,
10551,post_header,raw-L10551,946 名前： プロマシアの名無しさん 投稿日： 2005/01/13(木) 17:02 [ yFjPblU. ]
10552,blank,,
10553,anchor,raw-L10551,>>943
10554,body,raw-L10551,お前はそんなに長時間範囲内にいるのか？死んで当然
10555,body,raw-L10551,そもそもﾋﾟﾝﾎﾟｲﾝﾄで歌いわける技術があれば済む事
10556,body,raw-L10551,ついでだから言っておくけど詩人のブリンクは無意味だからＭＰの無駄だよ
10557,body,raw-L10551,ブリンクかけるＭＰはケアルに回すのが効率的なのは常識だよ
10558,blank,,
10559,blank,, 
10560,blank,,
10561,blank,,
10562,post_header,raw-L10562,949 名前： プロマシアの名無しさん 投稿日： 2005/01/13(木) 17:30 [ yFjPblU. ]
10563,blank,,
10564,anchor,raw-L10562,>>948
10565,body,raw-L10562,だからするなって言ってるのが分からないのか？
10566,body,raw-L10562,低スキル者が勝手にやると時給を落す。だから効率的になるようにアドバイスを助言すると顔真っ赤にして晒されるしな
10567,body,raw-L10562,詩人は効率良くする事だけ考えればいい　詩人が死ぬことはまずないしな。死ぬのはお前が手抜き装備だからだ
10568,body,raw-L10562,時給にも関わるから最強ブーストしてくるのが常識だろ・・。
10569,body,raw-L10562,あとここで文句言ってる奴ってクラクラもって無いし知り合いにもクラクラ持ってる人物がいないからひがんでる様にしか見えないｗ
10570,body,raw-L10562,だいたいクラクラもってる赤は最強だと思うね
10571,body,raw-L10562,滅多に持ってる人いない激レア最強武器だし妬むのも仕方ないのかもしれないけど
10572,blank,,
10573,blank,, 
10574,blank,,
10575,blank,,
10576,post_header,raw-L10576,1015 名前： プロマシアの名無しさん 投稿日： 2005/01/14(金) 13:41 [ xoDeKpm. ]
10577,blank,,
10578,body,raw-L10576,俺は他人だけど勝手に名前出すのってどうかと思うな
10579,body,raw-L10576,あきらかな問題行動を起こしたんなら仕方ないけどこの人の場合は深い考えがあるだろ明らかに。
10580,body,raw-L10576,前衛・後衛を極めてるＰスキルと最強装備を金揃えてるレアなｶﾞﾙ前衛に考えが追い付かないだけで名前勝手に出すとかバカかと思われるぞ？
10581,body,raw-L10576,あきらかに時給落してるとか書いてる奴もいるけどお前も含めた回りのＰスキルの低さが原因だとなんで考えない？
10582,body,raw-L10576,良くも悪くもＦＦはＰＴのチームワークだからＰスキルが飛び出てる人の考えに追い付けなくてその人が一人浮いてるように見えるのは仕方の無い事だろ？
10583,body,raw-L10576,そもそも手抜き装備のＰＴ面に時給とかいってほしくないな
10584,blank,,
10585,blank,, 
10586,blank,,
10587,blank,,
10588,post_header,raw-L10588,1022 名前： プロマシアの名無しさん 投稿日： 2005/01/14(金) 14:05 [ xoDeKpm. ]
10589,blank,,
10590,body,raw-L10588,協調性が無いとはどこにも書かれてないぞ？捏造する必要があるという事は劣等種族で決定だな
10591,body,raw-L10588,個人の名前を勝手に使って（犯罪）評判を落す事しか出来ないのか？
10592,body,raw-L10588,まぁ正々堂々と勝負できない奴がここでカゲグチ叩くんだろうけどなｗ
10593,body,raw-L10588,人の言うことをそのまま信じるのか？じゃあ氏ねっていわれたら氏むんだな？ｗ
10594,body,raw-L10588,個人の事は個人が判断すればいいだけだろ？俺は似たﾀｲﾌﾟ知ってるけどかなり頼りになるぞ
10595,blank,,
10596,blank,, 
10597,blank,,
10598,blank,,
10599,post_header,raw-L10599,1026 名前： プロマシアの名無しさん 投稿日： 2005/01/14(金) 14:18 [ xoDeKpm. ]
10600,blank,,
10601,anchor,raw-L10599,>>1023
10602,body,raw-L10599,自分の糞さが出てますよ(･∀･)
10603,body,raw-L10599,人を真性呼ばわりして自分を正当化しているお前こそ自分の意見に当てはまることがわからないのかｗ
10604,blank,,
10605,blank,, 
10606,blank,,
10607,post_header,raw-L10607,1030 名前： プロマシアの名無しさん 投稿日： 2005/01/14(金) 14:29 [ xoDeKpm. ]
10608,blank,,
10609,anchor,raw-L10607,>>1025
10610,body,raw-L10607,今はﾘﾌﾚ+ｼﾞｭｰｽがあるからＭＰとか関係ないというのが一般常識
10611,body,raw-L10607,でもＨＰ・防御・攻撃力を全てかね揃えてるのはガルカだけだろ？
10612,body,raw-L10607,後衛で言えばある意味樽がいいんだけどタゲとったときＨＰが低いし、ＭＰの多さはﾘﾌﾚｼﾞｭｰｽで関係無い
10613,body,raw-L10607,攻撃力はエルがガルカとタメ張るけどＤＥＸ低いから当らなければ意味無いし。ＨＰも圧倒的
10614,body,raw-L10607,ヒュームは普通過ぎてつまらないし特化されて無いんじゃ使い物にならないでしょ？
10615,blank,,
10616,blank,, 
10617,blank,,
10618,blank,, 
10619,blank,,
10620,blank,, 
10621,blank,,
10622,blank,, 
10623,blank,,
10624,section_title,,【ぜいいん】08:Valefor鯖総合スレ Vol.18【じょうずく】
10625,blank,,
10626,blank,, 
10627,blank,,
10628,blank,, 
10629,blank,,
10630,post_header,raw-L10630,43 名前： プロマシアの名無しさん 投稿日： 2005/01/18(火) 10:43 [ 9oK5ct6s ]
10631,blank,,
10632,body,raw-L10630,医大に入れないバカはﾀﾞﾏってた方がいいかなｗ
10633,blank,,
10634,blank,, 
10635,blank,,
10636,post_header,raw-L10636,45 名前： プロマシアの名無しさん 投稿日： 2005/01/18(火) 11:13 [ 9oK5ct6s ]
10637,blank,,
10638,body,raw-L10636,自称と本物を一緒にするな
10639,body,raw-L10636,ここで国家試験を～とか言ってるやつはバカ過ぎるｗ
10640,body,raw-L10636,国家試験がどれだけむづかしいかわかって言ってるのｗ
10641,body,raw-L10636,おれも偶然国家試験組だからわかるんだけど生抜きでＦＦは良くやってる
10642,body,raw-L10636,リアル色んな人物がいるんだからＦＦやってて高レベル+最強装備だからうたがってるやつは相手になら無いんだけどな
10643,blank,,
10644,blank,, 
10645,blank,,
10646,post_header,raw-L10646,50 名前： プロマシアの名無しさん 投稿日： 2005/01/18(火) 12:14 [ 9oK5ct6s ]
10647,blank,,
10648,body,raw-L10646,威張ってるわけじゃないし聞かれたから言うだけ
10649,body,raw-L10646,装備とか種族もふつうは見た目でわかるけどもしかしたら種族の適性とか優劣を理解してない新人がいるかもしれないし
10650,body,raw-L10646,なんか人のアゲアシとって喜んでるバカがいるみたいだけど相手にならないって言ってるの読まませんか？ｗ
10651,blank,,
10652,blank,,
10653,post_header,raw-L10653,64 名前： プロマシアの名無しさん 投稿日： 2005/01/18(火) 13:32 [ 9oK5ct6s ]
10654,blank,,
10655,body,raw-L10653,人の国家試験をあれこれ検索するとか常識なさすぎ君が多い所が痛いｗ
10656,body,raw-L10653,人の誤字をアゲアシ取るところなんか人に嫌われる確率１００％
10657,body,raw-L10653,そもそも国家試験が（必要）ない人は気が楽でいいよなｗｗ残念ながらもう少しで受かるけどなｗ
10658,blank,,
10659,blank,, 
10660,blank,,
10661,blank,,
10662,post_header,raw-L10662,69 名前： プロマシアの名無しさん 投稿日： 2005/01/18(火) 14:07 [ 9oK5ct6s ]
10663,blank,,
10664,body,raw-L10662,釣るとか釣らないとかって言うかお前等が本人降臨と言ってるだけで
10665,body,raw-L10662,誰も本人だと言ってないしな、俺はわかっていたがｗ
10666,body,raw-L10662,はぁ？だれが答えたくないって言ったんだ？
10667,body,raw-L10662,あまり適当なこと言うなよ？相手にされないからって人の事決め付けるとかバカかと
10668,blank,,
10669,blank,, 
10670,blank,,
10671,post_header,raw-L10671,72 名前： プロマシアの名無しさん 投稿日： 2005/01/18(火) 14:11 [ 9oK5ct6s ]
10672,blank,,
10673,anchor,raw-L10671,>>66
10674,body,raw-L10671,バカかとｗレイズしろって事か？チョコボで掘ってるところに偶然いただけだろ？
10675,body,raw-L10671,なんの罪もない人の名前勝手に出すなよ。勝手に出したんだからお前も名前を出せよ。出さないなら勝手に出すなよ。
10676,body,raw-L10671,こういう常識ないやつが初心者に悪影響与えるんだよな～。。
10677,blank,,
10678,blank,, 
10679,blank,,
10680,post_header,raw-L10680,85 名前： プロマシアの名無しさん 投稿日： 2005/01/18(火) 15:31 [ 9oK5ct6s ]
10681,blank,,
10682,body,raw-L10680,俺は掘った本人じゃないけど>>82はバカだと思うから本人に代わって文句言わせてもらう。
10683,body,raw-L10680,レイズしろとは言ってないけどレイズを期待してたんだろ？チョコボに乗ってるんだからレイズは出来ないからこれは仕方ない事。
10684,body,raw-L10680,レイズもらえなかったからと言ってたったそれだけで勝手に人の名前使うおまえは厨だな【練習相手になりません】
10685,body,raw-L10680,チョコボで偶然そこ掘っただけで晒される人の事を考えるべきだろ？管理人見てるならマジで無関係な人の名前かかれたところ削除して欲しいな、あまりにも無法地帯
10686,body,raw-L10680,むしろ中の人の気分を害してるお前の方がオフげーしてろってことはみんなそう思ってる
10687,blank,,
10688,blank,,
10689,body,raw-L10680,バカにバカ呼ばわりされるつもりはないな
10690,body,raw-L10680,前スレとか読んでないけどだいたい常識的な意見が潰されてるだろなって思うな。
10691,body,raw-L10680,その人達がどういう人か知らないけど常識的なこと言ってる俺と同じくらい嫌われるほど常識的な人達ならきっといい人達だったんだろうな。
10692,blank,,
10693,blank,, 
10694,blank,,
10695,post_header,raw-L10695,95 名前： プロマシアの名無しさん 投稿日： 2005/01/18(火) 16:00 [ 9oK5ct6s ]
10696,blank,,
10697,body,raw-L10695,踏まれて気分が悪いとかいうならそこで死ぬなよ・・
10698,body,raw-L10695,未来がわからないのは誰だって一緒、お前もそこで死ぬとは思ってなかったし俺もそこで掘るとは思っていなかった。
10699,body,raw-L10695,偶然と偶然が重なっただけで晒しですか？訴えられても仕方ないなお前は。
10700,blank,,
10701,body,raw-L10695,レイズをかけてもらえなかったから晒されたんだろ？
10702,body,raw-L10695,死姦魔とか笑えるｗおれの頭が痛い人とか思うのはお前が痛い奴だからだぞｗｗｗ
10703,body,raw-L10695,お前は一度病院いきだな、キモイ
10704,blank,,
10705,blank,,
10706,post_header,raw-L10706,116 名前： プロマシアの名無しさん 投稿日： 2005/01/18(火) 16:23 [ 2FUs9DfY ]
10707,blank,,
10708,body,raw-L10706,俺は彼とＰＴ組ませてもらったことあるけどいままでのＰＴが低レベルなくらい良い時間が過ごせた。
10709,body,raw-L10706,ちゃんとＰＴのダメなところは指摘してくれるしな
10710,body,raw-L10706,それに今後の装備の目標も教えてもらえた。大物と戦ったときの話とか聞いてて飽きなかったしな。
10711,body,raw-L10706,それに人間的にも常識的な人なのにここで叩かれる意味がわからないな。
10712,blank,,
10713,blank,,
10714,post_header,raw-L10714,122 名前： プロマシアの名無しさん 投稿日： 2005/01/18(火) 16:28 [ 2FUs9DfY ]
10715,blank,,
10716,body,raw-L10714,俺に聞かれてもわかるわけない。
10717,blank,,
10718,blank,, 
10719,blank,,
10720,post_header,raw-L10720,125 名前： プロマシアの名無しさん 投稿日： 2005/01/18(火) 16:31 [ 2FUs9DfY ]
10721,blank,,
10722,body,raw-L10720,俺は初めてここにきたのにいきなり馴れ馴れしい奴がいるな・・
10723,body,raw-L10720,ところで忍者は無敵盾維持するには最低紙兵１０Ｄはいるよね？
10724,blank,,
10725,blank,,
10726,post_header,raw-L10726,130 名前： プロマシアの名無しさん 投稿日： 2005/01/18(火) 16:34 [ 2FUs9DfY ]
10727,blank,,
10728,anchor,raw-L10726,>>129
10729,body,raw-L10726,バカ発見ｗageなくてもいいよｗバカ丸出しだから
10730,blank,,
10731,blank,, 
10732,blank,,
10733,post_header,raw-L10733,141 名前： プロマシアの名無しさん 投稿日： 2005/01/18(火) 16:47 [ 2FUs9DfY ]
10734,blank,,
10735,body,raw-L10733,良くわからないけどノルさん（愛称）さっきまでいたのか？
10736,body,raw-L10733,あの時のお礼をいいたかったのにな、あの時のお礼を
10737,blank,,
10738,blank,, 
10739,blank,,
10740,post_header,raw-L10740,147 名前： プロマシアの名無しさん 投稿日： 2005/01/18(火) 16:58 [ 2FUs9DfY ]
10741,blank,,
10742,body,raw-L10740,俺がコカで肉集めていてあと1個で５Ｄになるときだったな。
10743,body,raw-L10740,邪視くらって、（上でチョコボに乗ってても助けない事は悪だって非難されてるけどその時誰も助けてくれなかった）
10744,body,raw-L10740,素材狩りで独り死ぬのかなロスト2400かよって思ってたら通りすがりの暗黒が
10745,body,raw-L10740,神速度でスタンでタゲとってくれて危機一発で生還。
10746,body,raw-L10740,しかもロストの経験値が助かったのでそれに比べれば安いものだと1万ギルやろうとしたらいまのコカで肉が取れたのでいいよといってくれた。
10747,blank,,
10748,blank,, 
10749,blank,,
10750,blank,,
10751,post_header,raw-L10751,153 名前： プロマシアの名無しさん 投稿日： 2005/01/18(火) 17:09 [ 2FUs9DfY ]
10752,blank,,
10753,body,raw-L10751,あの判断力の高さはＰスキルの塊だと思ったぞ。
10754,body,raw-L10751,でも正義感が強いから妬みとか嫉妬とかの対象になりやすいからかわいそうだよな
10755,body,raw-L10751,普通の奴だったら多分素材狩りの人が死ぬの見てるだけだろうな。
10756,body,raw-L10751,それにチョコボから降りて助けてくれたしな。ここで死体の近く掘ったとか言うだけで騒いでる奴はただのバカにしか見えないな
10757,blank,,
10758,blank,, 
10759,blank,,
10760,blank,,
10761,post_header,raw-L10761,156 名前： プロマシアの名無しさん 投稿日： 2005/01/18(火) 17:13 [ 2FUs9DfY ]
10762,blank,,
10763,body,raw-L10761,俺はここを偶然通りかかってお前らが彼を責めてるのが気に食わなかっただけ
10764,body,raw-L10761,ヴァナでお礼言ってもここで起きた彼の正義を証明する事が出来ないからな
10765,body,raw-L10761,彼は本当に良い人、強いしな頼りになる
10766,blank,,
10767,blank,, 
10768,blank,,
10769,post_header,raw-L10769,166 名前： プロマシアの名無しさん 投稿日： 2005/01/18(火) 17:26 [ 2FUs9DfY ]
10770,blank,,
10771,body,raw-L10769,なんでそんな事説明しないといけないんだ？
10772,body,raw-L10769,俺が石になってノルさんがチョコボから降りて（他の人は無視して通過した）助けてくれただけで良いんじゃない？
10773,blank,,
10774,blank,, 
10775,blank,,
10776,post_header,raw-L10776,169 名前： プロマシアの名無しさん 投稿日： 2005/01/18(火) 17:29 [ 2FUs9DfY ]
10777,blank,,
10778,anchor,raw-L10776,>>167
10779,body,raw-L10776,なんで単純に凄いと思えないのだろうかね？ｗ
10780,blank,,
10781,blank,, 
10782,blank,,
10783,post_header,raw-L10783,171 名前： プロマシアの名無しさん 投稿日： 2005/01/18(火) 17:31 [ 2FUs9DfY ]
10784,blank,,
10785,body,raw-L10783,考え方の違いだねおれは結果さえでればどうでも良いしｗ
10786,blank,,
10787,blank,, 
10788,blank,,
10789,post_header,raw-L10789,386 名前： プロマシアの名無しさん 投稿日： 2005/01/26(水) 09:54:01 [ m6Dc2pCE ]
10790,blank,,
10791,anchor,raw-L10789,>>383
10792,body,raw-L10789,お前サンドにいた奴で特定できるからしゃべんない方が良いよ
10793,blank,,
10794,blank,, 
10795,blank,,
10796,post_header,raw-L10796,388 名前： プロマシアの名無しさん 投稿日： 2005/01/26(水) 11:34:19 [ m6Dc2pCE ]
10797,blank,,
10798,anchor,raw-L10796,>>387
10799,body,raw-L10796,お前には関係ないし、しゃべんなって言ってんのがわかんねーのか？
10800,body,raw-L10796,前ｽﾚからの流れかマジで意味無く人の名前出す糞が蔓延ってるなぁ。ウッゼ
10801,blank,,
10802,blank,, 
10803,blank,,
10804,blank,,
10805,post_header,raw-L10805,390 名前： プロマシアの名無しさん 投稿日： 2005/01/26(水) 11:59:29 [ m6Dc2pCE ]
10806,blank,,
10807,body,raw-L10805,気に入る気に入らないじゃないってんのがわかんないのかよ？
10808,body,raw-L10805,気に入らないなら直接tellこいって言ってンすよ？
10809,body,raw-L10805,こんな所で名前出すとかﾏｼﾞ訳わかんねーし。詳細書けば何でも晒して良いのかよ？
10810,blank,,
10811,blank,,
10812,post_header,raw-L10812,397 名前： プロマシアの名無しさん 投稿日： 2005/01/26(水) 13:25:27 [ m6Dc2pCE ]
10813,blank,,
10814,body,raw-L10812,粘着すんなっつってんだよ。糞がよ・・
10815,body,raw-L10812,俺はこいつらとは関係無いけどよ、無関係PCを晒す奴見てるとよ怒りがおさまんねんだわ卑怯者どもが
10816,body,raw-L10812,お前らも晒されたいのか？
10817,blank,,
10818,blank,,
10819,post_header,raw-L10819,401 名前： プロマシアの名無しさん 投稿日： 2005/01/26(水) 13:45:41 [ 57gh0jxw ]
10820,blank,,
10821,body,raw-L10819,卑怯者どもの相手したらPC落ちちまった
10822,body,raw-L10819,流石にしたらばは屑の集まりだと言われるだけの事はあるわ。
10823,body,raw-L10819,俺がムカついてンのﾏｼﾞでダチとか見たらﾋﾞﾋﾞるしよ？
10824,body,raw-L10819,止めろっつってんのに更に書き込むわ、
10825,quoted_line,raw-L10819,>報告するような内容でもないね、ｽﾏｿ。
10826,body,raw-L10819,とかよ、分かってるなら書くなよ？あ？俺が間違った事言ってっか？お前らよ頭おかしいんじゃねえの？
10827,blank,,
10828,blank,, 
10829,blank,,
10830,post_header,raw-L10830,405 名前： プロマシアの名無しさん 投稿日： 2005/01/26(水) 13:51:50 [ 57gh0jxw ]
10831,blank,,
10832,body,raw-L10830,誰も俺が晒すなんて言ってねーのもわかんねえのか？馬鹿はお前だよ、オ・マ・エ！
10833,body,raw-L10830,俺はお前らも晒されたいのか？って聞いてるだけだしよ？匿名だからって調子こくなよ？
10834,blank,,
10835,blank,,
10836,post_header,raw-L10836,406 名前： プロマシアの名無しさん 投稿日： 2005/01/26(水) 13:53:45 [ 57gh0jxw ]
10837,blank,,
10838,quoted_line,raw-L10836,>>404　ほう？お前晒されたいのかよ？脅しのつもりだったんだがお前の名前言えよ？晒してやっからよー？！
10839,blank,,
10840,blank,, 
10841,blank,,
10842,blank,,
10843,post_header,raw-L10843,410 名前： プロマシアの名無しさん 投稿日： 2005/01/26(水) 13:57:58 [ 57gh0jxw ]
10844,blank,,
10845,body,raw-L10843,許さんよ
10846,blank,,
10847,blank,,
10848,post_header,raw-L10848,415 名前： プロマシアの名無しさん 投稿日： 2005/01/26(水) 14:26:22 [ 57gh0jxw ]
10849,blank,,
10850,quoted_line,raw-L10848,>>407 オッサンじゃねーしよ、忙しいからよ暇じゃねーからレスも遅れるンすわ。
10851,body,raw-L10848,いい加減お前らの粘着はﾏｼﾞ悪質
10852,body,raw-L10848,晒す奴は多分まともな死に方はしないだろうよ。
10853,body,raw-L10848,テレビとかで報道されるような悲惨な事になりたくなけりゃﾏｼﾞ止めとけよ。
10854,blank,,
10855,blank,, 
10856,blank,,
10857,post_header,raw-L10857,419 名前： プロマシアの名無しさん 投稿日： 2005/01/26(水) 14:36:14 [ 57gh0jxw ]
10858,blank,,
10859,quoted_line,raw-L10857,>>414　ストーカーか？訴えられる前にやめとけ。
10860,body,raw-L10857,これで俺が本人じゃ無いっつー第三者だと言う証明になったわけだがどうしてくれんよ？
10861,body,raw-L10857,精神的苦痛とかﾏｼﾞ訴え出せば止まらないが？
10862,blank,,
10863,blank,,
10864,post_header,raw-L10864,420 名前： プロマシアの名無しさん 投稿日： 2005/01/26(水) 14:41:56 [ 57gh0jxw ]
10865,blank,,
10866,body,raw-L10864,お前らに他人を晒す権利はねえよ、自分の名前も晒せないチキンなンすからよ？
10867,body,raw-L10864,ﾏｼﾞでﾈｯﾄ番長だけは勘弁して欲しいわ、ﾈｯﾄが無いだけでこういう勘違いした馬鹿は消滅できるのによー
10868,blank,,
10869,blank,, 
10870,blank,,
10871,post_header,raw-L10871,424 名前： プロマシアの名無しさん 投稿日： 2005/01/26(水) 14:53:28 [ 57gh0jxw ]
10872,blank,,
10873,body,raw-L10871,ループさせんなっつの、晒しする奴が名前晒してから晒せっつってんだ！
10874,body,raw-L10871,お前らの糞さは分かったから無関係な奴らを晒すのは止めろっつの
10875,blank,,
10876,body,raw-L10871,あー先に言っとくわ糞の相手する俺もどっちかっつうと糞だ
10877,body,raw-L10871,煽りの文は要らんわ
10878,blank,,
10879,post_header,raw-L10879,427 名前： プロマシアの名無しさん 投稿日： 2005/01/26(水) 14:57:22 [ 57gh0jxw ]
10880,blank,,
10881,body,raw-L10879,あ？俺がヤンなんは雰囲気で分かっちまうかもしれんがよ～？
10882,body,raw-L10879,そんな生易しいもんじゃねっつの。結構修羅ってるからよ？卑怯者が許せ無いだけなんだわ
10883,blank,,
10884,blank,,
10885,post_header,raw-L10885,440 名前： プロマシアの名無しさん 投稿日： 2005/01/26(水) 15:06:00 [ 57gh0jxw ]
10886,blank,,
10887,body,raw-L10885,卑怯者じゃねえならガチで勝負すっかよ？
10888,body,raw-L10885,俺はﾏｼﾞガチ望むなら速攻バトれんぞ？
10889,body,raw-L10885,こっちは消えたりしねえからよ、居なくなんのはテメエらの方じゃねえ？ﾋﾞﾋﾞﾘがﾈｯﾄ番長振りかざんなっつの
10890,blank,,
10891,blank,,
10892,post_header,raw-L10892,445 名前： プロマシアの名無しさん 投稿日： 2005/01/26(水) 15:15:38 [ 57gh0jxw ]
10893,blank,,
10894,body,raw-L10892,やっぱﾋﾞﾋﾞﾘかよ、これだけ待って一人も名乗り挙げない所が流石したらばだよな
10895,blank,,
10896,blank,,
10897,post_header,raw-L10897,452 名前： プロマシアの名無しさん 投稿日： 2005/01/26(水) 15:52:08 [ 57gh0jxw ]
10898,blank,,
10899,quoted_line,raw-L10897,>>450　お前からはﾏｼﾞなオーラが感じられねーよ。冷やかしだろうが？オ？
10900,body,raw-L10897,ﾋﾞﾋﾞﾘは黙ってろよ？お前が喧嘩もした事無い奴だっつのは判ってんだっつの
10901,body,raw-L10897,喧嘩中はこっちかなり修羅ってから手加減きかねーぞ、おい？
10902,blank,,
10903,blank,, 
10904,blank,,
10905,post_header,raw-L10905,456 名前： プロマシアの名無しさん 投稿日： 2005/01/26(水) 16:03:01 [ 57gh0jxw ]
10906,blank,,
10907,body,raw-L10905,黙れっつってんのが聞こえないのかよ？卑怯者がよ
10908,body,raw-L10905,人の住所聞いて今度は数の暴力ってか？場数踏んでるとこういう勘が働くんだわ
10909,body,raw-L10905,こっちはお前ら群れないとなにも出来ない烏合の衆が匿名で調子くれてるのにムカツクだけなンすわ
10910,body,raw-L10905,別にバトりたいわけじゃねえしよ。
10911,blank,,
10912,blank,,
10913,section_title,,元スレ不明
10914,blank,,
10915,blank,, 
10916,blank,,
10917,post_header,raw-L10917,402 ：(･ヮ･)：05/10/03 12:16:56 ID:EHHfQdik
10918,body,raw-L10917,俺は月光ではないが月光は現時点で８鯖最強LSだと言うのは認めようがない
10919,body,raw-L10917,Ｐスキルもそうだがお前たちは揚げ足を取ってばかりなのがわかってるか？
10920,body,raw-L10917,人海戦術は作戦なのだから人海戦術を攻める事は出来ないでしょう？
10921,body,raw-L10917,月光に嫉妬するのは良いとしても現時点で最強なのは間違いなく総合ﾄｯﾌﾟでムーンライト
10922,body,raw-L10917,人を批判するのは勝手だが逆に返り討ちにあってしまったな
10923,blank,,
10924,post_header,raw-L10924,408 ：(･ヮ･)：05/10/03 12:33:49 ID:EHHfQdik
10925,body,raw-L10924,揚げ足とる奴に本物はいないわけだがさらに俺は月光じゃないと言ったはずだが？
10926,body,raw-L10924,日本語はわかりますか？たしかに日本語は分かってないみたいだな
10927,body,raw-L10924,「最　　　　　強　　　　　だ　　　　ど　　　　か　　　　言　　　　う　　　　前　　　に」
10928,blank,,
10929,body,raw-L10924,さすがに日本語わからない奴にはかてるわけがない
10930,blank,,
10931,blank,,
10932,post_header,raw-L10932,421 ：(･ヮ･)：05/10/03 14:07:19 ID:EHHfQdik
10933,body,raw-L10932,そこでやってたのは迷惑かけられたというよりも敵のタゲが切れた時絡まれる場所でこいつらが勝手にやってただけの事
10934,body,raw-L10932,それに対して責任を持つ必要は無いし馬鹿の粘着はどこにでも沸くのだからわかってる人間は相手にしない
10935,body,raw-L10932,ここで馬鹿なのはいきなり敵意ぬき出しで馬鹿の1個覚えみたいに「ＭＰＫですか？」ときく大馬鹿
10936,body,raw-L10932,鯖板にも晒すｻﾞｺはっきりいって鯖板に晒し行為をする馬鹿はリアル急所付きしたくなってくる
10937,body,raw-L10932,自分が正しいとしか思っていないからこんな惨めな事が出来るんだろうな卑怯者が
10938,blank,,
10939,post_header,raw-L10939,428 ：(･ヮ･)：05/10/03 14:43:55 ID:EHHfQdik
10940,body,raw-L10939,何でもかんでも釣り釣り釣り釣り完全に論破されたお前らの悪いクセそれしか言えない
10941,blank,,
10942,post_header,raw-L10942,436 ：(･ヮ･)：05/10/03 16:03:14 ID:EHHfQdik
10943,body,raw-L10942,やはりＨＮＭと戦いなれていないととっさの時に対処できないということが明らかになった
10944,body,raw-L10942,ＨＮＭとたたかいなれていない奴は「この敵を倒したらエリチャンする」「あと少しだし経験値がもったいない」
10945,body,raw-L10942,だいたいこれで死ぬ馬鹿が多数ところがＨＮＭＬＳはＨＮＭと戦いなれているのか冷静だった
10946,body,raw-L10942,引くべき時は引くし出る時は出るというたたかい方は俺は素人だが圧倒された
10947,body,raw-L10942,「もう少しもう少し」これが身を滅ぼすその店戦いなれてる人間は「危険だ」と感じたらひとまず引く
10948,body,raw-L10942,ここら辺の頭の切り替えと頭脳の回転の早さが今回死ななかった者と死んで粘着に回ったものの差かなと俺は思う
10949,blank,,
10950,post_header,raw-L10950,447 ：(･ヮ･)：05/10/03 17:41:33 ID:EHHfQdik
10951,body,raw-L10950,死んだ奴は良い笑い者これはそのままＰスキルの低さ
10952,body,raw-L10950,さらに土壇場での頭の回転ピンチ時の行動に当てはまるな
10953,body,raw-L10950,エリチェ使用した人間はなかなかのＰスキル
10954,body,raw-L10950,危険な相手に無理は禁物リスクを避けて確実に他のＰスキル育成の為に引くべきところは引いてくる
10955,body,raw-L10950,だが死んだ奴はどうだろう？きっとミッションＢＣや印章ＢＣでも周りがやられて行く中勝てもしないｼﾞｮﾌﾞで突っ立って死を待ってるだけのﾎﾞﾝｸﾗ
10956,body,raw-L10950,頭の回転の良い奴はひとまずだしゅつする態勢を立て直したりできる
10957,body,raw-L10950,頭の回転の遅い奴は最後までたたかうことがｶｯｺｲｲと思ってるのかまるで糞
10958,blank,,
10959,post_header,raw-L10959,452 ：(･ヮ･)：05/10/03 17:50:17 ID:EHHfQdik
10960,body,raw-L10959,そもそもその程度でＭＰＫってその辺にいたﾌﾟﾚｲﾔｰが下手糞でＦＡ
10961,body,raw-L10959,反射神経がぶち切れてるんじゃ？
10962,body,raw-L10959,一流のﾌﾟﾚｲﾔｰなら敵が来たかどうかそれが絡んで勝てそうかどうか一瞬でわかるはず
10963,body,raw-L10959,ようするに粘着してわざわざ「ＭＰＫですか？」とか言ってくる粘着厨+晒し厨は消え失せろ
10964,body,raw-L10959,自演で必死に仲間がいるように見せ掛けて必死なのは分かったが度が過ぎると非常にまずい事になりかねない
10965,blank,,
10966,blank,, 
10967,blank,,
10968,section_title,,【もう】侍【無理】
10969,blank,,
10970,blank,, 
10971,blank,,
10972,blank,, 
10973,blank,,
10974,post_header,raw-L10974,411 ：既にその名前は使われています：04/12/10 15:31:15 ID:33d+RwhY
10975,body,raw-L10974,侍のﾈｶﾞｷｬﾝｳｻﾞ杉
10976,body,raw-L10974,お前等の何処が弱いんだっつーの。まずそこを言ってみろよｶｽ
10977,body,raw-L10974,PTに誘われる優先度が低いとかﾊﾞｶじゃねーの？
10978,body,raw-L10974,後衛から見ると今回のﾊﾟｯﾁでかなりﾊﾞﾗﾝｽは取れた感があるよ
10979,body,raw-L10974,お前等は銭投げでもないのにPT枠1つは最低確保したいﾊﾞｶですか？
10980,body,raw-L10974,お前等が下層、最下層の住民だとは思ってないよ、どちらかと言えば上位ランク
10981,body,raw-L10974,そもそもお前等の地位をこれ以上上げて絶対的なものになったらお前等いう所の底辺ジョブは一体どうなるわけ？
10982,body,raw-L10974,侍は能無しのｶｽばかりだな。少しは自分たちで立ち回り努力しろ
10983,blank,, 
10984,post_header,raw-L10984,416 ：既にその名前は使われています：04/12/10 15:37:22 ID:33d+RwhY
10985,body,raw-L10984,あー、それとヤメルヤメル言うやつは勝手にやめれば良いよ
10986,body,raw-L10984,誰も残ってくれなんて言ってないから。各ジョブやるのは本当にそのジョブが好きな奴だけで良い。
10987,body,raw-L10984,強化云々でやめる止めない言う奴はさっさと止めてくれた方が鯖も軽くなってくれるし楽
10988,blank,,
10989,post_header,raw-L10989,432 ：既にその名前は使われています：04/12/10 15:59:25 ID:33d+RwhY
10990,body,raw-L10989,侍は今でも十分過ぎるほど強い
10991,body,raw-L10989,WSﾏﾝｾｰな世界でﾚﾍﾞﾘﾝｸﾞにも最強最速のWS使用頻度でPTに貢献し、かつWSﾏﾝｾｰでﾚﾍﾞﾘﾝｸﾞの延長上にあるHNMにも引っ張りだこ
10992,body,raw-L10989,通常削りも並み居る前衛を押しのけてのﾄｯﾌﾟﾗﾝｶｰ、あまつさえPTの非常時には前衛屈指の超ｱﾋﾞに値する２ｈｱﾋﾞ
10993,body,raw-L10989,連携の幅も光・闇自由自在、〆もﾄｽもこなす柔軟性
10994,body,raw-L10989,唯一固いのは回転の悪い頭だけ
10995,anchor,raw-L10989,>>419
10996,body,raw-L10989,デブじゃねーし、お前等の存在を認めてやってる者に対する態度がそれですか？
10997,body,raw-L10989,本当に侍はﾈｶﾏとｶｽしかいませんね＾＾；
10998,blank,,
10999,post_header,raw-L10999,436 ：既にその名前は使われています：04/12/10 16:04:52 ID:33d+RwhY
11000,anchor,raw-L10999,>>429
11001,body,raw-L10999,無理に説明する必要はないよ、弱いところは無いんだから＾＾；
11002,body,raw-L10999,こっちとしてはお前等の意見を聞いてやるという意図で投げ掛けただけだしね。弱いところと（頭以外）それを裏付ける証明を兼ねた説明が出来るほど利口だとは最初から期待していませんよ＾＾；；
11003,blank,,
11004,post_header,raw-L11004,470 名前：既にその名前は使われています[sage] 投稿日：04/12/10(金) 16:45:53 ID:ugQZINL8 [1/15]
11005,anchor,raw-L11004,>>445
11006,body,raw-L11004,お前はﾊﾞｶですか＾＾；；
11007,body,raw-L11004,狩より遅いとか言い始める時点でﾊﾞｶ丸だし
11008,body,raw-L11004,狩人より遅ければ溜まるの遅いですか？>>446の意見は禿同
11009,body,raw-L11004,物理アタッカーは狩人・ﾓﾝｸが別格？上に同じ
11010,body,raw-L11004,ﾄｯﾌﾟになれるわけがない？あくまで上位のﾄｯﾌﾟﾗﾝｶｰだと言った筈ですが＾＾；；？
11011,body,raw-L11004,有効な局面が多分にあるだけで超ｱﾋﾞですよ＾＾;;他の死ﾝでる２ｈｱﾋﾞを思い起こしてください＾＾；；
11012,body,raw-L11004,あらら、、当たらなければ意味がないとか言う始末
11013,body,raw-L11004,さらにﾊﾞｶの本領発揮ですね＾＾；；；；；；当たらなければ意味がないのは何でも一緒ですよ＾＾；；；
11014,body,raw-L11004,ﾓﾝｸで３０秒殴った方が強いとか真性？急を要する時に敵が３０秒黙って殴られつづけてくれると良いですね＾＾；；；；
11015,body,raw-L11004,侍の２ｈは瞬発的なものでしょう＾＾；；ああフリズったのでID変わってるかも、揚げ足とられる前に言っとく
11016,blank,,
11017,post_header,raw-L11017,474 名前：既にその名前は使われています[sage] 投稿日：04/12/10(金) 16:51:55 ID:ugQZINL8 [2/15]
11018,body,raw-L11017,まぁいいからﾈｶﾞってスレ上げる暇あるならPｽｷﾙでも上げてきてください＾＾；；；；；
11019,blank,,
11020,blank,,
11021,post_header,raw-L11021,489 名前：既にその名前は使われています[sage] 投稿日：04/12/10(金) 17:07:28 ID:ugQZINL8 [3/15]
11022,body,raw-L11021,頭の中身が足りない劣化ﾌﾟﾚｲﾔｰは自分で道を切り開く事が出来ないｶｽばかりですね＾＾；
11023,body,raw-L11021,ジョブ性能とPSが関係ないとか言ってるし＾＾；；性能があるからPｽｷﾙが生きるんですよ
11024,body,raw-L11021,上位のﾄｯﾌﾟﾗﾝｶｰは何でも一番じゃなきゃだめですか＾＾；
11025,body,raw-L11021,この世界出る杭は打たれるが基本で全部が一番はないんですよ＾＾；；；判ったら辞めてください
11026,blank,,
11027,post_header,raw-L11027,493 名前：既にその名前は使われています[sage] 投稿日：04/12/10(金) 17:10:39 ID:ugQZINL8 [4/15]
11028,anchor,raw-L11027,>>488
11029,body,raw-L11027,は？栽培マン？いや自分は違うよ？侍は強いって認めてるのにﾈｶﾞられてるだけだし
11030,blank,,
11031,blank,,
11032,post_header,raw-L11032,495 名前：既にその名前は使われています[sage] 投稿日：04/12/10(金) 17:18:38 ID:ugQZINL8 [5/15]
11033,embedded_quote_header,raw-L11032,>486 ：既にその名前は使われています ：04/12/10 17:04:32 ID:+/NhyHJ8
11034,quoted_line,raw-L11032,>あ、当然MPもちの餡（ブラボも有り）、ナ、回避+ガード＋チャクラのモ
11035,quoted_line,raw-L11032,>にもかてっこない。
11036,body,raw-L11032,推測で語らないでください
11037,blank,,
11038,quoted_line,raw-L11032,>ソロで語るなら、獣召忍シ赤黒詩狩戦竜暗モナ>侍は確定
11039,body,raw-L11032,どこで確定してるの？
11040,blank,,
11041,quoted_line,raw-L11032,>で、どのジョブが侍より強いって？ｗ
11042,body,raw-L11032,忍・黒・赤
11043,blank,,
11044,post_header,raw-L11044,504 名前：既にその名前は使われています[sage] 投稿日：04/12/10(金) 17:24:01 ID:ugQZINL8 [6/15]
11045,anchor,raw-L11044,>>494
11046,body,raw-L11044,ﾈｶﾞらなくていいよ＾＾；；；；項目に瞬発力が抜けてますよ＾＾；；；
11047,body,raw-L11044,攻撃しなくてもTPが溜まるのは侍、ｵﾝﾘｰﾜﾝですね＾＾
11048,blank,,
11049,post_header,raw-L11049,514 名前：既にその名前は使われています[sage] 投稿日：04/12/10(金) 17:31:37 ID:ugQZINL8 [7/15]
11050,body,raw-L11049,だからﾈｶﾞってスレ上げる暇あるならPスキル上げろや
11051,body,raw-L11049,だまってりゃ調子乗りすぎ
11052,body,raw-L11049,ﾘｱﾙでぶちのめすぞ？
11053,blank,,
11054,post_header,raw-L11054,517 名前：既にその名前は使われています[sage] 投稿日：04/12/10(金) 17:33:57 ID:ugQZINL8 [8/15]
11055,anchor,raw-L11054,>>513
11056,body,raw-L11054,何いってんの？頭大丈夫？侍は強すぎるくらいだよ
11057,body,raw-L11054,現にHNMに新規で8人入って来たからね。
11058,blank,,
11059,post_header,raw-L11059,522 名前：既にその名前は使われています[sage] 投稿日：04/12/10(金) 17:36:55 ID:ugQZINL8 [9/15]
11060,anchor,raw-L11059,>>516
11061,body,raw-L11059,たいがいにしろよｶｽが
11062,body,raw-L11059,ﾏｼﾞで親のﾀﾞｲﾔの結婚指輪のﾈｯｸﾚｽを指にはめてぶん殴るぞ
11063,body,raw-L11059,多分奥歯が揺れるくらいの威力はあるはずだしね
11064,blank,,
11065,post_header,raw-L11065,531 名前：既にその名前は使われています[sage] 投稿日：04/12/10(金) 17:39:31 ID:ugQZINL8 [10/15]
11066,body,raw-L11065,侍は強いくせにﾈｶﾞるなよ糞が
11067,body,raw-L11065,お前等のﾜｶﾞﾏﾏの製で本当に強化が必要なｼﾞｮﾌﾞがこまることになるんだし
11068,body,raw-L11065,ﾏｼﾞでたいがいにしておけ
11069,blank,,
11070,post_header,raw-L11070,537 名前：既にその名前は使われています[sage] 投稿日：04/12/10(金) 17:41:57 ID:ugQZINL8 [11/15]
11071,body,raw-L11070,人が怒りの暴発を抑える為に必死に＾＾；で我慢して言葉も丁寧に使っていたのに全部台無し
11072,body,raw-L11070,ﾏｼﾞで侍は神経がおかしい
11073,blank,,
11074,post_header,raw-L11074,551 名前：既にその名前は使われています[sage] 投稿日：04/12/10(金) 17:47:06 ID:ugQZINL8 [12/15]
11075,body,raw-L11074,侍の自作自演はﾏｼﾞで姑息杉
11076,body,raw-L11074,自分は1度ﾌﾘｽﾞってID変わったが自己申告した
11077,body,raw-L11074,お前等侍が弱いとか言ってる奴見るとﾏｼﾞで泣かしたくなる
11078,body,raw-L11074,侍やるなら堂々とやれよｶｽが
11079,body,raw-L11074,ﾏｼﾞﾘｱﾙ知ってたりゃ殴るところ
11080,blank,,
11081,post_header,raw-L11081,566 名前：既にその名前は使われています[sage] 投稿日：04/12/10(金) 17:53:49 ID:ugQZINL8 [13/15]
11082,body,raw-L11081,いいかげんにしろよｶｽが！何度同じことを言わせるつもりか！
11083,body,raw-L11081,不遇じゃないのに恵まれた環境でいままで来たから不満に感じるだけで全く不遇ではない！
11084,body,raw-L11081,ﾏｼﾞで侍はﾈｶﾞってばかりのｶｽだということが証明された
11085,blank,,
11086,post_header,raw-L11086,579 名前：既にその名前は使われています[sage] 投稿日：04/12/10(金) 18:00:36 ID:ugQZINL8 [14/15]
11087,body,raw-L11086,自分は今から用があるのでお前等の相手ばかりしてられないのにこうやって理解させようとしているのに
11088,body,raw-L11086,ﾊﾞｶの集まりの侍は頭悪すぎ
11089,body,raw-L11086,自分の能力の高さをひたかくしにしてまでさらに強くなりたいですか？
11090,body,raw-L11086,ﾏｼﾞ氏ね
11091,blank,,
11092,post_header,raw-L11092,587 名前：既にその名前は使われています[sage] 投稿日：04/12/10(金) 18:03:18 ID:ugQZINL8 [15/15]
11093,body,raw-L11092,じゃあ約束あるんで
11094,body,raw-L11092,これ以上ﾈｶﾞるな次は許さんぞ
11095,blank,,
11096,post_header,raw-L11096,968 名前：既にその名前は使われています[sage] 投稿日：04/12/12(日) 10:36:15 ID:LZc0jGzg [1/4]
11097,body,raw-L11096,侍が攻撃力低いとかﾏｼﾞで言ってるわけ無いよね＾＾；
11098,body,raw-L11096,攻撃力も激高で通常削りでも前衛のﾄｯﾌﾟ群を独走し、さらに自由自在のWS、しかもTP特化で1人で光･闇の最強連携可能
11099,body,raw-L11096,緊急時には全ｼﾞｮﾌﾞ中でも神ﾚﾍﾞﾙの２ｈを所持し鬼の瞬発力を発揮
11100,body,raw-L11096,また黙想でBC前にTP300まで溜める事が出来、ｽｷﾙA両手武器から繰り出されるWSは他を圧倒
11101,body,raw-L11096,自己の生命の危機時には心眼等で回避可能
11102,body,raw-L11096,ここまで恵まれてて何が不遇なのか＾＾；；
11103,blank,,
11104,post_header,raw-L11104,977 名前：既にその名前は使われています[sage] 投稿日：04/12/12(日) 10:49:02 ID:LZc0jGzg [2/4]
11105,anchor,raw-L11104,>>971
11106,body,raw-L11104,禿同
11107,body,raw-L11104,侍は自己の性能を隠して絶対的地位を得ようとしている
11108,body,raw-L11104,WSとMB主体の世界で自由自在の連携が成り立つ能力を兼ね揃えているの不遇とかﾈｶﾞるし有り得ないしな
11109,body,raw-L11104,ﾏｼﾞでｶｽの集まりに近い
11110,blank,,
11111,blank,,
11112,post_header,raw-L11112,992 名前：既にその名前は使われています[sage] 投稿日：04/12/12(日) 11:16:03 ID:LZc0jGzg [3/4]
11113,anchor,raw-L11112,>>981
11114,body,raw-L11112,他ｼﾞｮﾌﾞから見て侍は十分過ぎるほど強いって言ってるんですが＾＾；
11115,body,raw-L11112,侍のアビ無しでのTP速度は最下位ｸﾗｽ？ｱﾋﾞ無しでの事を語っても参考にはなりませんよ＾＾；；；
11116,body,raw-L11112,狩人は銭投げして更に命中補正つきまくりでの結果ですからｱﾋﾞの使用によってそれに無料で追いつける侍はTP特化だと言えるはずですが＾＾；ﾈｶﾞるなよと
11117,body,raw-L11112,二刀流戦士やシに並ばれるってお前のFFはﾃﾞﾌｫでｻﾎﾟ忍ですか？更に言うのなら並び得無いし捏造も程ほどにしないとﾏｼﾞでｳｻﾞｲ
11118,body,raw-L11112,通常攻撃がシ以下って有り得ないからﾏｼﾞでたいがいにしろよ
11119,body,raw-L11112,神侍>>>ﾕﾆ侍>>>廃シ>>ﾕﾆシ
11120,body,raw-L11112,WSは三つ以外は思い出したくもないですか？通常攻撃よりもﾀﾞﾒが出ないWSなんて侍だけではないです
11121,body,raw-L11112,しかも高出力のWS以外は思い出したくもないってお前の好きな狩人が遠隔とWS以外思い出したくもないと言ってるのと同義だと思いませんか？
11122,body,raw-L11112,必中にしなければ外れまくるとかﾊﾞｶ？その原因はお前の装備が手を抜き杉か、もしくはお前のWSが外れている場合は他のｼﾞｮﾌﾞのWSも必中でなければ外れまくってると思え
11123,blank,,
11124,blank,,
11125,post_header,raw-L11125,996 名前：既にその名前は使われています[sage] 投稿日：04/12/12(日) 11:22:34 ID:LZc0jGzg [4/4]
11126,body,raw-L11125,侍はﾏｼﾞで努力することをしないな
11127,body,raw-L11125,現状でも強力だと■eも理解してるから放置されてるわけ
11128,body,raw-L11125,足りないと思ってるのなら竜みたいに何かしら力を与えてくれるはず
11129,body,raw-L11125,それが無い＝強いという結論は出ている
11130,body,raw-L11125,ﾈｶﾞる暇があるのなら腕を磨く以外に無いな
11131,body,raw-L11125,お前等に足りないのはPｽｷﾙと頭の柔軟性
11132,blank,,
11133,blank,,
11134,blank,, 
11135,blank,,
11136,blank,,
11137,section_title,,どのジョブも認める最不遇ジョブとは
11138,blank,,
11139,blank,, 
11140,blank,,
11141,blank,,
11142,post_header,raw-L11142,91 名前：既にその名前は使われています[sage] 投稿日：04/12/12(日) 15:48:42 ID:LZc0jGzg [1/15]
11143,body,raw-L11142,おいおいﾏｼﾞでやっと侍スレ切れたと思っていたら今度はここで侍が不遇とか言ってるｶｽがいるんですね＾＾；；；
11144,body,raw-L11142,前衛で唯一といって良いほどの２ｈｱﾋﾞを所持している上にD値の高さから繰り出す強力なWSでHNMにも呼ばれる侍の何処が不遇ですかとなんかいいえばわかりますか＾＾；
11145,body,raw-L11142,ﾏｼﾞでふざけるなよ？お前等のﾈｶﾞのせいで本来受けれるはずのパッチが受けれないほかのｼﾞｮﾌﾞの迷惑を考えろよﾏｼﾞでぶっ飛ばすぞ
11146,blank,,
11147,blank,,
11148,post_header,raw-L11148,104 名前：既にその名前は使われています[sage] 投稿日：04/12/12(日) 15:59:11 ID:LZc0jGzg [2/15]
11149,body,raw-L11148,侍は黙想で敵のTPを溜めないでも
11150,body,raw-L11148,TP１００～３００のWSで自由自在の破壊力ばつ牛ﾝの連携を決めれる
11151,body,raw-L11148,しかも他前衛と比べて見劣りするどころかﾄｯﾌﾟﾗﾝｶｰの削り能力も併せ持つ
11152,body,raw-L11148,受け流しはAでさらに心眼で敵の攻撃も華麗にｽﾙｰできる
11153,body,raw-L11148,戦闘能力で前衛最高のﾄｯﾌﾟﾗﾝｶｰなのに不遇不遇と騒ぎ立て更なる地位向上、絶対的地位を確立しようとしている
11154,body,raw-L11148,絶対的地位が確立されたｼﾞｮﾌﾞが出てくるとその他の前衛がそれに併せて強化されさらにそれに合わせて更なる敵の強化につながる
11155,body,raw-L11148,不要な強化要望はたいがいにしろよｶｽが！
11156,blank,,
11157,post_header,raw-L11157,107 名前：既にその名前は使われています[sage] 投稿日：04/12/12(日) 16:08:02 ID:LZc0jGzg [3/15]
11158,body,raw-L11157,敵を強化する必要は一切ない
11159,body,raw-L11157,ただ侍のﾊﾞﾗﾝｽは既に取れているので不要な強化は要らないと言うだけの話
11160,body,raw-L11157,今の段階でかなりｼﾞｮﾌﾞ間のﾊﾞﾗﾝｽは取れている
11161,body,raw-L11157,侍は何度も言うがﾏｼﾞで強いﾈｶﾞる奴がいるから怒りの火種になって爆発するだけの事だよ
11162,body,raw-L11157,先に言ったように極端に強いｼﾞｮﾌﾞなど存在しない、赤はたしかに強いが後衛は優遇するべきだと思うしね
11163,blank,,
11164,body,raw-L11157,ーーーー終ーーーーー
11165,blank,,
11166,post_header,raw-L11166,117 名前：既にその名前は使われています[sage] 投稿日：04/12/12(日) 16:16:55 ID:LZc0jGzg [4/15]
11167,body,raw-L11166,だまれageるな
11168,body,raw-L11166,ﾊﾞﾗﾝｽは取れてますよ＾＾；足りない脳みそで考えてください＾＾；；
11169,body,raw-L11166,それともそれすら面倒になった人ですか＾＾；；；？人に頼ってばかりだからゲームでもパッチに頼る事になるんですよ＾＾；；；；；
11170,body,raw-L11166,極端に強いｼﾞｮﾌﾞは存在しません
11171,blank,,
11172,post_header,raw-L11172,127 名前：既にその名前は使われています[sage] 投稿日：04/12/12(日) 16:24:42 ID:LZc0jGzg [5/15]
11173,body,raw-L11172,だまれよｶｽが
11174,body,raw-L11172,別に優遇されてるｼﾞｮﾌﾞなんかやってないぞ
11175,body,raw-L11172,ただ今出来る最善を尽くした結果強いジョブと言う認識が全ての人に浸透しただけ
11176,body,raw-L11172,Pｽｷﾙの無さを性能の低さとか言い訳する奴がいるのが気に食わないだけ
11177,body,raw-L11172,ごちゃごちゃﾈｶﾞってスレ上げる暇あるならPｽｷﾙ上げろといっているだけ
11178,body,raw-L11172,ﾏｼﾞでﾈｶﾞﾏｼﾞｳｻﾞｲからよ～ﾏｼﾞで
11179,blank,,
11180,post_header,raw-L11180,138 名前：既にその名前は使われています[sage] 投稿日：04/12/12(日) 16:30:13 ID:LZc0jGzg [6/15]
11181,anchor,raw-L11180,>>122
11182,body,raw-L11180,はぁ？根拠が無いのはおまえだろ？
11183,body,raw-L11180,ﾏｼﾞでお前なめんなよ？ﾏｼﾞでふざけンなよ？
11184,body,raw-L11180,お前俺に勝てるとか思ってるわけ？人がしたてに出てたら調子乗りすぎたな
11185,body,raw-L11180,ﾏｼﾞで昨日忠告したはずだが？次ﾈｶﾞったら許さんぞってな
11186,blank,,
11187,post_header,raw-L11187,145 名前：既にその名前は使われています[sage] 投稿日：04/12/12(日) 16:33:51 ID:LZc0jGzg [7/15]
11188,body,raw-L11187,お前等がどの辺がﾊﾞﾗﾝｽ取れてないのか言ってみろよｶｽが！
11189,body,raw-L11187,俺は事実と証拠を出したぞ？もしお前等が事実と証拠出さなかったら俺の勝ちだから慎重に出せよ？捏造しても俺の勝ちという念押し
11190,blank,,
11191,post_header,raw-L11191,156 名前：既にその名前は使われています[sage] 投稿日：04/12/12(日) 16:38:58 ID:LZc0jGzg [8/15]
11192,anchor,raw-L11191,>>148
11193,body,raw-L11191,俺は違うぞ
11194,body,raw-L11191,俺は自分の意見を言っているだけ
11195,body,raw-L11191,実際侍は強いという証明はされている訳だしな
11196,body,raw-L11191,ただ俺と同じ意見の人がいたと言うことは
11197,body,raw-L11191,俺の意見が間違っていなかったと言う証拠にもなるな
11198,blank,,
11199,blank,,
11200,post_header,raw-L11200,174 名前：既にその名前は使われています[sage] 投稿日：04/12/12(日) 16:47:06 ID:LZc0jGzg [9/15]
11201,body,raw-L11200,さてともう制限時間だけどやっぱり証拠は出せないみたい？
11202,body,raw-L11200,まぁ仕方ないかな、だって侍強いしな、
11203,body,raw-L11200,弱いという証拠を出せといわれても出せるわけがないと言う理屈で最初から俺の勝率は１００％だった
11204,blank,,
11205,post_header,raw-L11205,191 名前：既にその名前は使われています[sage] 投稿日：04/12/12(日) 16:54:39 ID:LZc0jGzg [10/15]
11206,body,raw-L11205,はいはい。理屈で勝てないと揚げ足取りしか出来ないｶｽは黙ってろよ？
11207,body,raw-L11205,俺はちゃんとｽｼﾞを通した、反論（証拠付）できないのならこれ以上話ことは無い
11208,body,raw-L11205,ただﾈｶﾞだけは許さないがな、これ以上の侍強化は不必要だという仲間もいたことだしな
11209,body,raw-L11205,お前等は勝手に群れてろよ（ﾌﾟ
11210,blank,,
11211,blank,,
11212,body,raw-L11205,ーーーー終ーーーーー
11213,blank,,
11214,post_header,raw-L11214,219 名前：既にその名前は使われています[sage] 投稿日：04/12/12(日) 17:10:32 ID:LZc0jGzg [11/15]
11215,body,raw-L11214,侍は弱いよ。以下（捏造）←この時点で俺の勝ちは決定的になった
11216,body,raw-L11214,・心眼が弱い　≫（捏造）敵の攻撃を完全回避できる
11217,body,raw-L11214,・黙想が弱い　≫（捏造）敵に攻撃を加えなくてもTPが鬼溜り、BCなども含めてﾚﾍﾞﾙ上げでも優遇される超ｱﾋﾞ
11218,body,raw-L11214,・両手刀が弱い　≫（捏造）両手刀が弱いとか有り得ない
11219,body,raw-L11214,・弓スキルが弱い　≫（捏造）狩人に次いでの弓使い弱いわけが無い、黙想と足してTPがすぐ溜まって強い
11220,body,raw-L11214,・WSが弱い　≫（捏造）自由自在なWSでレベル上げ+BCで活躍できるほど高出力弱いわけが無い
11221,body,raw-L11214,・ストアTPが弱い　≫（捏造）他ｼﾞｮﾌﾞには無い独自の能力で優遇
11222,body,raw-L11214,・レーダーが弱い　≫（捏造）レーダーが好きならﾚｰﾀﾞｰ付のｼﾞｮﾌﾞをｻﾎﾟにつけろ
11223,blank,,
11224,body,raw-L11214,全部返したのでﾈｶﾞはやめろ
11225,blank,,
11226,post_header,raw-L11226,231 名前：既にその名前は使われています[sage] 投稿日：04/12/12(日) 17:16:32 ID:LZc0jGzg [12/15]
11227,body,raw-L11226,は？俺は捏造したら俺の勝ちだって言ってた
11228,body,raw-L11226,俺は暇じゃないからな、わざわざ時間つかって意見を言っている
11229,body,raw-L11226,お前等のゴタクを真面目に聞いてやる時間も制限時間付で与えてやった
11230,body,raw-L11226,だけど捏造した侍の弱いところが箇条式でかかれた
11231,body,raw-L11226,この時点で多対一の俺の勝ちが決定したと思うのは俺だけでは無いはず、すでにちゃんと宣言していたしな
11232,blank,,
11233,post_header,raw-L11233,243 名前：既にその名前は使われています[sage] 投稿日：04/12/12(日) 17:23:05 ID:LZc0jGzg [13/15]
11234,body,raw-L11233,ﾏｼﾞでまだごちゃごちゃ言ってる奴ﾏｼﾞｳｻﾞ杉
11235,body,raw-L11233,ﾏｼﾞでお前等ﾏｼﾞﾔﾊﾞｲよ？
11236,blank,,
11237,blank,,
11238,post_header,raw-L11238,255 名前：既にその名前は使われています[sage] 投稿日：04/12/12(日) 17:28:19 ID:LZc0jGzg [14/15]
11239,body,raw-L11238,俺はﾏｼﾞｷﾞﾘｷﾞﾘまで怒らないけどかなりﾔﾊﾞｲ所までキテルンデ発言には注意が必要＾＾；；
11240,body,raw-L11238,まぁ今更何か言っても俺の勝ちは既に決定事項だから俺には聞かないんだけどな（ﾌﾟ
11241,body,raw-L11238,はっきりいってﾈｶﾞるやつには負ける気はしないな
11242,body,raw-L11238,俺はﾈｶﾞった事など1度もないと言うのが誇り、だからPｽｷﾙも高くなったし強くなった、だからふざけたお前等を見ているとぶん殴りたくなる
11243,blank,,
11244,post_header,raw-L11244,264 名前：既にその名前は使われています[sage] 投稿日：04/12/12(日) 17:33:21 ID:LZc0jGzg [15/15]
11245,body,raw-L11244,ふざけんなよ？お前ﾏｼﾞ勝ったと思ってるわけ？
11246,body,raw-L11244,まぁ俺の勝ちだしなんとでも言えば？反論幾らでもできるけど俺忙しいし用事あるから
11247,body,raw-L11244,はい終了～～～～～
11248,blank,,
11249,blank,, 
11250,blank,,
11251,blank,, 
11252,blank,,
11253,section_title,,ーーーーーﾏｼﾞ終ーーーーーー
11254,blank,,
11255,post_header,raw-L11255,732 名前：既にその名前は使われています[sage] 投稿日：04/12/13(月) 11:04:18 ID:9d4ppODZ [1/14]
11256,anchor,raw-L11255,>>728
11257,body,raw-L11255,侍は少なくないよ＾＾；
11258,body,raw-L11255,避ける必要無いくらい強いのは皆もうわかってるから誘われてて居ないだけだし
11259,body,raw-L11255,「なんかしょっぱいから」とか有り得ないからよ
11260,body,raw-L11255,なに遠回しに侍強化いってるわけ？ﾏｼﾞ潰すぞ
11261,blank,,
11262,post_header,raw-L11262,739 名前：既にその名前は使われています[sage] 投稿日：04/12/13(月) 11:28:45 ID:9d4ppODZ [2/14]
11263,body,raw-L11262,侍が不遇とか有り得ないからよ、ﾏｼﾞでたいがいにしとけよ？
11264,body,raw-L11262,D値の高い両手刀で唯一のAを保持し前衛の削りﾄｯﾌﾟﾗﾝｶｰで
11265,body,raw-L11262,黙想によってﾉｰﾘｽｸでTP300まで溜めれる
11266,body,raw-L11262,さらにWSも高出力で1000ﾀﾞﾒｰｼﾞを叩き出せるという優遇ぶり
11267,body,raw-L11262,防具関係も両手刀で盾を持てない事を余りある豊富な防具で見事にカバー
11268,body,raw-L11262,さらに心眼にて相手の攻撃、魔法を完全に見切り無効化出来る
11269,body,raw-L11262,PTの緊急時には前衛ﾄｯﾌﾟﾗﾝｶｰの攻撃力を有した両手刀で他を圧倒するWSを最低３回、ｱｲﾃﾑなどの使用により５回とか叩きこめる超２ｈｱﾋﾞを備える
11270,body,raw-L11262,またおにぎりが馬鹿にされているが山串等の弱体により深く深く味わえる侍の能力が更に強化
11271,body,raw-L11262,これだけの優遇ぶりを隠し不遇を謳うというｶｽっぷり
11272,body,raw-L11262,侍は性能は良いのに中の人がそれを活かしきれていない、強化の必要は無いという結論は出ている
11273,blank,,
11274,post_header,raw-L11274,741 名前：既にその名前は使われています[sage] 投稿日：04/12/13(月) 11:38:51 ID:9d4ppODZ [3/14]
11275,anchor,raw-L11274,>>740
11276,body,raw-L11274,は？そのﾃﾝﾌﾟﾚってやつをｱｯﾌﾟして見ろよ？
11277,body,raw-L11274,これは俺が侍を見てきた実際の感想にすぎないわけだが
11278,body,raw-L11274,俺を作り物のただの煽りに見せたてる作戦か？残念ながら作戦は見抜かれてますよ
11279,blank,,
11280,post_header,raw-L11280,748 名前：既にその名前は使われています[sage] 投稿日：04/12/13(月) 12:04:46 ID:9d4ppODZ [4/14]
11281,body,raw-L11280,意味不明だし俺はその人じゃないから2度と言うな？
11282,body,raw-L11280,レス読んできたけど俺と同意見の人が１０人はいるな
11283,body,raw-L11280,これだけ侍が強いというのが浸透しているのにﾈｶﾞる侍はﾏｼﾞでｶｽだよな
11284,body,raw-L11280,今のｳﾞｧﾅは結構ｼﾞｮﾌﾞﾊﾞﾗﾝｽは取れているのでこのスレは不必要だと思う
11285,body,raw-L11280,以後このスレはageないようにお願いします＜（＿ ＿）＞
11286,blank,,
11287,post_header,raw-L11287,756 名前：既にその名前は使われています[sage] 投稿日：04/12/13(月) 12:16:44 ID:9d4ppODZ [5/14]
11288,body,raw-L11287,心眼で魔法が避けれる避けれないは関係無い
11289,body,raw-L11287,侍の過剰とも取れる両手刀から発動される攻撃力、
11290,body,raw-L11287,両手刀による盾が装備できないという弱点を補う余りある豊富な装備品
11291,blank,,
11292,body,raw-L11287,強化の必要が無いのに強化を求めることが俺の逆鱗に触れていることがﾏｼﾞでまだわからないのか？いいかげんにしろよ？
11293,blank,,
11294,post_header,raw-L11294,791 名前：既にその名前は使われています[sage] 投稿日：04/12/13(月) 12:52:04 ID:9d4ppODZ [6/14]
11295,anchor,raw-L11294,>>784
11296,body,raw-L11294,はいはい、ﾏｼﾞでｳｻﾞｲよお前
11297,body,raw-L11294,侍が実は優遇されていたと言うのは証明されているんだし
11298,body,raw-L11294,高ﾚﾍﾞﾙになればなるほど不遇とかﾏｼﾞﾈｶﾞｳｻﾞｲしいい加減にしないとどうなっても許さんぞ
11299,blank,,
11300,post_header,raw-L11300,839 名前：既にその名前は使われています[sage] 投稿日：04/12/13(月) 13:51:20 ID:9d4ppODZ [7/14]
11301,body,raw-L11300,"何て言うかよ,侍って戦士を引き合いに出すなよｶｽが"
11302,body,raw-L11300,戦士を不遇だとは百歩譲って思えても侍は不遇だと言う意見は通らないからよ？あ？
11303,body,raw-L11300,「戦士は不遇だよな。でもソロでは結構いけるよ、まぁ侍よりはな。」とかよ、ﾏｼﾞ殴りたくなるしな
11304,body,raw-L11300,その他>>戦士（不遇だよな～）>>侍と言いつつこういう形をそれとなく植え付けて行ってるｶｽが多過ぎる
11305,body,raw-L11300,ﾏｼﾞでいいかげんﾈｶﾞるのやめとけよ？あ？ﾏｼﾞで
11306,blank,,
11307,post_header,raw-L11307,899 名前：既にその名前は使われています[sage] 投稿日：04/12/13(月) 15:09:36 ID:9d4ppODZ [8/14]
11308,body,raw-L11307,はーーーーー！！今度は盾ｼﾞｮﾌﾞになりたがってるのか侍は！ﾏｼﾞでｶｽばかりなのか・・
11309,body,raw-L11307,油断していると侍はとんでもない糞発案するから気が抜けないな
11310,body,raw-L11307,まさかとは思うが現段階のｱﾀｯｶｰとしての瞬発力を兼ね揃えた盾ｼﾞｮﾌﾞになるつもりじゃないだろうな？あ？
11311,blank,,
11312,blank,,
11313,post_header,raw-L11313,922 名前：既にその名前は使われています[sage] 投稿日：04/12/13(月) 15:21:50 ID:9d4ppODZ [9/14]
11314,body,raw-L11313,今の侍を不遇だとか言ってるｶｽは目がおかしいとしか思えないですよ＾＾；
11315,body,raw-L11313,まともな扱いうけた事が無いとか言ってる奴まで居るし、他ｼﾞｮﾌﾞから見ると侍は優遇されてますよ＾＾；；
11316,body,raw-L11313,高いD値をいかせるWSを有しさらにそのWSを連発させる黙想と言うｱﾋﾞまで持っているわけですしね＾＾；；；もう少し冷静ン為って考えてください
11317,blank,,
11318,post_header,raw-L11318,932 名前：既にその名前は使われています[sage] 投稿日：04/12/13(月) 15:26:51 ID:9d4ppODZ [10/14]
11319,body,raw-L11318,しかも今回も含めて侍はTP特化を要望してたくせに
11320,body,raw-L11318,実際それ用の装備を与えられると今度は「求めていたのはこういうのじゃない」と駄々をこね出す低ﾚﾍﾞﾙぶり
11321,body,raw-L11318,ストアTP貰うだけ貰っておいてなんですかその態度は＾＾；；いいかげん他ｼﾞｮﾌﾞから見てるとお前等のﾜｶﾞﾏﾏにはﾏｼﾞﾔﾊﾞｲとおもうし
11322,body,raw-L11318,適当なところで黙るという事をしないからﾘｱﾙﾍｲﾄがﾏｼﾞﾔﾊﾞくなる
11323,blank,,
11324,post_header,raw-L11324,948 名前：既にその名前は使われています[sage] 投稿日：04/12/13(月) 15:32:35 ID:9d4ppODZ [11/14]
11325,body,raw-L11324,侍は何故自分の突出した能力を隠すんですか＾＾；；？
11326,body,raw-L11324,それじゃいつまでたってもﾈｶﾞｷｬﾝ終わらないじゃないですか＾＾；；；；
11327,body,raw-L11324,結構他のｼﾞｮﾌﾞのﾍｲﾄ稼いでるんですからﾏｼﾞたいがいにしないとどうなるかわからんぞ？
11328,blank,,
11329,post_header,raw-L11329,964 名前：既にその名前は使われています[sage] 投稿日：04/12/13(月) 15:39:45 ID:9d4ppODZ [12/14]
11330,body,raw-L11329,あー、ﾔﾊﾞｲ、ちょっとﾏｼﾞで
11331,body,raw-L11329,ここまでﾍｲﾄが蓄積されるほど俺を怒らせるとは思わなかった･･
11332,body,raw-L11329,あー、こりゃ侍氏んだわ
11333,blank,,
11334,post_header,raw-L11334,980 名前：既にその名前は使われています[sage] 投稿日：04/12/13(月) 15:47:19 ID:9d4ppODZ [13/14]
11335,body,raw-L11334,ﾏｼﾞでよ～、ﾈｶﾞｷｬﾝｳｻﾞ杉だし結構俺は喧嘩っ早いんだけど我慢してきたんだけどよ
11336,body,raw-L11334,ちょっとﾏｼﾞ侍とかなめてねｰ？あ？
11337,body,raw-L11334,侍はつええって言ってるのに証拠は出さないくせに弱い弱いﾈｶﾞるしよｰ？あ？
11338,body,raw-L11334,理論的に解決しようとしてるのにガキみたいにデマばかりのﾈｶﾞｷｬﾝ続けるしよ？
11339,blank,,
11340,post_header,raw-L11340,997 名前：既にその名前は使われています[sage] 投稿日：04/12/13(月) 15:54:27 ID:9d4ppODZ [14/14]
11341,body,raw-L11340,侍は前衛最速のWS発動能力を持つことは誰の目にも明らか
11342,body,raw-L11340,しかもその威力は一世を風靡したシーフの不意ﾀﾞﾏﾀﾞﾝｽを悠々超えるほどのリスペクトを誇る
11343,body,raw-L11340,しかしながら侍はここでは終わらない！一撃に全てを賭けてるはずのWSを黙想によってチャージでき立続けにWS発動出来る
11344,body,raw-L11340,しかも２ｈアビでさらに3回のWSが約束され、イカロスを使用したならば更にもう1度使えると言う凶悪ぶり！
11345,body,raw-L11340,侍はこれほどの能力を秘めてるくせにまだ強化とか言うしﾏｼﾞｶｽと言う事が判明されたな！
11346,blank,,
11347,blank,, 
11348,blank,,
11349,blank,, 
11350,blank,,
11351,section_title,,【残心】LV4 SAM【斬新】
11352,blank,,
11353,blank,, 
11354,blank,,
11355,blank,,
11356,post_header,raw-L11356,64 名前：既にその名前は使われています[] 投稿日：2005/03/22(火) 16:41:50 ID:DoF6dvT9 [1/4]
11357,body,raw-L11356,侍って超ウゼエ、攻撃力でシーフに負けた、、とか有り得んから死ねよ
11358,body,raw-L11356,Ｄ値を＋１０づつ上げろって？馬鹿じゃねえ？
11359,body,raw-L11356,ＴＰ特化な上に攻撃Ｄ値でも暗黒上回らないと満足できませんか？死ねよ
11360,body,raw-L11356,侍は前から普通に強かったが残心なる特性を得、さらに凶悪化した。
11361,body,raw-L11356,攻撃ミスっても連続で斬り付け可能、さらに黙想によって即ＷＳ発動。
11362,body,raw-L11356,心眼も更に強化され、範囲攻撃では霧散せず敵の多段ＷＳも完全回避出来るよう鬼仕様となった。
11363,body,raw-L11356,これらの強化はやり過ぎだと誰もが気付いている事実。
11364,body,raw-L11356,まず心眼は現在の仕様でいいので５分アビにするべき。回避Ｂ＋受け流しＡがあり更にこの心眼は鬼。
11365,body,raw-L11356,攻撃重視なのか、防御重視なのかハッキリさせるべき。さらに２時間アビは前衛中ﾄｯﾌﾟｸﾗｽの破壊力。あまりにも最強過ぎる。
11366,body,raw-L11356,今すぐに心眼ﾘｷｬｽﾄの延長、残心の発動率大幅な低下、ＷＳの破壊力下降修正等々は大幅な修正が必要不可欠。
11367,blank,,
11368,post_header,raw-L11368,66 名前：既にその名前は使われています[sage] 投稿日：2005/03/22(火) 16:51:06 ID:DoF6dvT9 [2/4]
11369,body,raw-L11368,だからなんだ？ここで言う事によって何を期待してるんだ？
11370,body,raw-L11368,実際には使えない武具だったので「もっと強力な武具を侍に実装しろ！」ってとこか？死んだ方が良い
11371,body,raw-L11368,しょせん頭がたりん馬鹿は何持ってても一緒だって事だろ、着替えその他努力すれば？その前に死ねば？（苦笑；
11372,blank,,
11373,post_header,raw-L11373,75 名前：既にその名前は使われています[sage] 投稿日：2005/03/22(火) 17:24:07 ID:DoF6dvT9 [3/4]
11374,body,raw-L11373,しねよﾈｶﾞｷｬﾝ侍どもが、攻撃と防御どっち取るんだよ？って質問には答えられませんか？強欲どもは氏ね
11375,body,raw-L11373,しかもTP特化でありながらD値も最強になろうとしてるし氏ねと。
11376,body,raw-L11373,で今度は「侍は絶対数が少ないからダブついてるんだろう。」ですか？まじ消えて欲しい
11377,body,raw-L11373,何が言いたいんだ・・？
11378,body,raw-L11373,「侍は弱いから人気が無く、人が少ない。もっと強化しろ！！」ってとこか？頭わりいな。ヨミヨミですよ？お前らの作戦は。ﾈｶﾞｷｬﾝは氏ねマジ氏ね
11379,body,raw-L11373,安心しろ、間違いなく侍は前衛最強ﾗﾝｸだから。だからもう氏んでﾈｶﾞｷｬﾝするな。
11380,blank,,
11381,post_header,raw-L11381,79 名前：既にその名前は使われています[sage] 投稿日：2005/03/22(火) 17:42:24 ID:DoF6dvT9 [4/4]
11382,body,raw-L11381,はいでました、攻撃と防御どっちも取る気だから答えられないだけだろ？
11383,body,raw-L11381,他のジョブ敵に回すと厄介だからな。お前等が各ジョブスレで不遇ジョブを謳ってんのは判ってんだっつのｗもうﾊﾞﾚﾊﾞﾚ氏ねよと
11384,body,raw-L11381,「不遇なのは竜、侍くらいだろ・・」とかな。竜もガチだと不遇だとは全然思わないが
11385,body,raw-L11381,竜を隠れ蓑にさり気なく強化を図る汚いジョブ、それが侍。
11386,blank,,
11387,post_header,raw-L11387,109 名前：既にその名前は使われています[sage] 投稿日：2005/03/23(水) 10:38:43 ID:jytidvYG [1/7]
11388,body,raw-L11387,なに言ってんだかな。。侍は前衛でも狩と同ﾗﾝｸの破壊力を持ってるだろ？
11389,body,raw-L11387,まだｸﾚｸﾚするのか？気持ちワリイな、優遇ｼﾞｮﾌﾞのﾈｶﾞｷｬﾝは。。
11390,body,raw-L11387,先月のｱｯﾌﾟで心眼強化で唯一範囲で消えない絶対回避アビを手に入れ多段ＷＳはことごとく完全回避で圧倒的な回避能力を身につけ
11391,body,raw-L11387,さらに最強の破壊力を誇るも間隔の長さもあった事から他ｼﾞｮﾌﾞがｷﾞﾘｷﾞﾘで許容して「くれていた」
11392,body,raw-L11387,最強Ｄ値の両手武器系から繰り出される攻撃は外すリスクも含めた上での許容となっていたのにもかかわらず新たな特性、残心によって
11393,body,raw-L11387,立て続けに攻撃できるという超特性が侍のﾈｶﾞｷｬﾝによって騙し取られてしまった。
11394,body,raw-L11387,近接攻撃力は通常攻撃でもｶﾞﾝｶﾞﾝけずる能力をもち弓などの遠隔攻撃では狩人についでの名手。
11395,body,raw-L11387,さらにＴＰ特化能力で高出力なＷＳを連発し、シーフのｱﾋﾞである騙し討ちも古くより丸食い、遠隔に不意がのらない為最強のﾍｲﾄｺﾝﾄﾛｰﾗｰの地位は不動。
11396,blank,,
11397,post_header,raw-L11397,114 名前：既にその名前は使われています[sage] 投稿日：2005/03/23(水) 11:00:30 ID:jytidvYG [2/7]
11398,body,raw-L11397,ＢＣ戦においても短気決戦型の物が多くある
11399,body,raw-L11397,いや、侍の破壊力があるから短気決戦になってる可能性が高い
11400,body,raw-L11397,敵を攻撃せずにＴＰ３００に出来る超ｱﾋﾞ・黙想が狩人以外の全ての前衛の存在をﾌﾞﾁ消した
11401,body,raw-L11397,さらに削りも最強ﾗﾝｸなら２ｈｱﾋﾞの明鏡止水は前衛ｱﾋﾞ最強の能力と言っても過言ではない。
11402,body,raw-L11397,自在に繰り出されるＷＳは様々な連携に対応でき、侍は連携優遇ｼﾞｮﾌﾞでも在る。
11403,body,raw-L11397,しかし一皮剥けばこの明鏡止水でＰＴの力を借りずとも光・闇連携をも自在にこなすキラーマッシンだった！
11404,body,raw-L11397,さらに何故かイメージに無い回避Ｂ+受け流しＡ等の信じられない程高い超ｽﾃｰﾀｽ能力を誇る。
11405,body,raw-L11397,これは高レベルでサポ忍にする事によって空蝉を丸食い状態、＋心眼（超回避）によって忍者を超え得るだけの超能力！
11406,body,raw-L11397,ソロでも段違いの優遇を誇ることをひた隠しにする最強侍。
11407,blank,,
11408,post_header,raw-L11408,118 名前：既にその名前は使われています[sage] 投稿日：2005/03/23(水) 12:29:27 ID:jytidvYG [3/7]
11409,body,raw-L11408,隠すなってのがわかんねーのか？黙ってろｶｽが
11410,body,raw-L11408,お前みたいに強いｼﾞｮﾌﾞがてき当に漠然と弱い弱い騒ぐ奴がいるだけで人をムカつかせるなといってるんだ
11411,body,raw-L11408,手数で少々負けていようと通常削りの鬼で、なをかつ最強Ｄ値から繰り出されるＷＳは最強ｸﾗｽの破壊力のくせしてよ！
11412,body,raw-L11408,それで負けてるんだったら相手の忍者が廃装備でお前がバーゲン品だったんだろうが、マジしゃべんなよｶｽが！
11413,body,raw-L11408,回避Ｂ＋受け流しＡ＋空蝉１＋空蝉２＋心眼が防御面である上に
11414,body,raw-L11408,攻撃面では通常荒削り能力＋前衛最強ﾗﾝｸ高出力ＷＳ＋ｵﾝﾘｰｱﾋﾞ黙想＋最強２ｈｱﾋﾞ明鏡止水
11415,body,raw-L11408,これだけ優遇されててﾈｶﾞるなよ。あまりに柔術している、しねよｶｽが。
11416,blank,,
11417,post_header,raw-L11417,123 名前：既にその名前は使われています[sage] 投稿日：2005/03/23(水) 13:52:26 ID:jytidvYG [4/7]
11418,blank,,
11419,quoted_line,raw-L11417,>>121122　お前がただにﾊﾞｶだと思うぞ？ﾊﾞｶか？自分から墓掘ってるしな、、俺は今日来たのが初めてきたから俺と同意見の人がいると言う事は
11420,body,raw-L11417,侍はやはり強いという証拠になるだろうがｶｽ
11421,body,raw-L11417,人が間違ってりみたいに言うなよら、証拠見せてみろよ？
11422,body,raw-L11417,あと俺が逆擁護とか言ってかってに仲間にするなｶｽが、侍の超能力をひた隠しにするために人をりよおするな俺は他ｼﾞｮﾌﾞに恨まれたくない
11423,blank,,
11424,post_header,raw-L11424,128 名前：既にその名前は使われています[sage] 投稿日：2005/03/23(水) 14:05:07 ID:jytidvYG [5/7]
11425,blank,,
11426,body,raw-L11424,◎利用
11427,body,raw-L11424,侍が強いのは誰の目にも明らか、それを得意のﾈｶﾞｷｬﾝで更なる力を手に入れ絶対的地位を気づこうとする、、本当に汚いｼﾞｮﾌﾞだと言う事が更に明らかになった
11428,body,raw-L11424,俺は侍を助けた実績があるが想像を絶した力を手に入れたからこれ以上の力は必要ないと言ってるだけだがこの叩かれよう
11429,body,raw-L11424,お恩をアダで返すからな、始末におけない。
11430,body,raw-L11424,あらゆる武器防具を装備できるうえに専用の装備まで充実し、さらに他ｼﾞｮﾌﾞには無いＴＰ特化という恐ろしい能力まで手に入れているのにまだｸﾚｸﾚする
11431,body,raw-L11424,ＷＳも圧倒的Ｄ値から繰り出される不意、騙し月光は不意騙しのオリジナルであるｼﾞｮﾌﾞであるシーフを殺し
11432,body,raw-L11424,空蝉１+２+心眼+回避Ｂ+受け流しＡで忍者も殺し、
11433,body,raw-L11424,Ｄ値の高さ＋ＴＰ速度＋ＴＰ特化ストア能力で他のあらゆる前衛ｼﾞｮﾌﾞを丸ごとかき消す存在感で消滅させる。ﾊﾞｶだろマジで・・
11434,blank,,
11435,post_header,raw-L11435,135 名前：既にその名前は使われています[sage] 投稿日：2005/03/23(水) 14:29:00 ID:jytidvYG [6/7]
11436,body,raw-L11435,３０分待ったが結局証拠は出なかったな。
11437,body,raw-L11435,勝負には勝ったが嬉しくないけど勝てない勝負をするなと言いたい墓穴を掘る
11438,body,raw-L11435,ﾈｶﾞｷｬﾝしても他ｼﾞｮﾌﾞの怒りを買うだけだってなんでわからない
11439,body,raw-L11435,ﾈｶﾞｷｬﾝすることは悪くないけど侍は強化され過ぎている。
11440,body,raw-L11435,それにたいして誰か弱体とか言ったか？いっていないだろう？
11441,body,raw-L11435,侍がﾈｶﾞｷｬﾝして強化されると言う事は他ｼﾞｮﾌﾞが弱体されるのと一緒なんだと言う事をわかれやｶｽが！
11442,blank,,
11443,post_header,raw-L11443,139 名前：既にその名前は使われています[sage] 投稿日：2005/03/23(水) 14:42:26 ID:jytidvYG [7/7]
11444,body,raw-L11443,出たよ、待ってました！！何で真実を言ってる人があわられると「釣りだろ」とかいってごまかすのか・・
11445,body,raw-L11443,それこそ侍自身が侍が強化され過ぎてるということを自覚している証拠、引っかかりましたねｶｽが
11446,body,raw-L11443,Ｄ値82が強力じゃないときたか・・あきれて何も言えないがシーフは短剣Ｄ２３とか２４を二刀流した所で４６とかだろうが！
11447,body,raw-L11443,８２もあるなら倍あるし認めないところが本当にｶｽになんぞ？
11448,body,raw-L11443,しかもまた墓穴掘ってるしな、勝てない事は言うなといってるのに
11449,body,raw-L11443,普段サポ忍なんかしませんが？だからなに？しないのはお前の勝手だろうが、
11450,body,raw-L11443,潜在能力を言ってるのに更にごまかすのか？逃げるなよ
11451,body,raw-L11443,サポ忍での攻撃回避・受け流し・心眼・空蝉１、２によるソロ能力する隠すつもりか、お前等侍はどこまで最強厨なんだ（苦笑）
11452,blank,,
11453,post_header,raw-L11453,152 名前：既にその名前は使われています[sage] 投稿日：2005/03/23(水) 15:21:37 ID:gXuw24Tw [1/6]
11454,body,raw-L11453,ﾊﾞｶか？ﾊﾞｶみたいにageてるとﾊﾞｶに見えるから止めておけ、、
11455,body,raw-L11453,お前らはリアルでそんな口もきけないし、証拠も出せないくせに口だけは出すからな、、
11456,body,raw-L11453,お前ら助かったぞ？俺の近くにいたなら拳あげてると思う。お前ら口だけ君から文句言われて黙ってられるほど俺も大人じゃないしな。
11457,body,raw-L11453,警察とか言われると面倒だし、だけど俺は勝負に勝ったしあんまゴチャゴチャうるさいとマジひねられる覚悟は出来てて文句言えよ？
11458,body,raw-L11453,お前らしらないと思うが殴るほうも結構いたいし俺はコブシ封印してるので運が良かった。
11459,body,raw-L11453,ま、警察にも知り合いがいるからお前らもﾎﾞｺらるる前に注意するんだな。勝敗は決まってるからこれ以上は時間の無駄なので消えるわ
11460,blank,,
11461,post_header,raw-L11461,159 名前：既にその名前は使われています[sage] 投稿日：2005/03/23(水) 15:39:10 ID:gXuw24Tw [2/6]
11462,body,raw-L11461,◎しねよﾈｶﾞｷｬﾝ侍どもが、～→　いきなり高圧的態度 ＞原因を考えろ、お前ら侍の態度にムカついてる奴は山ほどいるﾈｶﾞも粘着もたいがいにしとけやﾎﾞｹ！
11463,body,raw-L11461,◎なに言ってんだかな。。～→　人の意見を聞かない。 理論的に反論されると、都合の悪い点は無視
11464,quoted_line,raw-L11461,＞意見は聞いてるしごまかすな、しかも理論的に話してるのは俺のほうなのに手柄を横取りするなよｶｽ、本当にﾍｲﾄ溜めるの上手いな、手におえん
11465,body,raw-L11461,◎利用　侍が強いのは誰の目にも明らか、→　勝手な脳内理論展開 ＞俺は証拠を出したがお前らは証拠出していない事実をいい加減ぬ見とめろ！！しねﾈｶﾞｷｬﾝは
11466,body,raw-L11461,◎　その他、稚拙な文章・幼稚な漢字のミス多数　＞漢字のミスは誰でもあるし仕方がない。アゲアシ取っても勝てないのに必死すぎる（苦笑）
11467,body,raw-L11461,で？もう俺に言いたい事はないのか？俺はこれだけ積極的に答えているのにお前たちﾈｶﾞたちは俺の言ってる事が真実だから答える事が出来ない。
11468,blank,,
11469,post_header,raw-L11469,162 名前：既にその名前は使われています[sage] 投稿日：2005/03/23(水) 15:57:40 ID:gXuw24Tw [3/6]
11470,body,raw-L11469,最初から真面目な話をしてるんだが？お前は空気をよめないのか？
11471,body,raw-L11469,ここにオモシロ半分で書きこんでる奴はリアルでも相手にされないくらい空気読めないんだろうな。
11472,body,raw-L11469,ここにいるのはﾈｶﾞｷｬﾝで侍強化を狙うｶｽと正しい意見を言う常識人だけ。
11473,body,raw-L11469,お前みたいな空気読めないやつがまだいた事に驚いたからお前がもうくんなよ。。
11474,body,raw-L11469,それとも侍の言い分、俺への文句が俺によって破壊されたから俺を追い出そうとしての粘着かな、読まれてるからへたな策はしないほうがいい
11475,blank,,
11476,post_header,raw-L11476,164 名前：既にその名前は使われています[sage] 投稿日：2005/03/23(水) 16:02:10 ID:gXuw24Tw [4/6]
11477,quoted_line,raw-L11476,>>160　あと俺はこんなところに興味無いからいつ消えてもいい
11478,body,raw-L11476,侍が不要な強化を求めてる事に怒りに火が着いただけ
11479,body,raw-L11476,別に最初から相手にしてない事に気付いたほうがいいな、じゃあなｶｽ猿
11480,blank,,
11481,post_header,raw-L11481,171 名前：既にその名前は使われています[sage] 投稿日：2005/03/23(水) 16:13:52 ID:gXuw24Tw [5/6]
11482,body,raw-L11481,ちなみに俺は侍７５ＭＡＸだから。結構短期間で上がったな、強いから侍
11483,body,raw-L11481,ＰＴしたくなくても俺と組んだリーダーが声かけて来るからな。
11484,body,raw-L11481,「最強ですね」とか「侍つよすぐる」とかいつも言われてたから間違いない、侍は強すぎた。
11485,body,raw-L11481,もっと弱体してもいいな・・攻撃力とかありすぎる、、ＴＰ特化なのだからＷＳの威力そこそこ（今現在の４／３に弱体）で
11486,body,raw-L11481,ＷＳダメージと属性連携ダメージだけの方がこせいがあっていいと思った。
11487,body,raw-L11481,心眼も攻撃1回だけ避けれた時の方が良かったな。多段ＷＳ完全回避とかやり過ぎ、緊張感が無くなったからな最悪
11488,body,raw-L11481,通常削りはこのくらいあった方がいいと思うけど、ＷＳは威力下げるのは必須、黙想も残心ももう少し控えるだと言われるし思った
11489,blank,,
11490,post_header,raw-L11490,179 名前：既にその名前は使われています[sage] 投稿日：2005/03/23(水) 16:25:07 ID:gXuw24Tw [6/6]
11491,anchor,raw-L11490,>>170
11492,body,raw-L11490,通常ダメージで２０くらいとかそれは幾らなんでも手を抜きすぎ、死んだ方がいいｶｽ
11493,quoted_line,raw-L11490,>大体、本当に強かったら侍人口増えてると思うけど、どうなんだろ？
11494,body,raw-L11490,だからそう言うの止めろと言ってんだろうがﾊﾞｶが！
11495,body,raw-L11490,人口が直接ｼﾞｮﾌﾞの強いよわいを決めるのか？決めないっつの！ｳｻﾞｲぞお前
11496,body,raw-L11490,ｼﾞｮﾌﾞ人口の多い少ないは移動しやすいかしにくいかだけしかわからないだろうが！
11497,body,raw-L11490,ドサクサに間切れて今度は移動手段も手に入れるつもりか？死ねと。。
11498,blank,,
11499,post_header,raw-L11499,226 名前：既にその名前は使われています[sage] 投稿日：2005/03/24(木) 10:07:52 ID:pKnaxgBs [1/10]
11500,body,raw-L11499,ﾏｼﾞでｳｻﾞｲなｶｽ侍は、、本当はお前ら侍上げてないだろ？上げてたらそう言うことは言えないはず
11501,body,raw-L11499,残心の発動率上げろ？絶対出るようにしろ？残心は絶対当るようにしろ？氏ねよｶｽが
11502,body,raw-L11499,両手武器の信じられないＤ値は外れた時のリスクまで含めての事だと言う事もわからないﾊﾞｶか？
11503,body,raw-L11499,それを今の残心でｶﾊﾞｰしてるというだけでも神性能なのにちょっと侍はガメツ過ぎ。
11504,body,raw-L11499,しかもこの性能はＤＡにも対応しているからな・・下手すると四回攻撃もする、、手数でもシーフを超えた状態
11505,body,raw-L11499,幾らなんでもやりすぎだろ。ﾈｶﾞｷｬﾝ＋ｸﾚｸﾚは一度味占めると始末におけない新のｶｽ
11506,blank,,
11507,post_header,raw-L11507,236 名前：既にその名前は使われています[sage] 投稿日：2005/03/24(木) 11:18:31 ID:pKnaxgBs [2/10]
11508,body,raw-L11507,あきるってか現実を見ろといってるんだが？俺のしている侍の強さはすでに一級品だからな
11509,body,raw-L11507,更に今回ｱｯﾌﾟで俺もしている侍は心眼＋残心で絶品になった。
11510,body,raw-L11507,絶対に不要な強化は絶対に避けなければいけない
11511,body,raw-L11507,いま、通常削り攻撃でも前衛ﾄｯﾌﾟﾗﾝｸでＷＳも前衛屈指の高出力、しかもＴＰ特化でＷＳの回転率は最強
11512,body,raw-L11507,寿司を食う事によって狩の弓すら食い、信じられないほののＤ値を誇る両手武器から繰り出される破壊力抜群のＷＳにﾍｲﾄｺﾝﾄﾛｰﾗｰ・ｵﾘｼﾞﾅﾙｼﾞｮﾌﾞの
11513,body,raw-L11507,シーフから奪い取った不意ダマを使い、更にサポ戦士にする事でＤＡを獲得し信じられないＤ値を誇る攻撃を複数にわたって繰り出す姿。
11514,body,raw-L11507,しかもＤＡに残心も＋され信じられないことに両手武器の４回攻撃も可能で手数でもシーフを圧倒。
11515,body,raw-L11507,サポ忍者だと回避Ｂ＋受け流しＡ＋空蝉１＋空蝉２＋心眼、、と信じられない防御、回避性能で忍者を食う勢い。
11516,body,raw-L11507,前衛でこれだけ貰っておいてまだｸﾚｸﾚするｶｽどもの気が不明。。
11517,blank,,
11518,post_header,raw-L11518,240 名前：既にその名前は使われています[sage] 投稿日：2005/03/24(木) 11:28:30 ID:pKnaxgBs [3/10]
11519,body,raw-L11518,ﾊﾞｶが、、ｻﾎﾟを有効にどれだけ丸食い出来るかまでがｼﾞｮﾌﾞ性能だろうが？
11520,body,raw-L11518,侍は間違いなく最強ﾗﾝｸに他ｼﾞｮﾌﾞを食ってる。
11521,body,raw-L11518,後衛の垢の地位についてると言う事をまず知るべきだな、ﾊﾞｶは
11522,blank,,
11523,post_header,raw-L11523,251 名前：既にその名前は使われています[sage] 投稿日：2005/03/24(木) 11:56:08 ID:pKnaxgBs [4/10]
11524,body,raw-L11523,ﾊｧ？侍にしか食えないｱﾋﾞじゃ無いから除外とかﾊﾞｶだ、、ｺｲﾂ。
11525,body,raw-L11523,じゃあ黒にｻﾎﾟ戦つけてわき取り以外で何かＨＮＭとか役に立つか？
11526,body,raw-L11523,有効に使えるｻﾎﾟｼﾞｮﾌﾞが多いか少ないかと言うのはｼﾞｮﾌﾞ性能に大きく関ってくるわけだが？しねｶｽ
11527,body,raw-L11523,実際本気で武器防具揃えてやっていいばいい。ﾏｼﾞで強い。
11528,body,raw-L11523,ここでボヤイてるやつらは手抜き装備で最強めざいしたいｶｽばっかどうせ弓も使って無い糞なんだろうが
11529,body,raw-L11523,与えられた能力を使えるのにお金かかるから使わない。と言う理由で弱い弱い言うのは侍の悪い癖だな、ｷﾓｲししんだ方がいい
11530,blank,,
11531,post_header,raw-L11531,253 名前：既にその名前は使われています[sage] 投稿日：2005/03/24(木) 12:11:38 ID:pKnaxgBs [5/10]
11532,body,raw-L11531,そういうの調べるのすら手を惜しむのが侍
11533,body,raw-L11531,これでハッキリしたな侍メインでやってる奴らのｷﾓさとｳｻﾞさが完璧に
11534,body,raw-L11531,他ｼﾞｮﾌﾞは調べれる範囲できっちり調べる
11535,body,raw-L11531,侍くらいだぞ何からなにまで人任せなｶｽは・・、成長すべば？
11536,blank,,
11537,post_header,raw-L11537,258 名前：既にその名前は使われています[sage] 投稿日：2005/03/24(木) 12:22:52 ID:pKnaxgBs [6/10]
11538,body,raw-L11537,10分も考えて無い。１分で完成した。自分の信念があるから意見は瞬間で出るが？
11539,body,raw-L11537,ひまじゃないからずっと見てるわけじゃないというだけ
11540,body,raw-L11537,で？言いたい事はおわったか？
11541,blank,,
11542,post_header,raw-L11542,271 名前：既にその名前は使われています[sage] 投稿日：2005/03/24(木) 13:13:18 ID:pKnaxgBs [7/10]
11543,body,raw-L11542,誰も避けれるとはいっていない、話をいい様に捏造するな
11544,body,raw-L11542,フレが言うには侍は近接ｼﾞｮﾌﾞとしては完成してしまったらしい、俺もそう思うしな。
11545,body,raw-L11542,攻撃力・回避防御・ＴＰ特化・ＷＳ回転率・最強の２ｈｱﾋﾞ
11546,body,raw-L11542,印章ＢＣにもしゅっちゅう誘われるから金もかなりたまってしまったからＨＱ品も買ったら
11547,body,raw-L11542,手がつけられない攻撃力になるしな、強すぎる侍は、、普通のﾐｯｼｮﾝにしても短気決戦がよくあるから引張りだこ状態でｳｻﾞｲ程。
11548,body,raw-L11542,黙想はﾉｰﾘｽｸでＴＰ３００まで貯まれるししかも明鏡止水でＴＰ３００を3回にわけれイカロス使えばさらに信じられない攻撃力を発揮（しかもそのＷＳ攻撃は騙しでなすり付け）
11549,body,raw-L11542,弓も寿司・命中装備着替えると驚くほど当ることで更に攻撃・ＴＰが過剰に貯まる。しかも黙想付き。
11550,blank,,
11551,post_header,raw-L11551,281 名前：既にその名前は使われています[sage] 投稿日：2005/03/24(木) 13:32:06 ID:pKnaxgBs [8/10]
11552,quoted_line,raw-L11551,>>269　それはお前が手をむき過ぎだからだろ？手刀ででも攻撃していたのか（苦笑）？
11553,body,raw-L11551,シーフのアサシンの騙し能力を余裕でこえてるからもう一度画面を見てみろ
11554,body,raw-L11551,ＷＳは高出力だから単発の方がしっくりくる。一撃にかけるみたいで好感が持てる
11555,body,raw-L11551,■の思う侍のｼﾞｮﾌﾞﾀｲﾌﾟがこれで、俺はこのタイプだから合うのかもしれないな
11556,body,raw-L11551,ＴＰ特化だし、黙想はＴＰ溜めるリスクは無いのと自分で使うタイミイを狙える
11557,body,raw-L11551,狩は間隔の長い弓で散財しながらやってるんだから同速度でも文句を言う必要はない・・お前も弓うぃ使えばいいだけの話だろ？ﾊﾞｶが
11558,body,raw-L11551,他の前衛から見れば侍は十分にＴＰ特化ｼﾞｮﾌﾞ、寿司も食えば余裕で実用レベルにまで達するスキルだから強すぎる
11559,body,raw-L11551,ｶﾝﾊﾟﾆｰ？両手武器＋残心の超ｺﾝﾎﾞは手に負えない。ＤＡ＋残心でシーフを超えた手数、忍を越える可能性を秘めた防御力。これ以上はさすがにﾊﾞｶ過ぎだろ？
11560,body,raw-L11551,同じ75ＭＡＸ侍として吐き気がする！糞が！
11561,blank,,
11562,post_header,raw-L11562,285 名前：既にその名前は使われています[sage] 投稿日：2005/03/24(木) 13:40:09 ID:pKnaxgBs [9/10]
11563,body,raw-L11562,多段は完全回避（この点で空蝉を超える）。
11564,body,raw-L11562,俺は霧散しないと言っただけなんだが？誰も避けれるとはいっていない。
11565,body,raw-L11562,ｱｲｺﾝは消えないといってるだけ。わかったかﾊﾞｶが
11566,body,raw-L11562,都合の悪いことをスルーしてるのはどっちなんだかな？
11567,body,raw-L11562,あんま調子のんなよお前ら・・
11568,blank,,
11569,blank,,
11570,post_header,raw-L11570,287 名前：既にその名前は使われています[sage] 投稿日：2005/03/24(木) 13:47:14 ID:pKnaxgBs [10/10]
11571,body,raw-L11570,俺か？俺はナ75獣75シ75侍75黒75赤75狩75のｷｬﾘｱ組だが？
11572,body,raw-L11570,お前ら如き一般人にとやかく言われるとは皮肉だよな。
11573,body,raw-L11570,内心俺はお前らをﾊﾞｶにしてる、態度には出さないがな。とにかく侍は完成されている事は事実
11574,blank,,
11575,post_header,raw-L11575,350 名前：既にその名前は使われています[sage] 投稿日：2005/03/25(金) 15:59:40 ID:/3qlrShA [1/2]
11576,body,raw-L11575,じっさい侍の攻撃力は結構最強だからなHQ品を装備すれば更に攻撃力が跳ね上げる
11577,body,raw-L11575,連携も沢山に属性操れ威力も高い、さらに様々なｼﾞｮﾌﾞを完全にいかしきるその高い能力は
11578,body,raw-L11575,他ｼﾞｮﾌﾞには無い黙想・残心など（まだ沢山ある）によって更に力の開きを大きくしたシャレンなら無いくらいに・・
11579,body,raw-L11575,また食事についても他ｼﾞｮﾌﾞとはうってかわって優遇されている
11580,body,raw-L11575,おにぎりと言うほぼ専用の食事まで与えられて、さらに特性で真の味が分かる様になる
11581,body,raw-L11575,せの能力はきあめて高く侍の元々の高い能力をさらに高く異常化させている、、始末におけないとはまさにこの事
11582,body,raw-L11575,現在、飛びぬけた性能を誇る侍はバリスタなどによっても大活躍している。書いててシャレンならない事体だと再確認するよな・・更に強化求める奴はどうかしていると思うぞ…
11583,blank,,
11584,post_header,raw-L11584,355 名前：既にその名前は使われています[sage] 投稿日：2005/03/25(金) 16:19:28 ID:/3qlrShA [2/2]
11585,body,raw-L11584,何の話か知らないが俺はここにはじめて来たから過去のこと言われてもﾚｽできないが？
11586,body,raw-L11584,ま、どうでもいいがここは意見の交換する場所だから一方的な強化案はｳｻﾞがられてることに気づたほうがいい
11587,body,raw-L11584,今の力でも強すぎるんだから持ってる力を総動員してやればいいんじゃないのかとおもう
11588,blank,,
11589,post_header,raw-L11589,389 名前：既にその名前は使われています[sage] 投稿日：2005/03/27(日) 12:31:59 ID:1tmXt8UO [1/2]
11590,body,raw-L11589,だめだな、このスレはもうだめだな。せいとうな意見を無茶苦茶な理由でごまかしてる侍だからな・・
11591,body,raw-L11589,いままでだまって読んできたが侍は一人を大勢で攻撃するのが好きなのか？
11592,body,raw-L11589,別に文句は言わないけどまともに勝てないからと言っても数で暴力はだめだろ。
11593,body,raw-L11589,俺は侍75だけどお前らが侍の強さをみとめないのは自分がだめだと言ってるだけだ
11594,body,raw-L11589,俺は侍をだめだと思ってない（かなり強い）これじゃﾈｶﾞｷｬﾝｳｻﾞｲと思われても仕方ないかもな
11595,body,raw-L11589,これ以上抵抗すると仲間の侍からも裏切られるぞ
11596,blank,,
11597,post_header,raw-L11597,391 名前：既にその名前は使われています[sage] 投稿日：2005/03/27(日) 13:07:47 ID:1tmXt8UO [2/2]
11598,body,raw-L11597,はぁ？ﾊﾞｶかこいつ？俺を誰かと人違いしてるんじゃ無いだろうな？
11599,body,raw-L11597,上にも書いてあるとうり俺は別人だし文句言われたくない
11600,body,raw-L11597,ただこの人は自分の信念を持って全国のやつらを言い負けせてたから激鬼だとおもったから尊敬の意見として他にも仲間がいると言う意見を言っただけ
11601,body,raw-L11597,そもそもお前は何で命令したり知ったかぶりすの？俺は打たれ弱くないしな、ﾎﾞｸｼﾝｸﾞしてたからお前よりは絶対強いし固いぞ？
11602,blank,,
11603,post_header,raw-L11603,432 名前：既にその名前は使われています[sage] 投稿日：2005/03/28(月) 17:23:12 ID:M2pz6Nsb [1/3]
11604,quoted_line,raw-L11603,>>430 侍は散財せずに強くなりたいらしいからな相手にしないほうがいい
11605,body,raw-L11603,実際こいつらがいう侍は全部捏造、ﾈｶﾞｷｬﾝ集団のﾈｶﾞｷｬﾝはﾏｼﾞで糞
11606,body,raw-L11603,はっきり言って侍はﾏｼﾞで強いしここで文句いってるやつはｶｽでＦＡ！両手武器もってＤ値高い武器をもってるのに弱いわけがないだろ捏造侍どもが
11607,body,raw-L11603,俺は詩人７５なんだが特定の強かった侍とＰＴ契約しているので真実を知っていた、その証拠に圧倒的Ｄ値から繰り出されるＷＳは締めもトスも華麗にこなし
11608,body,raw-L11603,光・闇の最強連携をその気になれば一人で決めていた。あまりに強すぎたからＬＳ会話で名前を伝えて調べてもらったら
11609,body,raw-L11603,その道でかなり有名な侍だったらしい。流石にＴＰ特化というだけあってＷＳの回転率はめちゃくちゃ速く同じＰＴだった狩が俄然としていた程。
11610,body,raw-L11603,更に圧倒的攻撃力を誇る両手武器でのふだまＷＳで盾へ絶対的な威力でﾍｲﾄをなすり付けた直後に黙想ＷＳで瞬殺というのが黄金ﾊﾟﾀｰﾝだったかな
11611,body,raw-L11603,釣りも弓＋命中装備で鬼だった、
11612,body,raw-L11603,俺「侍さん、釣りはしなくてもいいですよ、侍さん鬼攻撃で頑張ってるし」
11613,body,raw-L11603,侍「そうか、でもﾚﾍﾞﾙ上がったからまだまだ弓ｽｷﾙ青になって無いから釣るから、もちろん飛攻・飛命＋だから心配はいらない」
11614,body,raw-L11603,と謙虚な返事だったから好感が持てた、おかげでＰＴの雰囲気も良く周りのギスギスしたＰＴから羨望の眼差しで見られていたのが分かった
11615,body,raw-L11603,装備の散財を苦にしない神の侍は確実に全ｼﾞｮﾌﾞ中ﾄｯﾌﾟﾗﾝｸの力を兼ね揃えている
11616,body,raw-L11603,ここで文句いってるｶｽは散財しないで最強の力だけを手に入れようとするｶｽ！ﾏｼﾞでへどが出るから消えろや
11617,blank,,
11618,post_header,raw-L11618,439 名前：既にその名前は使われています[sage] 投稿日：2005/03/28(月) 18:06:36 ID:M2pz6Nsb [2/3]
11619,body,raw-L11618,意味分からんのかお前らはﾊﾞｶか？いい加減にしろよｶｽがよ
11620,body,raw-L11618,侍の削りは弱いか？強い、両手武器から繰り出される通常攻撃は鬼攻撃、
11621,body,raw-L11618,知らない奴は騙せるかもしれないがお前らのﾈｶﾞｷｬﾝで常識がずらされそうな勢いだからここで真実を言っておく
11622,body,raw-L11618,侍のＷＳは強いか？いや強い、強過ぎる、両手武器から繰り出される通常攻撃が強い上にＳＴＲが乗る為に激強の超攻撃力！これで文句言う奴は他ｼﾞｮﾌﾞには間違いなくいない！
11623,body,raw-L11618,侍の防御力は低いか？低いわけがない、専用の武器防具を得、更には心眼という完全回避ｱﾋﾞすら持っている。
11624,body,raw-L11618,さらには回避Ｂ＋受け流しＡ＋空蝉１＋空蝉２＋心眼という超ｽﾃｰﾀｽも持つ（ｻﾎﾟ忍
11625,body,raw-L11618,侍の２ｈｱﾋﾞは弱いか？神ﾚﾍﾞﾙ！ソロで最強の瞬間ダメージ＋光・闇連携での連携ﾎﾞｰﾅｽ！使えない２ｈｱﾋﾞのｼﾞｮﾌﾞがいる中でこれほどの超ｱﾋﾞは信じられるﾚﾍﾞﾙを遥かに超越している！
11626,body,raw-L11618,侍は通常が鬼削りでその攻撃力から更に上乗せされた超攻撃力のＷＳ、緊急時、大切なＢＣ時には最強の２ｈｱﾋﾞ！
11627,body,raw-L11618,仮に仕留めきれずﾀｹﾞがうつっても回避Ｂ＋受け流しＡ＋空蝉１＋空蝉２＋心眼でアッタカーにあるまじき超ヂィフェンスで敵を粉砕することが出来る！
11628,body,raw-L11618,わかったかｶｽ！お前らﾈｶﾞｷｬﾝ組がどれだけふざけてるのかが！お前らのﾈｶﾞのせいでほんらい受けるはずのｼﾞｮﾌﾞが無視されるかも知れねっつのがわかんねえのか？ﾏｼﾞでしねや糞！
11629,blank,,
11630,post_header,raw-L11630,442 名前：既にその名前は使われています[sage] 投稿日：2005/03/28(月) 18:23:58 ID:M2pz6Nsb [3/3]
11631,quoted_line,raw-L11630,>>441　またか成長しろよｶｽ！真実を言われると「釣りだろ」「燃料乙」かよｶｽが！お前はﾊﾞｶかよ
11632,body,raw-L11630,あんま調子こくとお前らﾏｼﾞでﾊﾞｶに見えるぞ？認めろよ？
11633,body,raw-L11630,不要な強化でどこまで強化されれば気がすむんだ？ﾏｼﾞで1回しんだ方がいいぞ
11634,body,raw-L11630,たいがいにしないと他ｼﾞｮﾌﾞ全域から敵の目で見られて総スカン食らう目に合う
11635,body,raw-L11630,俺はお前らを放置していてやっても良いんだが無用な強化は避けたいんで一言言わせてもらっただけじゃあなｶｽ猿！
11636,blank,,
11637,post_header,raw-L11637,452 名前：既にその名前は使われています[] 投稿日：2005/03/29(火) 02:51:09 ID:/PzSC9RC
11638,body,raw-L11637,侍が強いのは誰の目にも明らか、それを得意のﾈｶﾞｷｬﾝで更なる力を手に入れ絶対的地位を気づこうとする、、本当に汚いｼﾞｮﾌﾞだと言う事が更に明らかになった
11639,body,raw-L11637,俺は侍を助けた実績があるが想像を絶した力を手に入れたからこれ以上の力は必要ないと言ってるだけだがこの叩かれよう
11640,body,raw-L11637,お恩をアダで返すからな、始末におけない。
11641,body,raw-L11637,あらゆる武器防具を装備できるうえに専用の装備まで充実し、さらに他ｼﾞｮﾌﾞには無いＴＰ特化という恐ろしい能力まで手に入れているのにまだｸﾚｸﾚする
11642,body,raw-L11637,ＷＳも圧倒的Ｄ値から繰り出される不意、騙し月光は不意騙しのオリジナルであるｼﾞｮﾌﾞであるシーフを殺し
11643,body,raw-L11637,空蝉１+２+心眼+回避Ｂ+受け流しＡで忍者も殺し、
11644,body,raw-L11637,Ｄ値の高さ＋ＴＰ速度＋ＴＰ特化ストア能力で他のあらゆる前衛ｼﾞｮﾌﾞを丸ごとかき消す存在感で消滅させる。ﾊﾞｶだろマジで・・
11645,blank,,
11646,post_header,raw-L11646,480 名前：既にその名前は使われています[sage] 投稿日：2005/03/29(火) 10:19:29 ID:N9/SkGdW [1/3]
11647,body,raw-L11646,ｷﾓｲぞお前ら、侍ｽﾚが盛り上がらないのは侍自身が侍が強すぎたことを理解してるからの証拠だろうが・・勝手にめねすんなよｶｽ
11648,body,raw-L11646,まあ侍のﾈｶﾞがｳｻﾞｲと思ってる奴が確実に圧倒的なのは分かったからいいかな。ﾈｶﾞるよりは１００憶万倍ﾏｼ
11649,body,raw-L11646,こっちの組織は具体的に例を出してるんだが侍は存在のどこが弱いのか言ってみろ、逃げンなよ？
11650,body,raw-L11646,両手武器の攻撃は空の四神でもﾀﾞﾒｰｼﾞが貫通するのでＴＰが余裕で溜まる（シはﾀﾞﾒｰｼﾞ0～5のｵﾝﾊﾟﾚｰﾄﾞ）
11651,body,raw-L11646,ｻﾎﾟ戦によるＤＡに前回のｱｯﾌﾟでの残心という超特性（特性なのでｱﾋﾞではないので無限に使える）によって４回攻撃も可能にして
11652,body,raw-L11646,両手武器でありながら最弱武器の短剣の手数を越える超特性。しかも四神への凶悪ＷＳは不意ダマ月光で盾へのせ自らのﾘｽｸは無効化、
11653,body,raw-L11646,さらに仮にﾀｹﾞが来てもｻﾎﾟ忍ななば回避Ｂ+受け流しＡ+空蝉１+空蝉２+心眼で忍者を丸食いした超回避力で前衛最強の
11654,body,raw-L11646,２ｈｱﾋﾞ明鏡止水で敵を粉骨できる。さらに明鏡止水+ｲｶﾛｽ+黙想によって一人５連携を可能にするﾊﾞｶ強化！ﾏｼﾞでありえんだろ
11655,body,raw-L11646,これだけ強いというのが証明されているのにﾈｶﾞるのは基地害だと言う事は重中わかってるだろうなｶｽが
11656,blank,,
11657,post_header,raw-L11657,493 名前：既にその名前は使われています[sage] 投稿日：2005/03/29(火) 11:32:54 ID:N9/SkGdW [2/3]
11658,body,raw-L11657,貫通の意味がわからないﾊﾞｶ発生、ﾀﾞﾒｰｼﾞが通ることを貫通
11659,body,raw-L11657,俺がしているのがＦＦじゃないとかﾊﾞｶか？ついにＦＦｷｬﾘｱ組を否定しますか？
11660,body,raw-L11657,俺がしてきた75ＭＡＸのｼﾞｮﾌﾞ達の経験値は何何でしょうね～？死ねよｶｽ
11661,body,raw-L11657,残心で良くてミス、ヒット、ミス、ヒットとかﾊﾞｶの真骨董だしな（苦笑）
11662,body,raw-L11657,当らなきゃ攻撃ではないとかﾏｼﾞでﾊﾞｶ過ぎ、ﾏｼﾞで消えろやｶｽ、戦士・シのＤＡ・ＴＡは当らなきゃＤＡ・ＴＡじゃないのか？二回・トリプル攻撃きちっとしてんだろうが？
11663,body,raw-L11657,忍者の四回目の変わりに心眼がある事実を受け止めろっつってんだよ、
11664,body,raw-L11657,お前ら回避Ｂ+受け流しＡ+空蝉１+空蝉２+心眼の神能力を隠さずに現実を見るべき真実
11665,blank,,
11666,post_header,raw-L11666,496 名前：既にその名前は使われています[sage] 投稿日：2005/03/29(火) 11:43:33 ID:N9/SkGdW [3/3]
11667,body,raw-L11666,さらに侍は驚愕の破壊力・回避・受け流し能力を引っさげて
11668,body,raw-L11666,様々なｼﾞｮﾌﾞを丸食いするのに特化しているｼﾞｮﾌﾞ丸食い特化ｼﾞｮﾌﾞであることがわかっている。
11669,body,raw-L11666,フレいわく「侍って優遇されてるよねｻﾎﾟによって色んな役割を果たせるから最強でいいね」
11670,body,raw-L11666,別のからは「あれ今日は侍じゃないの？ﾔﾊﾞｲな・・ＮＭ倒せないかもしれん・・」らしい
11671,body,raw-L11666,やはり他ｼﾞｮﾌﾞから見ても侍は攻撃の要でありＰＴでの要人と言う事がついに第３者の口から語られた
11672,blank,,
11673,blank,,
11674,post_header,raw-L11674,600 名前：既にその名前は使われています[sage] 投稿日：天晶暦968/04/01(金) 11:55:44 ID:YR4jmaPm [1/2]
11675,body,raw-L11674,両手武器のため恐ろしいまでのD値で通常攻撃での削りは前衛のﾄｯﾌﾟﾗﾝｸに君臨する
11676,body,raw-L11674,またWSは即発動のため両手武器の数少ないﾃﾞﾒﾘｯﾄである間隔すら無視しメルットであるD値だけがのびのびとしている事実
11677,body,raw-L11674,さらに前回のｱｯﾌﾟで残心と言う鬼の特性を手に入れ両手武器のﾃﾞﾒﾘｯﾄであるはずの間隔が解消！手数でも全ｼﾞｮﾌﾞ中最速をﾏｰｸした。
11678,body,raw-L11674,言いたくはないがさらに侍はｽﾃｰﾀｽにも優れ、ただでさい強いWSがSTRブーストで更なる強化を遂げている
11679,body,raw-L11674,そればかりか攻撃に関してつけいるスキがない上に防御にまで付け入るスキがないことが発覚した
11680,body,raw-L11674,回避Ｂ＋受け流しＡ＋空蝉１＋空蝉２＋心眼はあらゆる盾ｼﾞｮﾌﾞを超えているのは明白な事実。
11681,body,raw-L11674,さらに全ｼﾞｮﾌﾞで多段ＷＳを完全回避できるのは侍だけという防御面でも圧倒していた
11682,blank,,
11683,post_header,raw-L11683,603 名前：既にその名前は使われています[sage] 投稿日：天晶暦968/04/01(金) 12:06:09 ID:YR4jmaPm [2/2]
11684,body,raw-L11683,さらに■が思わず発表してしまった「侍はＴＰ特化と言う方向」をアゲアシ取りし
11685,body,raw-L11683,黙想と言う他ｼﾞｮﾌﾞにはない最高級の神ｱﾋﾞがありながら「全然ＴＰ特化になってない」とかﾏｼﾞでｶｽの真骨董発揮、いっかい氏ねと
11686,body,raw-L11683,武器防具面でも優遇され他ｼﾞｮﾌﾞが装備できない専用の装備まである。
11687,body,raw-L11683,さらにそれらにはＴＰ特化向けの特殊効果までついていると言う超優遇ぶり！
11688,body,raw-L11683,しかしこれで終わらないのが得意のﾈｶﾞｷｬﾝ、、ｳｻﾞ過ぎ氏ねよ、ﾏｼﾞで氏ねと
11689,body,raw-L11683,「この防具程度じゃね～；」「なんだこれ・・？役に立たない・・もっと良いのだしてくれないとＴＰ特化じゃないし・・」
11690,body,raw-L11683,等の腐ったﾈｶﾞｷｬﾝだらけ、他ｼﾞｮﾌﾞならばのでから手が出るほどの装備軍では飽き足らないと言う態度だった
11691,blank,,
11692,post_header,raw-L11692,717 名前：既にその名前は使われています[sage] 投稿日：2005/04/04(月) 10:10:04 ID:ceoKZIrF [1/2]
11693,body,raw-L11692,俺も偶然侍上げてるがたまに見てみるとあいかわらずﾈｶﾞｷｬﾝしてるな、ﾏｼﾞで氏んだ方が良い可能性が真実味を帯びてきたな
11694,body,raw-L11692,竜騎士を盾に何で侍の名前も同様に上げてるのかが意味不明。
11695,body,raw-L11692,前にも誰かが言ってたと思うが侍は当分強化はいらないだろ？ﾏｼﾞで
11696,body,raw-L11692,実際回避B+受け流しA+空蝉１+空蝉２+心眼で防御力は神ﾚﾍﾞﾙだし
11697,body,raw-L11692,攻撃能力もその他前衛を大きくリードしてる証拠まで出されているしな、ちなみに俺は今までのを見てきて納得せざるをえなかった、証拠が上がってるしな
11698,body,raw-L11692,これいじょう強化がいるんだったらまずは装備からお前達は見なおした方が良いだろ・・
11699,body,raw-L11692,俺は侍で苦労した覚えはない、あえて言うなら３０の黙想までだな（まあ３０まででも心眼・攻撃力がひかっていたが）
11700,body,raw-L11692,その後はTP特化だけあって自在にＷＳを操っていたからＰＴからはつねに頼りにされていた
11701,body,raw-L11692,もちろん期待に応えれるように9装備にも力が入っていた、なにもせずにﾈｶﾞﾈｶﾞすんなよ、侍は圧倒的に強い事実はみんな知っている
11702,blank,,
11703,post_header,raw-L11703,719 名前：既にその名前は使われています[sage] 投稿日：2005/04/04(月) 10:21:12 ID:ceoKZIrF [2/2]
11704,body,raw-L11703,狩人が弓に特化しているのはあたりまえ。で、なんでお前達はあたる率が６割７割で納得できないのかが意味不明だろ
11705,body,raw-L11703,本当だったら俺は侍は弓は俺はいらないと思っている。
11706,body,raw-L11703,ただでさえ両手武器による破壊力が他ｼﾞｮﾌﾞからうらやましがられてるのにこれ以上敵ふやすなよｶｽが・・
11707,body,raw-L11703,狩人同様８～９割あたらないと納得できないﾊﾞｶか？いい加減にしろよﾊﾞｶが
11708,body,raw-L11703,残心で手数も増えてＤ値の高い両手武器での攻撃機械が増えてるのにいつまでもﾈｶﾞｷｬﾝするなや
11709,body,raw-L11703,本当に最強ﾊﾞｶが揃ってるんだな、ｳｻﾞすぎただでさえ強いのにこれ以上ﾊﾞｶが入ってこられると邪魔になる
11710,blank,,
11711,post_header,raw-L11711,776 名前：既にその名前は使われています[sage] 投稿日：2005/04/07(木) 13:18:10 ID:6MtPek2u
11712,body,raw-L11711,つよ過ぎるだろ侍、モンクに勝ってしまっていたとはな・・
11713,body,raw-L11711,侍の強力さがついに実態が明らかになった
11714,body,raw-L11711,空蝉でモンクが２～３万ロスしてるとか言ってるﾊﾞｶがいるが残念ながらﾊﾞｶ決定
11715,body,raw-L11711,それならｻﾎﾟシの侍は５～６万のロストしてるな、手数を減らしてるのは侍。
11716,body,raw-L11711,これが戦士なら最強になるな、しゃれんならん侍強過ぎだろ・・弱体確定だな
11717,blank,,
11718,post_header,raw-L11718,818 名前：既にその名前は使われています[sage] 投稿日：2005/04/08(金) 10:55:39 ID:gQFco0mw [1/9]
11719,body,raw-L11718,侍よ？ﾏｼﾞでたいがいにしろよ？戦闘が全てのＦＦにおいて
11720,body,raw-L11718,両手武器による圧倒的Ｄ値から繰り出されるＷＳ、さらに多彩な連携属性を操り
11721,body,raw-L11718,強力アタッカー＆ﾉｰﾘｽｸＴＰ特化ｼﾞｮﾌﾞという他ｼﾞｮﾌﾞにはない独自の能力を持ち
11722,body,raw-L11718,さらに前回のｱｯﾌﾟで残心という超強力な特性までも開発からもぎ取った糞侍！
11723,body,raw-L11718,ｻﾎﾟ戦によってなんと信じられない事に４回攻撃という両手武器にあってはならない手数で他を圧倒
11724,body,raw-L11718,手数で勝負のはずのｼｰﾌですら全く話にならないほどの鬼の手数！正直信じられない攻撃力と速度。これは明らかにＴＰ特化を超えてしまっている異常な超状現状さらにｻﾎﾟシにより圧倒的Ｄ値を誇る鬼の攻撃力が不意打ちによりさらにﾉｰﾘｽｸで加速する
11725,body,raw-L11718,さらにＷＳをダマシにより超攻撃力のＷＳをなんとﾉｰﾘｽｸで発動！いわゆる点でﾉｰﾘｽｸのﾉｰﾘｽｸﾊｲﾘﾀｰﾝｼﾞｮﾌﾞであった！ﾏｼﾞで消えろよ消すぞ
11726,blank,,
11727,post_header,raw-L11727,824 名前：既にその名前は使われています[sage] 投稿日：2005/04/08(金) 14:12:59 ID:gQFco0mw [2/9]
11728,anchor,raw-L11727,>>821
11729,body,raw-L11727,お前もう少し勉強した方が良いよ（苦笑：）
11730,body,raw-L11727,スカ→HIT、スカ→HITで何か問題があるのかと、おまえﾏｼﾞで終わってるぞ
11731,body,raw-L11727,スカ、スカで本来ならば攻撃は終わっている
11732,body,raw-L11727,だが、スカ→HIT、スカ→HITという超能力が発動する。
11733,body,raw-L11727,これが４回攻撃でなくて何何だ？いい加減ﾈｶﾞるのやめろや！お前らみっともないって言ってるのがわからんのかよ
11734,blank,,
11735,post_header,raw-L11735,827 名前：既にその名前は使われています[sage] 投稿日：2005/04/08(金) 14:38:04 ID:gQFco0mw [3/9]
11736,body,raw-L11735,どうやら俺の勝ちの様だな（笑）お前らは俺に対してなにも言えていない（笑）
11737,body,raw-L11735,実際お前らがきづつくと思って黙っていてやったが実際お前らが侍を使いこなせていないだけのこと（笑）
11738,body,raw-L11735,げんに俺はフレの友達の手伝いして終わったとき
11739,body,raw-L11735,「侍さん強すぎた・・」
11740,body,raw-L11735,「この間全滅したのに侍しゃれんならん」
11741,body,raw-L11735,「侍さん一人いるだけで攻撃力が圧倒的に跳ねあがるな・・凄過ぎた」等言われた
11742,body,raw-L11735,別に俺が一人で倒したとは思っていないが（半分は俺だったが）裏テルでﾍｯﾄﾞﾊﾝﾃｨﾝｸﾞがきまくってｳｻﾞかった記憶があるな・・（苦笑）
11743,blank,,
11744,blank,,
11745,post_header,raw-L11745,830 名前：既にその名前は使われています[sage] 投稿日：2005/04/08(金) 14:48:44 ID:gQFco0mw [4/9]
11746,body,raw-L11745,決着はついているのにいい加減しつこい
11747,body,raw-L11745,とりあえず意見は75ＭＡＸになってから言え
11748,blank,,
11749,post_header,raw-L11749,833 名前：既にその名前は使われています[sage] 投稿日：2005/04/08(金) 15:02:43 ID:gQFco0mw [5/9]
11750,anchor,raw-L11749,>>831
11751,body,raw-L11749,俺は侍75ＭＡＸだが？お前ごとき低レベルにｺﾞﾁｬｺﾞﾁｬ言われたくないな（苦笑）
11752,body,raw-L11749,それとも俺が侍75ＭＡＸで侍の強さの真実を語ってるから強化が遅くなっちゃうから俺に文句言って俺を偽者にしたいのかな（苦笑）
11753,body,raw-L11749,やる事がせこいよお前達は、もっと正々堂々としたほうが良いな、相手にならん
11754,blank,,
11755,post_header,raw-L11755,836 名前：既にその名前は使われています[sage] 投稿日：2005/04/08(金) 15:17:31 ID:gQFco0mw [6/9]
11756,body,raw-L11755,俺は証拠は出したはず、おまえ達からは何1つ証拠上がってない
11757,body,raw-L11755,教えてもらってばかりいるからお前達の腕が上がらない
11758,body,raw-L11755,たまには俺がおまえ達に教えてもらいたいよ（笑）
11759,blank,,
11760,post_header,raw-L11760,841 名前：既にその名前は使われています[sage] 投稿日：2005/04/08(金) 15:51:43 ID:gQFco0mw [7/9]
11761,body,raw-L11760,お前らが侍が弱いと言う証拠を出さないでﾈｶﾞる限り俺はもう何も証拠は上げない
11762,body,raw-L11760,こっちばかりから情報集めるなよ（笑）聞いてどうなるワケでもないだろうしな
11763,body,raw-L11760,ただ1つ言えるのはＬＳでバリスタで戦ったら俺のチームは完全勝利だったかな・・
11764,blank,,
11765,post_header,raw-L11765,844 名前：既にその名前は使われています[sage] 投稿日：2005/04/08(金) 16:11:45 ID:gQFco0mw [8/9]
11766,body,raw-L11765,バリスタが手伝いではないけど、まぁ助っ人を頼まれる事はいつもあるなバリスタ
11767,anchor,raw-L11765,>>842
11768,body,raw-L11765,装備が手抜きなんだろ？あと回避、受け流しも青にしとくと楽。
11769,body,raw-L11765,黙想とか破軍でＷＳ強化も、ﾌﾟﾚｲﾔｰｽｷﾙが1番重要かな
11770,blank,,
11771,post_header,raw-L11771,849 名前：既にその名前は使われています[sage] 投稿日：2005/04/08(金) 17:32:18 ID:gQFco0mw [9/9]
11772,body,raw-L11771,別に俺はｻﾎﾟにはこだわらないし楽しければ良い
11773,body,raw-L11771,空蝉対策とかすこし頭を使えばどうでもなる問題を考えもせず人に頼り切るから
11774,body,raw-L11771,頭も腕も落ちたｼﾞｮﾌﾞとしては最強、腕は半人前という終わってる状態になるんだろうな
11775,body,raw-L11771,正直お前らのいちゃもんつけにはﾑｶﾑｶしてるから黙ってｽﾚ落してくれるか？
11776,body,raw-L11771,このままでは俺の寿命がストレスでﾏｯﾊなんだが・・
11777,blank,,
11778,post_header,raw-L11778,881 名前：既にその名前は使われています[sage] 投稿日：2005/04/10(日) 10:59:51 ID:qqzJstxU [1/7]
11779,body,raw-L11778,煽ってるわけじゃないだろ、彼は正しい事を言ってると俺にもわかる（侍75、反論は無意味）
11780,body,raw-L11778,侍は攻撃力はほとんど前衛で最強の位置にいると言う事実を俺以外の侍が隠しているだけだろ、不正のﾈｶﾞｷｬﾝを使って絶対的地位につこうとしてるだけだと75侍ならわかるはず
11781,body,raw-L11778,両手武器のＤ値と影響されるＷＳ、しかもＷＳは自分で使うタイミングを使えるのでそれによって
11782,body,raw-L11778,Ｄ値と言うﾒﾘｯﾄだけが生きてﾃﾞﾒﾘｯﾄのはずの間隔を打ち消しているからな、しかも連携属性は多彩で威力も高出力
11783,body,raw-L11778,さらに専用の武器が多く他ｼﾞｮﾌﾞにはない空とかサソリとか装備面でも優遇されているため攻撃力はお金を使わなくても強力な攻撃で他を圧倒
11784,body,raw-L11778,これだけでも俺は強化はいらないと思っていたが侍のﾈｶﾞを止める程度のためには動かなかっただろうな、しかしこのスレで防御面でも他を圧倒していることがわかった
11785,body,raw-L11778,なんと回避Ｂ+受け流しＡ+心眼という有り得ない防御性能を持っていた
11786,body,raw-L11778,しかもｻﾎﾟ忍にする事によってさらに防御性能が各段にアップし、そういえば最近ＬＳ内で俺の力がないとクリアーできないイベントが多く出てきたなとあたためて恐ろしい力を持っていたことに身が身震いした
11787,blank,,
11788,post_header,raw-L11788,882 名前：既にその名前は使われています[sage] 投稿日：2005/04/10(日) 11:34:16 ID:qqzJstxU [2/7]
11789,body,raw-L11788,さらにｻﾎﾟ戦にする事によってＤＡに残心が乗ることが確認された事によって４回攻撃
11790,body,raw-L11788,なんと両手武器で連続４回攻撃が出来る様になった、
11791,body,raw-L11788,手数でもついに全ｼﾞｮﾌﾞ中最強をﾏｰｸし、これによるＴＰの過剰な摂取は第三者から見ると超状現状に見える
11792,body,raw-L11788,さらにＴＰ特化ｼﾞｮﾌﾞだけに黙想という超ｱﾋﾞこれによりﾉｰﾘｽｸでＴＰ３００とか楽勝でＢＣなど圧倒的なニーズを得ている
11793,body,raw-L11788,圧倒的Ｄ値から繰り出される高出力ＷＳはＴＰ３００のためにさらに強化され+破軍による超攻撃力は神の一撃・・
11794,blank,,
11795,blank,,
11796,post_header,raw-L11796,883 名前：既にその名前は使われています[sage] 投稿日：2005/04/10(日) 11:49:55 ID:qqzJstxU [3/7]
11797,body,raw-L11796,さらに侍は全ｼﾞｮﾌﾞ中でも瞬間最強の明鏡止水をもっていた
11798,body,raw-L11796,問答無用でＴＰ３００が瞬間的に溜められ一発のＷＳで１００しか使用されないと言う最強ｱﾋﾞ！
11799,body,raw-L11796,圧倒的Ｄ値から繰り出される強力多彩なＷＳを３回打てる超神ｱﾋﾞ
11800,body,raw-L11796,その力は一人で最強属性連携である光連携・闇連携を行える
11801,body,raw-L11796,これらの圧倒的な超攻撃力は、なんと更なる進化を遂げていた事が明らかになった
11802,body,raw-L11796,破軍による超限界突破、一発で１００しか使用されないＷＳは破軍によってＴＰ２００の超攻撃となった
11803,body,raw-L11796,それを侍は３回打てる真実、さらに
11804,body,raw-L11796,ＴＰ３００ＷＳ+黙想ＷＳ+明鏡止水ＷＳ×３+イカロスＷＳという超超連続最強連携属性ＷＳ攻撃すらも簡単に可能とかもう有り得ない状態
11805,body,raw-L11796,最近最強厨が侍を上げて、さらに強力にしようとしている、ﾈｶﾞｷｬﾝ連中はﾏｼﾞでｳｻﾞｲから死ねよﾏｼﾞで
11806,blank,,
11807,post_header,raw-L11807,885 名前：既にその名前は使われています[sage] 投稿日：2005/04/10(日) 11:54:46 ID:qqzJstxU [4/7]
11808,body,raw-L11807,明鏡止水のＷＳは破軍の効果でＴＰ６００の効果、、あまりにも強過ぎる、、
11809,body,raw-L11807,これ以上の強化は俺は望まないな、これ以上最強厨に来てほしくないしな、あまりにも強すぎた
11810,body,raw-L11807,侍は昔の方がﾊﾞﾗﾝｽ取れているよな、攻撃力と防御力もっと落してくれた方が侍っぽいんだが、、、
11811,blank,,
11812,post_header,raw-L11812,886 名前：既にその名前は使われています[sage] 投稿日：2005/04/10(日) 11:57:42 ID:qqzJstxU [5/7]
11813,anchor,raw-L11812,>>884
11814,body,raw-L11812,ちゃんと上の方からレスを呼んできた方が良いぞ？ﾊﾞｶに見える
11815,body,raw-L11812,その答えはとっくに証明済み、あれはすでに四回攻撃として定着している、ﾊﾞｶは隠しておいた方がいいぞ（苦笑）
11816,blank,,
11817,post_header,raw-L11817,890 名前：既にその名前は使われています[sage] 投稿日：2005/04/10(日) 12:10:06 ID:qqzJstxU [6/7]
11818,body,raw-L11817,ﾀｺはﾃﾒｰだ、ﾊﾞｶが黙ってろよ、どこをどう見たら攻撃命中ｱｯﾌﾟなんだか
11819,body,raw-L11817,攻撃外したら攻撃じゃありませんか？ほざいてろ
11820,body,raw-L11817,攻撃外しても攻撃は攻撃、攻撃外れてもさらに追撃攻撃があるのならそれは３回、４回攻撃になる
11821,body,raw-L11817,それによって攻撃回数が増えることによってＴＰ速度が増えるだろうがﾊﾞｶが！ﾈｶﾞｷｬﾝもたいがいにしとけよﾏｼﾞでｳｻﾞｲ！！
11822,blank,,
11823,post_header,raw-L11823,893 名前：既にその名前は使われています[sage] 投稿日：2005/04/10(日) 12:22:43 ID:qqzJstxU [7/7]
11824,body,raw-L11823,"ﾊﾞｶに何を何度言っても無駄か（´,_ゝ｀） 厨の脳の構造ばかりは理屈じゃないしな"
11825,blank,,
11826,post_header,raw-L11826,938 名前：既にその名前は使われています[sage] 投稿日：2005/04/13(水) 09:39:14 ID:GPYaMjc/ [1/5]
11827,body,raw-L11826,はぁ？なんで彼が叩かれているのかがわからん。
11828,body,raw-L11826,同じ侍75から見て彼の意見に大さんせいだな。お前こそリアルモンクとかって言うの奴じゃないのかよ？
11829,body,raw-L11826,残心は頑張っても１００％を超えないとかって不満言ってお前はﾏｼﾞでﾊﾞｶ、キモ過ぎるから氏ねよ
11830,body,raw-L11826,残心によって限りなく１００％になってる、これだけでも両手武器にとっては神懸り的な超強化だうがよ！
11831,body,raw-L11826,最強厨はなんでも限界突破しないと気がすまないのかよ、ﾏｼﾞで侍辞めろや！
11832,body,raw-L11826,俺はもちろん侍75だから意見言わせてもらうけど侍にこれ以上の強化は不必要なのは歴然。
11833,body,raw-L11826,しかも戦士のDAを使って１００％以上を確保する確立を大幅に上げている事実は隠しようもない真実が証明されているんだがな、
11834,body,raw-L11826,残心は手数を増やすんだから命中補正では全然ない。上でも言われてるように両手武器で手数でも他ｼﾞｮﾌﾞを圧倒してしまっている
11835,body,raw-L11826,しかも手数が残心によって強化され黙想とプラスされてシャレンならないほどTP特化となってしまっている、75侍から言わせてもらうともう少し弱体して欲しい。
11836,blank,,
11837,post_header,raw-L11837,941 名前：既にその名前は使われています[sage] 投稿日：2005/04/13(水) 10:12:44 ID:GPYaMjc/ [2/5]
11838,body,raw-L11837,命中の％の上限は１００％。２００％とかﾊﾞｶの真骨董
11839,body,raw-L11837,言い訳するな見苦しいしボロが出るだけ
11840,blank,,
11841,post_header,raw-L11841,942 名前：既にその名前は使われています[sage] 投稿日：2005/04/13(水) 10:17:13 ID:GPYaMjc/ [3/5]
11842,body,raw-L11841,ＭＡＸが必要か？75侍は勝手にメリポに誘われるから勝手にＭＡＸまでいくからな。侍強いから。
11843,body,raw-L11841,75侍はみんなＭＡＸだろ？ヘタ以外は。
11844,blank,,
11845,post_header,raw-L11845,952 名前：既にその名前は使われています[sage] 投稿日：2005/04/13(水) 12:09:54 ID:GPYaMjc/ [4/5]
11846,body,raw-L11845,いいからageるなってんだよ、ﾊﾞｶかお前は？
11847,body,raw-L11845,もう侍の強さは誰もがみとめてるから強化は必要ないでＦＡでてるのにいつまでこのスレ残す気なんだよ。
11848,body,raw-L11845,強力なＤ値から繰り出される通常削り・強力なＤ値から繰り出されるＷＳは信じられない攻撃力
11849,body,raw-L11845,さらに超ＴＰ特化（特性ＴＰｽﾄｱ+武具ＴＰｽﾄｱ+黙想+残心による攻撃回数の加速+ｲｶﾛｽ）で鬼のような加速力がある。
11850,body,raw-L11845,さらに明鏡止水は全ｼﾞｮﾌﾞ中最強の性能を持つ。
11851,body,raw-L11845,さらに回避Ｂ+受け流しＡ+空蝉１+空蝉２+心眼で防御性能も他を圧倒する性能。
11852,body,raw-L11845,ﾏｼﾞでこれ以上強化はいらない、最強厨がこれ以上来て欲しく無いからだ、いまでもかなりながれ来てる。最悪一歩手前
11853,blank,,
11854,post_header,raw-L11854,966 名前：既にその名前は使われています[sage] 投稿日：2005/04/13(水) 17:51:22 ID:GPYaMjc/ [5/5]
11855,body,raw-L11854,ageんなよﾊﾞｶが、ﾊﾞｶばかりだな侍はｷﾓ過ぎ、ｷﾓｲのに強いから誘われてるのにお前ら侍やめたら声かからないぞ
11856,body,raw-L11854,ＷＳの回転率その他性能を比べると一目散だろがｶｽ
11857,body,raw-L11854,侍弱い弱いって言ってる奴ははっきり言ってセンスがない。
11858,body,raw-L11854,一級のセンスの持ってる奴だけ文句言うならやってろっていいたい
11859,body,raw-L11854,装備とかもう1度見なおした方が良い。ﾈｶﾞるなよ、ぶっ飛ばしてやりたくなるﾈｶﾞやめろ
11860,blank,,
11861,post_header,raw-L11861,984 名前：既にその名前は使われています[sage] 投稿日：2005/04/14(木) 10:01:11 ID:8nvsC5nC [1/3]
11862,body,raw-L11861,俺は偶然侍を上げてたんだが侍は普通に誘われる
11863,body,raw-L11861,攻撃力はＤ値から繰り出される攻撃力は一級、
11864,body,raw-L11861,Ｄ値が恐ろしく高いため短剣みたいにﾀﾞﾒｰｼﾞが通らない敵が全くいない（俺は常に100以上は通る）
11865,body,raw-L11861,それは攻撃が通らないことによるＴＰ減速装置が侍には通用しない事を意味していた。
11866,body,raw-L11861,両手武器を持たない他ｼﾞｮﾌﾞでは０～５ﾀﾞﾒで無駄にＴＰ溜めさせたり、攻撃が刃を通らず全然ＴＰが溜まらないと言った問題が侍には通用しなかった。
11867,body,raw-L11861,さらに流石にＴＰ特化ｼﾞｮﾌﾞ、黙想によるＴＰ確保はこれでもかと言うほど保護され他ｼﾞｮﾌﾞとのｼﾞｮﾌﾞ性能の溝は深まるばかりの神性能
11868,body,raw-L11861,いったん距離をとられたが最期、第2位の遠隔の使い手である侍の前に近寄る敵は居なく、侍だとわかると敵（バリスタ）は必死に逃げて行っていたな（笑）
11869,body,raw-L11861,姿を隠して隠れて近寄った敵も常時心眼状態であった侍の前に多段ＷＳは全て完全回避され絶望しながら後ろ向いて逃げようとしてたが残念ながら悪魔ｺﾝﾎﾞである黙想ＷＳがさく裂し沈没した
11870,body,raw-L11861,しばらくそこに留まっていたがさらに黙想を使った事により（殺される・・）と力の差を悟ったらしい。遠くで生きかえったらしいが俺はその後姿を見なかった、噂ではＰＴで侍限界注意報が流されていたらしい（笑）
11871,blank,,
11872,post_header,raw-L11872,992 名前：既にその名前は使われています[sage] 投稿日：2005/04/14(木) 16:06:50 ID:8nvsC5nC [2/3]
11873,body,raw-L11872,お前らは日本語が読めないﾊﾞｶか？俺は侍に誇りを持ってるから勝手に他ｼﾞｮﾌﾞに生き返るなよ
11874,body,raw-L11872,ＷＳは瞬間的に威力がある攻撃、敵にもそうだがこれが人間だったなら瞬殺できるんだが？
11875,body,raw-L11872,しかもＷＳはﾀｲﾐﾝｸﾞが任意で出せるからその威力は増大、
11876,body,raw-L11872,さらに侍は黙想で無駄な時間、無駄な体力消費を抑えて一気に爆発させる事ができるんだが？
11877,body,raw-L11872,通常攻撃はノー散財で常時（俺は）１００以上は確保。俺からﾀｹﾞを安定させるのには最初仲間も戸惑っていたが
11878,body,raw-L11872,もうなれているようで今では最上級の盾ﾘｽﾄで確固たる地位を取得した（ＨＮＭｱｲﾃﾑも最優先）
11879,body,raw-L11872,ｱﾀｯｶｰは単純に攻撃だけしてれば良いわけじゃないぞ、盾の力を引き出すのも仕事のうち。
11880,body,raw-L11872,平凡な手抜き装備のﾌﾟﾚｲﾔｰからいくら安定したﾀｹﾞを取ってても無意味に過ぎない。
11881,body,raw-L11872,この盾が目覚めるまで俺がｱﾀｯｶｰ＆盾をやっていた（回避Ｂ+受け流しＡ+空蝉１+空蝉２+心眼）からその後お礼を言われた
11882,body,raw-L11872,盾「言わなかったが恐ろしく盾の勉強になった」
11883,body,raw-L11872,俺「気付いていた、ﾌﾟﾚｲﾔｰｽｷﾙｱｯﾌﾟに役立ったみたいで良かった」
11884,body,raw-L11872,盾「俺は今まで恥ずかしい盾をしてたんだな、、」
11885,body,raw-L11872,俺「持っている能力を最有効に使ってただけ、元が盾ｼﾞｮﾌﾞならお礼状の盾能力を発揮できないとﾀﾞﾒ、満足しちゃﾀﾞﾒ」
11886,body,raw-L11872,俺の方が地位は上だけどそれからもすっと仲が良いんだが？ねたみはほどほどにしろよｶｽが
11887,blank,,
11888,post_header,raw-L11888,994 名前：既にその名前は使われています[sage] 投稿日：2005/04/14(木) 16:12:04 ID:8nvsC5nC [3/3]
11889,body,raw-L11888,次スレはいらんぞ！ﾊﾞｶか？お前は日本語が読めませんか？
11890,body,raw-L11888,黙ってﾈｶﾞはやめろって言っている、次スレは不要！侍はこれ以上の強化は不要だから話し合う必要も不要だろうが！
11891,body,raw-L11888,いい加減にスレの連立はやめろや！ﾏｼﾞで消えろよｶｽどもが！ﾏｼﾞｳｾﾞｰよ
11892,blank,,
11893,blank,, 
11894,blank,,
11895,blank,, 
11896,blank,,
11897,section_title,,【FF11】侍5【真骨董】
11898,blank,,
11899,blank,, 
11900,blank,,
11901,blank,,
11902,post_header,raw-L11902,11 名前：既にその名前は使われています[sage] 投稿日：2005/04/14(木) 17:50:10 ID:8nvsC5nC
11903,body,raw-L11902,ﾊﾞｶだけは止めようも無いな・・・ﾊﾞｶがﾈｶﾞｷｬﾝする意味が不明だろうが・・ｲﾗｲﾗする
11904,body,raw-L11902,侍は前から普通に強かったが残心なる特性を得、さらに凶悪化した。
11905,body,raw-L11902,攻撃ミスっても連続で斬り付け可能、さらに黙想によって即ＷＳ発動。
11906,body,raw-L11902,心眼も更に強化され、範囲攻撃では霧散せず敵の多段ＷＳも完全回避出来るよう鬼仕様となった。
11907,body,raw-L11902,これらの強化はやり過ぎだと誰もが気付いている事実。
11908,body,raw-L11902,まず心眼は現在の仕様でいいので５分アビにするべき。回避Ｂ＋受け流しＡがあり更にこの心眼は鬼。
11909,body,raw-L11902,攻撃重視なのか、防御重視なのかハッキリさせるべき。さらに２時間アビは前衛中ﾄｯﾌﾟｸﾗｽの破壊力。あまりにも最強過ぎる。
11910,body,raw-L11902,今すぐに心眼ﾘｷｬｽﾄの延長、残心の発動率大幅な低下、ＷＳの破壊力下降修正等々は大幅な修正が必要不可欠。
11911,blank,,
11912,post_header,raw-L11912,58 名前：既にその名前は使われています[sage] 投稿日：2005/04/15(金) 11:57:08 ID:/jPzn3w/ [1/11]
11913,body,raw-L11912,何か侍が弱いとか言ってる奴はﾊﾞｶとしか思えないであわれになる
11914,body,raw-L11912,金がかかるから強くないとか言ってるし終わってるな、残念ながら俺はお前らとは正反対の意見
11915,body,raw-L11912,誰かが言ってる様に侍はあまりにも強すぎた、攻撃面では信じられないＤ値から繰り出される攻撃力
11916,body,raw-L11912,Ｄ値を反映した神懸り的な破壊力抜群、さらにＳＴＲが＋補正されるので攻撃力はとどめるところを知らない
11917,body,raw-L11912,さらに破軍等によるＴＰ＋効果で１００即打ちでも滅茶苦茶な効果を得られ
11918,body,raw-L11912,明鏡止水によるＷＳは全ｼﾞｮﾌﾞ中最高峰の瞬間ﾀﾞﾒｰｼﾞを有する真実は隠したくても隠せない
11919,body,raw-L11912,これだけでも他を圧倒する攻撃の塊なのにさらにＴＰ特化ｼﾞｮﾌﾞという地位を前面に押し出し
11920,body,raw-L11912,黙想（任意のﾀｲﾐﾝｸﾞで）で敵を即ＷＳの餌食にできる（再使用までの時間はもっと延ばすべき力）
11921,body,raw-L11912,防御面でも今までに言われているとうり回避Ｂ+受け流しＡ+空蝉１+空蝉２+心眼で絶大な回避能力を持っている
11922,body,raw-L11912,さらに心眼とは全ｼﾞｮﾌﾞで唯一多段ＷＳが完全回避できる鬼ｱﾋﾞでしかもこれは時間に気をつけていれば途切れることなく際限無くに保ち続ける
11923,blank,,
11924,post_header,raw-L11924,60 名前：既にその名前は使われています[sage] 投稿日：2005/04/15(金) 12:09:03 ID:/jPzn3w/ [2/11]
11925,body,raw-L11924,さらに攻撃に加速する超能力がついた！しかも特性
11926,body,raw-L11924,ｱﾋﾞならば再使用までの時間で縛りが出るのだがなんとこれは特性であった！
11927,body,raw-L11924,攻撃は複数回攻撃となり攻撃によるＴＰの加速は他を圧倒し、さらに手数でも他を圧倒する（４回攻撃）！
11928,body,raw-L11924,４回攻撃とはこれまでの最高値で、両手武器による破壊力は鬼となった
11929,body,raw-L11924,これは明らかな力の暴走、ＴＰ特化とかそう言うレベルじゃ無い事は俺のＬＳでも話題になっているな。
11930,body,raw-L11924,俺は「」確かになとみとめているが「俺が望んだ事ではない」という意見
11931,body,raw-L11924,さらに強化望む奴らは気が狂っているとしか思えない
11932,blank,,
11933,post_header,raw-L11933,61 名前：既にその名前は使われています[sage] 投稿日：2005/04/15(金) 12:18:11 ID:/jPzn3w/ [3/11]
11934,anchor,raw-L11933,>>59
11935,body,raw-L11933,俺は彼ではないがそれは明らかに手をむきすぎているだろ（苦笑）
11936,body,raw-L11933,その程度の攻撃で普通はとどまらない、お前は装備に手をむきすぎなのは確実だろ
11937,body,raw-L11933,しかも一撃め外してるしな、攻撃当らないなら命中買えよ、お前ﾊﾞｶか？
11938,body,raw-L11933,どうせ金策もしないでお前ら強化を望む侍のいい様にでっち上げた嘘情報なんか誰も相手にしない（笑）
11939,blank,,
11940,post_header,raw-L11940,70 名前：既にその名前は使われています[sage] 投稿日：2005/04/15(金) 13:54:30 ID:/jPzn3w/ [4/11]
11941,body,raw-L11940,ＤＡ+残心発動は見た事がある奴は見た事がある。見た事ないやつは人為的に隠すためにｻﾎﾟ戦にしてないだけだろうがｶｽ
11942,body,raw-L11940,いい加減侍の能力隠すなよ、俺は隠さない、強過ぎる事を知ってるしもっと強化を加えるべきｼﾞｮﾌﾞをいくつも知っているからな
11943,body,raw-L11940,俺は自分だけが良ければいいと言うｶｽやﾊﾞｶじゃないからｶｽやﾊﾞｶに叩かれているんだが
11944,body,raw-L11940,俺は正しい事しか言わない、侍が弱ければ俺も侍は強化すべきだと言うが残念と言うか嬉しい事に侍は最強の能力を持っていた
11945,body,raw-L11940,俺は強い侍をわざと隠したる卑怯者ではないから卑怯者に叩かれるしまた叩いてるｶｽどもが侍と言うのが残念で仕方がない
11946,body,raw-L11940,同じｼﾞｮﾌﾞとしてこういうﾊﾞｶな奴が侍をしていると思うと叩き切りたくなるな
11947,blank,,
11948,post_header,raw-L11948,78 名前：既にその名前は使われています[sage] 投稿日：2005/04/15(金) 15:53:23 ID:/jPzn3w/ [5/11]
11949,body,raw-L11948,ﾊﾞｶが移るもういいからﾊﾞｶは黙ってろ
11950,body,raw-L11948,当らない攻撃は攻撃じゃないのか？と何度も言ってるのに自分たちに不利な事は言わないのは悪い癖だな
11951,body,raw-L11948,仮にＤＡ、ＴＡが全段ﾐｽだったらそれはＤＡ、ＴＡじゃないのかよ？黙ってろｶｽ！
11952,body,raw-L11948,こうｇへきが何度当たったかではなく何度攻撃を奮ったかが問題だろうが問題をごまかすな
11953,body,raw-L11948,お前らの理屈からいけば狩人の弓は間隔が長過ぎる！！！２回に１回しか当たらないのに長過ぎる！！これでは間隔１０００ではないか！？不遇だ強化しろ！と同じ
11954,body,raw-L11948,俺は今までお前らのような基地外を知らない、あまりにも文章力が結核しているﾊﾞｶは見たことない
11955,body,raw-L11948,ﾏｼﾞできもいぞ、見てて気分が悪くなる先に言っておくが俺は結構気が早いからな
11956,body,raw-L11948,言葉よりも暴力が先に出る事もたまにある、俺が冷静なうちにいい加減お前らのﾊﾞｶみたいにﾋｯﾄした頭を冷やせ！
11957,blank,,
11958,post_header,raw-L11958,83 名前：既にその名前は使われています[sage] 投稿日：2005/04/15(金) 16:06:17 ID:/jPzn3w/ [6/11]
11959,body,raw-L11958,ゼロが１つ多かったとか、もうな、お前自分たちに都合のいい計算するな
11960,body,raw-L11958,お前達の捏造データーがついに明らかになったな、指摘する奴がいなければこのまま浸透させるのが目的だったのがみえみえ（苦笑；）
11961,body,raw-L11958,あとｻﾎﾟ能力をどれだけ発揮できるのかもｼﾞｮﾌﾞの能力と大きく関係するが？
11962,body,raw-L11958,この件に関しては前にも言ったと思うが？お前は過去ﾚｽも見ずに人に意見言うなよ、お前はﾊﾞｶか？
11963,body,raw-L11958,侍の回避Ｂ+受け流しＡ+心眼で防御力は最高著言うに達する事は既に明らかな存在
11964,body,raw-L11958,さらに攻撃特化であり何故かＴＰ特化、さらに言うならｻﾎﾟ使いでも特化能力であった！
11965,body,raw-L11958,本当に今の侍は強過ぎる、やってる本人が言うんだからこれは仕方のない真実を受けとめて認めるべきだろ、、
11966,blank,,
11967,post_header,raw-L11967,88 名前：既にその名前は使われています[sage] 投稿日：2005/04/15(金) 16:36:18 ID:/jPzn3w/ [7/11]
11968,body,raw-L11967,いい加減にしろよｶｽが！侍に強化は絶対に不要なのは誰でもきずいてる！
11969,body,raw-L11967,お前らのような最強厨が侍をやる事にムカついてんだ氏ねﾏｼﾞで氏ねよ
11970,body,raw-L11967,高出力な通常削り+最強のＷＳ回転率+最強の２ﾊﾋﾞ+両手武器４連続攻撃の残心+唯一の多段完全回避心眼+唯一のＴＰ即溜め黙想
11971,body,raw-L11967,さらに一人で光・闇連携をこなしちぇしまう超ﾊﾟﾜｰ！本来ならここに一人で連携属性ﾀﾞﾒｰｼﾞも出すんだから書きたいくらいなんだぞ？
11972,body,raw-L11967,+（連携属性追加ﾀﾞﾒｰｼﾞ）２０００ﾀﾞﾒｰｼﾞが本来ならばつく、だが俺は黙っていた
11973,body,raw-L11967,ここまで明らかにすると侍の強さがあまりにも目立ってしまうから弱体も避けられないからな
11974,body,raw-L11967,だが俺は起った！いい加減にしろと何度もつげたがﾊﾞｶ最強厨はさらに他ｼﾞｮﾌﾞの事はしらんぷりで強化を目指した
11975,body,raw-L11967,俺は自分の侍にﾌﾟﾗｲﾄﾞがあるから他ｼﾞｮﾌﾞに恨まれる事はしたくない。
11976,body,raw-L11967,侍が弱いと言ってる奴等は自分で努力をしないからだと何度言ってもわかってもらえない（ﾊﾞｶだから）
11977,body,raw-L11967,ふざけ過ぎだよお前等・・いい加減にしろよ？ﾏｼﾞでけすぞ！？
11978,blank,,
11979,post_header,raw-L11979,92 名前：既にその名前は使われています[sage] 投稿日：2005/04/15(金) 16:45:41 ID:/jPzn3w/ [8/11]
11980,body,raw-L11979,ﾊﾞｶがﾚｽを読みなおせ！！攻撃当らなければ攻撃ではないのか？
11981,body,raw-L11979,攻撃は当たらなくとも何度当てるチャンスがあったかが攻撃なんだがお前等いい加減にしろや！！
11982,body,raw-L11979,あんまブチギレさせんなよ？！いいかもう一度言っておく次は無いから黙って聞けやｶｽﾊﾞｶども！
11983,body,raw-L11979,攻撃で当てるチャンスが何度あったかが攻撃回数！
11984,body,raw-L11979,かわったか？？これでお前等みたいなﾊﾞｶどもにも理解できるだろうが！
11985,body,raw-L11979,お前等ﾌﾟﾚｲﾔｰｽｷﾙは最悪でもこれだけ言えば理解できるだろうが
11986,body,raw-L11979,ちなみに侍に釣りｱﾋﾞは不要、イチジキのﾅｲﾄみたいに全国で侍最悪だと言われたくない
11987,body,raw-L11979,お前等には十分挑発のｽｷﾙはあるしな、ﾏｼﾞで気分が悪い氏ねｶｽが！
11988,blank,,
11989,post_header,raw-L11989,98 名前：既にその名前は使われています[sage] 投稿日：2005/04/15(金) 17:12:03 ID:/jPzn3w/ [9/11]
11990,anchor,raw-L11989,>>96
11991,body,raw-L11989,だからなんだ？まだわからんのか氏んだ方が理解早いかもな（苦笑；）あとageるなｶｽ！お前はﾊﾞｶだよ間違い無く。恥を自分で晒す必要はない（苦笑）
11992,body,raw-L11989,ＤＡがあり、さらに攻撃がミスった場合の保護までされ、さらに攻撃でＴＰが増加する
11993,body,raw-L11989,当たらなければ一切の意味が無いとかもうﾊﾞｶ極めてるなﾊﾞｶが
11994,body,raw-L11989,敵は攻撃を避けた事によって運を使ってしまっているから次の攻撃は当る確立が大幅に上がっている
11995,body,raw-L11989,しかも攻撃しないと当るかどうかもわからないのに意味が無いとはﾏｼﾞで糞考えだなﾏｼﾞｷﾓいから氏んでくれよ
11996,blank,,
11997,blank,,
11998,post_header,raw-L11998,107 名前：既にその名前は使われています[sage] 投稿日：2005/04/15(金) 17:26:47 ID:/jPzn3w/ [10/11]
11999,body,raw-L11998,攻撃を１回するのと２回するのではどっちが当たる確率高いだろうな？
12000,body,raw-L11998,良く考えてみろよ、そしてあやまれ、ｲﾗｲﾗする
12001,blank,,
12002,post_header,raw-L12002,115 名前：既にその名前は使われています[sage] 投稿日：2005/04/15(金) 17:38:45 ID:/jPzn3w/ [11/11]
12003,body,raw-L12002,もういいから黙ってろｶｽ！！お前等はもうﾀﾞﾒだ
12004,body,raw-L12002,はっきり行って才能ない、侍は上級職だから俺には合ってるがきっとお前等ﾊﾞｶには合わないんだろうなという結論が出た
12005,body,raw-L12002,どれだけ待っても俺の言ったことにまともに反論できないしなこれ以上どれだけ待っても俺の勝ちは揺るがないだろ
12006,body,raw-L12002,お前等には戦士とシーフが良く似合うと思う
12007,body,raw-L12002,氏んで頭をリセットしたらやりなおせ、おつかれ敗者ども（笑）
12008,blank,,
12009,post_header,raw-L12009,154 名前：既にその名前は使われています[sage] 投稿日：2005/04/17(日) 11:17:59 ID:fFFGrCvQ [1/5]
12010,body,raw-L12009,侍ｷﾓｲな、彼の言うようにこれ以上強化は必要ないだろ侍は完成されている
12011,body,raw-L12009,高いＤ値から繰り出される通常削り、高いＤ値から繰り出される高出力なＷＳ
12012,body,raw-L12009,高い攻撃力をさらに確保する残心、高い攻撃力から繰り出されるＷＳを頻繁に出せるように可能な黙想
12013,body,raw-L12009,高い攻撃力から繰り出されるＷＳを連続して出せる明鏡止水、さらにこれによる光・闇の２０００オーバーの連携属性ﾀﾞﾒｰｼﾞ
12014,body,raw-L12009,さらにＴＰｽﾄｱという能力を持ち、さらには破軍によってＴＰ+効果倍増強化によって実質２倍のＴＰ効果を得る恐ろしい能力
12015,body,raw-L12009,さらに回避Ｂ+受け流しＡ+空蝉１+空蝉２という高い回避力を心眼という完全回避ｱﾋﾞによってさらに恐ろしく回避する能力
12016,body,raw-L12009,さらに心眼は唯一狙って多段ＷＳを完全回避出来ると言う鬼仕様
12017,body,raw-L12009,また食べ物にも優遇されおにぎりと言う独自の自ｼﾞｮﾌﾞの食品、さらにはこれは真の味が分かる様に侍は優遇され、他ｼﾞｮﾌﾞでは発揮できないような超強化が約束されている
12018,body,raw-L12009,はっきりいって侍弱いとかいってるﾊﾞｶどもは恥ずかしいから侍やめてくれ
12019,body,raw-L12009,前衛で他ｼﾞｮﾌﾞをやると侍がいかに優遇されているか良くわかるだろうな、お前らは侍以外じゃ誘われないから抜け出せないだろうが外は地獄という現実をみるべき氏ね
12020,blank,,
12021,post_header,raw-L12021,156 名前：既にその名前は使われています[sage] 投稿日：2005/04/17(日) 12:04:04 ID:fFFGrCvQ [2/5]
12022,body,raw-L12021,で？俺は彼じゃないのだから仕方ない
12023,body,raw-L12021,ただ同じ意見がいたと言うだけだが？それだと何か悪いことでもあるのか？
12024,body,raw-L12021,お前らは彼が孤独していてあたかも彼が一人で自ｼﾞｮﾌﾞである侍の
12025,body,raw-L12021,不要な強化を避け様としている嘘侍のぬれぎぬを着せ様としているのがﾊﾞﾚﾊﾞﾚ
12026,body,raw-L12021,残念ながら単純に他にも同意見がいたと言う事だけだがな、墓をほったな（苦笑）
12027,blank,,
12028,post_header,raw-L12028,158 名前：既にその名前は使われています[sage] 投稿日：2005/04/17(日) 13:05:17 ID:fFFGrCvQ [3/5]
12029,body,raw-L12028,煽りとか言ってまた真実をごまかして逃げますか？（苦笑）
12030,body,raw-L12028,高いＤ値から繰り出される通常削り、高いＤ値から繰り出される高出力なＷＳ
12031,body,raw-L12028,高い攻撃力をさらに確保する残心、高い攻撃力から繰り出されるＷＳを頻繁に出せるように可能な黙想
12032,body,raw-L12028,高い攻撃力から繰り出されるＷＳを連続して出せる明鏡止水、さらにこれによる光・闇の２０００オーバーの連携属性ﾀﾞﾒｰｼﾞ
12033,body,raw-L12028,さらにＴＰｽﾄｱという能力を持ち、さらには破軍によってＴＰ+効果倍増強化によって実質２倍のＴＰ効果を得る恐ろしい能力
12034,body,raw-L12028,さらに回避Ｂ+受け流しＡ+空蝉１+空蝉２という高い回避力を心眼という完全回避ｱﾋﾞによってさらに恐ろしく回避する能力
12035,body,raw-L12028,さらに心眼は唯一狙って多段ＷＳを完全回避出来ると言う鬼仕様
12036,body,raw-L12028,また食べ物にも優遇されおにぎりと言う独自の自ｼﾞｮﾌﾞの食品、さらにはこれは真の味が分かる様に侍は優遇され、他ｼﾞｮﾌﾞでは発揮できないような超強化が約束されている
12037,body,raw-L12028,こっちもいい加減お前ら逃げる奴の相手はしたくないんで
12038,body,raw-L12028,ﾊﾞｶの1つ覚えみたいにageないでくれますか？ﾏｼﾞでﾊﾞｶ丸出しだぞ？
12039,blank,,
12040,blank,,
12041,post_header,raw-L12041,160 名前：既にその名前は使われています[sage] 投稿日：2005/04/17(日) 13:53:19 ID:fFFGrCvQ [4/5]
12042,body,raw-L12041,ageるなって言うのがわからないのか？いい加減ｳｻﾞｲ
12043,body,raw-L12041,お前らがﾈｶﾞｷｬﾝしても実際に強い侍は強化されないから好きにすればいいだろ
12044,body,raw-L12041,ただageるないい加減ここに来ている一般人もﾑｶついてきてる
12045,body,raw-L12041,ﾏｼﾞでｷﾓｲし寒い、頼むから氏んでくれよﾏｼﾞで
12046,blank,,
12047,post_header,raw-L12047,164 名前：既にその名前は使われています[sage] 投稿日：2005/04/17(日) 17:13:05 ID:fFFGrCvQ [5/5]
12048,quoted_line,raw-L12047,>>161よ、相手にしてるとﾊﾞｶがうつるぞ（苦笑）
12049,body,raw-L12047,ﾏｼﾞｷﾓい、ここにいるﾈｶﾞ侍、何も反論できないと数の力で押し寄せてくるし
12050,body,raw-L12047,まぁ数になっても相手になってないが（烏合の民）
12051,body,raw-L12047,はぁ、、ﾊﾞｶみたいにageて恥ずかしくないのかね？ﾊﾞｶ丸出しですぞ（笑）？
12052,blank,,
12053,post_header,raw-L12053,203 名前：既にその名前は使われています[sage] 投稿日：2005/04/19(火) 14:28:02 ID:398j2JyE [1/3]
12054,body,raw-L12053,何でsagaってるのにﾊﾞｶみたいにageるのか不明（苦笑）そしてまたﾊﾞｶ侍の自演による何の証拠もない嘘大会が始った
12055,body,raw-L12053,残念ながら侍は最初からひときわ強かったんだが
12056,body,raw-L12053,いまほどではないがそれは他ｼﾞｮﾌﾞも同じ、だが確実に力を強化させていってる優遇ｼﾞｮﾌﾞ
12057,body,raw-L12053,俺のフレが最初は侍を上げていた、あっと間にカンストしてたので聞くと
12058,body,raw-L12053,「侍強すぎた、これからは侍がいないとレベル上げできない」といっていた
12059,body,raw-L12053,その時から偶然俺も侍を上げていたんだがすぐに上がりつづけたな、侍は、他のｼﾞｮﾌﾞは苦労したが
12060,body,raw-L12053,ＰＴのやつらからいきなり裏テル来ててフレ登録そうだっせんだったな（苦笑）
12061,body,raw-L12053,まるでフィットしたかのように俺は侍に合っていたらしくてフレにすぐに追いついたな
12062,body,raw-L12053,ＬＳでは常に助っ人を頼まれていたが侍を上げていた俺はかなり我侭を通せた
12063,body,raw-L12053,後続のヘタさが目立つがそれはﾌﾟﾚｲﾔｰｽｷﾙが低いからだろ？お前に侍は合ってないだけ、まぁ侍を最弱と言ってるﾊﾞｶは他ｼﾞｮﾌﾞじゃｶｽだから辞めても誰も何もいわないだろ（苦笑）
12064,blank,,
12065,post_header,raw-L12065,211 名前：既にその名前は使われています[sage] 投稿日：2005/04/19(火) 15:52:57 ID:398j2JyE [2/3]
12066,body,raw-L12065,本物とか偽者とかだからなんだと思うが？ﾊﾞｶさく裂だな（笑）
12067,body,raw-L12065,お前ら話ごまかすのへたくそだよな、残念ながらそんなのでごﾏ化されるわけがない
12068,body,raw-L12065,お前らは真実の伝道者を多勢に風情でうそつきにするひひょう者だと証明しているわけだが。
12069,body,raw-L12065,いくら数でウソを付き通そうとフレの評価の「侍は強すぎた」という「真実」は語り告げられる
12070,body,raw-L12065,実際に俺も侍はやっている、すでに余裕でメリポ状態、インするとすぐにＬＳから声がかかって最近ではうんざりしているのが欠点と言えば欠点
12071,blank,,
12072,post_header,raw-L12072,219 名前：既にその名前は使われています[sage] 投稿日：2005/04/19(火) 16:32:42 ID:398j2JyE [3/3]
12073,body,raw-L12072,もういいから黙ってsageろﾊﾞｶが
12074,body,raw-L12072,もうﾀﾞﾒだな侍、あまりにも最強厨が入りすぎてしまったようだ
12075,body,raw-L12072,だから強化は必要ないと何度も何度も言っていたのにな、今の侍は質がﾀﾞﾒ過ぎた
12076,body,raw-L12072,先行者しか上質は残ってないだろう。
12077,body,raw-L12072,お前らもっとｽｷﾙにも装備にも力入れろよ、侍を俺が築き上げてきたのが低スキルのせいで評判が落ちるし
12078,body,raw-L12072,本当に上手な奴はもう極わずか、いまの侍は基本性能の高さだけで他ｼﾞｮﾌﾞより高い地位にいるのに腕で落しているからもうﾀﾞﾒだな氏んでくれ
12079,blank,,
12080,blank,,
12081,post_header,raw-L12081,269 名前：いっかくの侍[sage] 投稿日：2005/04/20(水) 11:09:33 ID:q+RHVr1f
12082,body,raw-L12081,侍を使いこなせてないだけで言い訳するなよ
12083,body,raw-L12081,少なくとも俺のＬＳでは侍は特別扱いされているんだが？
12084,body,raw-L12081,ｻﾎﾟを食らい尽くして自ｼﾞｮﾌﾞの能力は保護を要請するところとか本島に今の侍はレベルが低すぐるだろ・・
12085,body,raw-L12081,騙しの頻度、威力、また黙想によってタゲのばらつきを最小限に抑えんがらのﾉｰﾘｽｸ・ﾊｲﾘｰﾀﾝの戦力は他を圧倒すると言う事実も騙しながらﾈｶﾞｷｬﾝしている
12086,body,raw-L12081,これによって盾へのﾍｲﾄ稼ぎは他を圧倒し、さらに連携は光・闇を使いこなす能力を秘め、さらに連携ﾀﾞﾒｰｼﾞはﾉｰﾍｲﾄのため自らのﾘｽｸを負わず、さらに他ｼﾞｮﾌﾞへのﾘｽｸもないと言う能力
12087,body,raw-L12081,また黙想は攻撃せずともＴＰが恐ろしく（ＡＦ２等使用ならなおさら恐ろしい程）溜める。
12088,body,raw-L12081,またこれ＋破軍等ＴＰ+増加効果により回転率、威力ともに他を圧倒、不意ダマにより必中ｸﾘﾃｨｶﾙ！
12089,body,raw-L12081,さらに黙想は攻撃に参加する必要が無いためＰＴ外で黙想溜め→参加→ＷＳという永久コンボも出来るからな
12090,body,raw-L12081,攻撃で適当にあげているだけでもこれだけ攻撃優遇だがさらに恐ろしい事に散々でているが防御面でもﾊﾞｶかと言うほど高性能なのはもう隠せない
12091,blank,,
12092,post_header,raw-L12092,872 名前：既にその名前は使われています[sage] 投稿日：2005/05/20(金) 12:00:05 ID:XjTDxwLi [1/4]
12093,body,raw-L12092,侍はいい加減ﾈｶﾞり過ぎだろいい加減にしろと言いたい。
12094,body,raw-L12092,ｼﾞｮﾌﾞｺﾝｾﾌﾟﾄが良くわからないとか言ってるﾎﾞｹは氏んだほがいいだろう。
12095,body,raw-L12092,侍ほどﾊｯｷﾘしているｼﾞｮﾌﾞは他にない。俺は少なくとも侍で称えられても裏口を言われた事は無いな。
12096,body,raw-L12092,それは俺が誇りを持って侍をしている結果だろうしはっきりいって
12097,body,raw-L12092,文句を言うﾊﾞｶは装備がｻﾞｺなんだろうが（笑）
12098,body,raw-L12092,侍は回避Ｂ+受け流しＡ+空蝉１+空蝉２+心眼で忍者に迫る勢いの鬼ｼﾞｮﾌﾞ
12099,body,raw-L12092,さらに攻撃面でも圧倒的なＤ値から繰り出されるＷＳは他を圧倒し
12100,body,raw-L12092,通常削りも高いＤ値から繰り出される為安定した高いﾀﾞﾒｰｼﾞ・時給が約束されている。
12101,body,raw-L12092,だが誰しもがこれ以上の強化はないだろうと考えていた瞬間なんと残心と言う「」特性が追加された！
12102,body,raw-L12092,これは両手ｼﾞｮﾌﾞ武器でありながら全ｼﾞｮﾌﾞ中で最高回数の４回攻撃を行い得る鬼特性！
12103,body,raw-L12092,攻撃力、攻撃速度でも他を圧倒しさらに全ｼﾞｮﾌﾞ中最強の２ｈｱﾋﾞ明鏡止水をもち
12104,body,raw-L12092,一人で高いＤ値から繰り出される高威力のＷＳで一人で光・闇を自在に操り連携時に圧制するﾎﾞｰﾅｽﾀﾞﾒｰｼﾞはおよそ２０００は超えるだろう。
12105,body,raw-L12092,侍のﾈｶﾞｷｬﾝは同じ侍として恥ずかしいのでやめるか氏ねよ
12106,blank,,
12107,post_header,raw-L12107,884 名前：既にその名前は使われています[sage] 投稿日：2005/05/20(金) 12:40:56 ID:XjTDxwLi [2/4]
12108,body,raw-L12107,ナイトは関係ないだろ・・なぜナイトの話しが出る？
12109,body,raw-L12107,侍が剛（強し？）の者だとするとナイトは揉の身分だから比較は出来ないはず
12110,body,raw-L12107,攻撃とパワーで参加する侍と防御能力と魔法、ｽﾋﾟｰﾄﾞで対応するナイト
12111,body,raw-L12107,仕事が違うのだから比べられないだろうが？
12112,body,raw-L12107,ここで仕事が違うｼﾞｮﾌﾞの話をする奴はﾊﾞｶ決定だろ・・
12113,blank,,
12114,post_header,raw-L12114,888 名前：既にその名前は使われています[sage] 投稿日：2005/05/20(金) 12:54:18 ID:XjTDxwLi [3/4]
12115,body,raw-L12114,俺は別に擁護なんてしていないがナイトの話はもういいと言っている
12116,body,raw-L12114,防御と攻撃の主人公が争っても比べられる事はない
12117,blank,,
12118,blank,,
12119,post_header,raw-L12119,911 名前：既にその名前は使われています[sage] 投稿日：2005/05/20(金) 15:09:12 ID:XjTDxwLi [4/4]
12120,body,raw-L12119,いい加減にしろよｶｽが前歯へし折るぞ！
12121,blank,,
12122,blank,, 
12123,blank,,
12124,blank,, 
12125,blank,,
12126,section_title,,【みんな】SAMURAI　侍6【興味なし？】
12127,blank,,
12128,blank,, 
12129,blank,,
12130,blank,,
12131,post_header,raw-L12131,568 名前：既にその名前は使われています[sage] 投稿日：2005/06/02(木) 10:39:16 ID:xFTTT/ow [1/13]
12132,body,raw-L12131,侍のﾈｶﾞは飽きた
12133,body,raw-L12131,なんつーか全然全く不遇でもなくむしろ実用的な固有ｱﾋﾞが多過ぎる。
12134,body,raw-L12131,心眼は敵の多段を一瞬で完全に回避！これは全ｼﾞｮﾌﾞ唯一の完全回避。
12135,body,raw-L12131,さらに黙想にて任意にＴＰを爆発的に溜める事ができる。
12136,body,raw-L12131,これはレベル上げだけではなくＦＦをやる以上
12137,body,raw-L12131,回避不能なミッションＢＣ、金策代表の印章ＢＣなど戦闘開始前からすでにＴＰ３００すら楽勝で可能！
12138,body,raw-L12131,さらに武器防具で馬鹿ﾈｶﾞ侍どもは弱い弱いとﾈｶﾞﾈｶﾞしてるが
12139,body,raw-L12131,同じ侍からいえばはっきりいって｢はぁぁぁ？氏ねよ糞が・・・｣と思ってるぞ。
12140,body,raw-L12131,攻撃面で侍が弱いんなら全ｼﾞｮﾌﾞ弱いって事だろ。
12141,body,raw-L12131,さらに高いＤ値から繰り出されるＷＳは光連携・闇連携を自在にこなし
12142,body,raw-L12131,２ｈｱﾋﾞは全ｼﾞｮﾌﾞ中最強の有用性をもつ超ｱﾋﾞ明鏡止水！またこの明鏡止水により一人！！で光･闇連携を自在にこなす為、
12143,body,raw-L12131,強力なＷＳ×３＋２回の連携ﾀﾞﾒｰｼﾞ！さらにこの連携には湾曲とか最大１００％のダメと光･闇の１５０％の超絶攻撃だった。
12144,blank,,
12145,post_header,raw-L12145,574 名前：既にその名前は使われています[sage] 投稿日：2005/06/02(木) 12:04:06 ID:xFTTT/ow [2/13]
12146,body,raw-L12145,誰だかわからないがお前は人のせいにしないとダメなやつか？
12147,body,raw-L12145,これは世間の考えだから人のせいにするとか持っての外だろ。
12148,body,raw-L12145,少なくとも俺は侍は前衛でもﾄｯﾌﾟﾗﾝｶｰだろ？
12149,body,raw-L12145,俺はﾈｶﾞる侍が同じ侍としてﾏｼﾞむかつくだけ。消し飛ばしてやりたくなるほどだぞ・・
12150,blank,,
12151,post_header,raw-L12151,577 名前：既にその名前は使われています[sage] 投稿日：2005/06/02(木) 12:52:03 ID:xFTTT/ow [3/13]
12152,body,raw-L12151,俺の装備を言ったところでお前の装備が良くなるわけじゃない
12153,body,raw-L12151,俺はつねに力にお金を使っているからお前らみたいにｾｺｾｺしたｶｽは見てて腹が立って来る
12154,body,raw-L12151,ｷｬﾗ性能におぼえて別ｼﾞｮﾌﾞがＨＱで身を固めて言ってるのにｶｽもいいところな装備で弱い弱いといってる
12155,body,raw-L12151,まぁ俺はおかげで圧倒的に誘われやすいですがﾈｶﾞしてるｶｽは氏んでしまえ
12156,blank,,
12157,post_header,raw-L12157,580 名前：既にその名前は使われています[sage] 投稿日：2005/06/02(木) 13:04:04 ID:xFTTT/ow [4/13]
12158,body,raw-L12157,さらに侍はｼﾞｮﾌﾞ性能も圧倒的なことはもはや有名で一目もニ目も置かれている。
12159,blank,,
12160,body,raw-L12157,回避Ｂ＋受け流しＡ＋空蝉１＋空蝉２＋心眼＋ＡＦ２により＋ｶｳﾝﾀｰ発動
12161,body,raw-L12157,守りと攻撃を一緒になってて付け入る隙が見当らないと言う鬼ｼﾞｮﾌﾞであった！
12162,body,raw-L12157,さらにレベリングでは高いＤ値から繰り出されるＷＳ・黙想によるＴＰ加速装置
12163,body,raw-L12157,高すぎるＤ値から繰り出されるＷＳでﾀｹﾞを取ってしまった時には
12164,body,raw-L12157,心眼＋ｶｳﾝﾀｰで敵は攻撃の変わりに手痛い深手を負う事になる。
12165,body,raw-L12157,そしてこれはＨＮＭでも優遇ｼﾞｮﾌﾞとして上位に君臨する侍はもう優遇ｼﾞｮﾌﾞの先頭として隠しようがない。。
12166,body,raw-L12157,俺はお前らと同じ侍だがここまでばれているんだったらもはや認めるしかないな。。侍は強過ぎた
12167,blank,,
12168,post_header,raw-L12168,585 名前：既にその名前は使われています[sage] 投稿日：2005/06/02(木) 13:35:15 ID:xFTTT/ow [5/13]
12169,anchor,raw-L12168,>>581
12170,body,raw-L12168,ｺﾋﾟﾍﾟだと思うならその場所に誘導してみろよ？ｶｽが
12171,blank,,
12172,post_header,raw-L12172,594 名前：既にその名前は使われています[sage] 投稿日：2005/06/02(木) 14:41:04 ID:xFTTT/ow [6/13]
12173,body,raw-L12172,賭けはどうやら俺の勝ったようだな、誘導があれば負けを認めたのだが・・
12174,body,raw-L12172,どうにか言い伏せられたみたいで嬉しいかな。
12175,body,raw-L12172,だけど俺はいまだ満足していないという。
12176,blank,,
12177,blank,,
12178,post_header,raw-L12178,596 名前：既にその名前は使われています[sage] 投稿日：2005/06/02(木) 14:53:31 ID:xFTTT/ow [7/13]
12179,body,raw-L12178,いい加減にウザイぞｶｽが！
12180,body,raw-L12178,賭けは俺が勝ったんだから約束通り黙ってろ！
12181,blank,,
12182,post_header,raw-L12182,604 名前：既にその名前は使われています[sage] 投稿日：2005/06/02(木) 16:26:02 ID:xFTTT/ow [8/13]
12183,anchor,raw-L12182,>>603
12184,body,raw-L12182,お前はﾊﾞｶか？皆がsageってんのになに一人でageて良い気なってんだ？
12185,body,raw-L12182,ﾏｼﾞでお前みたいなヤツは錆にしたいと思うやつもいるだろうな
12186,blank,,
12187,post_header,raw-L12187,610 名前：既にその名前は使われています[] 投稿日：2005/06/02(木) 17:20:14 ID:xFTTT/ow [9/13]
12188,body,raw-L12187,お前らが女馴れしてない事がﾊﾞﾚるからだからしゃべらないほうが良いぞ
12189,body,raw-L12187,俺も今彼女と攻撃封印の約束してなければお前らくらい余裕で微ビラすこと出来るんだがな
12190,body,raw-L12187,俺はアニマなんかみないがアニメは日本の代表者なので何も恥かしい事はないと思うんだが？
12191,body,raw-L12187,お前らの話は女が見たらひくだろ。もう少し真面目に侍の事話すべき。ﾈｶﾞｷｬﾝはｳｻﾞｲので氏ねと
12192,blank,,
12193,post_header,raw-L12193,615 名前：既にその名前は使われています[sage] 投稿日：2005/06/02(木) 17:27:01 ID:xFTTT/ow [10/13]
12194,body,raw-L12193,俺はageるつもりは無かったんだがお前がageてるから俺のは関係なくなった
12195,body,raw-L12193,俺のﾜﾝﾊﾟﾝでホオ骨へこんだやつがいたかな・・・
12196,blank,,
12197,post_header,raw-L12197,620 名前：既にその名前は使われています[sage] 投稿日：2005/06/02(木) 17:42:30 ID:xFTTT/ow [11/13]
12198,body,raw-L12197,お前らは俺がＧＭになったらもうお前らは終わりだな
12199,body,raw-L12197,鯖有数のﾄｯﾌﾟｸﾗｽﾌﾟﾚｲﾔｰはＧＭからＧＭにｽｶｳﾄされる
12200,body,raw-L12197,俺は彼では無いがすでに鯖でも一目もニ目も置かれる存在だったし声がかかる日もとおくない
12201,blank,,
12202,post_header,raw-L12202,625 名前：既にその名前は使われています[sage] 投稿日：2005/06/02(木) 17:55:20 ID:xFTTT/ow [12/13]
12203,body,raw-L12202,俺はまだ今の鯖では最強ではないがやはり鯖のﾄｯﾌﾟ会談は背中がひえる
12204,body,raw-L12202,ﾄｯﾌﾟ連中は目つきが鋭く隙がないな。俺も鯖のﾄｯﾎﾟ連合に入っているがやはり一般人とは違うな
12205,body,raw-L12202,明らかに誇りを持ってるのが分かる。鯖のﾄｯﾌﾟｸﾗｽﾌﾟﾚｲﾔｰは事実上ＧＭになれるのであまりなめないほうがいいだろうな
12206,blank,,
12207,post_header,raw-L12207,626 名前：既にその名前は使われています[sage] 投稿日：2005/06/02(木) 17:57:55 ID:xFTTT/ow [13/13]
12208,body,raw-L12207,塾の時間か・・じゃあなｶｽども！
12209,body,raw-L12207,６／２　勝利
12210,blank,,
12211,blank,, 
12212,blank,,
12213,blank,,
12214,section_title,,侍神化計画
12215,blank,,
12216,blank,, 
12217,blank,,
12218,blank,,
12219,post_header,raw-L12219,158 名前：既にその名前は使われています[sage] 投稿日：2005/04/08(金) 10:30:10 ID:gQFco0mw [1/7]
12220,body,raw-L12219,侍よ？ﾏｼﾞでたいがいにしろよ？戦闘が全てのＦＦにおいて
12221,body,raw-L12219,両手武器による圧倒的Ｄ値から繰り出されるＷＳ、さらに多彩な連携属性を操り
12222,body,raw-L12219,強力アタッカー＆ﾉｰﾘｽｸＴＰ特化ｼﾞｮﾌﾞという他ｼﾞｮﾌﾞにはない独自の能力を持ち
12223,body,raw-L12219,さらに前回のｱｯﾌﾟで残心という超強力な特性までも開発からもぎ取った糞侍！
12224,body,raw-L12219,ｻﾎﾟ戦によってなんと信じられない事に４回攻撃という両手武器にあってはならない手数で他を圧倒
12225,body,raw-L12219,手数で勝負のはずのｼｰﾌですら全く話にならないほどの鬼の手数！正直信じられない攻撃力と速度。これは明らかにＴＰ特化を超えてしまっている異常な超状現状
12226,body,raw-L12219,さらにｻﾎﾟシにより圧倒的Ｄ値を誇る鬼の攻撃力が不意打ちによりさらにﾉｰﾘｽｸで加速する
12227,body,raw-L12219,さらにＷＳをダマシにより超攻撃力のＷＳをなんとﾉｰﾘｽｸで発動！いわゆる点でﾉｰﾘｽｸのﾉｰﾘｽｸﾊｲﾘﾀｰﾝｼﾞｮﾌﾞであった！ﾏｼﾞで消えろよ消すぞ
12228,blank,,
12229,blank,,
12230,post_header,raw-L12230,160 名前：既にその名前は使われています[sage] 投稿日：2005/04/08(金) 10:47:01 ID:gQFco0mw [2/7]
12231,body,raw-L12230,まちがってねえし。何コソコソ隠れてまた強化狙ってんだかな・・ﾏｼﾞで侍は糞の集まりだな
12232,body,raw-L12230,ｻﾎﾟ忍にいたっては侍はひたすらに隠し続けているが
12233,body,raw-L12230,回避能力Ｂ＋受け流しＡ＋空蝉１＋空蝉２＋心眼によって超回避能力の盾となった
12234,body,raw-L12230,しかもこのスレでは心眼にクッティカル（3倍）のカウンターつけろとかもう糞の真骨董を発揮してるだろうがﾊﾞｶが
12235,body,raw-L12230,侍は強過ぎる。俺は十分にわかっているからクチを出してるんだが？黙ってろよ
12236,blank,,
12237,post_header,raw-L12237,169 名前：既にその名前は使われています[sage] 投稿日：2005/04/08(金) 12:13:23 ID:gQFco0mw [3/7]
12238,embedded_quote_header,raw-L12237,92 ：立ち寄った浪人：2005/04/04(月) 03:29:13 ID:NuPzmotc
12239,quoted_line,raw-L12237,>ちょっとグチれせてくれ>>侍の同志
12240,quoted_line,raw-L12237,>素直にjaで効果時間内は近接命中アップとか欲しい、ＰＴピンチの時一人連携外したりするし、
12241,quoted_line,raw-L12237,>連携特化で売り出しているんだ、刀はナマクラ振りは鈍い、それはゲームバランスの為なんだろう
12242,quoted_line,raw-L12237,>我慢しよう、言い出したらキリが無くなるクレクレ君と言われるだろう
12243,body,raw-L12237,氏ねよｶｽ、お前ﾊﾞｶか？刀は強いしＴＰ特化なうえＷＳも強い。我慢という単語はお門違い
12244,quoted_line,raw-L12237,>５１ＬＶ侍の私は夢が有ってやっている、自分のジョブを卑下するのも調子に乗るのも嫌いだ、
12245,quoted_line,raw-L12237,>だから、自分の手が届く範囲で模索したり、人に聞いたりして試したりしている、まだまだ至ら
12246,quoted_line,raw-L12237,>ない事は沢山有るだろうがあえて思うところを言うと
12247,quoted_line,raw-L12237,>今の処の結論はプレーヤースキル云々では無く、ジョブとして欠けた創りだと私は考える
12248,body,raw-L12237,ｳｻﾞｲよお前？75ＭＡＸになってからクチをはさむべきだしｼﾞｮﾌﾞとして欠陥とか足りないとかﾊﾞｶか？完璧過ぎるところが欠点なくらいだろ・・
12249,quoted_line,raw-L12237,>それは高額アイテムで補えるかもしれないが、入手困難だからこその高額アイテムなのであって
12250,quoted_line,raw-L12237,>それがデフォで必要ならばジョブとして正しく機能していない創りだと思う
12251,body,raw-L12237,良いアイテムが高額なのは当り前、それを言い出せば他のｼﾞｮﾌﾞも能力を高めるために高額装備買っている、むしろ侍はＴＰ特化ｼﾞｮﾌﾞのために装備に影響される事が他ｼﾞｮﾌﾞに比べて少ない、
12252,body,raw-L12237,しかし揃えれば鬼になることから装備面でも優遇されているだろｶｽが氏ネ
12253,quoted_line,raw-L12237,>私自身侍ＬＶ５１で感じたことであってなにか優れた手が有るかも知れないが私は判らない
12254,body,raw-L12237,お前は一度氏ぬべき、あまりにも甘えが酷過ぎる
12255,blank,,
12256,post_header,raw-L12256,171 名前：既にその名前は使われています[sage] 投稿日：2005/04/08(金) 12:24:05 ID:gQFco0mw [4/7]
12257,body,raw-L12256,またﾊﾞｶが出たか、特性上四回攻撃しても当るのは二回？
12258,body,raw-L12256,だからなんだ？攻撃ミスったのは攻撃にはいりませんか？氏ねﾊﾞｶが
12259,blank,,
12260,blank,,
12261,post_header,raw-L12261,176 名前：既にその名前は使われています[sage] 投稿日：2005/04/08(金) 12:45:37 ID:gQFco0mw [5/7]
12262,body,raw-L12261,明鏡止水という信じられない超ｱﾋﾞを持つ上まだｸﾚｸﾚ強化するとかﾊﾞｶ過ぎる
12263,body,raw-L12261,努力もせずに最強目指す奴が多過ぎるよな、ﾏｼﾞで終わってる。
12264,body,raw-L12261,俺は侍75だから良くわかる、侍は強過ぎた。装備を揃えなくても他ｼﾞｮﾌﾞの完備状態よりもよっぽどの強さ
12265,body,raw-L12261,文句言うのは良いが愚痴は許さない。俺は他ｼﾞｮﾌﾞに恥ずかしくて言えないがな、侍強過ぎるからな
12266,blank,,
12267,post_header,raw-L12267,190 名前：既にその名前は使われています[sage] 投稿日：2005/04/08(金) 14:20:56 ID:gQFco0mw [6/7]
12268,body,raw-L12267,ああ、侍がﾊﾞｶの真骨董発揮しちゃってるし（苦笑；）ﾏｼﾞでﾊﾞｶは氏ねと
12269,body,raw-L12267,当らなければ意味はない？当るのを前提に考えないと始まらんだろうがﾊﾞｶは氏ね！ﾏｼﾞで迷惑
12270,body,raw-L12267,他ｼﾞｮﾌﾞは当らなかったらそこまでなのに侍はまだ続きがあった真実。
12271,body,raw-L12267,０か１００かというのなら侍以外は全部０なのに侍は１００と言う事になる。
12272,body,raw-L12267,あまりにも保護・強化され過ぎだろうが！ﾏｼﾞで最強厨の低ﾚﾍﾞﾙﾌﾟﾚｲﾔｰ増えすぎてるｷﾓｲ
12273,blank,,
12274,post_header,raw-L12274,195 名前：既にその名前は使われています[sage] 投稿日：2005/04/08(金) 14:41:35 ID:gQFco0mw [7/7]
12275,body,raw-L12274,アタッカーの座を確立したら今度は盾かよおい？ﾏｼﾞでｳｾﾞんだけどいい加減にしろや！
12276,body,raw-L12274,心眼３０秒って「はぁ？」って感じ、ってかﾏｼﾞで気分悪くなっからお前ら最強厨はﾏｼﾞで氏ンでくれないか？
12277,blank,,
12278,post_header,raw-L12278,288 名前：既にその名前は使われています[sage] 投稿日：2005/04/17(日) 11:36:33 ID:fFFGrCvQ
12279,body,raw-L12278,侍が強いのはすでにＦＡでている、侍で弱いと思っているやつはまずは自分のＰｽｷﾙを上げるところからはじめた方がいいな
12280,body,raw-L12278,Ｐｽｷﾙを上げただけで十分一般社会で頼りにされる状態になれる
12281,body,raw-L12278,つぎのﾗﾝｸに上がるのは装備に力を入れるとさらに鬼になる。
12282,body,raw-L12278,次のﾗﾝｸに上がるには危機的状況の修羅場を何回かくぐり抜けるだけのｽｷﾙがいる
12283,body,raw-L12278,俺はもう少し上にいるがそこまで行けるやつは鯖でも１分だろうから無理する必要はない
12284,body,raw-L12278,最初の段階だけでも一般社会では信頼されるくらいにはかなり強い
12285,body,raw-L12278,これ以上強化は不要だが侍の能力におぼれているからＰｽｷﾙが低いからＰｽｷﾙをあげる余地は今の侍にはあり過ぎる
12286,body,raw-L12278,まずはＰｽｷﾙをあげるのが第１だぞ
12287,blank,,
12288,blank,, 
12289,blank,,
12290,blank,, 
12291,blank,,
12292,blank,,
12293,section_title,,【三騎士】不遇ジョブを愛する人のスレ【シ詩召】
12294,blank,,
12295,blank,, 
12296,blank,,
12297,blank,, 
12298,blank,,
12299,post_header,raw-L12299,34 名前：既にその名前は使われています[] 投稿日：2005/08/05(金) 17:11:04 ID:IgTPC+wG [1/9]
12300,anchor,raw-L12299,>>30
12301,body,raw-L12299,黙れどこが侍が弱いんだかな
12302,body,raw-L12299,侍こそ強過ぎだろうがよｶｽがよぶ殺すぞ
12303,body,raw-L12299,少し弱者スレに顔出してみればやはりﾈｶﾞｷｬﾝ糞侍が沸いてやがる氏ねよまじで
12304,body,raw-L12299,通常攻撃はﾊﾞﾗﾝｽの取れた破壊力で敵をｽﾞﾀｽﾞﾀにしてきた
12305,body,raw-L12299,そのﾍｲﾄは盾に乗せ破壊力抜群の攻撃力は全ｼﾞｮﾌﾞ１の安定した破壊力を披露する
12306,body,raw-L12299,攻撃面では複数回攻撃の侍専用装備オボロまでｸﾚｸﾚで取得済み！！！
12307,body,raw-L12299,これによりTP特化の侍は圧倒的な速度で爆発力が最強になった
12308,body,raw-L12299,さらに攻撃は続くなんと防御では前にも口をすっぱくしていったが空蝉１+空蝉２+回避B+＋受け流しA＋心眼を持つ
12309,blank,,
12310,post_header,raw-L12310,36 名前：既にその名前は使われています[] 投稿日：2005/08/05(金) 17:16:55 ID:IgTPC+wG [2/9]
12311,body,raw-L12310,さらに明鏡止水という超鬼ｱﾋﾞがあるため通常戦闘だけでなくＢＣ関連でも最強に頼りになる
12312,body,raw-L12310,明鏡＋破軍のＴＰ効果うｐ（）＋１００％の能力を合わせるとなんと
12313,body,raw-L12310,明鏡止水だけでＴＰ６００分のﾀﾞﾒｰｼﾞを与える事になる
12314,body,raw-L12310,さらに神ｱﾋﾞ黙想で最大８００％
12315,body,raw-L12310,タイミングさえ上手く行けば瞬時にＴＰ１０００ためてしまうと言う・・・強過ぎだろ・・・
12316,blank,,
12317,post_header,raw-L12317,38 名前：既にその名前は使われています[] 投稿日：2005/08/05(金) 17:23:06 ID:IgTPC+wG [3/9]
12318,body,raw-L12317,俺も侍７５だがほんとうにみぐる過ぎるよな侍
12319,body,raw-L12317,ﾏｼﾞで文句言ってる奴はしんでくれ文句のつけようが無い事を知っている俺達までｻﾞｺだと思われてしまう
12320,body,raw-L12317,俺は他のｼﾞｮﾌﾞと仲良くしたいからｳｿいうやつは泣かしたくなってくるな
12321,body,raw-L12317,侍は弱くない程度どころか最強種族だろうが強化なんて有り得ない
12322,body,raw-L12317,最強厨がただでさいよってきてるのいこれ以上寄ってくるような事だけはやめて欲しい
12323,body,raw-L12317,どちらかと言うとﾊﾞﾗﾝｽ取りのﾀﾒに弱体が欲しいかな侍はﾏｼﾞで弱く
12324,blank,,
12325,post_header,raw-L12325,40 名前：既にその名前は使われています[] 投稿日：2005/08/05(金) 17:28:10 ID:IgTPC+wG [4/9]
12326,body,raw-L12325,他ｼﾞｮﾌﾞに負ける侍ってｱﾘエネ～～・・・
12327,body,raw-L12325,他ｼﾞｮﾌﾞが廃装備で侍のお前がぬ印のｻﾞｺ装備だったんだろ
12328,body,raw-L12325,侍は平気なカオして自ジョブの最強ｼﾞｮﾌﾞ性能に頼りきって糞吐くからな
12329,body,raw-L12325,死んだ方が良いな絶対しね
12330,blank,,
12331,post_header,raw-L12331,41 名前：既にその名前は使われています[] 投稿日：2005/08/05(金) 17:31:21 ID:IgTPC+wG [5/9]
12332,body,raw-L12331,そもそもＭＰ泥棒ってなんだ？
12333,body,raw-L12331,スポンジってか？攻撃力もないのにタゲ取れるのか？
12334,blank,,
12335,body,raw-L12331,　　完　　全　　論　　破　　
12336,body,raw-L12331,ｺｲﾂはｳｿをついていたこのように侍は平気で嘘をつく泥棒だよ侍は
12337,blank,,
12338,post_header,raw-L12338,48 名前：既にその名前は使われています[] 投稿日：2005/08/05(金) 17:42:49 ID:IgTPC+wG [6/9]
12339,body,raw-L12338,ま侍７５の口から効かないんだったら侍の質の悪さの証明だな
12340,body,raw-L12338,俺は侍７５ＭＡＸだけどこんな最強厨が集まるようなｼﾞｮﾌﾞはﾀﾞﾒだな・・
12341,body,raw-L12338,弱体も仕方ないとりあえず明鏡止水を２倍撃の単発ＷＳにしてくれ
12342,body,raw-L12338,黙想は貯まる量はこのままで良いから黙想のみで１００％溜まるのに３分かかる様にしろ！
12343,body,raw-L12338,心眼はブリンクの弱体版で十分
12344,body,raw-L12338,あと回避Ｄにして受け流しはＣくらいでちょうどいい今の侍は強過ぎた
12345,blank,,
12346,post_header,raw-L12346,51 名前：既にその名前は使われています[] 投稿日：2005/08/05(金) 17:48:20 ID:IgTPC+wG [7/9]
12347,body,raw-L12346,ﾌﾟッ年で勝てれば勝ちですか？わかい力なめるなよ？ぼこられるぞジイサン
12348,body,raw-L12346,若いやつらの方が強い武器持ってるしジイサン達の中で怖いのは戦争した日本兵くらい
12349,body,raw-L12346,でも日本兵はもうほとんどいないみたいだしｻﾞｺのｵｯｻﾝどもに負ける気しね―し
12350,body,raw-L12346,ああそういうのに憧れて侍なわけ？侍強くて良かったですねリアルで遭遇すればﾎﾞｺり決定だが
12351,blank,,
12352,post_header,raw-L12352,52 名前：既にその名前は使われています[sage] 投稿日：2005/08/05(金) 17:50:26 ID:IgTPC+wG [8/9]
12353,body,raw-L12352,じゃ闇系の仕事が今からあるからこれで
12354,body,raw-L12352,あんま調子こいてると泣かすから
12355,blank,,
12356,blank,,
12357,post_header,raw-L12357,53 名前：既にその名前は使われています[sage] 投稿日：2005/08/05(金) 17:55:53 ID:IgTPC+wG [9/9]
12358,anchor,raw-L12357,>>50
12359,body,raw-L12357,あまり勝手に決めつけない方が良いぞ訴えられる前にやめておいたほうがいいでしょう
12360,body,raw-L12357,あと侍は他の弱ｼﾞｮﾌﾞに迷惑かけるから粘着にくるな正正堂堂と戦えよ
12361,body,raw-L12357,隠れてﾈｶﾞｷｬﾝすんなよ俺が発見しなかったらと思うと怯えて声も出ない
12362,blank,,
12363,post_header,raw-L12363,93 名前：既にその名前は使われています[] 投稿日：2005/08/08(月) 10:34:52 ID:YvsCCMBr [1/4]
12364,body,raw-L12363,お前侍だろ・・赤と黒は確かに強いが侍ぬかすな
12365,body,raw-L12363,侍をワザとぬかす事によって弱ｼﾞｮﾌﾞに自然と侍も含ませてると言うがﾊﾞﾚﾊﾞﾚ
12366,body,raw-L12363,手口かわらないからﾈｶﾞｷｬﾝ侍は見つけるの楽
12367,body,raw-L12363,そうえば昔も「不遇は竜召侍」とか言ってたこれ見た瞬間から結構侍が皆から嫌われだした
12368,body,raw-L12363,誰か常識人が何度もﾈｶﾞｷｬﾝはやめなさいと言ったしかし侍はやめなかったからついには常識の人もいかついて拳を上げかけていたな
12369,body,raw-L12363,止める方の身にもなれｶｽほんとうに不遇の他ｼﾞｮﾌﾞが何で優遇ｼﾞｮﾌﾞのﾈｶﾞｷｬﾝ侍にために助けなければならないのか？
12370,body,raw-L12363,いい加減にしないとヴァナにいられなくなるぞﾈｶﾞｷｬﾝするにしても正体を言ってから言えという思う
12371,blank,,
12372,post_header,raw-L12372,94 名前：既にその名前は使われています[] 投稿日：2005/08/08(月) 10:43:02 ID:YvsCCMBr [2/4]
12373,body,raw-L12372,不遇は狩シ召ナが俺は不遇だとおもうに至った
12374,body,raw-L12372,狩は前は攻撃力が強かったが今は過去の木の矢になった
12375,body,raw-L12372,攻撃してても自然とナに攻撃が集中するのでナに危険が集中するからな
12376,body,raw-L12372,狩が瞬間にタゲ取ってもらえれば盾であるはずのナや忍がバーサクＷＳが撃てて戦闘が楽になるからな
12377,body,raw-L12372,狩は攻撃力を最後に少しタゲとえるくらいに強くした方が進化を発揮するだろう
12378,blank,,
12379,post_header,raw-L12379,95 名前：既にその名前は使われています[] 投稿日：2005/08/08(月) 10:58:47 ID:YvsCCMBr [3/4]
12380,body,raw-L12379,シはﾍｲﾄコントロラーなのにさっき言ったが侍という糞優遇ｼﾞｮﾌﾞによって能力を侵害されていた
12381,body,raw-L12379,しかもシとは違い通常削りも重く激しい両手刀でしかも複数回きりつけれれる
12382,body,raw-L12379,だましＷＳはシーフは通常攻撃しかＴＰためれないのに侍は黙想と言う超ｱﾋﾞを使って自在にＷＳ発動！
12383,body,raw-L12379,しかも威力も本場を凌ぐ姿をいつも目撃するだろう不意によってｸﾘﾃｨｶﾙが両手刀によって確実になるので敵は常に後ろに気をつけなければいけない
12384,body,raw-L12379,しかも攻撃力があまりにあり過ぎるために侍に危険を感じ先に殺そうとしてもシーフすらしのぐ超防御よくが発動した
12385,body,raw-L12379,空蝉１+空蝉２+回避Ｂ++受け流しＡ+心眼でことごとく攻撃を回避するさらにその間にも攻撃の手は緩むことは無い
12386,blank,,
12387,post_header,raw-L12387,97 名前：既にその名前は使われています[] 投稿日：2005/08/08(月) 11:14:28 ID:YvsCCMBr [4/4]
12388,body,raw-L12387,召は別に不遇とは思わないが後衛の中では不遇らしいから書いただけだが
12389,body,raw-L12387,ナイトはヤバイな同じ盾が忍者がﾗｲﾊﾞﾙだのでﾀﾞﾒｰｼﾞを受けなくする技がナイトには必要だろう
12390,body,raw-L12387,あとＭＰを使わない何かのｱｲﾃﾑを使って攻撃魔法やｽﾃｰﾀｽ大幅アップ魔法（ＳＲＴ+５０とかＶＩＴ+５０とか）追加くらいで空蝉と同じくらいの能力になるかも
12391,body,raw-L12387,あとナはＭＰ魔法も使うので防御の高いﾘﾌﾚｼｭ付きの鎧があればいいらしい前衛なので座ることによってＴＰを減らさずに戦える
12392,body,raw-L12387,あとナイトは他ｼﾞｮﾌﾞのために盾をしてやって命がけなので特性でﾘﾚｲｽﾞ２（できれば３がいい）がついてればもっと力出せる
12393,body,raw-L12387,忍が複数攻撃なのでﾅｲﾄも常時複数回攻撃できないとおかしいはずつよい攻撃が何回も当たればﾀｹﾞも安定するしＰＴに喜ばれる
12394,blank,,
12395,blank,, 
12396,blank,,
12397,blank,, 
12398,blank,,
12399,blank,, 
12400,blank,,
12401,blank,, 
12402,blank,,
12403,section_title,,レベルキャップまで育てると激しく後悔するジョブ
12404,blank,,
12405,blank,, 
12406,blank,,
12407,blank,, 
12408,blank,,
12409,blank,,
12410,post_header,raw-L12410,713 名前：既にその名前は使われています[sage] 投稿日：2005/10/28(金) 15:38:26 ID:e6yuadB8 [1/3]
12411,body,raw-L12410,確かにな侍は最近調子のりすぎてる
12412,body,raw-L12410,じつは俺も侍は７５だがたしかに誘われて今ではつねにアノン状態はかかせない
12413,body,raw-L12410,ＢＣでも俺は毎回誘われまくって行けないので
12414,body,raw-L12410,「残念ながら行けない」というと「そんなばかな・・」「リーダーいないと勝てない」といって俺に泣き落とししてくる
12415,body,raw-L12410,「あと７枚あれば行ける」というとＬＳメンはあおをこわばらせて歓喜して奴隷とかした
12416,body,raw-L12410,俺は「準備に三十分かかるがいいか？」というと「先にテレポしよう」といわれたのでした後でご飯と風呂に入ってから戻ってくると印章が１４個くらい貯まってた
12417,body,raw-L12410,ちょうど神もドロップしてたのでロットすると俺の存在に気付いたのか俺の回りに群がってくるほど信頼されていた
12418,body,raw-L12410,その日のＢＣも全勝さらにベストタイムも叩き出して鯖に名前を刻んできた
12419,blank,,
12420,post_header,raw-L12420,715 名前：既にその名前は使われています[sage] 投稿日：2005/10/28(金) 15:55:20 ID:e6yuadB8 [2/3]
12421,body,raw-L12420,あと俺の裏情報では侍は弱体されるらしい
12422,body,raw-L12420,まぁあたりまえと言えばあたりまえだが侍はバランス崩す攻撃力とアビ持ちすぎてるからな・・
12423,body,raw-L12420,弱体は好きじゃないけど侍は弱体されてもじゅうぶん強いから気にならないな侍７５だが
12424,body,raw-L12420,むしろ弱体されてバランスが取れるなら弱体すべきだし俺はひひょうものじゃないのでﾈｶﾞﾈｶﾞしない
12425,body,raw-L12420,覚悟はずっとしてたしな強すぎるから侍いつか来るとは覚悟は終わっていた
12426,body,raw-L12420,今の侍は注目を集めてしまってるからＰＴしていても居心地が悪い
12427,body,raw-L12420,おれは人のﾀﾞﾒｰｼﾞなど気にしてないのにＰＴの奴は「侍様１０００ｵｰﾊﾞｰ毎回余裕でオーバなのに俺は５００しかいかない・・」とか
12428,body,raw-L12420,俺は気にしていないのにまるで自分から言うことで自分の負けのダメージを軽減しているみたいで腹が立った
12429,body,raw-L12420,「実はこんなものじゃない」というと手を抜いてる前衛は居心地が悪くなったのかしゃべらなくなった
12430,body,raw-L12420,当然的にＰＴの注目は毎回１０００オーバーの俺に集まるんだが俺は人の気持ちがわかるので手抜きのない強いＰスキルの持ち主がいると他の前衛の意識が悪くなるなと考えてしまうので今度は俺の居心地が悪くなる
12431,body,raw-L12420,俺が他の前衛が手をむいてる証拠を証明してしまうからな・・
12432,blank,,
12433,post_header,raw-L12433,718 名前：既にその名前は使われています[sage] 投稿日：2005/10/28(金) 16:10:14 ID:e6yuadB8 [3/3]
12434,anchor,raw-L12433,>>714
12435,body,raw-L12433,お前みたいなやつが一番ウザイんだが・・
12436,body,raw-L12433,たまに出現する勝手に決めつける馬鹿がウザイぞお前
12437,body,raw-L12433,お前素人だな？じつはここはＩＤというもので管理されている
12438,body,raw-L12433,わかったようなこと言ってると恥をかくみんなにわらわれてますよ笑
12439,blank,,
12440,blank,, 
12441,blank,,
12442,blank,,
12443,section_title,,サムライサイコ～スレ999
12444,blank,,
12445,blank,, 
12446,blank,,
12447,blank,,
12448,post_header,raw-L12448,129 名前：既にその名前は使われています[sage] 投稿日：2005/11/10(木) 11:03:57 ID:ZC9JBmiM [1/13]
12449,body,raw-L12448,侍ほど優遇されてるｼﾞｮﾌﾞは忍者くらいしかいないんだがな
12450,body,raw-L12448,別スレにうそつきのﾈｶﾞｷｬﾝ侍がいたので叩き伏せてきたが
12451,body,raw-L12448,ついに俺も侍の本性を見てしまったな・・侍って本当にうそつきなんだなｷﾓ過ぎた
12452,body,raw-L12448,この事から誰だか知らないけどﾘｱﾙﾓﾝｸの人は真実しか言ってないと言う事がわかったな・・
12453,body,raw-L12448,侍はへいきとうそをつくんだよな・・逆に彼は一人でも侍のﾈｶﾞｷｬﾝに挑んで勝ったんだよな
12454,body,raw-L12448,ぜいいんがうそを付いてるわけじゃないがﾈｶﾞ侍は平気でうそをつくので侍のイメージが悪くなっている
12455,body,raw-L12448,同じ侍として強いと言うことは認めるべきだとおもうむだな強化の願いは止めておこう他ｼﾞｮﾌﾞの怒りをかったら本当は強い侍は弱体されてしまう
12456,blank,,
12457,post_header,raw-L12457,134 名前：既にその名前は使われています[sage] 投稿日：2005/11/10(木) 12:01:09 ID:ZC9JBmiM [2/13]
12458,quoted_line,raw-L12457,>>130　スレ違いだぞ恥を知れ・・ここは侍の良さや強さを言うところと１も言っている
12459,body,raw-L12457,なのに何で無実のナイトの話が出るんだ？ナイト弱体は一般的にかんがえららないでしょう？
12460,body,raw-L12457,彼らは中間の為に身をもって盾をしているＰＴのﾑｰﾄﾞﾒｰｶｰだし
12461,body,raw-L12457,ほんとうは盾として最高の能力持ってるはずなのに忍の蝉という現実にはない技で盾の地位を奪われているからな・・
12462,body,raw-L12457,話の骨を折らないでつよさを認めろと・・俺のなかまの侍は自分の力を信じているから必然的に仲間の信頼もたかい
12463,body,raw-L12457,関係のないはなしはするな気が散るだろ・・
12464,blank,,
12465,post_header,raw-L12465,137 名前：既にその名前は使われています[sage] 投稿日：2005/11/10(木) 12:16:28 ID:ZC9JBmiM [3/13]
12466,body,raw-L12465,残念ながらその話はデタラメだぞ
12467,body,raw-L12465,俺の鯖では侍はふえている強いため減らないから強さにきずいたやつが入るから増えるのは当然なのだが
12468,body,raw-L12465,最強厨の狩から弱体されたから侍が増えたとか言ってる馬鹿はもう少し深い目が必要
12469,body,raw-L12465,前衛の矛と言えば狩人だったが実は最強厨はいぜんから侍に目をつけていたという証明を自分で言ってるのがわからないのか？
12470,body,raw-L12465,自分の意見が論破されてるうえにしらずしらずのうちに誘導されて負けを認めていることに・・
12471,blank,,
12472,post_header,raw-L12472,147 名前：既にその名前は使われています[sage] 投稿日：2005/11/10(木) 13:42:26 ID:ZC9JBmiM [4/13]
12473,body,raw-L12472,なに勝手に勝利宣言してるんだかな・・ﾊﾞｶか
12474,body,raw-L12472,ナイトの話するのは侍が論破されて言い返せないからだな
12475,body,raw-L12472,論破されて顔真っ赤にしても手はゆるめない
12476,body,raw-L12472,侍はＤ値最強系武器を持ち圧倒的なＷＳで敵を破壊し
12477,body,raw-L12472,さらに連携で光・闇の最強属性でダメージが倍以上に飛び上がるという鬼仕様！
12478,body,raw-L12472,しかもその速度はﾋﾟｶｲﾁで黙想によって自由にＴＰが瞬時にたまるのでさらに高出力ＷＳ発動可能
12479,body,raw-L12472,ソボロで３回攻撃Ｄ４０なのでＤ１２０の攻撃を毎回のように行うという鬼！
12480,body,raw-L12472,さらに残心と言う信じられない超特性で敵が避けたはずの攻撃も何故か当たってしまい敵は２倍の攻撃に気を付けなければいけない
12481,blank,,
12482,blank,,
12483,post_header,raw-L12483,150 名前：既にその名前は使われています[sage] 投稿日：2005/11/10(木) 13:58:16 ID:ZC9JBmiM [5/13]
12484,body,raw-L12483,サポシの場合侍の癖に敵の背後からしのびよりその圧倒的なＤ値を必中ｸﾘﾃｨｶﾙになりさらにその高出力ＷＳが信じられない攻撃となって敵を襲う
12485,body,raw-L12483,メインシーフの攻撃を完全に超越した完全ﾍｲﾄｺﾝﾄﾛｰﾗｰとなった
12486,body,raw-L12483,サポ戦の場合信じられない事にＤ値最強系武器+最強ＷＳ+ﾊﾞｰｻｸ+ﾀﾞﾌﾞﾙｱﾀｯｸにより盾からタゲを取ってしまう・・あまりの攻撃力に・・
12487,body,raw-L12483,狙っても取れないｼﾞｮﾌﾞがほとんどなのにな・・これに連携が乗ったら敵は絶望するしかない
12488,body,raw-L12483,さらにﾀﾞﾌﾞﾙｱﾀｯｸ時の残心能力で全ｼﾞｮﾌﾞ中最強の手数もだす（４回攻撃）！
12489,body,raw-L12483,しかもこれがソボロ装備してた場合３×２×２で最高１２回攻撃となる計算
12490,body,raw-L12483,ちょっとこれはいい加減やり過ぎたなと侍の俺もやってて思った・・
12491,body,raw-L12483,侍　　　は　　　つ　　　よ　　　す　　　ぎ　　　た
12492,blank,,
12493,post_header,raw-L12493,154 名前：既にその名前は使われています[sage] 投稿日：2005/11/10(木) 14:08:44 ID:ZC9JBmiM [6/13]
12494,body,raw-L12493,さて攻撃の話ばかりしてても侍は口を結んでしまうがさらに徹底的な証拠をあげてやろう・・
12495,body,raw-L12493,サポ忍の場合なんと侍は元の能力が恐ろしく高かったことがどこかのスレで見つけてしまった
12496,body,raw-L12493,防御面でなんと空蝉１+空蝉２+回避++受け流しＡ+心眼という馬鹿げた超回避能力であった！
12497,body,raw-L12493,さらに心眼はゆういつ敵の強力多段攻撃を一切のリスク負わずに完全回避出来ると言うもの
12498,body,raw-L12493,うわさではｺｳﾓﾘのｼﾞｪｯﾄが弱くなったのは他ｼﾞｮﾌﾞから批判があったから
12499,body,raw-L12493,「侍だけ完全回避出来るのはひきょう」「盾でも食らったら死ぬのに完全回避って・・」「なんでシーフの２ｈｱﾋﾞの絶対回避能力を持ってる・・」
12500,body,raw-L12493,他にも色々あったみたいだがな・・侍と他ｼﾞｮﾌﾞの格差が　あ　　ま　　り　　に　　も　　広　　が　　っ　　て　　し　　ま　　っ　　た　　た　　め　
12501,body,raw-L12493,にｼﾞｪｯﾄが弱体されたと言う証拠も出ている
12502,blank,,
12503,post_header,raw-L12503,157 名前：既にその名前は使われています[sage] 投稿日：2005/11/10(木) 14:15:22 ID:ZC9JBmiM [7/13]
12504,anchor,raw-L12503,>>151
12505,body,raw-L12503,まけおしみはみっともない
12506,body,raw-L12503,必死に侍は自らの強さを隠そうとしているがﾊﾞﾚﾊﾞﾚだぞ
12507,body,raw-L12503,侍のﾈｶﾞｷｬﾝは絶対に真実を知っている者からｸﾚｰﾑがつくからなすでに侍の能力が全ｼﾞｮﾌﾞでもﾄｯﾌﾟﾗﾝｶｰに高いのは皆知っている
12508,body,raw-L12503,反論できなくなるとｺﾋﾟﾍﾟと言う言葉で得意の回避をしようとするのもいつもの汚い手だなヨミヨミだった
12509,blank,,
12510,blank,,
12511,post_header,raw-L12511,159 名前：既にその名前は使われています[sage] 投稿日：2005/11/10(木) 14:20:05 ID:ZC9JBmiM [8/13]
12512,body,raw-L12511,他人の名前を出してｽﾚ削除狙いか・・
12513,body,raw-L12511,そんなに真実が人の目に止まるのが怖いかのか？
12514,body,raw-L12511,人の名前出した時点でお前らは負けだってわからないのか？
12515,body,raw-L12511,お前らの名前いって見ろよ・・言えないﾁｷﾝが勝手に出すなよﾎﾞｺられたいのか・・・？
12516,body,raw-L12511,あと>>155ﾊﾞｶみたいにageるなよお前の意見は誰からも支持されていない恥を知れよ・・
12517,blank,,
12518,post_header,raw-L12518,160 名前：既にその名前は使われています[sage] 投稿日：2005/11/10(木) 14:23:07 ID:ZC9JBmiM [9/13]
12519,body,raw-L12518,学校がどこでも平日だと思うなよ
12520,blank,,
12521,blank,,
12522,post_header,raw-L12522,179 名前：既にその名前は使われています[sage] 投稿日：2005/11/10(木) 17:51:29 ID:ZC9JBmiM [10/13]
12523,body,raw-L12522,結局159の人に俺達言い負けちゃったな･･
12524,body,raw-L12522,もう俺もﾈｶﾞるの止めるぜ？
12525,body,raw-L12522,いい加減思ってもいないこと口にするのは飽きたからな
12526,body,raw-L12522,心が晴れ晴れしている
12527,blank,,
12528,post_header,raw-L12528,183 名前：既にその名前は使われています[sage] 投稿日：2005/11/10(木) 17:58:00 ID:ZC9JBmiM [11/13]
12529,body,raw-L12528,俺が侍代表として降参する
12530,body,raw-L12528,侍は実は強いというのも全面的に認めるしかないな
12531,body,raw-L12528,なにせ相手が悪過ぎたよ・・逃げ場を全て封じられてる・・
12532,blank,,
12533,post_header,raw-L12533,185 名前：既にその名前は使われています[sage] 投稿日：2005/11/10(木) 18:00:56 ID:ZC9JBmiM [12/13]
12534,body,raw-L12533,参りました・・だからそれ以上真実をいわないでください
12535,body,raw-L12533,それ以上真実を言ったら多分侍弱体される・・
12536,body,raw-L12533,まじで頼む侍は実は強いﾄｯﾌﾟﾗﾝｸに強いのは認めるから弱体はしないでください
12537,body,raw-L12533,お願いします７５でＬＳの皆から頼りにされるの侍のおかげなんです！
12538,blank,,
12539,post_header,raw-L12539,187 名前：既にその名前は使われています[sage] 投稿日：2005/11/10(木) 18:03:25 ID:ZC9JBmiM [13/13]
12540,body,raw-L12539,しかたないなわかった俺も偶然侍７５なのだからわざわざ弱体は望まない
12541,body,raw-L12539,だから今回は見逃すが次見たら俺の知り合いのゲームマスターに議会で提案してもらう
12542,blank,,
12543,body,raw-L12539,　　　侍　　　の　　　　大　　　　弱　　　体　　　　　を　　　　な
12544,blank,,
12545,blank,, 
12546,blank,,
12547,blank,, 
12548,blank,,
12549,blank,,
12550,section_title,,ソロ黒で時給6000だというのにお前らは
12551,blank,,
12552,blank,, 
12553,blank,,
12554,blank,, 
12555,blank,,
12556,post_header,raw-L12556,99 名前：既にその名前は使われています[] 投稿日：2005/11/02(水) 17:12:12 ID:dihLpdWC [1/7]
12557,body,raw-L12556,侍うざいもうお前らが強いのはみんな知ってるんだってわからないのか？
12558,body,raw-L12556,お前らﾈｶﾞｷｬﾝすんなよマジむかつくしいい加減にしとけよマジで・・
12559,body,raw-L12556,時給３００とか氏ねよって感じだしお前らの頭の中はどうせ他のｼﾞｮﾌﾞはサポ忍でお前らだけサポ戦の真っ向勝負なんだろうがな
12560,body,raw-L12556,さらに他ｼﾞｮﾌﾞは超廃装備で侍はそこらへんで拾ったもらい物装備しているんだろうな
12561,body,raw-L12556,それを侍が弱いとか言ってるとか信じられん侍スレで侍の本当の力を伝授していてくれた人がいて助かった
12562,body,raw-L12556,知らなかったらみんな騙されていただろうな知っておいて本当によかったウソをへいきでつくのが侍だからな・・
12563,body,raw-L12556,回避Ｂ++受け流しＡ+空蝉１+空蝉２+心眼とか防御力あり過ぎだろ・・その上ＴＰ最強にたまるしな
12564,body,raw-L12556,両手刀でサポ戦なら残心のって４回攻撃とかでるしなさらに連続攻撃のソボロとかﾀﾞﾌﾞﾙとか残心のるから両手刀で常時攻撃できる
12565,body,raw-L12556,侍ってサポジョブを丸食い出来る超特化なのにどこまで力をだましとるつもりだいい加減に弱体が必要
12566,blank,,
12567,post_header,raw-L12567,100 名前：既にその名前は使われています[] 投稿日：2005/11/02(水) 17:18:25 ID:dihLpdWC [2/7]
12568,body,raw-L12567,サポ忍にしたらおそろしいことに忍者を超えるような長防御力であった！！
12569,body,raw-L12567,回避Ｂ++受け流しＡ+空蝉１+空蝉２+心眼という鬼能力
12570,body,raw-L12567,カウンターの装備を一個でもしてたらさらにこれにカウンターもつくと言う鬼だった
12571,body,raw-L12567,さらに攻撃はＤ値最強系の両手武器でＷＳの威力は圧倒的すぎる！
12572,body,raw-L12567,ちょくちょくしたダメージではないので敵はＴＰはたまらずにヘイトはたまりまくる
12573,blank,,
12574,blank,,
12575,post_header,raw-L12575,107 名前：既にその名前は使われています[] 投稿日：2005/11/02(水) 17:27:54 ID:dihLpdWC [3/7]
12576,body,raw-L12575,サポシにしたらシーフの不意ダマを丸食いしてる状況！
12577,body,raw-L12575,しかも攻撃力は完全に超えてしまった上に騙し役としてのＴＰ速度は最強なので強すぎる・・
12578,body,raw-L12575,最弱の短剣の為に用意されたのものなのになぜか最強系武器の両手刀で圧倒的なだまーじとヘイトを一瞬にて発揮する
12579,body,raw-L12575,さらに本職とは違って明鏡止水という最強２ｈｱﾋﾞがあるので盾に絶対的なダメージと一緒のヘイトを強制的にのせることできる
12580,body,raw-L12575,これで引き離せたのを見たことがない・・
12581,blank,,
12582,post_header,raw-L12582,112 名前：既にその名前は使われています[] 投稿日：2005/11/02(水) 17:35:39 ID:dihLpdWC [4/7]
12583,body,raw-L12582,サポ戦の場合はなんと言ってもﾊﾞｰｻｸ+ウォー+ﾀﾞﾌﾞﾙ+残心の最強攻撃
12584,body,raw-L12582,タゲがこっちに来るのが心配だったがやはり噂どうりだったな防御力・・
12585,body,raw-L12582,敵の攻撃を「なんだこれは？」と避けまくるしたまに危ない攻撃も「ほう・・」て刀で受け流す
12586,body,raw-L12582,やりすぎだろって思うくらいの攻撃力を持ってるよさﾎﾟ戦侍は
12587,body,raw-L12582,さらに緊急時には明鏡止水で瞬殺できるしな明鏡止水にダブルとか乗ったらやばいな
12588,body,raw-L12582,弱点と言えば魔法が使えないくらいだろ・・
12589,blank,,
12590,post_header,raw-L12590,119 名前：既にその名前は使われています[] 投稿日：2005/11/02(水) 17:43:14 ID:dihLpdWC [5/7]
12591,body,raw-L12590,勘違いしてるぞ？俺はただ侍スレに書かれていた事に共鳴しただけ
12592,body,raw-L12590,はっきりいってこの人はさむらいを知り尽くてると思ったね
12593,body,raw-L12590,俺は今まで気づかなかった侍の能力に気付かせてもらったからな侍スレのこの意見いった人は相当の使い手なはず
12594,body,raw-L12590,侍の強化は不要だとみんなもわかってるんだが最強厨の侍はこういうところで地道に竜や詩と不遇不遇いってる
12595,body,raw-L12590,なにドサクサに強化言ってるのかマジ意味不明
12596,blank,,
12597,post_header,raw-L12597,125 名前：既にその名前は使われています[] 投稿日：2005/11/02(水) 17:49:36 ID:dihLpdWC [6/7]
12598,body,raw-L12597,俺は侍の弱体を望んでるわけじゃないんだが侍はひがい妄想がひどすぎる
12599,body,raw-L12597,侍が強化を望むから俺はそれはいい加減にやめるべきだろうと弱体を願って＋－０になってこのままになるという計算
12600,body,raw-L12597,それなのにﾈｶﾞ侍は人を悪人の様に仕上るので一般の常識も一般人はなかなか言えない
12601,body,raw-L12597,だから俺が言ってるだけだがいい加減侍のﾈｶﾞｷｬﾝにはみんなも呆れ果ててる
12602,body,raw-L12597,いい加減にしないと全ジョブ敵に回すだろ？舐めすぎたな完全勝利
12603,blank,,
12604,post_header,raw-L12604,132 名前：既にその名前は使われています[] 投稿日：2005/11/02(水) 17:58:01 ID:dihLpdWC [7/7]
12605,body,raw-L12604,俺が黒魔だとか言ってタゲ外しの侍さんばれてるんだが・・
12606,body,raw-L12604,ほらみたことかいきなり侍の卑劣な行動が始ってしまった証拠のログは確保したからな言い逃れは出来ない
12607,blank,,
12608,post_header,raw-L12608,122 名前：既にその名前は使われています ：2005/11/02(水) 17:45:32 ID:jz4MWz4P
12609,body,raw-L12608,ブロントさんを装った黒魔の巧妙なタゲそらしﾜﾛｽ
12610,body,raw-L12608,クオリティ高いな。
12611,blank,,
12612,body,raw-L12608,そもそも侍は十分完成してしまってる上級ジョブだからな
12613,body,raw-L12608,強化が不要なのはすでにみんなが納得ずみなのに侍っていつまでもねちねちﾈｶﾞｷｬﾝ活動するからな油断してなくて助かった・・
12614,body,raw-L12608,仕事前に侍の罠を見やぶれてよかった最後にさらにﾈｶﾞをイッシュウしてしまったな絶滅してくれるとうれしい
12615,blank,,
12616,blank,, 
12617,blank,,
12618,blank,, 
12619,blank,,
12620,blank,,
12621,section_title,,侍強すぎ
12622,blank,,
12623,blank,, 
12624,blank,,
12625,blank,, 
12626,blank,,
12627,blank,,
12628,post_header,raw-L12628,97 名前：既にその名前は使われています[sage] 投稿日：2005/12/30(金) 10:24:51.67 ID:IMZsVnMH [1/15]
12629,body,raw-L12628,侍が強過ぎなのは明らかな現実
12630,body,raw-L12628,侍を弱い弱いいっている侍は他ジョブをするともうだめだろうな
12631,body,raw-L12628,侍は強いので誘われるが侍を弱いといっているやつは他ジョブしたらさらに弱くてＰＴを組めない
12632,body,raw-L12628,俺とかフレとかＰＴ組めなくてひやひやした時にはこぞって侍にジョブチェンジするな
12633,body,raw-L12628,するとジョブ変えた瞬間にテルがくるから待ち時間０
12634,body,raw-L12628,ＰＴに入った後も常時俺は気分次第でいつでも抜けられると言う心構えを持っていると緊張がほつれ
12635,body,raw-L12628,動きにキレが出てくるそうするとやはり攻撃力が段違いに上がるのでうらやましがられる
12636,body,raw-L12628,さいのうのない奴には出来ないジョブかなやっぱり侍はだからやはり強いんだが
12637,blank,,
12638,post_header,raw-L12638,98 名前：既にその名前は使われています[sage] 投稿日：2005/12/30(金) 10:50:34.00 ID:IMZsVnMH [2/15]
12639,anchor,raw-L12638,>>95
12640,body,raw-L12638,おれは初めてこの場所に来たのだが決定的なバカ侍だな着替えろよ・・
12641,body,raw-L12638,侍によくいるのがこういうばかなんだよなぶっとばしたくなる同じ侍として
12642,body,raw-L12638,攻撃+装備と飛命装備命中装備ＳＴＲ装備破壊力装備ＳＴＰ装備揃えろ
12643,body,raw-L12638,こういうバカはＳＴＲ装備だけしか持っておらず使いこなしていない雑魚侍がネガキャンしているの見ると拳が震えてきた
12644,body,raw-L12638,はっきりいって侍７５の俺から言わせてもらうと侍は　　強　　す　　ぎ　　た　　
12645,body,raw-L12638,これだけ強いと弱体は免れないであろう？とおもっていたのだが得意の回避能力で完全回避！
12646,body,raw-L12638,さらにはカウンターまで取得するという超強化を繰り返す始末これは弱体してしまうな間違いなく俺は文句は無いが・・強すぎだからな侍
12647,blank,,
12648,post_header,raw-L12648,103 名前：既にその名前は使われています[sage] 投稿日：2005/12/30(金) 11:27:20.20 ID:IMZsVnMH [3/15]
12649,body,raw-L12648,バカも休み休みいえ
12650,body,raw-L12648,ＷＳ倍率は最強だし黙想も３分アビと言う超神アビ
12651,body,raw-L12648,連携は自由自在に対応できる
12652,body,raw-L12648,その気になれば絆の結晶である闇･光連携を１人できめる事が出来る絆を無視した唯一の超ジョブであった
12653,body,raw-L12648,明鏡止水とか完全３００だし１００固定消費！１００ＷＳ→３００ＷＳ→２００ＷＳ→１００ＷＳ→黙想ＷＳ→ｲｶﾛｽＷＳとか激鬼・・
12654,body,raw-L12648,むちろん攻撃能力が非情に高いがだからと言って防御能力が低いかと言うとこれが最強ﾗﾝｸに高い！
12655,body,raw-L12648,回避Ｂ++受け流しＡ+空蝉１+空蝉２+心眼+カウンターで最強防御能力も所持・・ヤバ過ぎるだろ侍やっててこんなにバランス崩してこわくなってきていた
12656,blank,,
12657,post_header,raw-L12657,105 名前：既にその名前は使われています[sage] 投稿日：2005/12/30(金) 11:36:14.21 ID:IMZsVnMH [4/15]
12658,quoted_line,raw-L12657,>>100と>>101は間違い無くネガ侍だな
12659,body,raw-L12657,まじでいい加減にしろよ？侍は間違い無く強い
12660,body,raw-L12657,それは証明済みですでに浸透してきているのにまだネガ侍がいるとはな
12661,body,raw-L12657,俺が偶然ここに来たから良かったがスレをのぞいておらずこのままネガが進行していたらと思うとぞっとした
12662,quoted_line,raw-L12657,>>101の他ジョブを装っての周りを無視しての「侍は弱いから強化が必要」発言が痛々しい
12663,body,raw-L12657,そのあとのそれでも強化が足りないと言わんばかりの「それでもしないがな」発言でさらにその痛々しさが倍増したうざさ満点だな消えろ
12664,blank,,
12665,post_header,raw-L12665,109 名前：既にその名前は使われています[sage] 投稿日：2005/12/30(金) 11:43:48.87 ID:IMZsVnMH [5/15]
12666,body,raw-L12665,出来る事もやらないで弱い弱い言う資格はない
12667,body,raw-L12665,実際侍の廃装備は他ジョブに比べて楽で楽で仕方がない
12668,body,raw-L12665,廃装備してるのはお前らだけだと思ってないか？
12669,body,raw-L12665,残念ながら他ジョブはそれ以上に廃装備しているのをみて
12670,body,raw-L12665,ユニクロ装備の自分基準で「他ジョブの方がダメでてる！」とかアホの結晶だな
12671,body,raw-L12665,そんなに金かけずに誘われたいし強くなりたいのなら黒でもしろ
12672,body,raw-L12665,今度はＭＰ消費量がでか過ぎる！といってネガネガいいそうだがな
12673,blank,,
12674,post_header,raw-L12674,110 名前：既にその名前は使われています[sage] 投稿日：2005/12/30(金) 11:49:40.97 ID:IMZsVnMH [6/15]
12675,quoted_line,raw-L12674,>>108必死だな
12676,body,raw-L12674,これは逆にお前が実は他ジョブを装ったネガ侍だと宣誓布告している事に気付くべき
12677,body,raw-L12674,その武器のＤ値をもはね返しお釣りがドカンとくるほどの攻撃性能を侍は持っているから
12678,body,raw-L12674,現時点でも強すぎる侍に強化の必要はない
12679,body,raw-L12674,そのそも侍でないお前が７５ＭＡＸ侍である俺にたてつく事がおかしい・・ｽﾞﾀｽﾞﾀにされたいのか？
12680,blank,,
12681,post_header,raw-L12681,116 名前：既にその名前は使われています[sage] 投稿日：2005/12/30(金) 12:10:08.01 ID:IMZsVnMH [7/15]
12682,anchor,raw-L12681,>>112
12683,body,raw-L12681,ネガ侍の必死な装いだがバレてるんでそろそろ止めてもらえないか？侍強いのは事実だしな
12684,body,raw-L12681,別に誘ってくれと言う意味で書いてるわけじゃないしな
12685,body,raw-L12681,書かなくても結構余裕で誘われるしな侍は前衛では忍者の次くらいに上がりが早い
12686,body,raw-L12681,おれが書いてるのはこれ以上の強化は必要ないと言う事誘ってくれなどと一言もいっていない必然的に誘われてしまうが
12687,body,raw-L12681,お前の書きこみ見てると他ジョブ（ホントはネガ侍だが）なのに何故そんな必死なのかバレてる証拠に笑顔が出てしまう
12688,body,raw-L12681,あといいかげんにageるなお前は恥をしらないのか
12689,blank,,
12690,post_header,raw-L12690,118 名前：既にその名前は使われています[sage] 投稿日：2005/12/30(金) 12:14:15.94 ID:IMZsVnMH [8/15]
12691,body,raw-L12690,ついに言い返せなくなって＞＞＞＞だけのレスしかしてこなくなった
12692,body,raw-L12690,こんなレスでいいのならバカでも出来るんだぞ？
12693,body,raw-L12690,真面目に返してこいネガ侍！全て返り血を浴びる事になりそうだがこわくないならageずにかかってこい！
12694,blank,,
12695,post_header,raw-L12695,122 名前：既にその名前は使われています[] 投稿日：2005/12/30(金) 12:23:48.02 ID:IMZsVnMH [9/15]
12696,anchor,raw-L12695,>>120
12697,body,raw-L12695,あーああれほど言っておいたのに
12698,body,raw-L12695,ageたので俺の勝ちは確定したまうそつきは所詮雑魚だったな
12699,body,raw-L12695,ま侍の強さはウソで隠せるほど些細な物じゃないくらい強力だからすぐに論破出来るから楽ではあるのが救いかな・・
12700,blank,,
12701,body,raw-L12695,１２／３０　　完全勝利
12702,blank,,
12703,post_header,raw-L12703,158 名前：既にその名前は使われています[sage] 投稿日：2005/12/30(金) 15:09:54.58 ID:IMZsVnMH [10/15]
12704,body,raw-L12703,間違いなく侍は強いというヴァナ総意の常識からどうしても更なる強化を求める糞侍が多過ぎる
12705,body,raw-L12703,同じ道を行く７５ＭＡＸ侍から見たら他の他ジョブに申し訳がなさすぎた・・
12706,body,raw-L12703,俺は弱体はあまり好きではないが残念な事に侍の弱体は仕方がない
12707,body,raw-L12703,このまま最強過ぎたら大弱体くらいそうだからな
12708,body,raw-L12703,とりあえず黙想のＴＰをＡＦ２で１００にして通常の黙想はメイン侍で６０サポで５０くらいが妥当だな
12709,body,raw-L12703,あと回避能力も回避Ｄ受け流しＣ-くらいがいいな攻撃力が高いのだから当り前と言えば当り前で
12710,body,raw-L12703,本来の能力がいき過ぎていたので弱体ではないと言われればそれまでだが・・な
12711,blank,,
12712,post_header,raw-L12712,176 名前：既にその名前は使われています[] 投稿日：2005/12/30(金) 16:11:20.38 ID:IMZsVnMH [11/15]
12713,body,raw-L12712,違う■がガンなのではなく最強に強いのに弱い弱いネガネガする侍のようなやつらが
12714,body,raw-L12712,いつまでもクレクレするから強さが１ジョブに偏ってしまうからバランスが取れないだけ
12715,body,raw-L12712,俺は心を鬼にして自ジョブ侍の弱体を求めているのだからネガ侍も諦めて弱体メールだしてこいよ
12716,body,raw-L12712,すぐに矛先を■に話を流してるみたいだがいい加減にしておけ
12717,blank,,
12718,blank,,
12719,post_header,raw-L12719,178 名前：既にその名前は使われています[sage] 投稿日：2005/12/30(金) 16:19:58.16 ID:IMZsVnMH [12/15]
12720,body,raw-L12719,国語の勉強してこいよ文章が読めない責任まで俺は取れないのから
12721,blank,,
12722,post_header,raw-L12722,185 名前：既にその名前は使われています[sage] 投稿日：2005/12/30(金) 17:28:00.56 ID:IMZsVnMH [13/15]
12723,body,raw-L12722,なんかカスがごちゃごちゃうるさいけど話をこしを折らないで聞いてくれるかって言うか聞けよ？
12724,body,raw-L12722,侍の突出能力
12725,body,raw-L12722,ＴＰ特化これは戦闘しないでも余ってる時間でＴＰ３００で開戦という相手にとっては凄まじい恐怖となる
12726,body,raw-L12722,ＳＴＰ特性これは未だ上限知らずでなんと６振りでＴＰ１００たまると言う鬼仕様単純なところで
12727,body,raw-L12722,シーフだとＴＰ１００たまるまでに２０回攻撃を与えなければならない今後ものぶるともしかしたら３振りくらいで溜まるかもしれない・・
12728,body,raw-L12722,最強のＷＳ倍率ＷＳ倍率が全ジョブ最強！しかもＴＰ補正がもっとも大きい侍はＴＰ特化で鬼となった
12729,body,raw-L12722,回避Ｂ++受け流しＡ+心眼+ＡＦ２カウンターという超回避能力
12730,body,raw-L12722,明鏡止水はＴＰ３００に瞬時になりさらに消費ＴＰ１００固定で闇・光自由自在の超連携！
12731,body,raw-L12722,またＰＴによる協力での絆でしか生み出せない筈の闇・光連携を１人で出せる完全唯一の規格外超能力！
12732,body,raw-L12722,あまりにもつよい・・やってる本人もいつ弱体が始ってもおかしくないと思っている・・早く弱体して楽にして欲しい・・
12733,blank,,
12734,post_header,raw-L12734,186 名前：既にその名前は使われています[sage] 投稿日：2005/12/30(金) 17:33:00.59 ID:IMZsVnMH [14/15]
12735,body,raw-L12734,やばいな侍
12736,body,raw-L12734,ぱっと思い浮かぶだけでも一気にこれだけの突出能力があることが判明した
12737,body,raw-L12734,俺のフレが弱体される前に上げなければと今必死にやってるが
12738,body,raw-L12734,三日前ＡＦレベルだったのにいまでは７０くらいまで来ている
12739,body,raw-L12734,俺の周りは侍７５ＭＡＸばかりだが早く仲間に入れて欲しいみたいにな
12740,body,raw-L12734,仲間同士で圧倒的破壊力の自慢大会を行うため本当に気合が入っている
12741,blank,,
12742,post_header,raw-L12742,196 名前：既にその名前は使われています[sage] 投稿日：2005/12/30(金) 18:05:45.66 ID:IMZsVnMH [15/15]
12743,anchor,raw-L12742,>>189
12744,body,raw-L12742,あっても役に立たないなら能力なら捨てろ
12745,body,raw-L12742,それと回避はＢでなくＢ+だからな誤魔化すなネガ侍
12746,body,raw-L12742,ストアＴＰ６振りにするには～とかアホか・・ＴＰ溜めとＷＳ装備遠隔装備で着替えてからしゃべれ
12747,body,raw-L12742,超えられない超えられないうぜえよ超えてますから！総合面で前衛で忍者に次ぐ能力の高さ
12748,body,raw-L12742,忍者は回避能力と二刀があるからな上質な侍でないと歯が立たないとは思うがな勝てる
12749,body,raw-L12742,トップ連合の中での侍の地位は相当高い
12750,body,raw-L12742,まぁ強いから仕方ないがないいなりになってるジョブがかわいそうだと思う優しさが残ってる俺みたいなのは少なくなってきてるんだろうな
12751,blank,,
12752,post_header,raw-L12752,268 名前：既にその名前は使われています[] 投稿日：2006/01/02(月) 18:38:27.77 ID:yk3Qar0W [1/5]
12753,anchor,raw-L12752,>>266
12754,body,raw-L12752,他ジョブのサポ忍に負けるってなんだ？
12755,body,raw-L12752,忍者以外には負けないんだが？シーフシロッコ＋ヘイストでも侍の方が
12756,body,raw-L12752,早いんだが？
12757,body,raw-L12752,更にTP速度だけならサポ戦しにすることで加速度的に早くなる。
12758,body,raw-L12752,がサポシが強すぎるからサポはシーフなだけ。
12759,body,raw-L12752,上でユニクロ両手剣と破軍比べて粋がっている雑魚がいるけど頭に乗るなよ
12760,body,raw-L12752,侍のWSと連打性が破軍と相性がいいから使ってるだけD値だけならまだ強い
12761,body,raw-L12752,装備が多数あるんだが？それに胴以外で攻命上げれないとか言ってるのも雑魚
12762,body,raw-L12752,手だけで見ても命中１０とか攻撃２０とか優れてるんだが？
12763,body,raw-L12752,HNMにしてみても現状侍以外の前衛アタッカは不必要なのが真実なのにその上で雑魚やれば
12764,body,raw-L12752,同じとかいってるカスはウザイなそのTP１００貯めてる間に侍なら２ど３度撃てる
12765,body,raw-L12752,やはりお前等ネガ侍なんだろう？ここに上げただけでも侍に弱いところがみあたらない。
12766,blank,,
12767,post_header,raw-L12767,270 名前：既にその名前は使われています[] 投稿日：2006/01/02(月) 18:56:49.01 ID:yk3Qar0W [2/5]
12768,body,raw-L12767,それに侍はソロ弱いとか言ってるけど言われているほどソロは強い
12769,body,raw-L12767,回避受け流し高い上心眼と言う超スキル
12770,body,raw-L12767,さらに回避ヘイストブーストも容易だからソロも上級
12771,body,raw-L12767,侍ソロ弱いとか言ってる奴は装備も変えないネガ雑魚でFA
12772,blank,,
12773,blank,,
12774,post_header,raw-L12774,273 名前：既にその名前は使われています[] 投稿日：2006/01/02(月) 19:07:16.41 ID:yk3Qar0W [3/5]
12775,anchor,raw-L12774,>>272
12776,body,raw-L12774,ナイトは盾だから侍のアタッカー使用とはくらべれないだろう
12777,body,raw-L12774,残念ながらナイトは雑魚相手には忍者に一歩劣る可能性はある
12778,body,raw-L12774,だがナイトは騎士だから昔から強敵相手に最強クラス。
12779,body,raw-L12774,忍者は雑魚しかやれないからやはりナイトのほうが忍者よりが優れている
12780,body,raw-L12774,のではないかなとオレは思う。
12781,blank,,
12782,post_header,raw-L12782,277 名前：既にその名前は使われています[] 投稿日：2006/01/02(月) 19:13:01.60 ID:yk3Qar0W [4/5]
12783,body,raw-L12782,本人とか言ってるがまったくの意味不明
12784,body,raw-L12782,オレはここの板は初デビューなんだから本人とかはない。
12785,body,raw-L12782,もし他板でオレとあっていた可能性はあるけどな
12786,body,raw-L12782,オレがいいたいのおはネガは止めておけというだけ
12787,body,raw-L12782,ヴァナでもあまりいいことではないぞ。
12788,blank,,
12789,post_header,raw-L12789,279 名前：既にその名前は使われています[] 投稿日：2006/01/02(月) 19:14:49.18 ID:yk3Qar0W [5/5]
12790,body,raw-L12789,オレはリアル正月だから忙しいからもう去るが大人しくしている方が身のため
12791,blank,,
12792,blank,, 
12793,blank,,
12794,blank,,
12795,section_title,,侍を真剣に語るスレ
12796,blank,,
12797,blank,, 
12798,blank,,
12799,blank,,
12800,post_header,raw-L12800,545 名前：既にその名前は使われています[sage] 投稿日：2006/04/02(日) 11:41:47.79 ID:bJm4hgev [1/4]
12801,body,raw-L12800,侍は強いので強化の必要はない
12802,blank,,
12803,post_header,raw-L12803,548 名前：既にその名前は使われています[sage] 投稿日：2006/04/02(日) 14:55:42.86 ID:bJm4hgev [2/4]
12804,body,raw-L12803,侍の強化はありえないだろ
12805,body,raw-L12803,現時点でも最強クラスの能力だし強くするならまず弱体しろよ
12806,body,raw-L12803,侍極めてるちゃんとした侍から見たらまじでネガ侍はリアル叩き潰したくなるぞ・・・
12807,body,raw-L12803,いい加減にしろ
12808,blank,,
12809,post_header,raw-L12809,550 名前：既にその名前は使われています[sage] 投稿日：2006/04/02(日) 15:11:04.58 ID:bJm4hgev [3/4]
12810,body,raw-L12809,早くも一人ネガ侍を言い負かしてしまったが
12811,body,raw-L12809,俺も侍してるんだから本当はごちゃごちゃ言いたく無いんだ理解してくれ
12812,body,raw-L12809,だがネガ侍のせいで現在でも強すぎる侍がナジョブからうままれるような事にはしたくない
12813,body,raw-L12809,侍に強化が要らないのはガチだしこれ以上人数もふえてほしくないしな
12814,blank,,
12815,post_header,raw-L12815,552 名前：既にその名前は使われています[sage] 投稿日：2006/04/02(日) 15:33:20.77 ID:bJm4hgev [4/4]
12816,body,raw-L12815,勝手にageるなよ
12817,body,raw-L12815,侍を俺が最強だとはいってないだろうが
12818,body,raw-L12815,今の強すぎる侍をネガネガ言って目立たせるなと言っている弱体されるぞ
12819,body,raw-L12815,侍７５の俺から見ても今の侍が更なる強化貰うには明鏡の弱体削除は避けられない
12820,body,raw-L12815,ネガ侍は最強厨だから人を敵に回す俺は敵を仲間にするから俺の方が信用できる
12821,blank,,
12822,blank,, 
12823,blank,,
12824,blank,, 
12825,blank,,
12826,section_title,,侍を真剣に語るスレ２
12827,blank,,
12828,blank,, 
12829,blank,,
12830,blank,, 
12831,blank,,
12832,blank,,
12833,post_header,raw-L12833,737 名前：既にその名前は使われています[] 投稿日：2006/05/09(火) 14:16:01.48 ID:y2KoV1Vv [1/3]
12834,body,raw-L12833,俺は侍７５だが今の侍はいい加減にしてほしいですね
12835,body,raw-L12833,まず攻撃面で最強Ｄ値の両手武器で他を圧倒
12836,body,raw-L12833,ばか侍は攻撃が当たらない当たらないというがはっきり言って恥知らずのてぬきでしょうね
12837,body,raw-L12833,攻撃当たらないとかじゃあ他のジョブはぜいん特命があるのか・・馬鹿がという
12838,body,raw-L12833,侍は０の努力で他ジョブの１００の努力と同等の力を得様とﾈｶﾞﾈｶﾞするしいい加減にしなさい
12839,body,raw-L12833,しかも侍には残心というおそるべき特命能力+連続攻撃能力が既についているしな
12840,body,raw-L12833,そして黙想という神アビでめりぽやレベル上げで敵釣り待ってるだけでＴＰが１００～３００とかなる
12841,body,raw-L12833,これはＢＣやミッションＢＣで安定してすさまじい破壊力を発揮でき敵は何の準備も出来ていないのにいきなりＴＰ３００連携を食らう事になる
12842,blank,,
12843,post_header,raw-L12843,738 名前：既にその名前は使われています[sage] 投稿日：2006/05/09(火) 14:26:06.44 ID:y2KoV1Vv [2/3]
12844,body,raw-L12843,さらにまだこれで生き残った敵はさらに絶望的な明鏡止水という奥の手がある
12845,body,raw-L12843,これはＴＰ３００を瞬時に溜めてＴＰ１００ＷＳづつ３回以上撃てるという超アビ
12846,body,raw-L12843,しかも破軍も使用可能で明鏡止水だけでＴＰ６００相当のＷＳを打ち込める
12847,body,raw-L12843,さらに黙想で８００イカロスで１０００ＴＰ以上分の超絶瞬間ダメージ能力所持
12848,body,raw-L12843,さらに攻撃面だけではなく侍は防御力にも優れ
12849,body,raw-L12843,さまざまな武具を装備できるさらにうえにそのスペックのすさまじさといったら恐らく忍者とならんで防御面も最強
12850,body,raw-L12843,空蝉１＋空蝉２＋回避Ｂ＋＋受け流しＡ＋心眼さらにカウンターも既に付いている・・
12851,body,raw-L12843,幾らなんでもこれだけのスペックはやりすぎだろうと侍の俺ですら思うよ
12852,body,raw-L12843,まぁこのスレのﾈｶﾞ侍は同じ侍として恥かしいな
12853,blank,,
12854,post_header,raw-L12854,745 名前：既にその名前は使われています[sage] 投稿日：2006/05/09(火) 17:07:05.97 ID:y2KoV1Vv [3/3]
12855,body,raw-L12854,某さんというのが誰か知らないけど俺と同じ事言ってるひとがいたのか
12856,body,raw-L12854,このスレだけだがﾈｶﾞｷｬﾝ侍の数にﾋﾞﾋﾞらずに最悪なﾈｶﾞｷｬﾝなことにはちゃんとノーと言える人を俺は尊敬するな
12857,body,raw-L12854,恐らくかなりの力を持ってると思うぞそうでなくては多勢に無勢で立ち向かえるわけが無いからな
12858,body,raw-L12854,そんなことしたら雑魚い奴はすぐに力を吸収されて敵になるからな
12859,body,raw-L12854,その人とか俺はﾈｶﾞ侍がたくさんＰＯＰしても貴人のような強さで撃退するだろうな
12860,body,raw-L12854,その侍７５の人と侍について語り合いたかったなおそらく同じ理想の着目点のはず
12861,body,raw-L12854,ここでﾈｶﾞﾈｶﾞしてる馬鹿侍とはレベルが違う話が出来るだろうな
12862,blank,,
12863,blank,, 
12864,blank,,
12865,blank,, 
12866,blank,,
12867,section_title,,とうとう侍までもがﾈｶﾞｷｬﾝ工作に参戦してきたか
12868,blank,,
12869,blank,, 
12870,blank,,
12871,blank,,
12872,post_header,raw-L12872,236 名前：既にその名前は使われています[] 投稿日：2006/08/04(金) 14:08:53.34 ID:DasHkH7x [1/12]
12873,body,raw-L12872,侍のネガは侍７５のおれからみていい加減にむかついた・・
12874,body,raw-L12872,圧倒的Ｄ値を誇る両手武器により通常攻撃で通らない敵は皆無
12875,body,raw-L12872,さらにその高いＤ値からくりだされるＷＳはステータス補正が異常に高く最強ＷＳ
12876,body,raw-L12872,短時間で使用可能な黙想により最速のＴＰ速度でＷＳ回転も最強
12877,body,raw-L12872,さらにノーリスクでＴＰ３００とか普通に余裕で他のジョブとは頭からすでに二歩も三歩も出てる状態
12878,body,raw-L12872,異常なＴＰ能力だがさらにＳＴＰという鬼能力があったのをさらに思い出し俺は同じ侍だが背筋がひえた・・
12879,body,raw-L12872,ＷＳが通常攻撃の１０倍の世界でその中で最速最強のＷＳをもち異常な攻撃性能の侍を俺はやってて本当に良かった
12880,body,raw-L12872,これまでも何度も仲間に頼りにされて行きたいイベントには間違いなく誘われていたしな
12881,blank,,
12882,post_header,raw-L12882,238 名前：既にその名前は使われています[] 投稿日：2006/08/04(金) 14:16:00.49 ID:DasHkH7x [2/12]
12883,body,raw-L12882,さらに最強のＷＳである侍は明鏡止水という全ジョブの中でも最優遇最強ニ時間アビもあるしな・・
12884,body,raw-L12882,俺は侍７５だがこれで何度も仲間に感謝されたしＬＳの危機を助けてやった
12885,body,raw-L12882,しかも破軍が出てからはＴＰ３００が２００と２００と２００でＴＰ６００の効果
12886,body,raw-L12882,単純にその破壊力は計り知れない破壊力
12887,body,raw-L12882,さらにその鬼の破壊活動はなんと他ジョブでは考えられない光闇まで自由自在であった
12888,body,raw-L12882,連携ダメージもかんがえるとたんじゅんに三倍は最低でてるくらいか・・・弱体されてもし方がない・・
12889,blank,,
12890,post_header,raw-L12890,240 名前：既にその名前は使われています[sage] 投稿日：2006/08/04(金) 14:26:49.44 ID:DasHkH7x [3/12]
12891,body,raw-L12890,さらに不意とダマをメインシーフ以上に有効活用でき
12892,body,raw-L12890,その威力も火ではない威力というあるさま！
12893,body,raw-L12890,両手武器は手数が少ないと過去にネガってついには片手武器の特徴であるゆういつの利点であったところすらも両手武器に吸収
12894,body,raw-L12890,これにはおれも肝が冷えたネガ侍がここまで馬鹿侍とは思ってなかったから侍は弱足してもらった方が世界がよく見えると思った
12895,body,raw-L12890,おれは侍７５だが侍の弱体をして欲しいなこれだけ暴れらら当然怒りのジョブが出てくるしな
12896,body,raw-L12890,俺も侍は強いし頼りにされるからやって行きたいが別にすべてで最強にはこだわってないしな
12897,body,raw-L12890,瞬間ダメージは最強だしアビも最強なのでＢＣやレベル上げでは常に引張りたこだしな
12898,blank,,
12899,post_header,raw-L12899,242 名前：既にその名前は使われています[sage] 投稿日：2006/08/04(金) 14:35:42.84 ID:DasHkH7x [4/12]
12900,body,raw-L12899,さらにおれは正正堂堂で＋６は＋６ダメージだと思ってたんだがなんと＆％というダメージ最強増加能力
12901,body,raw-L12899,１８％とかにしたら単純に１８％の攻撃性能アップという鬼の力・・
12902,body,raw-L12899,さらにＤＡよりも発動率の高すぎる残心時の得ＴＰが増加するという超強化能力
12903,body,raw-L12899,これにより４回攻撃という両手武器では有り得ない攻撃速度で敵を叩きふせることも可能
12904,body,raw-L12899,さらにＴＰは加速しＷＳで１８％の攻撃アップ
12905,body,raw-L12899,さらに黙想も１８％アップでさらに不意やダマを使用すればクリティカルやヘイトやダメージを全性能１８％アップ
12906,body,raw-L12899,明鏡止水も従来の１８％アップでさらに他ジョブと差を離した感じだな・・
12907,blank,,
12908,post_header,raw-L12908,243 名前：既にその名前は使われています[sage] 投稿日：2006/08/04(金) 14:43:56.29 ID:DasHkH7x [5/12]
12909,body,raw-L12908,俺も侍７５だが自分で書いて見て驚愕能力が多過ぎいいたな・・
12910,body,raw-L12908,開発も多分いまの侍の能力をどう下げてバランス取るか考えてるはず
12911,body,raw-L12908,俺は侍７５なので弱体はして欲しくないがこれ以上同じ侍が暴れるなら弱体してもいいな
12912,body,raw-L12908,というよりしてもらいたい何故かと言うと最強厨があまりにも多過ぎるからである
12913,body,raw-L12908,侍はもともと強いので最強が集まって来る事は知ってたが開発も同じ日本人ジョブだからって
12914,body,raw-L12908,忍者と侍は優遇され過ぎだよな・・これは他のジョブの奴らも怒るのは当然
12915,body,raw-L12908,この二つがバランス崩してるんだよな～俺は別にいいけど他の人たちはこの二つに怒り狂ってるのでちゃんと弱体して欲しい
12916,blank,,
12917,post_header,raw-L12917,245 名前：既にその名前は使われています[sage] 投稿日：2006/08/04(金) 14:55:28.06 ID:DasHkH7x [6/12]
12918,body,raw-L12917,おっと攻撃性能ばかりに強すぎて気がひゅんひゅん行くが
12919,body,raw-L12917,防御性能も鬼の能力と言う事もつけくわえないとダメだな
12920,body,raw-L12917,回避能力Ｂ＋＋受け流しＡ＋空蝉１＋空蝉２＋心眼＋カウンターという鬼の鉄壁能力
12921,body,raw-L12917,しかも加えて装備面も多種多様な重装備で防御力も高い
12922,body,raw-L12917,心眼は唯一敵の最強多段ＷＳも完全回避アビでナイトみたいな純正の盾でもきわどい攻撃を簡単に回避する
12923,body,raw-L12917,さらに心眼は効果時間とリキャスト時間が同じなので常時心眼も可能という馬鹿げた能力
12924,body,raw-L12917,だがやはり守りについても最後に出て来るのは攻撃能力で攻撃を最大の防御と言う言葉はあまりに有名
12925,body,raw-L12917,攻撃を受ける前に敵を殺せば敵の攻撃は受けない
12926,body,raw-L12917,この言葉は多分江戸時代からあったと思うがそこから今に伝えられてるのだから恐ろしく浸透性が高い
12927,body,raw-L12917,黙想や明鏡止水正正堂堂などにより他ジョブを大きく凌駕している攻撃性能の侍の独り言だけど
12928,blank,,
12929,post_header,raw-L12929,247 名前：既にその名前は使われています[sage] 投稿日：2006/08/04(金) 15:01:42.00 ID:DasHkH7x [7/12]
12930,anchor,raw-L12929,>>244
12931,body,raw-L12929,ネガはやめておけといっているサル
12932,body,raw-L12929,侍に強化は不要仮にするなら他ジョブの強化はそれ以上の強化をしなければならないだろ？
12933,body,raw-L12929,現段階で侍の強化は有り得ないだろうなまずは他ジョブが追い付いてからの話
12934,body,raw-L12929,もしくは侍の弱体だな・・おれは侍７５だから弱体して欲しく無いが
12935,body,raw-L12929,今の侍は明らかに他ジョブよりも強いし優遇ジョブである事は間違いない
12936,body,raw-L12929,最強厨を潰す為に侍の弱体を言うのなら俺も力をかすが・・どうやらお前が最強厨みたいだな士ね
12937,blank,,
12938,post_header,raw-L12938,250 名前：既にその名前は使われています[sage] 投稿日：2006/08/04(金) 15:06:49.63 ID:DasHkH7x [8/12]
12939,body,raw-L12938,ま面白く無いかも知れないねネガ侍には
12940,body,raw-L12938,俺は同じ侍７５として本当の現実を言ってるだけのこと
12941,body,raw-L12938,別に面白くなくていいから本当のこと言ってるだけだがネガ侍には
12942,body,raw-L12938,悪魔にお経を効かせられてる気分なのかもな止めないが
12943,body,raw-L12938,はっきり言って侍は強すぎると侍７５の俺の証言
12944,body,raw-L12938,強化は必要ない強化して欲しいと言う雑魚は完全にネガ一派なので他ｼﾞｮﾌﾞからあきれた眼で見ていることに気づけよ
12945,blank,,
12946,post_header,raw-L12946,257 名前：既にその名前は使われています[sage] 投稿日：2006/08/04(金) 16:14:59.72 ID:DasHkH7x [9/12]
12947,body,raw-L12946,はいはいワロスワロス
12948,body,raw-L12946,侍のネガほど気持ちの悪いものもないな死んでくれ
12949,body,raw-L12946,両手武器だけに恩恵があり片手武器は弱くなったしかし両手武器使いが過去から現在までに渡り
12950,body,raw-L12946,一度たりとも短剣強化と言ったのを俺は見た事がない
12951,body,raw-L12946,いまは結構まともになったみたいだが両手武器上限開放下限ＴＰ撤廃時にでもネガ侍は
12952,body,raw-L12946,最悪武器は両手刀といってはばからなかったこのことからも侍の糞ネガっぷりがよくわかる・・
12953,blank,,
12954,post_header,raw-L12954,260 名前：既にその名前は使われています[sage] 投稿日：2006/08/04(金) 16:48:21.63 ID:DasHkH7x [10/12]
12955,anchor,raw-L12954,>>258
12956,body,raw-L12954,俺は侍７５でシーフなどではないんだが？
12957,body,raw-L12954,評判を下げるもなにも俺はそんな汚い事はしないし侍の糞ネガっぷりをわかりやすく説明したつもりなのだがな
12958,anchor,raw-L12954,>>259
12959,body,raw-L12954,結局ネガ侍は全てにおいて一番にならないと気が済まないらしい
12960,body,raw-L12954,瞬間ダメ通常削り盾能力攻撃速度ＴＰ速度
12961,body,raw-L12954,また攻撃が外れた場合の保障や万一の時の爆発的な殲滅能力などなど持ってないと話が進まないらしい
12962,body,raw-L12954,弓は狩人を超えてなければ納得しないし不意ダマもシーフを超えてないと納得せず
12963,body,raw-L12954,盾能力は忍者ナイトを超えたまま通常削りでは戦モを超えあらゆる他ジョブを凌駕し
12964,body,raw-L12954,一撃のＷＳの威力は誰よりも強力でかつ連携ダメは最低光闇を発生させ
12965,body,raw-L12954,さらにはさらに上位の侍専用の連携エフェクトまでを欲しダメージは底知れず
12966,body,raw-L12954,危機的状況においてでも群を抜いた殲滅能力を有し与ＴＰは与えず得ＴＰは誰よりも・・を信条に日々強化されなくては納得できないらしい
12967,blank,,
12968,post_header,raw-L12968,265 名前：既にその名前は使われています[sage] 投稿日：2006/08/04(金) 17:17:30.43 ID:DasHkH7x [11/12]
12969,body,raw-L12968,おっととグーの音も出ないくらいに凹ませてしまった感
12970,body,raw-L12968,誰か知らんが人の名前あげてスレスト狙いかな逃げんなよネガ侍
12971,body,raw-L12968,ちゃんと一対一でぜ？完全に言い負かせられたら逃げですか起用ですね
12972,body,raw-L12968,その程度のうでしかないのなら侍やるなよ雑魚
12973,body,raw-L12968,侍の品性が覗われる侍に強化は必要ない
12974,body,raw-L12968,これ以上強くなったら忍侍だけの日本人ジョブかよアホか士ね
12975,blank,,
12976,post_header,raw-L12976,268 名前：既にその名前は使われています[sage] 投稿日：2006/08/04(金) 17:30:48.10 ID:DasHkH7x [12/12]
12977,anchor,raw-L12976,>>264
12978,quoted_line,raw-L12976,>今は解決してます
12979,body,raw-L12976,ならいいだろ馬鹿か？
12980,body,raw-L12976,地位を脅かすほどではない？
12981,body,raw-L12976,侍は狩人とシーフを脅かしていますが？侍７５段
12982,blank,,
12983,body,raw-L12976,結論ネガうざすぎ
12984,blank,,
12985,blank,, 
12986,blank,,
12987,section_title,,ナイトと忍者のＬＳ信頼度は違いすぎた
12988,blank,, 
12989,blank,,
12990,post_header,raw-L12990,1 名前：既にその名前は使われています[] 投稿日：2005/04/28(木) 11:25:42 ID:B9zsO3y1 [1/2]
12991,body,raw-L12990,やはり忍者よりナイトの方が頼りにされていたキングベヒーもスとの戦いで
12992,body,raw-L12990,おれは集合時間に遅れてしまったんだがちょうどわきはじめたみたいでなんとか耐えているみたいだった
12993,body,raw-L12990,おれはジュノにいたので急いだところがアワレにも忍者がくずれそうになっているっぽいのがＬＳ会話で叫んでいた
12994,body,raw-L12990,どうやら忍者がたよりないらしく「はやくきて～はやくきて～」と泣き叫んでいるＬＳメンバーのために俺はとんずらを使って普通ならまだ付かない時間できょうきょ参戦すると
12995,body,raw-L12990,「もうついたのか！」「はやい！」「きた！盾きた！」「メイン盾きた！」「これで勝つる！」と大歓迎状態だった忍者はアワレにも盾の役目を果たせず死んでいた近くですばやくフラッシュを使い盾をした
12996,body,raw-L12990,忍者から裏テルで「勝ったと思うなよ・・・」ときたがＬＳメンバーがどっちの見方だかは一瞬でわからないみたいだった
12997,body,raw-L12990,「もう勝負ついてるから」というと黙ったので戦士サポ忍の後ろに回り不意だまスフィストを打つと何回かしてたらキングベヒんもスは倒された
12998,body,raw-L12990,「ナイトのおかげだ」「助かった、終わったと思ったよ」と忍者を行き帰らせるのも忘れてメンバーがおれのまわりに集まってきた忘れられてる忍者がかわいそうだった
12999,body,raw-L12990,普通なら裏テルのことで無視する人がぜいいんだろうがおれは無視できなかったみんなとよｒこびほめられたかったのでレイズを唱えてやったらそうとう自分の裏テルが恥ずかしかったのかＨＰに帰って行った
13000,blank,,
13001,post_header,raw-L13001,22 名前：既にその名前は使われています[] 投稿日：2005/04/28(木) 11:42:00 ID:B9zsO3y1 [2/2]
13002,body,raw-L13001,ナイトはスキルも性格もいいのでＬＳメンバーからは良くたよりにされる
13003,body,raw-L13001,だがたよりにされたいからナイトを上げてもダメだと言う事が最近わかった
13004,body,raw-L13001,ナイトを上げるのは真にナイトの人だからナイトを上げたくてあげるんじゃない上がってしまう者がナイト
13005,body,raw-L13001,忍者はざんねんがはっきりいってスキルはつかわないし性格も裏テルとかイマイチだから信頼されにくい
13006,blank,,
13007,post_header,raw-L13007,424 名前：既にその名前は使われています[] 投稿日：2005/05/16(月) 19:37:08 ID:ti+ZeSQB
13008,body,raw-L13007,前から思ってた事なんだが、
13009,body,raw-L13007,偽者と本物を見分けられる（本物の文章がわかる）奴は
13010,body,raw-L13007,言い換えれば本物そっくりの文章が書けるわけだよな？
13011,body,raw-L13007,一つお手本を見せてくれよ
13012,blank,,
13013,blank,,
13014,post_header,raw-L13014,431 名前：424[] 投稿日：2005/05/17(火) 05:27:41 ID:9vBq7hGE
13015,anchor,raw-L13014,>>425-426
13016,body,raw-L13014,多分そういう反応来るだろうとは思ってたんだけど、この場合とは全然違うでしょ
13017,body,raw-L13014,（自称）ブロント鑑定士の方々は本物ならこういう文章書く、ってのがわかるんだろ？
13018,body,raw-L13014,だったらそれをそのまま書けばいいだけじゃん
13019,body,raw-L13014,骨董品やピッチャーの球は、作り方や打ち方が頭でわかっても
13020,body,raw-L13014,技術が必要だから誰にでもできるもんじゃないけど、
13021,body,raw-L13014,文章はキーボード打つだけなんだから頭でわかる時点で真似できるはず
13022,body,raw-L13014,ほんとにわかってるならな
13023,blank,,
13024,body,raw-L13014,わかりやすく言うと、
13025,body,raw-L13014,玄人ぶってるけど本当は誰もブロントの事をわかってなんかいないって事
13026,body,raw-L13014,ブロント本人を知りもしないくせにこんなくだらんスレに粘着するのいい加減やめたら？
13027,body,raw-L13014,本人の身になってみろよ、すごく迷惑な話だぞ
13028,blank,,
13029,blank,, 
13030,blank,,
13031,post_header,raw-L13031,441 名前：424[] 投稿日：2005/05/17(火) 11:18:09 ID:VXHrm086 [1/31]
13032,anchor,raw-L13031,>>432-434
13033,body,raw-L13031,くだらん屁理屈ぬかしてごまかしてんじゃねーよ
13034,body,raw-L13031,何も全く何も無い状態からオリジナルのネタを考えろとは言ってない
13035,body,raw-L13031,例えば、このスレで偽者だと判断した文章をどれでもいいから（お前らの考えてる）本物らしく変えてみろや
13036,body,raw-L13031,「これは偽者だ」と見分けられるってことは本物ならここはこう書く、ってのがわかるはずなんだがな
13037,body,raw-L13031,おら、どうした？できねえだろ
13038,body,raw-L13031,結局、ただ玄人っぽく思われたくてとりあえず偽者って当てずっぽうで言ってるだけという証明
13039,blank,,
13040,body,raw-L13031,そんな真のブロントを知らないお前らが偽者だの本物だの言ってネタにしてる事は大変失礼
13041,body,raw-L13031,お前らにブロントの悲しみの何がわかるってんだよ
13042,blank,,
13043,blank,, 
13044,blank,,
13045,post_header,raw-L13045,442 名前：既にその名前は使われています[sage] 投稿日：2005/05/17(火) 11:24:06 ID:VXHrm086 [2/31]
13046,body,raw-L13045,完全に論破して終了したのでこのスレは終了
13047,body,raw-L13045,したがってレス不要です
13048,blank,,
13049,body,raw-L13045,このスレ以外でももう今度一切二度とブロントの話題は出さないように
13050,body,raw-L13045,そしてさらにsageをさせてもらう
13051,blank,,
13052,post_header,raw-L13052,444 名前：既にその名前は使われています[sage] 投稿日：2005/05/17(火) 11:45:26 ID:VXHrm086 [3/31]
13053,anchor,raw-L13052,>>443
13054,body,raw-L13052,レス不要って言ったのがわからんの？しかもageてるし
13055,body,raw-L13052,荒らしとして通報するからアク禁の覚悟しとけよ
13056,blank,,
13057,body,raw-L13052,ていうか個人名出して叩いてる時点で十分通報対象だよこのスレ
13058,blank,,
13059,blank,,
13060,post_header,raw-L13060,446 名前：既にその名前は使われています[sage] 投稿日：2005/05/17(火) 11:55:05 ID:VXHrm086 [4/31]
13061,anchor,raw-L13060,>>445
13062,body,raw-L13060,ageるなって言ってんだろ
13063,body,raw-L13060,いい加減にしろよてめー
13064,body,raw-L13060,ぶっ殺すぞ
13065,body,raw-L13060,こっちが礼儀正しい大人の対応してればつけあがりやがってよ
13066,blank,,
13067,post_header,raw-L13067,448 名前：既にその名前は使われています[sage] 投稿日：2005/05/17(火) 11:59:05 ID:VXHrm086 [5/31]
13068,anchor,raw-L13067,>>447
13069,body,raw-L13067,またageてやがる
13070,body,raw-L13067,メール欄に何か入れてればageを見破れないとでも思った浅はかさは愚かしい
13071,blank,,
13072,blank,, 
13073,blank,,
13074,post_header,raw-L13074,450 名前：既にその名前は使われています[sage] 投稿日：2005/05/17(火) 12:02:53 ID:VXHrm086 [6/31]
13075,anchor,raw-L13074,>>449
13076,body,raw-L13074,ふざけるなよお前
13077,body,raw-L13074,先に違法行為で通報されるのが個人名出したお前らだろ
13078,body,raw-L13074,お前は通報されるんだから俺を通報できない
13079,blank,,
13080,post_header,raw-L13080,455 名前：既にその名前は使われています[sage] 投稿日：2005/05/17(火) 12:11:21 ID:VXHrm086 [7/31]
13081,body,raw-L13080,は？ちょっと待てよ
13082,body,raw-L13080,悪いのはそっちだろ
13083,body,raw-L13080,お前らがこういう風にネタにしたりして騒いだからブロントはキャラ消して鯖変えたんだぞ
13084,body,raw-L13080,あれって間接的とはいえ殺人罪と同様だろ・・・
13085,body,raw-L13080,そんなお前らがなんでこっちを悪いように責めてんのかわけわからん
13086,body,raw-L13080,これが逆切れってやつか？
13087,blank,,
13088,post_header,raw-L13088,460 名前：既にその名前は使われています[sage] 投稿日：2005/05/17(火) 12:17:42 ID:VXHrm086 [8/31]
13089,anchor,raw-L13088,>>458
13090,body,raw-L13088,全然おかしくないんだが・・・
13091,body,raw-L13088,鯖で頂点を極めたキャラのデータを削除しなきゃならなかった気持ちを考えた事あるか？
13092,body,raw-L13088,相当の苦汗の選択だったろうよ
13093,body,raw-L13088,お前ら残酷すぎる
13094,blank,,
13095,post_header,raw-L13095,462 名前：既にその名前は使われています[sage] 投稿日：2005/05/17(火) 12:20:04 ID:VXHrm086 [9/31]
13096,anchor,raw-L13095,>>461
13097,body,raw-L13095,当時はブロントの鯖で持ってる人いなかったんだが
13098,body,raw-L13095,ブロントを知らないくせにあんまりふざけたこと言うなよ
13099,blank,,
13100,post_header,raw-L13100,465 名前：既にその名前は使われています[sage] 投稿日：2005/05/17(火) 12:23:54 ID:VXHrm086 [10/31]
13101,anchor,raw-L13100,>>463
13102,body,raw-L13100,だったら軽々しくこういうスレ立ててネタにしたりするのはやめろ
13103,body,raw-L13100,この犯罪者どもが死ねよ
13104,blank,,
13105,anchor,raw-L13100,>>464
13106,body,raw-L13100,それはきっとでっち上げのネタ話ですね
13107,body,raw-L13100,駄々こねたりなんかしてないし
13108,blank,,
13109,post_header,raw-L13109,468 名前：既にその名前は使われています[sage] 投稿日：2005/05/17(火) 12:28:37 ID:VXHrm086 [11/31]
13110,anchor,raw-L13109,>>466
13111,body,raw-L13109,は？俺がブロント？なんでそうなるのかわけわからん
13112,body,raw-L13109,第三者の中立的立場から客観的な意見を言ってるだけなんだが・・・
13113,blank,,
13114,anchor,raw-L13109,>>467
13115,body,raw-L13109,ブロントは鯖のトップに立つ大物だから特に嫉妬がすごかったらしい
13116,body,raw-L13109,きっと鬼の首取ったように周囲が騒ぎブロントは深い悲しみに包まれた
13117,blank,,
13118,post_header,raw-L13118,471 名前：既にその名前は使われています[sage] 投稿日：2005/05/17(火) 12:31:14 ID:VXHrm086 [12/31]
13119,anchor,raw-L13118,>>469
13120,body,raw-L13118,だからなんでそうなるのか理解不能状態
13121,body,raw-L13118,大体そう言うお前は学校行かないのかよ
13122,body,raw-L13118,見ろ、見事なカウンターで返した
13123,body,raw-L13118,調子に乗ってるからこうやって痛い目に遭う
13124,blank,,
13125,post_header,raw-L13125,473 名前：既にその名前は使われています[sage] 投稿日：2005/05/17(火) 12:36:20 ID:VXHrm086 [13/31]
13126,anchor,raw-L13125,>>467
13127,body,raw-L13125,言い忘れたけどブロントはかなり根性あったらしいぞ
13128,body,raw-L13125,不良だから喧嘩も強いしバイクもヘルメットかぶらないで乗る
13129,blank,,
13130,blank,,
13131,post_header,raw-L13131,477 名前：既にその名前は使われています[sage] 投稿日：2005/05/17(火) 12:40:17 ID:VXHrm086 [14/31]
13132,anchor,raw-L13131,>>474
13133,body,raw-L13131,別にどこもおかしなところはないと思うんだが
13134,blank,,
13135,anchor,raw-L13131,>>476
13136,body,raw-L13131,馬鹿か？
13137,body,raw-L13131,不良だから学校行かないでFFやってただけだろ
13138,body,raw-L13131,そして喧嘩で一番だけでなくFFでも一番になったという現実
13139,blank,,
13140,blank,,
13141,post_header,raw-L13141,483 名前：既にその名前は使われています[sage] 投稿日：2005/05/17(火) 12:44:37 ID:VXHrm086 [15/31]
13142,body,raw-L13141,C3COTigv
13143,body,raw-L13141,XZojF7by
13144,body,raw-L13141,4pRHRY/o
13145,body,raw-L13141,ZzRwDSri
13146,body,raw-L13141,yK/JbVEi
13147,blank,,
13148,body,raw-L13141,こいつら全員自演
13149,body,raw-L13141,IP抜いて調べたら同一した
13150,body,raw-L13141,つまり大勢で集中放火をしてると見せかけて実は一方向からしか攻撃が来てないので簡単に叩き落として論破可能
13151,blank,,
13152,post_header,raw-L13152,490 名前：既にその名前は使われています[sage] 投稿日：2005/05/17(火) 12:49:19 ID:VXHrm086 [16/31]
13153,body,raw-L13152,だから俺はブロントじゃなくて中立的立場と言ってるんだが・・・
13154,body,raw-L13152,がんばって鯖でトップまで育てたキャラ削除に追い込まれた悲しみをわかってないくせにこうやってネタにするお前らが憎い
13155,blank,,
13156,blank,,
13157,post_header,raw-L13157,493 名前：既にその名前は使われています[sage] 投稿日：2005/05/17(火) 12:53:59 ID:VXHrm086 [17/31]
13158,body,raw-L13157,何も悪い事してないのにキャラ削除させられる悲しみをわかってないお前らが、
13159,body,raw-L13157,勝手にブロントだとかブロントじゃないとか言ってる奴がいい加減うざい
13160,body,raw-L13157,（>>485みたいな騙りは論外）
13161,blank,,
13162,body,raw-L13157,最初から言ってる事だが、ブロントの悲しみの心を知らない奴が評論家みたいにブロント語ってんじゃねえって言ってんの
13163,blank,,
13164,blank,,
13165,post_header,raw-L13165,496 名前：既にその名前は使われています[sage] 投稿日：2005/05/17(火) 12:57:04 ID:VXHrm086 [18/31]
13166,anchor,raw-L13165,>>494
13167,body,raw-L13165,お前キチガイだな
13168,body,raw-L13165,中立の客観的意見だって言ってんだろ
13169,body,raw-L13165,真ブロントを知らない奴がブロント語るな
13170,blank,,
13171,post_header,raw-L13171,501 名前：既にその名前は使われています[sage] 投稿日：2005/05/17(火) 12:59:38 ID:VXHrm086 [19/31]
13172,anchor,raw-L13171,>>497
13173,body,raw-L13171,普通に血の通った人間なら、大事に育てたキャラを削除させられる絶望がどれほどのものかわかると思うんだが
13174,body,raw-L13171,特にブロントの場合は、そこらの一般プレイヤーの雑魚いキャラじゃなくて鯖で一番のキャラ
13175,body,raw-L13171,想像を絶する悲しみがブロントを襲った
13176,blank,,
13177,post_header,raw-L13177,506 名前：既にその名前は使われています[sage] 投稿日：2005/05/17(火) 13:05:50 ID:VXHrm086 [20/31]
13178,body,raw-L13177,何度も言うが、ろくにブロント本人を知らないくせにブロントの本物が偽者がとか言うのは絶対的にむかつく
13179,body,raw-L13177,ブロントはお前らに正体見破られるような底の浅い人間ではない
13180,blank,,
13181,anchor,raw-L13177,>>502
13182,body,raw-L13177,お前騙りがしつこいから通報決定な
13183,body,raw-L13177,詐欺罪で逮捕
13184,blank,,
13185,anchor,raw-L13177,>>503
13186,body,raw-L13177,自慢するわけじゃないけど俺はブロントから特に信頼されてる３人の側近の１人
13187,body,raw-L13177,（先に言っておくが四天王とかそういう幼稚なネタはないから）
13188,body,raw-L13177,なので誰よりもブロントの心の悲しみを理解してる男の一人
13189,body,raw-L13177,だからブロントを語るには圧倒的にふさわしいと思う
13190,blank,,
13191,blank,,
13192,post_header,raw-L13192,509 名前：既にその名前は使われています[sage] 投稿日：2005/05/17(火) 13:07:44 ID:VXHrm086 [21/31]
13193,anchor,raw-L13192,>>507
13194,body,raw-L13192,なんでそういう意地の悪い考え方をするんだ？
13195,body,raw-L13192,普通に装備や所持金やPスキルのことに決まってるだろ
13196,blank,,
13197,post_header,raw-L13197,511 名前：既にその名前は使われています[sage] 投稿日：2005/05/17(火) 13:09:06 ID:VXHrm086 [22/31]
13198,anchor,raw-L13197,>>508
13199,body,raw-L13197,側近だと中立じゃないって決まりでもあるのかよ
13200,body,raw-L13197,俺はちゃんと物事を客観的に見て分析できる男
13201,body,raw-L13197,側近だからといってひいきはしないつもり
13202,blank,,
13203,post_header,raw-L13203,514 名前：既にその名前は使われています[sage] 投稿日：2005/05/17(火) 13:14:35 ID:VXHrm086 [23/31]
13204,anchor,raw-L13203,>>511
13205,body,raw-L13203,何がどう無理なのか論理的に言えよ
13206,body,raw-L13203,俺は自分で言うのもなんだが３人のミニオンの中では一番知能が高いと評価されてる
13207,body,raw-L13203,（それに一応３人同格だけど実際のブロントからの信頼は一番高いと思う）
13208,body,raw-L13203,だからこの場を任されたというわけ
13209,blank,,
13210,post_header,raw-L13210,516 名前：既にその名前は使われています[sage] 投稿日：2005/05/17(火) 13:16:29 ID:VXHrm086 [24/31]
13211,anchor,raw-L13210,>>515
13212,body,raw-L13210,別にわざわざ聞かせる事なんて何もないしその必要もないだろ
13213,body,raw-L13210,俺が言いたいのはお前らがそうやってネタにしていじめたからブロントは鯖変える羽目になったのが許せないと言ってるだけ
13214,body,raw-L13210,そして今もまたこういうスレが立ってるのが許せない
13215,blank,,
13216,post_header,raw-L13216,520 名前：既にその名前は使われています[sage] 投稿日：2005/05/17(火) 13:19:12 ID:VXHrm086 [25/31]
13217,anchor,raw-L13216,>>517
13218,body,raw-L13216,は？全然挑発に乗ってないし
13219,body,raw-L13216,お前らがこのスレageなきゃいいだけだろ
13220,blank,,
13221,anchor,raw-L13216,>>518
13222,body,raw-L13216,ちょっと焦ってたから間違えただけだろ
13223,body,raw-L13216,肝心のレスの内容には反論なしってことは論破勝利確定だな
13224,blank,,
13225,body,raw-L13216,z0OtsKMJ
13226,body,raw-L13216,一名脱落
13227,blank,,
13228,blank,,
13229,post_header,raw-L13229,524 名前： ◆Dcskb1Nfqs [sage] 投稿日：2005/05/17(火) 13:22:49 ID:VXHrm086 [26/31]
13230,anchor,raw-L13229,>>521
13231,body,raw-L13229,そんなこともあろうかと思ってトリップを用意しておいた
13232,body,raw-L13229,残念だったな
13233,body,raw-L13229,これはミニオンの３人しか知らない由緒正しいトリップだからこれで騙りを完全防止
13234,blank,,
13235,post_header,raw-L13235,527 名前：既にその名前は使われています[sage] 投稿日：2005/05/17(火) 13:29:17 ID:VXHrm086 [27/31]
13236,anchor,raw-L13235,>>526
13237,body,raw-L13235,お前マジでいい加減にしろよ
13238,body,raw-L13235,ぶっ殺すからな
13239,body,raw-L13235,こっちがいつまでも紳士的な対応してると思うなよ糞
13240,blank,,
13241,body,raw-L13235,あと馬鹿ども、ageるなって言ってんだろ
13242,body,raw-L13235,お前らまとめて通報してやるからアク禁
13243,blank,,
13244,post_header,raw-L13244,530 名前： ◆Dcskb1Nfqs [sage] 投稿日：2005/05/17(火) 13:32:50 ID:VXHrm086 [28/31]
13245,anchor,raw-L13244,>>528
13246,body,raw-L13244,何度も言ってるようにお前みたいに本物だの偽者だの言ってネタにして楽しんでる馬鹿が一番むかつくんだよ
13247,body,raw-L13244,人が真剣勝負で話してんのになめるなよ
13248,body,raw-L13244,お前らのせいで何も悪い事してないブロントがどんな気持ちになってるかよく考えろ馬鹿
13249,blank,,
13250,blank,,
13251,post_header,raw-L13251,532 名前： ◆Dcskb1Nfqs [sage] 投稿日：2005/05/17(火) 13:40:25 ID:VXHrm086 [29/31]
13252,body,raw-L13251,急用を思い出したので落ちるけど、
13253,body,raw-L13251,ほんとに、いい加減やめろよこういうスレ
13254,body,raw-L13251,ブロントが何をしたって言うんだ？
13255,body,raw-L13251,また同じ事（キャラ削除＆鯖変え）を繰り替えさせる悲しみの連鎖が狙いか？
13256,body,raw-L13251,そして最後に、ブロントの魂の心を知りもしない奴等が本物とかほざくな
13257,body,raw-L13251,お前らにブロントの何がわかるってんだ
13258,blank,,
13259,body,raw-L13251,age禁止＆レスひ不要です
13260,body,raw-L13251,次見に来た時もしそのどっちが実現してたら通報が確定的
13261,blank,,
13262,blank,,
13263,post_header,raw-L13263,540 名前：既にその名前は使われています[sage] 投稿日：2005/05/17(火) 13:58:34 ID:VXHrm086 [30/31]
13264,body,raw-L13263,落ちたふりして不意打ちで様子見に来たがまだスレageてやがる・・・
13265,blank,,
13266,body,raw-L13263,これだけ言ってわからない馬鹿どもも珍しいな
13267,body,raw-L13263,人が真剣に話してるのに本物だの偽者だの面白いだのつまらんだの言ってネタとして片付けようとしてる奴はどうしようもないクズだ
13268,body,raw-L13263,無実の罪でキャラ削除に追い込んだ悲劇をそして今再び同じ事をしようとしてる事を本当になんとも思わんの？
13269,body,raw-L13263,いや、本当はわかってんだろうな、とても申し訳ない事をしたって、だけど悪ぶってかっこつけてんだよな？
13270,body,raw-L13263,まあそれならそれでどのみち大馬鹿野郎だけどよ
13271,body,raw-L13263,とにかく、お前らのした事（してる事）絶対許されざる超悪行
13272,body,raw-L13263,マジで覚悟しとけよな
13273,blank,,
13274,blank,,
13275,post_header,raw-L13275,544 名前：既にその名前は使われています[sage] 投稿日：2005/05/17(火) 14:03:43 ID:VXHrm086 [31/31]
13276,body,raw-L13275,言っとくけど本気だから
13277,body,raw-L13275,もう今から謝っても絶対遅い
13278,body,raw-L13275,人があんなに真剣にブロントの心の悲しみを語ったのによくもまあこれだけふざけてくれたもんだよ
13279,blank,,
13280,body,raw-L13275,俺はもう二度と来ない
13281,body,raw-L13275,（トリップ出したのは俺の偽者が今後出ないため）
13282,body,raw-L13275,お前らもじきに通報されるから二度と来れないだろうけど
13283,blank,,
13284,post_header,raw-L13284,579 名前：既にその名前は使われています[sage] 投稿日：2005/05/17(火) 18:07:02 ID:Ri4KO4cF [1/3]
13285,body,raw-L13284,ここで騒いでる奴はきっとｳﾞｧﾅでしいたげられている虐められやすいﾀｲﾌﾟ
13286,body,raw-L13284,だがだからといって人の名前を勝手に出していいほど世の中甘くない
13287,body,raw-L13284,粘着するなよお前達の粘着で迷惑する人がいる以上常識ある人は警察に通報するしかないでしょう
13288,blank,,
13289,post_header,raw-L13289,582 名前：既にその名前は使われています[sage] 投稿日：2005/05/17(火) 18:21:09 ID:Ri4KO4cF [2/3]
13290,body,raw-L13289,ここまで粘着されたら誰だって激怒する
13291,body,raw-L13289,少なくとも関係のない面会もない俺がここまで思うんだから
13292,body,raw-L13289,本人の悲しみは計り知れないでしょう
13293,body,raw-L13289,俺の知り合いに弁護士がいるけど聞いてみたら訴えられたらお前達裁判になるらしい
13294,blank,,
13295,post_header,raw-L13295,585 名前：既にその名前は使われています[sage] 投稿日：2005/05/17(火) 18:25:41 ID:Ri4KO4cF [3/3]
13296,body,raw-L13295,裁判になったら東京に行かないと行けない
13297,body,raw-L13295,彼が引く理由はないので彼の勝利は決定的
13298,body,raw-L13295,本気になったら勝ち目がない
13299,body,raw-L13295,まだ彼はここを見ていないみたいなのでこのまま落とした方がいいらしい
13300,blank,,
13301,post_header,raw-L13301,592 名前：既にその名前は使われています[sage] 投稿日：2005/05/17(火) 19:12:55 ID:SNevJGFg [1/10]
13302,body,raw-L13301,今初めてこのスレ見たんだけど
13303,body,raw-L13301,VXHrm086やRi4KO4cFの言ってる事は圧倒的に正論では？
13304,body,raw-L13301,ふざけてる連中は何がおかしいのか理解できん
13305,blank,,
13306,post_header,raw-L13306,593 名前：既にその名前は使われています[sage] 投稿日：2005/05/17(火) 19:17:21 ID:SNevJGFg [2/10]
13307,body,raw-L13306,http://live19.2ch.net/test/read.cgi/ogame/1116289000/
13308,body,raw-L13306,ブロント氏は今、↑のスレにある被害者と全く同じ様な状態だな
13309,body,raw-L13306,むごい事しやがる奴はどこにでもいるようだ
13310,body,raw-L13306,冗談抜きでお前らのやってる事は立派な犯罪者的行為だと思うぞ
13311,blank,,
13312,blank,,
13313,post_header,raw-L13313,597 名前：既にその名前は使われています[sage] 投稿日：2005/05/17(火) 19:22:40 ID:SNevJGFg [3/10]
13314,anchor,raw-L13313,>>596
13315,body,raw-L13313,あ？お前らさっきまでVXHrm086やRi4KO4cFがブロントって言ってたじゃなかったかよ？
13316,body,raw-L13313,俺のIDは見ての通りSNevJGFgで変幻自在で全然別人なんだが？
13317,blank,,
13318,body,raw-L13313,と、まずは準備運動に軽く論破しといた
13319,blank,,
13320,post_header,raw-L13320,606 名前：既にその名前は使われています[sage] 投稿日：2005/05/17(火) 19:33:18 ID:SNevJGFg [4/10]
13321,anchor,raw-L13320,>>600
13322,body,raw-L13320,ちょっとわずかに言い方が誤用だっただけで揚げ足取りかよ・・・
13323,body,raw-L13320,とにかくID違うんだから別人と見なされる権利がある
13324,blank,,
13325,anchor,raw-L13320,>>602
13326,body,raw-L13320,俺へのレスと仮定しての場合だろ
13327,body,raw-L13320,もし俺へのレスと違うなら別人の俺は完全中立派って証明した事になるな
13328,body,raw-L13320,お前が証人だ
13329,blank,,
13330,anchor,raw-L13320,>>603
13331,body,raw-L13320,客観的に見て、悪いのは相手の方だから怒りを高めてそういう乱暴な事を言ってしまった気持ちは理解可能
13332,body,raw-L13320,とにかく、そのスレの被害者の人もそうだけど、悪いことしてないのにキャラ削除に追い込まれるなんてかわいそうすぎ
13333,body,raw-L13320,裁判になったらマジでお前らやばいよ？
13334,blank,,
13335,post_header,raw-L13335,609 名前：既にその名前は使われています[sage] 投稿日：2005/05/17(火) 19:38:07 ID:SNevJGFg [5/10]
13336,anchor,raw-L13335,>>608
13337,body,raw-L13335,きたねえな、別のリンク先に擦りかえるという高等な罠にはめたのかよ
13338,body,raw-L13335,そういう卑怯な手を使わないと勝負しないで正々堂々勝負しろ
13339,body,raw-L13335,お前らが間違ってないならあんな卑怯な手は使わないでいいはずなんだが
13340,blank,,
13341,post_header,raw-L13341,613 名前：既にその名前は使われています[sage] 投稿日：2005/05/17(火) 19:55:36 ID:SNevJGFg [6/10]
13342,body,raw-L13341,VXHrm086の話は今は関係ないだろ
13343,body,raw-L13341,とにかくこのスレ終了
13344,body,raw-L13341,もしブロント氏がまたキャラ削除になるような悲しい事件になったら今度こそ本当にお前ら訴えられるぞ
13345,body,raw-L13341,もっとも、彼はダイヤモンド・パワーの精神力なのでお前らごときの攻撃くらいでそう簡単にはくじけないだろうけど
13346,blank,,
13347,post_header,raw-L13347,616 名前：既にその名前は使われています[sage] 投稿日：2005/05/17(火) 20:04:42 ID:SNevJGFg [7/10]
13348,body,raw-L13347,いきなり英語は難しすぎて馬鹿には理解できなかったか
13349,body,raw-L13347,鋼のように硬い精神力って意味だよ
13350,blank,,
13351,body,raw-L13347,まあ、それとブロント氏が訴えるかどうかは別問題だけどな
13352,body,raw-L13347,被害には一度既に遭ってるだからよ
13353,blank,,
13354,post_header,raw-L13354,619 名前：既にその名前は使われています[sage] 投稿日：2005/05/17(火) 20:08:01 ID:SNevJGFg [8/10]
13355,anchor,raw-L13354,>>617
13356,body,raw-L13354,はあ？俺は全然ミニオンじゃないんだけど？
13357,body,raw-L13354,その証拠に彼らにしか出せないトリップを俺は出してないだろ
13358,body,raw-L13354,裁判では物的証拠がものを言う
13359,body,raw-L13354,お前らはこれから近い未来に裁判を経験するんだからよく肝に覚えておけ
13360,blank,,
13361,post_header,raw-L13361,624 名前：既にその名前は使われています[sage] 投稿日：2005/05/17(火) 20:42:51 ID:SNevJGFg [9/10]
13362,anchor,raw-L13361,>>623
13363,body,raw-L13361,頭悪ぃな
13364,body,raw-L13361,ダイヤモンドという英語使ったせいでオツムが弱い>>615が意味不明的だったようなので
13365,body,raw-L13361,わかりやすく日本語の金属に例えただけのことで、
13366,body,raw-L13361,実際のブロント氏の硬度は鋼どころの騒ぎではなくダイヤモンド（硬度10）だという事
13367,body,raw-L13361,馬鹿の相手は疲れる
13368,blank,,
13369,post_header,raw-L13369,631 名前：既にその名前は使われています[sage] 投稿日：2005/05/17(火) 21:11:53 ID:SNevJGFg [10/10]
13370,body,raw-L13369,もうお前らとは話しても無駄なようですね
13371,body,raw-L13369,せいぜい逮捕される恐怖に怯えてろ糞犯罪者どもが
13372,blank,,
13373,body,raw-L13369,つーか、マジでブロント普通にかわいそすぎだろ
13374,body,raw-L13369,何も悪い事してないのにがんばって大事に育てて鯖のトップまで上り詰めたキャラを削除って・・・
13375,body,raw-L13369,ブロントのタフな精神力だからこそなんとか立派に再起可能ができたけど常人なら気が狂って死ぬぞ？
13376,body,raw-L13369,そこんところよく覚えておけよクズが
13377,blank,,
13378,blank,,
13379,post_header,raw-L13379,699 名前：既にその名前は使われています[] 投稿日：2005/05/18(水) 10:12:23 ID:qshchkeD [1/9]
13380,body,raw-L13379,このｽﾚやばいだろ俺だったら犯罪者になりたくないな
13381,body,raw-L13379,多分このｽﾚが落ちれば捕まる確率はがたんと下がるでしょう
13382,body,raw-L13379,おもしろ半分で書きこんでた俺のフレは恐怖
13383,blank,,
13384,post_header,raw-L13384,717 名前：既にその名前は使われています[sage] 投稿日：2005/05/18(水) 16:03:44 ID:qshchkeD [2/9]
13385,body,raw-L13384,俺は強さとかわかるんだがここで馬鹿みたいにほえてる奴らははっきりいってもう負けをみとめてる
13386,body,raw-L13384,本当の強者は強さを黙っているだから発言の一言が反発勢力の声をも黙らせるほど強大無比に強い
13387,body,raw-L13384,ほえれば勝ってると思ってる奴らがいて不思議で仕方がない上級者は相手にしていないでしょうが？
13388,body,raw-L13384,何か粘着がいつまで立っても鬼の首みたいに粘着してるが時代は進んでいる
13389,body,raw-L13384,過去のレスで彼を晒そうとしても無駄でしょう前は実際にグラットンは伝説ｸﾗｽの宝剣で持っている人は一級だった事実は揺るぎ様がないでしょう
13390,blank,,
13391,post_header,raw-L13391,718 名前：既にその名前は使われています[sage] 投稿日：2005/05/18(水) 16:10:13 ID:qshchkeD [3/9]
13392,body,raw-L13391,あと俺の知り合いが極級のハッカーでなにか警察が動いてると聞いたらしい
13393,body,raw-L13391,このｽﾚも満が一のために落として置いた方がいいだろうなあまりにもリスクが膨大過ぎる
13394,body,raw-L13391,警察に捕まったら普通にあやまって許してもらえないぞ親とか呼ばれて一巻の終わり
13395,blank,,
13396,blank,,
13397,post_header,raw-L13397,720 名前：既にその名前は使われています[sage] 投稿日：2005/05/18(水) 16:15:38 ID:qshchkeD [4/9]
13398,body,raw-L13397,おまえ氏ねよﾊﾞｶ
13399,blank,,
13400,post_header,raw-L13400,725 名前：既にその名前は使われています[sage] 投稿日：2005/05/18(水) 16:35:12 ID:qshchkeD [5/9]
13401,body,raw-L13400,まじでうざいねお前たちは
13402,body,raw-L13400,誰が本人だといったのか俺の日本語が正しければ言ってないようだが
13403,body,raw-L13400,お前たちは俺の名前がわかるのか？粘着キモイ
13404,blank,,
13405,post_header,raw-L13405,735 名前：既にその名前は使われています[sage] 投稿日：2005/05/18(水) 17:03:31 ID:qshchkeD [6/9]
13406,body,raw-L13405,やはりナ盾か俺のところも同じ
13407,body,raw-L13405,ナイトは気さくで頼れるのでＬＳでの信頼度も高い
13408,body,raw-L13405,命を預けるのだから信用が巨大なＬＳの中心人物のナイトを選択するのは常識でしょう
13409,blank,,
13410,post_header,raw-L13410,737 名前：既にその名前は使われています[sage] 投稿日：2005/05/18(水) 17:14:44 ID:qshchkeD [7/9]
13411,body,raw-L13410,お前は出来もしないくせにﾚﾘｯｸ盾の最終とか一級どころではないだろ！
13412,body,raw-L13410,そこまで出来るのは裏技を自由自在にテクる最強のﾊｯｶｰの腕前が必要
13413,body,raw-L13410,俺も知り合いのﾊｯｶｰの山脈があるので出来るかもしれないが犯罪なので出来ないな
13414,body,raw-L13410,そういう正義なところがＬＳでも高評価された秘訣
13415,blank,,
13416,post_header,raw-L13416,740 名前：既にその名前は使われています[sage] 投稿日：2005/05/18(水) 17:36:48 ID:qshchkeD [8/9]
13417,quoted_line,raw-L13416,>>735736俺はナイトではないので装備はわからないがﾚﾘｯｸを鍛えてる奴は一級廃人で注目を浴びるだろうな
13418,body,raw-L13416,忍者は話しかけると調子に乗るだけでしょう
13419,body,raw-L13416,少なくとも俺のところのＬＳではそれほど忍者に発言力は全くないかな
13420,body,raw-L13416,忍者は性格が悪いのでムシしててたまに話しかけてやると勝手に俺の家来になる
13421,quoted_line,raw-L13416,>>739意味不明お前は馬鹿か？無駄に上げるな捕まりたいのか？
13422,blank,,
13423,post_header,raw-L13423,743 名前：既にその名前は使われています[sage] 投稿日：2005/05/18(水) 17:59:02 ID:qshchkeD [9/9]
13424,body,raw-L13423,ここに書いてたから警察から電話かかってきた
13425,body,raw-L13423,お前らも気を付けたほうがいい
13426,body,raw-L13423,今から警察
13427,blank,,
13428,post_header,raw-L13428,762 名前：既にその名前は使われています[sage] 投稿日：2005/05/19(木) 10:35:53 ID:izD729YY [1/11]
13429,body,raw-L13428,お前には同意する
13430,body,raw-L13428,いい加減レベルの低いモノマネ氏は
13431,body,raw-L13428,死んだほうが良いだろ
13432,body,raw-L13428,本物はこんな所は興味ない
13433,blank,,
13434,post_header,raw-L13434,764 名前：既にその名前は使われています[sage] 投稿日：2005/05/19(木) 10:39:17 ID:izD729YY [2/11]
13435,body,raw-L13434,勘違いしてるｻﾞｺがいるが
13436,body,raw-L13434,彼はグラットンは自慢なんかしていない
13437,body,raw-L13434,勝手に回りが騒ぐから
13438,body,raw-L13434,素直に普通のナイトとの違いを言っただけだろ
13439,blank,,
13440,post_header,raw-L13440,767 名前：既にその名前は使われています[sage] 投稿日：2005/05/19(木) 10:41:54 ID:izD729YY [3/11]
13441,body,raw-L13440,普通に考慮したら
13442,body,raw-L13440,ここでモノマネ氏によって
13443,body,raw-L13440,鯖最強が馬鹿にされている事実が
13444,body,raw-L13440,気に食わないからだろ
13445,blank,,
13446,blank,,
13447,post_header,raw-L13447,769 名前：既にその名前は使われています[sage] 投稿日：2005/05/19(木) 10:45:58 ID:izD729YY [4/11]
13448,body,raw-L13447,お前らが思っているほど鯖最強は甘くない
13449,body,raw-L13447,１度最強になってしまった時から回りは
13450,body,raw-L13447,最強のナイトをＰＴに招き入れられたと思う
13451,body,raw-L13447,最強の義務は最強のプレッシャーとなって襲いかかってくる
13452,blank,,
13453,post_header,raw-L13453,773 名前：既にその名前は使われています[sage] 投稿日：2005/05/19(木) 10:52:37 ID:izD729YY [5/11]
13454,body,raw-L13453,期待に答えるのが鯖最強の器
13455,body,raw-L13453,途中で気を抜いてｻﾞｺになったナイトを何人も見た
13456,body,raw-L13453,はっきり言って彼ほどナイトに向いてた人間はいなかった
13457,blank,,
13458,post_header,raw-L13458,775 名前：既にその名前は使われています[sage] 投稿日：2005/05/19(木) 10:57:04 ID:izD729YY [6/11]
13459,body,raw-L13458,上げるな
13460,body,raw-L13458,お前らの行いはどちらかと言えば
13461,body,raw-L13458,完全に犯罪ぽいことを自粛すべき
13462,body,raw-L13458,以下レス不要
13463,body,raw-L13458,したら俺の勝ちを認めた事になるから
13464,blank,,
13465,post_header,raw-L13465,783 名前：既にその名前は使われています[sage] 投稿日：2005/05/19(木) 14:16:30 ID:izD729YY [7/11]
13466,body,raw-L13465,ここで俺以降に書き込みしたやつら
13467,body,raw-L13465,覚悟しておくべき
13468,body,raw-L13465,警察の魔の手がのぶて来ている以上
13469,body,raw-L13465,国家権力からはのげられない
13470,blank,,
13471,post_header,raw-L13471,791 名前：既にその名前は使われています[sage] 投稿日：2005/05/19(木) 15:28:23 ID:izD729YY [8/11]
13472,body,raw-L13471,実名を出すな
13473,body,raw-L13471,ｽﾞﾀｽﾞﾀにされたいのか？
13474,body,raw-L13471,お前のように本人でもないのに
13475,body,raw-L13471,人の名前を軽い気持ちで連続で言うやつは
13476,body,raw-L13471,リアルで痛い眼を見せるしかないと
13477,body,raw-L13471,判断されても仕方がない
13478,blank,,
13479,post_header,raw-L13479,800 名前：既にその名前は使われています[sage] 投稿日：2005/05/19(木) 16:37:27 ID:izD729YY [9/11]
13480,body,raw-L13479,マジでｳｻﾞｲから止めろ
13481,body,raw-L13479,4eZJ3W+V・zolB8mhp・qjSjfEk7
13482,body,raw-L13479,お前らのような程度のｻﾞｺにかばうされるほど
13483,body,raw-L13479,鯖最強はダテでは無い
13484,body,raw-L13479,お前らが書きこむと馬鹿に見えるし
13485,body,raw-L13479,挑発しているようにしか見えない
13486,body,raw-L13479,邪魔なので消えろ
13487,body,raw-L13479,以後このスレにレス禁止要請を警察にしているので注意
13488,body,raw-L13479,上げると捕まるらしいと言っていた
13489,blank,,
13490,post_header,raw-L13490,802 名前：既にその名前は使われています[sage] 投稿日：2005/05/19(木) 17:12:58 ID:izD729YY [10/11]
13491,body,raw-L13490,もうええっつのお前名前言えよ
13492,body,raw-L13490,俺の知り合いのﾊｯｶｰが
13493,body,raw-L13490,ぶちのめしに行ってやるからよ
13494,blank,,
13495,post_header,raw-L13495,806 名前：既にその名前は使われています[sage] 投稿日：2005/05/19(木) 17:26:21 ID:izD729YY [11/11]
13496,body,raw-L13495,なに言ってるのかわからないが
13497,body,raw-L13495,この程度で捕まるわけがないとﾊｯｶｰも言ってます
13498,body,raw-L13495,お前の方が脅迫だろ
13499,blank,,
13500,post_header,raw-L13500,862 名前：既にその名前は使われています[sage] 投稿日：2005/05/22(日) 13:41:37 ID:aDsmFMAV [1/2]
13501,body,raw-L13500,彼はここを見ていないらしい
13502,body,raw-L13500,お前らが勝手に特定している気になってるだけだろ
13503,body,raw-L13500,そうえばバリスタで無敵を誇ったナイトがいたなしかも無制限
13504,body,raw-L13500,俺もナイトだが初めて人を尊敬したしお前たちも尊敬されるようにならないといけない
13505,blank,,
13506,post_header,raw-L13506,864 名前：既にその名前は使われています[sage] 投稿日：2005/05/22(日) 13:54:10 ID:aDsmFMAV [2/2]
13507,body,raw-L13506,人の名前を勝手に出すことで人が
13508,body,raw-L13506,精神的苦痛になると言う事をわからないか
13509,body,raw-L13506,訴えられたら色々調べられて人生がｹﾞｰﾑｵｰﾊﾞｰになる
13510,body,raw-L13506,彼はみていないが常識のある人がいつ通報しててもおかしくない
13511,body,raw-L13506,もうされてるかもしれないな
13512,blank,,
13513,post_header,raw-L13513,876 名前：既にその名前は使われています[sage] 投稿日：2005/05/23(月) 10:45:41 ID:5fjIGzQk
13514,body,raw-L13513,真の強さを持っている人が嫉妬されるのはいつもの事
13515,body,raw-L13513,嫉妬してるやつは弱体された精神の持ち主
13516,body,raw-L13513,彼は学校ではよく注目を浴びてるらしい
13517,blank,,
13518,post_header,raw-L13518,879 名前：既にその名前は使われています[sage] 投稿日：2005/05/23(月) 11:15:05 ID:9Kr4SR5y [1/4]
13519,body,raw-L13518,やはり嫉妬から産まれた嘘の噂が流れているな
13520,body,raw-L13518,彼は先生や不良からも一目置かれる存在
13521,body,raw-L13518,一般人とオーラが違うので一般人はなかなか話し掛けにくい
13522,body,raw-L13518,オーラ的に武力に突出しているので不良に近い
13523,body,raw-L13518,よって不良にはよく話し掛けられる＝スカウト
13524,blank,,
13525,post_header,raw-L13525,880 名前：既にその名前は使われています[sage] 投稿日：2005/05/23(月) 11:22:36 ID:9Kr4SR5y [2/4]
13526,body,raw-L13525,「話し掛けにくい」と「無視」を一緒にする馬鹿が沸いてるがこいつは馬鹿決定でしょう
13527,body,raw-L13525,倒せるに倒さないと倒せないから倒せないと一緒とレベル一緒でしょう
13528,body,raw-L13525,あいにく彼は孤独を楽しむﾀｲﾌﾟなのでみずからかんけいを絶っているだけ
13529,body,raw-L13525,復活させようと思えばいつでも可能なので明らかに人生を熟知している
13530,blank,,
13531,post_header,raw-L13531,882 名前：既にその名前は使われています[sage] 投稿日：2005/05/23(月) 11:41:54 ID:9Kr4SR5y [3/4]
13532,body,raw-L13531,それはお前だろうが
13533,body,raw-L13531,お前のダサさをなすり付けるとは
13534,body,raw-L13531,さすが忍者、ナイト代表を捏造でＣＭしてでも
13535,body,raw-L13531,盾役ﾅﾝﾊﾞｰ１を奪いたいらしい
13536,blank,,
13537,post_header,raw-L13537,885 名前：既にその名前は使われています[sage] 投稿日：2005/05/23(月) 11:50:57 ID:9Kr4SR5y [4/4]
13538,body,raw-L13537,何でもいいからageるな
13539,body,raw-L13537,もう結構ウデとか血管血走ってるから
13540,body,raw-L13537,騒ぐと危険
13541,body,raw-L13537,後悔しないうちに止めておけ
13542,blank,,
13543,body,raw-L13537,～～～　こ　の　ス　レ　終　了　～～～
13544,blank,,
13545,post_header,raw-L13545,913 名前：既にその名前は使われています[sage] 投稿日：2005/05/24(火) 11:58:50 ID:yD526KtU
13546,body,raw-L13545,人を文句いう奴らはなに様だか自分らは彼の事を知ってるんだろうけど
13547,body,raw-L13545,彼はお前たちの事など知らないだろうな鯖１の宿命で妬まれるのは覚悟できてたはずだから彼にﾀﾞﾒｰｼﾞはない
13548,body,raw-L13545,はっきり言って芸能人に文句いってるｻﾞｺの一般人だろ
13549,body,raw-L13545,芸能人に文句いってる調子コイてるﾔﾂがいるのが残念ながら芸能人にＰスキルで勝てるやつはいない
13550,body,raw-L13545,しかも芸能人は文句を言わないしななぜなら人間が大人なので文句を言わないという事それにお前たちの事知らないしなｻﾞｺｽｹは黙ってろ
13551,blank,,
13552,blank,,
13553,post_header,raw-L13553,924 名前：既にその名前は使われています[sage] 投稿日：2005/05/24(火) 17:55:00 ID:EAw1hHts [1/2]
13554,body,raw-L13553,～～～このスレ終了～～～
13555,blank,,
13556,blank,,
13557,post_header,raw-L13557,927 名前：既にその名前は使われています[sage] 投稿日：2005/05/24(火) 18:20:25 ID:EAw1hHts [2/2]
13558,body,raw-L13557,捏造するなよ前歯へし折られたいのかおまえﾈｯﾄ番長ならいい加減にしておけよ
13559,body,raw-L13557,こっちにはいろんな山脈があるからお前の謝罪地を教えてもらうことも可能かもな
13560,body,raw-L13557,彼は登校拒否どころか学校でも一目置かれているぞ
13561,body,raw-L13557,一般人よりも不良とつるむ事が多いらしい本人は相手にしていないが不良がよく話し掛けるので女子からは憧れの眼差しと男子からはせん望の眼差しらしい
13562,body,raw-L13557,どっちにしてもやばい
13563,blank,,
13564,blank,, 
13565,blank,,
13566,blank,, 
13567,blank,,
13568,section_title,,ナイト盾ＰＴについて
13569,blank,,
13570,blank,, 
13571,blank,,
13572,blank,, 
13573,blank,,
13574,post_header,raw-L13574,792 名前：既にその名前は使われています[sage] 投稿日：2005/05/22(日) 13:48:25 ID:aDsmFMAV [1/3]
13575,body,raw-L13574,ナ盾がダメとか言ってる奴はｻﾞｺ決定
13576,body,raw-L13574,ナイトが盾として最強なのはすでに証明されている
13577,body,raw-L13574,その知識もないのに口答えするｻﾞｺは一生上手いＰＴにむしされるだろうな
13578,body,raw-L13574,学校みたいに無視される前に反省すべき
13579,body,raw-L13574,世の中には色々な攻撃しゅだんがあるんだがな
13580,blank,,
13581,post_header,raw-L13581,797 名前：既にその名前は使われています[sage] 投稿日：2005/05/22(日) 14:15:28 ID:aDsmFMAV [2/3]
13582,body,raw-L13581,言い返せないと笑ってごまかそうとするやつは決定的な忍者
13583,blank,,
13584,body,raw-L13581,ナイト　屈強なﾀｹﾞ取り→便りがいがある→ｹﾞｰﾑが楽しくなる→ＬＳで人気者→好きになる
13585,blank,,
13586,body,raw-L13581,忍者　　虚弱なﾀｹﾞ取り→攻撃が抑え気味になる→楽しくない→ＬＳで無視される→いなくなる
13587,blank,,
13588,blank,,
13589,post_header,raw-L13589,799 名前：既にその名前は使われています[sage] 投稿日：2005/05/22(日) 14:36:03 ID:aDsmFMAV [3/3]
13590,body,raw-L13589,いい加減にしろよ勝手に決め付けるなよ
13591,body,raw-L13589,彼はここをみていない
13592,body,raw-L13589,キャラを消す呪われた場所だから当然みていない
13593,body,raw-L13589,俺のことはいいが彼の名前は絶対に出すな
13594,body,raw-L13589,名誉損壊でたまたまここ見ていた警察が動いてるらしいから無闇に人の名前を出してると管理人に
13595,body,raw-L13589,迷惑かかるしお前の人生もｹﾞｰﾑｵｰﾊﾞｰになる
13596,blank,,
13597,blank,, 
13598,blank,,
13599,blank,, 
13600,blank,,
13601,blank,,
13602,section_title,,拝啓■e様、もはやナイト弱体は避けられません。
13603,blank,,
13604,blank,, 
13605,blank,,
13606,blank,,
13607,post_header,raw-L13607,63 名前：既にその名前は使われています[sage] 投稿日：2005/06/03(金) 11:13:39 ID:tFYpFz9q [1/5]
13608,body,raw-L13607,忍者ごときがふざけるなよ
13609,body,raw-L13607,ナイトを人気下げさせて自分が有効に立とうとするとかマジで最悪だな忍者は
13610,body,raw-L13607,だが残念ながらナイトの強力さはすでに浸透していた事実を忍者は知らなかった
13611,body,raw-L13607,それにしても忍者増えてくたよな何で上げるのかわからない
13612,body,raw-L13607,そのまま上げても弱いのにな、最強の武器はナイトが持つ事になると知り合いから聞いたがどうやら本当らしい
13613,post_header,raw-L13613,74 名前：既にその名前は使われています[sage] 投稿日：2005/06/03(金) 11:53:22 ID:tFYpFz9q [2/5]
13614,body,raw-L13613,ナイトが装備する最強武器はいろいろある
13615,body,raw-L13613,忍者ごときがｺﾞﾁｬｺﾞﾁｬ五月蝿いよ？
13616,body,raw-L13613,ナイトは忍者の人気を落とすような薄汚いマネはしないんだが汚いよな忍者は・・
13617,body,raw-L13613,自分の地位をまもるために何か必死杉で笑えるし
13618,body,raw-L13613,それに比べてナイトは忍者みたいに汚くないな
13619,body,raw-L13613,存在感が桁外れな存在感なのでたびたび人と
13620,body,raw-L13613,接触するけどこれも相手にされない雑魚の不可抵抗な妬み関係がほとんど
13621,body,raw-L13613,だがそう言うやつらも最期にはふれひすからな
13622,body,raw-L13613,ナイトは別格だという事を思い知らされる事件だったかな・・そいつはナイトの権力でＬＳの法律を乱すので削除されたらしい
13623,blank,,
13624,post_header,raw-L13624,82 名前：既にその名前は使われています[sage] 投稿日：2005/06/03(金) 12:50:58 ID:tFYpFz9q [3/5]
13625,body,raw-L13624,俺が思うに偶然IDが一緒になった人だと思うな
13626,body,raw-L13624,こういう人気のあるところは通信回線が混乱してたまに良くあるらしいぞ俺じゃない
13627,blank,,
13628,post_header,raw-L13628,84 名前：既にその名前は使われています[sage] 投稿日：2005/06/03(金) 12:53:08 ID:tFYpFz9q [4/5]
13629,body,raw-L13628,あと俺は彼ではないので軽軽しく名前を出すな
13630,blank,,
13631,post_header,raw-L13631,86 名前：既にその名前は使われています[sage] 投稿日：2005/06/03(金) 13:01:00 ID:tFYpFz9q [5/5]
13632,body,raw-L13631,だからｳｻﾞｲってんだろうが？
13633,body,raw-L13631,人に勝手に名前つけてちょうしこくなよ
13634,body,raw-L13631,お前学校にいってべんきょうすろ
13635,blank,,
13636,blank,, 
13637,blank,,
13638,blank,, 
13639,blank,,
13640,blank,,
13641,section_title,,☆忍者弱体を要望しよう☆
13642,blank,,
13643,blank,, 
13644,blank,,
13645,blank,, 
13646,blank,,
13647,post_header,raw-L13647,781 名前：既にその名前は使われています[sage] 投稿日：2005/06/03(金) 12:26:10 ID:tFYpFz9q [1/2]
13648,body,raw-L13647,忍者の弱体は免れないだろうな
13649,body,raw-L13647,盾のくせになに２回攻撃してンの？とか俺はフレに言ったら
13650,body,raw-L13647,「俺もおかしいと思ってた」とのこと
13651,body,raw-L13647,忍者自身もおかしいのは理解している事実を早く修正して欲しい
13652,body,raw-L13647,盾の基本で奥義はやはりナイトかなとおれは思うな彼らは本気で盾役のあるべき姿を一番に考えている
13653,post_header,raw-L13653,804 名前：既にその名前は使われています[sage] 投稿日：2005/06/03(金) 12:51:46 ID:tFYpFz9q [2/2]
13654,body,raw-L13653,俺じゃない
13655,blank,,
13656,blank,, 
13657,blank,,
13658,blank,, 
13659,blank,,
13660,section_title,,勝手に名前晒すヤツは豚糞
13661,blank,,
13662,blank,, 
13663,blank,,
13664,blank,, 
13665,blank,,
13666,post_header,raw-L13666,1 名前：既にその名前は使われています[] 投稿日：2005/06/22(水) 14:04:17 ID:m+Tx7ULX [1/8]
13667,body,raw-L13666,お前ら勝手に名前晒されてる奴の気持ち考えたことありますか？
13668,body,raw-L13666,ﾏｼﾞでぶん殴りたくなるほどむかつくんで
13669,body,raw-L13666,止めてもらえませんかねえ・・？
13670,body,raw-L13666,事前に晒されるとわかっていれば反抗も出来ますが
13671,body,raw-L13666,わからない場合手の打ち様が遅れるんですわ？お？
13672,body,raw-L13666,人の意見に流される糞ばかりなので本人の意見が遅れると捏造で好き放題叩かれまくられてﾏｼﾞで殺す。
13673,body,raw-L13666,ちょとｓＹレならんしょこれは・・？晒すなら本人に断ってやれよ。
13674,body,raw-L13666,これからはそれが出来ないやつが悪者でＦＡ！それくらいも出来ない卑怯者はﾏｼﾞでかなぐり捨てﾝぞ？
13675,blank,,
13676,post_header,raw-L13676,7 名前：既にその名前は使われています[] 投稿日：2005/06/22(水) 14:09:59 ID:m+Tx7ULX [2/8]
13677,body,raw-L13676,特定されるかもしれないから強くは言えない。
13678,body,raw-L13676,ただ『一般人』では手に入れられない武器を持ってPTで活躍していたら
13679,body,raw-L13676,嫉妬に狂ったメンが勝手に俺の名前を出したことが今まででかなりむかついた。
13680,blank,,
13681,post_header,raw-L13681,13 名前：既にその名前は使われています[] 投稿日：2005/06/22(水) 14:13:31 ID:m+Tx7ULX [3/8]
13682,body,raw-L13681,自分に出来ない事を人にやられてしまうと
13683,body,raw-L13681,自分が劣っているように感じたのかもしれないが
13684,body,raw-L13681,それは優れた人のせいじゃないだろうが！
13685,body,raw-L13681,嫉妬に狂った一般人の無差別晒しはマジで手に負えないから最悪だ・・
13686,post_header,raw-L13686,21 名前：既にその名前は使われています[] 投稿日：2005/06/22(水) 14:19:10 ID:m+Tx7ULX [4/8]
13687,body,raw-L13686,俺は自他ともに認めるﾄｯﾌﾟﾌﾟﾚｲﾔｰだが
13688,body,raw-L13686,ひょんなことから俺の名前が勝手に出されるという結果になった。
13689,body,raw-L13686,しかも俺の評判を悪くするような事を過去から掘り返しての書き連ねての所業。
13690,body,raw-L13686,ﾄｯﾌﾟﾌﾟﾚｲﾔｰは本の極一部だから一般人ひとりひとりに注意を向けるわけにはいかないんだよ！
13691,body,raw-L13686,でも一般人は無限にいるからな、、嫉妬に狂うと洒落にならない結果になっている。
13692,body,raw-L13686,いまのヴァナはﾄｯﾌﾟﾌﾟﾚｲﾔｰにとってやりにくい
13693,blank,,
13694,post_header,raw-L13694,31 名前：既にその名前は使われています[] 投稿日：2005/06/22(水) 14:31:14 ID:m+Tx7ULX [5/8]
13695,body,raw-L13694,ジョブは言いませんよ（*‘‐‘）？
13696,body,raw-L13694,全国区には実力でなりますから。
13697,body,raw-L13694,特定されて全国区になったら動きにくくなるし騙されませんよ。
13698,blank,,
13699,post_header,raw-L13699,35 名前：既にその名前は使われています[] 投稿日：2005/06/22(水) 14:35:55 ID:m+Tx7ULX [6/8]
13700,body,raw-L13699,勝手に名前晒すやつは何処の板でも管理人とかが全力で排除するべきだろ・・
13701,body,raw-L13699,ﾄｯﾌﾟﾌﾟﾚｲﾔｰは世界の窓を切り開く存在なのに
13702,body,raw-L13699,こういう晒し厨の糞ガキがまじゃっているため常に晒しの恐怖を持ってストレスが溜まる。
13703,body,raw-L13699,こういうは障害罪か脅迫の罪だろ・・マジで最悪・・調べて潰せよ■！
13704,blank,,
13705,post_header,raw-L13705,36 名前：既にその名前は使われています[] 投稿日：2005/06/22(水) 14:41:20 ID:m+Tx7ULX [7/8]
13706,body,raw-L13705,一般人では一生手に入れることの出来ない装備を持って
13707,body,raw-L13705,レベル上げで他の奴らより活躍するだけで晒されるし晒す奴はマジで糞
13708,body,raw-L13705,たぶん同じPTにいた忍か白だがな・・俺が普通にトップダメージ出す妬み。
13709,body,raw-L13705,こいつ等は俺を晒す気でいたから名前を書いて覚えていたんだろうが
13710,body,raw-L13705,俺は卑怯者ではないので晒す気など無かったから名前とか覚えていないしマジ卑怯だとおもうだろう常識的に
13711,blank,,
13712,post_header,raw-L13712,42 名前：既にその名前は使われています[] 投稿日：2005/06/22(水) 14:46:42 ID:m+Tx7ULX [8/8]
13713,body,raw-L13712,一般人が優れた人物よりものさばる世界ってどんな世界だよ！糞が！
13714,body,raw-L13712,装備による戦闘能力・数々の歴史をくぐってきた場慣れした経験によって
13715,body,raw-L13712,何が一番効果的かとか最強の攻撃手段とかあるのに一般常識に縛られて
13716,body,raw-L13712,想定外の攻撃には殴ったらダメとか座れとかマジで命令する奴がいるんだがだいたいこういう奴が晒し厨
13717,blank,,
13718,blank,, 
13719,blank,,
13720,blank,,
13721,section_title,,【追加NM】NM76匹目【徹底解明】
13722,blank,,
13723,blank,, 
13724,blank,,
13725,blank,,
13726,post_header,raw-L13726,314 名前：こういう事だな[] 投稿日：2005/07/21(木) 17:14:58 ID:hiPPrg1n [1/4]
13727,body,raw-L13726,Kumoのシックルスラッシュが発動！　→　ナイトにいっぱおのダメージ！！
13728,blank,,
13729,body,raw-L13726,白はナイトにケアル５を唱えた
13730,body,raw-L13726,ナイトはナイトにケアル４を唱えた
13731,body,raw-L13726,赤はナイトにケアル３を唱えた
13732,body,raw-L13726,詩はナイトにケアル３を唱えた
13733,blank,,
13734,body,raw-L13726,白のケアル５が発動　→　ナイトのHPがいっぱい回復した
13735,body,raw-L13726,赤のケアル３が発動　→　ナイトのHPがそこそこ回復した
13736,body,raw-L13726,ナのケアル４が発動　→　ナイトのHPがちょっぽり回復した
13737,body,raw-L13726,詩の蛙３が発動やりずし　ナイトのHPが０回復した
13738,blank,,
13739,post_header,raw-L13739,331 名前：こういう事だな[] 投稿日：2005/07/21(木) 17:21:08 ID:hiPPrg1n [2/4]
13740,body,raw-L13739,５％UP分のヘイトと、敵対心+分のヘイト
13741,body,raw-L13739,同じくらいなんじゃない？
13742,blank,,
13743,blank,,
13744,post_header,raw-L13744,360 名前：既にその名前は使われています[] 投稿日：2005/07/21(木) 17:33:19 ID:hiPPrg1n [3/4]
13745,anchor,raw-L13744,>>345
13746,body,raw-L13744,そこまでだなお前のようなレスをスレ違いに書くやつはもう誰も相手にしない
13747,body,raw-L13744,今回のパッチで忍が激減しナイトの需要は上がるばかりの最中にそんな事を言っても念仏状態
13748,body,raw-L13744,今後そんなレスをしてもここはNMスレなので人工的に淘汰されるのが目に見えている
13749,blank,,
13750,post_header,raw-L13750,373 名前：既にその名前は使われています[さげ] 投稿日：2005/07/21(木) 17:42:56 ID:hiPPrg1n [4/4]
13751,body,raw-L13750,ブ>>362
13752,body,raw-L13750,ロントがはやっているからか夏休みに入ったからかすぐに人をﾈﾀ扱いにする奴がいて困る
13753,body,raw-L13750,今はこういう風に書くのがはやっているらしいから書いただけだが
13754,body,raw-L13750,真実をむぬけないやつに２ｃｈを利用するのは難しいというのもある
13755,body,raw-L13750,今から仕事の時間だこれからが稼ぎどきなのでもうこないがくやしさ丸出しのレスはしないように
13756,blank,,
13757,blank,, 
13758,blank,,
13759,blank,, 
13760,blank,,
13761,blank,, 
13762,blank,,
13763,blank,, 
13764,blank,,
13765,section_title,,さすがにナイトは格が違った
13766,blank,,
13767,blank,, 
13768,blank,,
13769,blank,, 
13770,blank,,
13771,blank,,
13772,post_header,raw-L13772,1 名前：既にその名前は使われています[] 投稿日：2005/08/03(水) 17:51:48 ID:TOymZVWm [1/3]
13773,body,raw-L13772,ＬＳのナイトがこのＬＳでは俺はおさまらぬだろうとＬＳを抜けると言い出した
13774,body,raw-L13772,リーダーは言った「たしかに抜けるのは勝手だがそれなりの抜け方があるでしょう？」といったが残念ながら引き止めたいのがﾊﾞﾚﾊﾞﾚで
13775,body,raw-L13772,ＬＳ人は「ナイトさんが抜けるならわたしも抜ける」「ナイトがいないＬＳに未来はにい」「お手本がいなくなる・・」
13776,body,raw-L13772,ナイトはどこでも引張りたこでつい先日もＨＮＭＬＳに勧誘されていた
13777,body,raw-L13772,リーダーに「何か言う事はないか？」というとリーダーはテルで「もう残る気はないのか？；」と言ってきたが俺は「おいィ？お前らは今の言葉聞こえたか？」といったら
13778,body,raw-L13772,「聞こえてない」「何か言ったの？」「俺のログには何もないな」という返事
13779,body,raw-L13772,等々リーダーの口から「残ってください；；」とリーダーなのに格の違いを見せつけられ自分の地位を悟ったのかいつのまにやら丁寧語になっていた
13780,body,raw-L13772,ナイトは「地位と権力にしがみついた結果がこれ一足早く言うべきだったな？お前調子ぶっこき過ぎてた結果だよ？」
13781,body,raw-L13772,リーダーはＬＳを壊さないでと泣いてきたがナイトに未練は無かったナイトはパールを投げ捨てた
13782,body,raw-L13772,仲間達は「存在があまりに大き過ぎた」「これじゃ何も出来ない」系の事を言っていたがもうだめ
13783,blank,,
13784,post_header,raw-L13784,22 名前：既にその名前は使われています[] 投稿日：2005/08/03(水) 18:01:31 ID:TOymZVWm [2/3]
13785,body,raw-L13784,もしかしたら同じＬＳかもなやはりナイトは中心人物でそれを妬んだリーダーがいると分解してしまう
13786,body,raw-L13784,ナイトは影の存在でも構わないのだが勝手に存在が目立ってしまう
13787,body,raw-L13784,それに見合った報酬が必要なのにりーだーがケチで何もやらなかった結果がこういう結果をもたらした
13788,body,raw-L13784,ちなみに俺は赤でこのナイトの支持者
13789,body,raw-L13784,このＬＳはもうだめかな中心人物でヌードメーカーが不在では持つわけもないが
13790,body,raw-L13784,いまごろはＨＮＭと第一戦で戦ってるらしい
13791,blank,,
13792,post_header,raw-L13792,35 名前：既にその名前は使われています[] 投稿日：2005/08/03(水) 18:12:14 ID:TOymZVWm [3/3]
13793,body,raw-L13792,せこいリーダーはナイトを誘うな
13794,body,raw-L13792,ナイトはどこでも引張りたこだから優雅に暮らせる
13795,body,raw-L13792,せこいＬＳはナイトを誘う価値も無いＬＳ
13796,body,raw-L13792,ナイトもせこいＬＳは相手にしてはだめ自分のランクが下がってしまう
13797,body,raw-L13792,・豪華なＨＮＭＬＳ→装備が充実→心が豊かなので性格も良い→彼女ができる
13798,body,raw-L13792,・せこいＬＳ→装備が雑魚→心が狭く顔にまででてくる→いくえ不明
13799,blank,,
13800,blank,, 
13801,blank,,
13802,blank,, 
13803,blank,,
13804,section_title,,ナイトはヴァナ最強であるべき part2
13805,blank,,
13806,blank,, 
13807,blank,,
13808,blank,, 
13809,blank,,
13810,post_header,raw-L13810,190 名前：既にその名前は使われています[] 投稿日：2005/08/24(水) 02:53:26 ID:esX8WP/V
13811,body,raw-L13810,お前らはなにもわかっていないな確かにナイトは素人じゃ使いこなせないから重要なのは武具とPスキル
13812,body,raw-L13810,最低でも武具に500万位上かけてないと最高のナイトと褒め称えられるのは難しい俺はLsでもヒーロー
13813,body,raw-L13810,俺はグラットンソード盛ってるからLSでは一級廃人と崇められてるしお世辞もすごい
13814,body,raw-L13810,次に大切なのはリアルでの強さ俺はリアルモンクだからかなりもてるし防御もかなりかたい
13815,blank,,
13816,post_header,raw-L13816,225 名前：既にその名前は使われています[] 投稿日：2005/09/02(金) 11:33:48 ID:Em+LYoMd [1/4]
13817,body,raw-L13816,お前らがﾅｲﾄをうらむ理由がおれにはわからないのだが思うんだが後続の性格の
13818,body,raw-L13816,悪いﾅｲﾄに当たったんだろうな運が悪いとそうなる
13819,body,raw-L13816,おれもﾌﾚもLSに鯖に尊敬できるﾅｲﾄがいたから性格の悪いﾅｲﾄいても耐えれた
13820,body,raw-L13816,性格のいいﾅｲﾄが知り合いでなければ多分俺もナイトしてなかっただろうな
13821,blank,,
13822,post_header,raw-L13822,227 名前：既にその名前は使われています[] 投稿日：2005/09/02(金) 11:45:47 ID:Em+LYoMd [2/4]
13823,body,raw-L13822,ﾅｲﾄは装備によってゆわいる装備を使いこなしている歴史は有名なのだが
13824,body,raw-L13822,性格も穏やかで回りの女を羨望の眼差しで引き寄せていたらしい
13825,body,raw-L13822,性格は穏やかだがそれほほ強い見えないんだがﾅｲﾄは貴族以上の階級からのエリートで子供の時から剣を使えていた
13826,body,raw-L13822,子供の頃から剣を使えていたのだから大人になったら手がつけられないほど
13827,body,raw-L13822,しかも教養の証である魔法もつかえるのだから他のｼﾞｮﾌﾞがﾅｲﾄのことを悪く言うのは許せないだろう
13828,post_header,raw-L13828,229 名前：既にその名前は使われています[] 投稿日：2005/09/02(金) 12:00:14 ID:Em+LYoMd [3/4]
13829,body,raw-L13828,そういえばうちのＬＳの詩人がﾅｲﾄを好きみたいだぞ？
13830,body,raw-L13828,ダボイでトカゲを狩っていたらリンクして逃げているときにすれ違っただけのナイトが助けてくれたらしい
13831,body,raw-L13828,黄色いトカゲにディアガとばしたら敵が猛威を振るってきた
13832,body,raw-L13828,ところがトカゲの攻撃は圧倒的な戦力を持ったﾅｲﾄに対してあまりにも無力過ぎた
13833,body,raw-L13828,高位ケアルをほどこしてやると狂ったようにトカゲが牙を剥いて来たらしいが次々と倒されていく仲間のトカゲを見て絶望しながら消えていったらしい
13834,body,raw-L13828,詩人はそこで溜めてたトカゲの皮を１Ｄトレードしたが９枚で良いといわれたらしい
13835,body,raw-L13828,今のＬＳではそのﾅｲﾄは謙虚なﾅｲﾄで人気者
13836,blank,,
13837,post_header,raw-L13837,232 名前：既にその名前は使われています[] 投稿日：2005/09/02(金) 12:05:04 ID:Em+LYoMd [4/4]
13838,body,raw-L13837,忍者は先行後続関係なくｻﾞｺの集まりだと思うぞまず自分の事しか考えないから性格が悪い
13839,body,raw-L13837,術はＰＴに掛けられない空蝉も自分の命を守るためだし微塵も自分だけロスト経験値なしで真の自己中
13840,body,raw-L13837,俺のフレも忍者はﾀﾞﾒだ自分だけ助かろうとしてﾅｲﾄの仲間の思う強さを分けてやりたいといっていた
13841,blank,,
13842,blank,, 
13843,blank,,
13844,blank,,
13845,section_title,,【辻ケアルします】NM91匹目【GM呼ばないでね】
13846,blank,,
13847,blank,, 
13848,blank,,
13849,blank,,
13850,post_header,raw-L13850,789 名前：既にその名前は使われています[sage] 投稿日：2005/11/21(月) 01:49:34 ID:mAq9Q/ra [1/2]
13851,body,raw-L13850,俺も獣使いなんだがこの前ライバルの赤魔と張りあいしていた
13852,body,raw-L13850,相手は俺がペットを操っているのを見てあやつる以外で自分に釣り勝ちする事は不可能と悟ったのか雑魚がわいたとき俺が赤魔の様子を確認するために静かに様子を伺ってると案の定雑魚を放置したまま俺に狩れと気迫で言っていた。俺は赤魔の態度に気にくわなかったんだが
13853,body,raw-L13850,仕方ないから狩ってやったんだが抽選のｻﾞｺは楽、俺のペットは丁度
13854,body,raw-L13850,誰もが納得する強さだった。赤が楽に3分かけて戦ってる最中俺はペットと
13855,body,raw-L13850,1分足らずでｻﾞｺをﾗﾝﾍﾟｰｼﾞで切り刻み倒した。
13856,body,raw-L13850,あまりの撲滅速度に驚愕したのか赤魔も動かなくなって俺をただ漠然と見てた。俺は一般人の獣とは違い攻撃装備も他人と二味違う装備をしてるから通りがかりで外人にCoolといわれる事も度々ある程ｱﾀｯｶｰ装備も豊富
13857,body,raw-L13850,次の抽選が始まる頃に赤魔が動き出した。「ｻﾞｺを狩らず何もしないで
13858,body,raw-L13850,NM取る気ならMPKする事になるんだが？」と言ってやると赤魔は「すればいいじゃん、その時はGMに通報するし」とたわけた事を言ってきた
13859,body,raw-L13850,役に立たないGMに通報したけりゃしろよと言いたいとこだったが華麗にスルー
13860,body,raw-L13850,お互い緊迫の釣り合いが4回ほど続いて見事に釣り勝ち、俺はあやつるで釣り
13861,body,raw-L13850,勝負していたんだが釣り負けた途端その赤が俺のﾍﾟｯﾄにすかさずｽﾘﾌﾟﾙ入れてあやつりを阻止、ペットがいなくて俺が狩れないと思う軽率な作戦に出たようだが俺はｷｬﾘｰで違うﾍﾟｯﾄ広場のとこまで引っ張て行き余裕で
13862,body,raw-L13850,撃破。赤なら倒す間にMPK出来る時間が合ったからそんなに焦らなくても良かったんだが、ｽﾘﾌﾟﾙでﾍﾟｯﾄの操りを阻止してきた事に俺は「お前そんな行動
13863,body,raw-L13850,が許されると思ってるのか？どこのLSよ？ﾘｰﾀﾞｰ出せやとtellしたら
13864,body,raw-L13850,少しﾋﾞﾋﾞってるのか「そっちが先にMPKするって言ってきたんじゃん」と
13865,body,raw-L13850,わけのわからない事をほざく
13866,body,raw-L13850,俺が先にMPKしたわけでもないのに死ねよﾀｺと言うとお前が死ねと言ってきたがここも華麗にスルー
13867,body,raw-L13850,死ぬのはお前だろｶｽ赤魔導師と罵倒してやると＾＾；といいﾚｽが帰ってこなくなった。それは俺の勝利で終わったんだが獣使いのペットを狩るべき行為
13868,body,raw-L13850,は人間として恥ずかしいぞ。そこまでして狩っても後々MPKされるﾊﾒになるんだからな
13869,body,raw-L13850,MPKされてもいいならあえて俺は何も言わないが最低限のマナーくらいは守るべきだぞ
13870,blank,,
13871,post_header,raw-L13871,794 名前：既にその名前は使われています[sage] 投稿日：2005/11/21(月) 02:11:57 ID:mAq9Q/ra [2/2]
13872,anchor,raw-L13871,>>790
13873,body,raw-L13871,偽者だと思うぞ
13874,body,raw-L13871,本物はこんなとこにこないで今はｸﾘｽﾏｽ準備で忙しいからな
13875,blank,,
13876,blank,, 
13877,blank,,
13878,blank,, 
13879,blank,,
13880,blank,,
13881,section_title,,【ナイト】メリポで時給７０００切った【樽前衛】
13882,blank,,
13883,blank,, 
13884,blank,,
13885,blank,, 
13886,blank,,
13887,post_header,raw-L13887,24 名前：既にその名前は使われています[] 投稿日：2005/12/29(木) 11:10:52 ID:NGFPM9v1 [1/4]
13888,body,raw-L13887,ナイトをバカにする奴はたぶんＬＳで地位の低い雑魚
13889,body,raw-L13887,偶然にも１みたいなこうゆう奴みたいなのがいるんだが俺のＬＳでは完全にシャッタアウトされていた
13890,body,raw-L13887,BCなどでナイトがチヤホヤされているのだが俺もナイトの派閥に入っている
13891,body,raw-L13887,ナイト派閥は最強に良いぞ？まずバランスが取れていた安全でよい
13892,body,raw-L13887,俺は他ジョブなのだが側近の白赤詩がついてくるのでもはやリーダーが別の事をしたいと言うと
13893,body,raw-L13887,「リーダーがソロするらしいぞ」というと「リーダー死にたいのか？」「そんな装備で？」「バイル＋1買う？」と助けるきなし
13894,body,raw-L13887,リーダーはロストが怖いのか今のは勘違いだという事が必死に言ってたがすでにＢＣ前まで強制連行
13895,body,raw-L13887,俺が行かないのか？というとリーダーは印章とロストが確実なものとなる…といって泣きを入れていたところ
13896,body,raw-L13887,そのナイトは「俺達も入るんだがやらないのか？」というと絶望状態だったリーダーはその時のダサさを想像できないほど必死に「やるます！」といった
13897,body,raw-L13887,俺はああリーダーもナイト派閥に飲みこまれたかとこのＬＳの今後に大きく希望を持った
13898,post_header,raw-L13898,29 名前：既にその名前は使われています[sage] 投稿日：2005/12/29(木) 11:22:39 ID:NGFPM9v1 [2/4]
13899,body,raw-L13898,いい加減にしろよ>>25・・ナイトはいるでＦＡ
13900,body,raw-L13898,ＨＮＭ戦でナイトがいなければｽﾞﾀｽﾞﾀだろうが･･
13901,body,raw-L13898,きさまジョブなに？ヴァナで言えずにこそこそ文句言ってる雑魚にナを超えるジョブを
13902,body,raw-L13898,あげてるとは思えないんだが嫉妬ならうざいからやめておけ
13903,blank,,
13904,post_header,raw-L13904,39 名前：既にその名前は使われています[sage] 投稿日：2005/12/29(木) 11:36:03 ID:NGFPM9v1 [3/4]
13905,anchor,raw-L13904,>>30
13906,body,raw-L13904,お前とは気が合いそうだな同じ鯖ならＬＳに入れてやってもいい
13907,body,raw-L13904,ブロントって誰だ？残念ながら俺は戦士なのでその可能性はないので粘着厨【入りません】
13908,body,raw-L13904,誘われたいナイトと言うかナイトじゃないと俺は組む気しない
13909,body,raw-L13904,忍者からはたげを取ってしまうほどなので忍者は盾としての役目を果たしてないからな～
13910,blank,,
13911,post_header,raw-L13911,42 名前：既にその名前は使われています[sage] 投稿日：2005/12/29(木) 11:42:14 ID:NGFPM9v1 [4/4]
13912,body,raw-L13911,俺はナ竜侍赤白詩で時給１５０００くらいいったかな
13913,body,raw-L13911,まぁ息が合ってないとなかなかキツイとおもう
13914,body,raw-L13911,敵が枯れてしまって周りのＰＴから「こんな凄いＰＴがくるとは運がない」と言わせたほど
13915,blank,,
13916,post_header,raw-L13916,48 名前：既にその名前は使われています[] 投稿日：2005/12/29(木) 12:03:23 ID:77V/Lx2S [1/3]
13917,body,raw-L13916,俺もナは最強だと思うな
13918,body,raw-L13916,ナイトがダメとか言ってる奴は嫉妬に狂ってるすがたが想像できないらしい
13919,body,raw-L13916,おまえが嫉妬してるのもうここのスレのやつらは気付いてるんだが？
13920,blank,,
13921,blank,,
13922,post_header,raw-L13922,52 名前：既にその名前は使われています[sage] 投稿日：2005/12/29(木) 12:18:59 ID:77V/Lx2S [2/3]
13923,body,raw-L13922,これ立てたの絶対忍者だろ･･汚いなさすが忍者きたない
13924,body,raw-L13922,俺はこれで忍者きらいになったなあもりにもひきょう過ぎるでしょう？
13925,body,raw-L13922,俺は中立の立場で見てきたけどやはりナイト中心で行った方が良い事が判明した
13926,body,raw-L13922,忍はウソついてまでＰＴの盾役を確保したいらしいがナイトに相手されてない事くらいいい加減気づけよ
13927,body,raw-L13922,ナイトは忍者よりも高みにいるからお前らのイタズラにも笑顔だったがいい加減にしろよ
13928,post_header,raw-L13928,94 名前：既にその名前は使われています[sage] 投稿日：2005/12/29(木) 16:17:05 ID:77V/Lx2S [3/3]
13929,anchor,raw-L13928,>>91
13930,body,raw-L13928,それが出来たから周りの貧弱なＰＴに恐れさせた
13931,body,raw-L13928,おけげで常にサーチされてるみたいで俺がいるところだと
13932,body,raw-L13928,殲滅速度が速過ぎて他ＰＴは経験値を稼げないので避けられるので自ＰＴでは常に最高状態
13933,body,raw-L13928,組んだメンバーからはフレ登録されてくるが今回はたまたまＰＴしたくなっただけと告げると大体諦めるが
13934,body,raw-L13928,♀は強い男に憧れるのでなかなかひつこい
13935,body,raw-L13928,女はだいたい最後には登録してやるが男からのフレ登録は迷惑
13936,blank,,
13937,post_header,raw-L13937,149 名前：既にその名前は使われています[sage] 投稿日：2005/12/30(金) 11:09:16.85 ID:IMZsVnMH [1/3]
13938,body,raw-L13937,やっぱ騎士系は強いよな～圧倒的にさすがって感じ
13939,body,raw-L13937,騎士の中で不安定だった竜も今回ので超つよくなったし暗黒騎士もスタン能力が光る機械が増えてきた
13940,body,raw-L13937,まぁ一番光ってるのはやはりというかナイトだな
13941,body,raw-L13937,ナイトと組めたらその日の狩りは成功したもも同然
13942,body,raw-L13937,攻撃はヒキョウ者ではないから正正堂堂と避けないが現在失われし財産である盾を使って名実ともに唯一ぬにの盾
13943,body,raw-L13937,しかも敵は攻撃を空蝉で避けられると「これはヒキョウ技なので仕方がない」と言う事になるが
13944,body,raw-L13937,盾で受け流されるととてとての敵であるはずなのに潜在能力の桁違いの才能に「これほど才能があると勝てるわけがない」と諦め表情になる
13945,body,raw-L13937,さらには最高の武器である片手剣Ａ+を所持し最高の武器から与えられるそのダメージ効率は最強その物
13946,body,raw-L13937,さらにその武器受け流し能力はさすがＡ+といったところか敵に「そこにいたのにいなかった」という表情になる
13947,blank,,
13948,post_header,raw-L13948,153 名前：既にその名前は使われています[sage] 投稿日：2005/12/30(金) 15:40:41.09 ID:IMZsVnMH [2/3]
13949,body,raw-L13948,ここには何のまえぶれもなしにいきなり意味不明なこと言うのかよ
13950,body,raw-L13948,俺はここ見たの初めてだけど激しい怒りにおそわれてるぞ・・
13951,quoted_line,raw-L13948,>>151にしたっては殺人予告かよ・・
13952,body,raw-L13948,ちょっと調子こき過ぎたなテレビがあるから法律とか結構かなり詳しい人間が
13953,body,raw-L13948,ゴロゴロいるなかでお前は調子に　　乗　　っ　　て　　し　ま　　っ　た　　な　！
13954,anchor,raw-L13948,>>152
13955,body,raw-L13948,なるほどなこの人か・・俺と同じ意見の持ち主みたいだな
13956,body,raw-L13948,たしかに俺は彼みたいに常時じゃ無いが偶然１４５００ほど時給を出した事ある
13957,body,raw-L13948,俺のときも周りの忍盾ＰＴが獲物のいないフィールドを走りまわり物欲しそうに眺めていた
13958,body,raw-L13948,その後も他ＰＴははき捨てる様に「忍者じゃの時代は終わったな」「戦闘最後に挑発入れるからリキャ間に合わなくなる忍は頭悪い」とかいわれててみててかわいそうになった
13959,body,raw-L13948,しかし１４５００ＰＴでこれが限界かと思っていたのにまだ上がいたんだな・・きっと彼は選ばれたＰスキルの塊に違いない
13960,body,raw-L13948,今後の目標が出来て俺はここに来て最高の師匠に出会えた気分がしたのだった
13961,blank,,
13962,post_header,raw-L13962,157 名前：既にその名前は使われています[sage] 投稿日：2005/12/30(金) 17:37:01.97 ID:IMZsVnMH [3/3]
13963,body,raw-L13962,妬みかよま１４５００とかも気合が相当入ってないと出せないとおもうが
13964,body,raw-L13962,それは恥ではないぞ？このＰＴが凄かっただけ（それでも１５０００の前にはかすんで見えるが）
13965,body,raw-L13962,つまんないとかじゃなくてまともに返せないだけだろ？強がるなよ
13966,body,raw-L13962,精進しろとか言ってるお前は時給いったい幾ら出せるんだろうな？楽しみで仕方がないよ全く
13967,blank,,
13968,blank,, 
13969,blank,,
13970,blank,, 
13971,blank,,
13972,section_title,,一般的に言ってナイトが最強か
13973,blank,,
13974,blank,, 
13975,blank,,
13976,blank,, 
13977,blank,,
13978,blank,,
13979,post_header,raw-L13979,1 名前：既にその名前は使われています[] 投稿日：2006/03/31(金) 16:50:27.99 ID:GhOVu9Na [1/4]
13980,body,raw-L13979,俺はナイトしかＰＴさそわないな忍者いれるとまずふいんきが絶対悪くなる
13981,body,raw-L13979,いままで隠してきたんだが次のバージョンアップで革命が起きるので先に俺は知っていたという
13982,body,raw-L13979,偶然ナイトと忍者が合同のＰＴ入ったんだがやはりナイトすごいと思ったよ
13983,body,raw-L13979,忍者とか必死にタゲ取ろうとしてるのに完全にナイトが敵を支配してたぞ
13984,body,raw-L13979,しかもその馬鹿忍者がザコいくせに挑発とかしてたんだが俺が注意しようとしたんだが
13985,body,raw-L13979,「挑発する暇があるのなら敵を攻撃してくれ」と誰も言いにくいことをズバっと言う
13986,body,raw-L13979,これは自分に自信がないと言えないな～、だけど「ナイトのＭＰも無限じゃない」と後でフォロしてたのがさらに好印象だった
13987,body,raw-L13979,だがナイトが優しくしてるのにその忍は黙ってしまったＰＴ会話なしの最悪状態
13988,body,raw-L13979,その後その忍者のことについて裏テルも回ってきたがナイトは「本人には内緒で」と人を傷つけるのが怖いみたいな聖騎士らしさを見せた
13989,blank,,
13990,post_header,raw-L13990,13 名前：既にその名前は使われています[] 投稿日：2006/03/31(金) 17:00:42.94 ID:GhOVu9Na [2/4]
13991,body,raw-L13990,忍者も悪くは無いんだけどやっぱり盾と言ったらナイトがダントツでしょうねえ
13992,body,raw-L13990,しかもＰスキルの高い人がナイトやってる確率は高いので知りあいのいない野良では圧倒的に頼もしい存在感
13993,body,raw-L13990,ＰＴ会話もありきたりなへぼい会話じゃなく一般人の未経験なＨＮＭとかの話をする
13994,body,raw-L13990,ナイトはＨＮＭＬＳでは中心的存在で周りの人間から指示をされる
13995,body,raw-L13990,ＰＴのメンバーも今まで聞いた事も無いような伝説のＨＮＭの話を聞けて大盛り上がりだったぞ
13996,body,raw-L13990,忍者も口をはさんできたが俺はしゃべる暇あるなら敵つって来いと思った
13997,body,raw-L13990,せっかくナイトが場をなごませて盛り上げてるのにこいいう低スキルの忍がいるとちっとも経験値が入らない
13998,blank,,
13999,post_header,raw-L13999,17 名前：既にその名前は使われています[] 投稿日：2006/03/31(金) 17:09:10.36 ID:GhOVu9Na [3/4]
14000,body,raw-L13999,ちなみに俺はナイトじゃないぞ？俺もナイトしたいんだが上級者のナイト見ると忍者の方が弱いけど楽勝だなとおもう
14001,body,raw-L13999,忍は誰がしても結局避けるだけだろ、これじゃ何の為にレベル上げてたのかわからないしな～
14002,body,raw-L13999,その点やっぱりナイトはえごいぞ、普通の防御力もナンバー１で最強なのに盾の能力も最強
14003,body,raw-L13999,しかも次は発動率アップするらしいからな～この勢いは留まらないでしょう
14004,body,raw-L13999,忍者は黙って攻撃してればいいのに挑発とかするなよ
14005,body,raw-L13999,外から見てもナイトに一人でライバル視する忍者はアワレだとうちのＬＳでも結構話題になる
14006,blank,,
14007,post_header,raw-L14007,19 名前：既にその名前は使われています[sage] 投稿日：2006/03/31(金) 17:16:40.75 ID:GhOVu9Na [4/4]
14008,body,raw-L14007,俺はその人知らないけどあまり人の個人名出さない方が良いぞ・・
14009,body,raw-L14007,俺のフレもここじゃないが掲示板で喋ってたら警察がきたらしい
14010,body,raw-L14007,その時は鑑別所に入れられたらしいな・・そこで喧嘩になって結構ボコられたらしいし
14011,body,raw-L14007,とくにこういうところは警察の目が張ってあるから言葉は選べ
14012,blank,,
14013,post_header,raw-L14013,21 名前：既にその名前は使われています[] 投稿日：2006/03/31(金) 17:24:33.79 ID:aC1amgSc [1/4]
14014,body,raw-L14013,おっそのＰＴに偶然だが俺もいたみたいだぞ？
14015,body,raw-L14013,たしかにナイトは敵を支配していたよな俺も忍者に挑発するなら攻撃してくれと言いそうになってたよ
14016,body,raw-L14013,ところがナイトが憎まれ役をやってくれて実は俺も裏テルでお礼を言ったんだが
14017,body,raw-L14013,「内部ヘイトも完全コントロール」と返ってきた感心したよ
14018,body,raw-L14013,敵のヘイトと一緒に無駄な挑発に怒りを覚えた後衛のヘイトを下げつつ忍者の憎しみのヘイトを自分に集中させたんだからな
14019,body,raw-L14013,俺が見た限りじゃアレは最上級のナイトでしょう？
14020,body,raw-L14013,あんなのがそこらにわいてら俺はもうナイトしか誘えない
14021,blank,,
14022,post_header,raw-L14022,23 名前：既にその名前は使われています[] 投稿日：2006/03/31(金) 17:30:44.64 ID:aC1amgSc [2/4]
14023,anchor,raw-L14022,>>２０
14024,body,raw-L14022,やっぱりわかる人間にはわかるんだよなー
14025,body,raw-L14022,そのナイトがたまたま当りだったとか関係なく俺はナイト自体が好きになったよ
14026,body,raw-L14022,結構忍者に騙されてる可哀想な一般人がいるのがかわいそうだが
14027,body,raw-L14022,俺もＰＴ誘うが今はダントツナイトＰＴだな
14028,body,raw-L14022,忍者と比べても防御力が圧倒的に高いので安心出来るしな
14029,body,raw-L14022,ヘイト能力も一流なので事故死とかまずないから忍者と比べて後衛も楽しめる
14030,body,raw-L14022,さらに攻撃タイプにして欲しいとき言ってみるといいナイトはサポ忍で最強になったりするぞ
14031,blank,,
14032,blank,,
14033,post_header,raw-L14033,26 名前：既にその名前は使われています[] 投稿日：2006/03/31(金) 17:46:10.33 ID:aC1amgSc [3/4]
14034,body,raw-L14033,時給とか関係ないだろ・・？
14035,body,raw-L14033,ただ一つだけ確実なのは俺はナイトＰＴしか出来ないな
14036,body,raw-L14033,忍者の悪口ではないがザコ忍とあたったら低時給
14037,body,raw-L14033,さらにヘイトもアマアマなはずなのでちょっと強いＷＳとか魔法撃つと
14038,body,raw-L14033,タゲ外れなくて時給マイナスになる・・・俺はこれで結構泣いた
14039,body,raw-L14033,ところがナイトになってから確実に経験値はたまりすでにフルメリポ状態
14040,body,raw-L14033,性格の悪い忍者よりナイトとの方が確実に強い
14041,blank,,
14042,post_header,raw-L14042,35 名前：既にその名前は使われています[sage] 投稿日：2006/03/31(金) 18:01:05.24 ID:aC1amgSc [4/4]
14043,body,raw-L14042,俺は忍者で外れ引いたな～
14044,body,raw-L14042,ナイトの方が大当たりの確率高いね俺も確実にナイト派閥だな
14045,body,raw-L14042,いま忍者派閥のやつらは必死にごますりはじめてる
14046,blank,,
14047,post_header,raw-L14047,39 名前：既にその名前は使われています[] 投稿日：2006/03/31(金) 18:14:48.19 ID:9GXlZRwP
14048,body,raw-L14047,ナイト最強とあまりいうと他の一般ジョブ人が嫉妬するのであまり連呼すべきではない
14049,body,raw-L14047,敵を支配する能力はすばらしいがそれも他のジョブの人がやさしくフォローしているおかげ
14050,body,raw-L14047,おれの知っているナイトそうやっていつも謙虚にLSでも会話していたので人望もすばらしかった
14051,body,raw-L14047,BC等でも全滅寸前でナイトの人が孤軍で奮闘して見事に勝利してもアイテムを売ってみんなで分はいしようというやさしさを見せた
14052,body,raw-L14047,これにはいつも陰口をたたくだめな忍者も改心したのか「ナイトさん持っていって」と言い出す始末
14053,body,raw-L14047,それなのにそのナイトはアイテムを売って忍者にも少し分けていたので心が広かった
14054,blank,,
14055,post_header,raw-L14055,82 名前：既にその名前は使われています[] 投稿日：2006/04/02(日) 10:28:41.65 ID:bJm4hgev [1/6]
14056,body,raw-L14055,このスレッドみてたんだがナイトは全体的に性格がいいの確定したみたいだな
14057,body,raw-L14055,はっきりいってナイトが忍者に負けていると言う噂は忍者が流してたしな
14058,body,raw-L14055,偶然だが俺のＬＳの忍者とナイトがリアル喧嘩になったんだが忍者って性格最悪だな
14059,body,raw-L14055,ミッションで薬品を持ってこないで「俺クリアしてないけどある意味俺手伝いみたいだし」とかいってたが
14060,body,raw-L14055,誰もそれに文句言えなかったんだがナイトが「俺の分の薬品ついでに買って来い」とぱしりさせてたぞみんなこころがしっとしたｗ
14061,body,raw-L14055,忍者はなんでおれがといっていたがナイトは言葉にも迫力があるんだな「ほう」と言った沈黙が１０秒ほどしてからだろうか忍者が爆発した
14062,body,raw-L14055,いままでＬＳ会話だったのだができるだけ自分の惨めな姿を晒したくない様でＰＴ会話に切り替えて「薬品買いました」と順々な雑魚になっていた
14063,body,raw-L14055,これによって一気にナイトの権力が巨大化したんだがそのナイトは今でも傘に着ないなー
14064,blank,,
14065,post_header,raw-L14065,83 名前：既にその名前は使われています[sage] 投稿日：2006/04/02(日) 10:39:24.20 ID:bJm4hgev [2/6]
14066,body,raw-L14065,俺のＬＳがサポ上げでバタリアしてる時にも全滅したんだが
14067,body,raw-L14065,ＬＳ会話で助けを求めると偶然ナイトがバタリアで虎狩っていた
14068,body,raw-L14065,俺はああヒーローは本当に偶然常に近くを通りかかるもんだなと納得した
14069,body,raw-L14065,しかもヒュム♀白だけにレイズして「もう大丈夫だな」といって必要最低限の施しだけしていった姿に孤高の騎士だったな
14070,body,raw-L14065,一般人はすぐに全部を頼ろうとするところがだめ
14071,body,raw-L14065,しかもそのナイトはリンクやからまれがないように付近の虎を全滅させていくという不器用だが細心の心配をしていってくれたのだった
14072,body,raw-L14065,ＰＴのヒュム♀白は「素晴らしいナイトだすばらしい」と神格化してるようだったので「実はうちのナイト」というと今度紹介してくれといってきた
14073,blank,,
14074,post_header,raw-L14074,85 名前：既にその名前は使われています[sage] 投稿日：2006/04/02(日) 10:47:08.78 ID:bJm4hgev [3/6]
14075,body,raw-L14074,やっぱりナイトはもてるなーと思ってたんだがしぐ気付いた
14076,body,raw-L14074,もてる為にナイトするのは馬鹿
14077,body,raw-L14074,真のナイトは思わずナイトをしてしまってる真のナイトだからもててるのだという事実
14078,body,raw-L14074,やっぱ憧れるよなーうちのＬＳでも女率相当結構高いんだがみんなナイトに集中している
14079,body,raw-L14074,普通ならここで離れてしまうんだがこれがナイトの引力かな離れられない
14080,body,raw-L14074,俺は心のどこかで男として完全支配されてるんだなとおもったよ
14081,body,raw-L14074,しかも性格も喧嘩も強いので同等にもなれそうにない俺も結構ケンカ強いんだけどオーラでわかるんだよな
14082,blank,,
14083,post_header,raw-L14083,91 名前：既にその名前は使われています[sage] 投稿日：2006/04/02(日) 14:52:26.95 ID:bJm4hgev [4/6]
14084,body,raw-L14083,ナイトに弱体とかお前まじぶっころしょ？
14085,body,raw-L14083,俺はナイトではないがナイト弱体したらまわりが騒ぎだろうな
14086,body,raw-L14083,俺はナイト弱体にはどちかというと大反対だな
14087,body,raw-L14083,ナイト自体は強いがやっぱりナイトの性格のよさが武器だよなー憧れる
14088,body,raw-L14083,弱体となえてる馬鹿のジョブがさっさと弱体されろよカス
14089,blank,,
14090,post_header,raw-L14090,93 名前：既にその名前は使われています[sage] 投稿日：2006/04/02(日) 15:28:17.15 ID:bJm4hgev [5/6]
14091,body,raw-L14090,いい加減人煽るのいい加減にしろよ・・ﾎﾞｺﾎﾞｺにしてやろうか？
14092,body,raw-L14090,誰が他ジョブ馬鹿にしてるんだよ俺はナイトを馬鹿にしてる奴を馬鹿と言ってジョブが弱くなれば良いと言っただけ
14093,body,raw-L14090,いいかげんな事ほざいてると敵に回すぞ
14094,body,raw-L14090,お前誰だよ？人を悪者にしてたのしいらしいのでお前はナイトではないようだなお前は消えろよ
14095,blank,,
14096,post_header,raw-L14096,95 名前：既にその名前は使われています[sage] 投稿日：2006/04/02(日) 15:34:56.21 ID:bJm4hgev [6/6]
14097,body,raw-L14096,ageるなよリアルでボコボコにされたいのか？
14098,blank,,
14099,post_header,raw-L14099,98 名前：既にその名前は使われています[] 投稿日：2006/04/02(日) 16:55:13.03 ID:I3JXvcLl
14100,anchor,raw-L14099,>>97
14101,body,raw-L14099,お前負けてることにいい加減気づけよ
14102,body,raw-L14099,全く関係のない俺が見ても彼の言い分が圧倒的に有効なのにかみつきすぎ
14103,blank,,
14104,post_header,raw-L14104,122 名前：既にその名前は使われています[sage] 投稿日：2006/04/03(月) 15:08:19.49 ID:Tz0ZksfD [1/4]
14105,body,raw-L14104,雑魚ナイトに何を怯えてるんだかな
14106,body,raw-L14104,正直に言った方が良いだろ？怖いですと
14107,body,raw-L14104,俺はわかるかなその気持ち俺も結構暴力使って人から恐れられてるんだが
14108,body,raw-L14104,経験から危険な敵はわかるから絶対敵になりたくないな
14109,body,raw-L14104,ここで調子こいて吠えてるの大半はびびりはいってるから恥かしくないぞ
14110,blank,,
14111,post_header,raw-L14111,127 名前：既にその名前は使われています[sage] 投稿日：2006/04/03(月) 16:07:03.56 ID:Tz0ZksfD [2/4]
14112,body,raw-L14111,いえでブルってるのはお前だろ？
14113,body,raw-L14111,それが自ら証明するための証拠までだしてる事にいい加減気づけよ
14114,body,raw-L14111,不良とゲーセンとかたまにいくんだがお前みたいなのみて手まねきしてみると
14115,body,raw-L14111,顔青ざめてすぐカウンターのバイトの人達のところの目につくところに逃げるよな
14116,body,raw-L14111,逆に獲物を狙うライオンのように周りをぐるぐるしてやると閉店までいるしな付き合わされるこっちのみにもなるべきだろ・・
14117,blank,,
14118,post_header,raw-L14118,128 名前：既にその名前は使われています[sage] 投稿日：2006/04/03(月) 16:15:35.03 ID:Tz0ZksfD [3/4]
14119,anchor,raw-L14118,>>125
14120,body,raw-L14118,安心しろすなおに負けを認めてるひ弱な一般人には
14121,body,raw-L14118,ライオンは手を出さないということ
14122,quoted_line,raw-L14118,>>123は口だけデコピンで人を倒せると思ってるのか？
14123,body,raw-L14118,あんまほらふいてっとほねへし折るぞぼけが
14124,blank,,
14125,post_header,raw-L14125,133 名前：既にその名前は使われています[sage] 投稿日：2006/04/03(月) 16:42:13.38 ID:Tz0ZksfD [4/4]
14126,body,raw-L14125,お前忍者だろさすが忍者だ、思わずボコにしてやりたくなる
14127,body,raw-L14125,ナイトが柄が悪いように見えるのはお前が汚い人種だからだな
14128,body,raw-L14125,犯罪が警察見てびっくするように悪から見たら正義は邪魔に見えるという事
14129,body,raw-L14125,しかも自分で忍者だという事を言ってしまったからな逃げ場なし
14130,body,raw-L14125,忍者は消えろよまじでうざいよお前あとばかみたいにあげるな
14131,blank,,
14132,post_header,raw-L14132,135 名前：既にその名前は使われています[sage] 投稿日：2006/04/03(月) 16:59:43.71 ID:qQ37GnXE [1/2]
14133,anchor,raw-L14132,>>134
14134,body,raw-L14132,やめておけ雑魚がいきがると早死にする
14135,body,raw-L14132,そもそもあきらかにナイトが優勢なのに劣勢とか言うその態度でナイトじゃない俺も忍者が嫌いになったな
14136,body,raw-L14132,リアルであんま調子こいてるなよＦＦ内だけにしとけ
14137,blank,,
14138,post_header,raw-L14138,138 名前：既にその名前は使われています[] 投稿日：2006/04/03(月) 17:15:46.40 ID:qQ37GnXE [2/2]
14139,body,raw-L14138,残念ながらナイトではありません
14140,body,raw-L14138,ただ忍者のナイトに対する一方的な攻撃にナイトに同情するな
14141,body,raw-L14138,最悪なやつらに目をつけられたもんだと思う
14142,body,raw-L14138,実際俺のフレも忍者がＰＴを勝手に抜けるために微塵で敵をたおくさん連れてきて
14143,body,raw-L14138,全滅したしなその時も「うはｗ」とかいって一度も謝らなかったな
14144,body,raw-L14138,その点ナイトはやっぱり大人だよなーＰＴを完全に仕切ってる大人の男って感じで
14145,body,raw-L14138,そのナイトとは別のナイトだけどリアルで殺人犯とリアルバトルになってボコにしたからな
14146,blank,,
14147,blank,, 
14148,blank,,
14149,blank,, 
14150,blank,,
14151,section_title,,ジョブ調整について　三言目
14152,blank,,
14153,blank,, 
14154,blank,,
14155,blank,,
14156,post_header,raw-L14156,814 名前：既にその名前は使われています[sage] 投稿日：2006/04/14(金) 15:38:24.46 ID:lM4fkseJ [1/2]
14157,body,raw-L14156,白がナイトのこと嫌いとかなに言ってるんだ？
14158,body,raw-L14156,俺はナイトじゃないけど俺はナイトいないとＰＴする気起きないな
14159,body,raw-L14156,なぜかと言うと忍者はびゃっこの攻撃３発とかで簡単に染むからそれから恐怖になった
14160,body,raw-L14156,ところがナイトは傷だらけになっても何と耐えている事ができる
14161,body,raw-L14156,これはＰＴを守ってやっているナイトだからできる事で最悪忍者とかになるとロストが恐ろしく微塵で真面目にやってる奴を笑うからな
14162,body,raw-L14156,だから忍者にはレイズ１なのにナイトにはケアル５とかするしレイズ３もふつうにかけるという格差が生まれる
14163,body,raw-L14156,やっぱり頼りになるのは圧倒的な差でナイト忍者も一応盾という事になってるらしいが
14164,body,raw-L14156,やはりＰＴの守護神の座はナイトというふうに俺は聞いた
14165,post_header,raw-L14165,833 名前：既にその名前は使われています[sage] 投稿日：2006/04/14(金) 15:51:29.09 ID:lM4fkseJ [2/2]
14166,body,raw-L14165,忍者は白赤の事をヘイスト係と思っているらしいしな
14167,body,raw-L14165,俺がＰＴにいた時に無駄口叩いてた忍者は召喚師に「はやく大地くれ紙兵代おまえがだすのかよ」と言っていた
14168,body,raw-L14165,俺は思わず「紙兵代出せばしなくてもいいのか？」と言うと忍者は強がっていた事を黙秘状態で認めた
14169,body,raw-L14165,そのまま黙秘忍者は雑魚がりにせいを出していたがふつうの経験値量だった
14170,body,raw-L14165,ラストで俺は「ナイトだったらもっと楽しかった」と思ってかえる準備していたら突然トレードされていた
14171,body,raw-L14165,忍者からだったんだが俺は思わずＰＴ会話で「トレードはんだ？」というとあばよくばみんなに内緒で紙兵代をもらおうという事がみえみえだった
14172,body,raw-L14165,俺は「私兵代は強制徴収か？」というと「ただのミス」といわれた
14173,body,raw-L14165,みんな気付いていたがなにも言わなかったがこのあと忍者に裏テルで「よくも恥をかかせたな・・」ときたが俺が実はナイトも上げてる事を言うと恐ろしくなったのかまた沈黙した
14174,blank,,
14175,blank,, 
14176,blank,,
14177,blank,, 
14178,blank,,
14179,section_title,,シ　ー　フ　お　わ　っ　た　な 2
14180,blank,,
14181,blank,, 
14182,blank,,
14183,blank,, 
14184,blank,,
14185,post_header,raw-L14185,628 名前：既にその名前は使われています[] 投稿日：2006/04/25(火) 16:56:47.23 ID:5Bj27Zqw [1/2]
14186,body,raw-L14185,俺は他ジョブだがシーフ好きだがな
14187,body,raw-L14185,比べれば確かに弱いが短剣と言う弱いがオリジナル武器がある
14188,body,raw-L14185,それだけでも喜ぶべきだろおもうしな例えば片手剣とかさすがに片手剣だが
14189,body,raw-L14185,装備できるジョブが多いので俺はかなしいがそれでも一般ジョブが装備出来る限界はあるのが片手剣は救い
14190,body,raw-L14185,ところが短剣は俺はシーフ以外では装備した事がない
14191,body,raw-L14185,これはシーフらしいオリジナル装備だと思うので俺はLSでもほこっているぞ
14192,post_header,raw-L14192,633 名前：既にその名前は使われています[] 投稿日：2006/04/25(火) 17:23:15.00 ID:5Bj27Zqw [2/2]
14193,body,raw-L14192,俺は結構攻撃的なジョブをいくつも持ってるのだが
14194,body,raw-L14192,メリポはナイト暗黒シーフ白詩人ＸでいくがＸはＬＳに居ない時で野良で誘うんだが
14195,body,raw-L14192,だいたい最初はシーフ見た瞬間「こんなＰＴで稼げるわけがない・・」とあきらめが鬼なった
14196,body,raw-L14192,俺はＬＳでシーフに「今回あきらめ顔になってるので全力出しても良いぞ」というと
14197,body,raw-L14192,「やっと許しが出たか！」「封印がとけられた！」と仲間がもじもじしだしたので急に入ったメンバーは何が起きようとしてるのか謎みたいだった
14198,body,raw-L14192,戦闘に入ると忍者とかとは別次元のナイトが最強の挑発の持ち主なので後衛にタゲが行く事はないので後衛も本気の力が出せる
14199,body,raw-L14192,するとつぎは攻撃の番なのだが暗黒の最強Ｄ値の鎌と最強の盾能力でありながら攻撃も一流のナイト（攻撃力も一流なのがタゲ取り能力もさされてる）
14200,body,raw-L14192,さらにシーフがいる事によって釣りがスムーズに行きヘイトの低い後衛に騙しをガンガンいれると敵は「なんで後衛がこんな攻撃力を持っているんだ」と絶望になる
14201,body,raw-L14192,しかもおもわず命乞い寸前だったのか手持ちのお宝を置いていく・・命乞いが成立する前に攻撃力で倒してしまうんだが野良のやつはたいていこれでこのメンバーを必然的に抑えてくるよな
14202,blank,,
14203,blank,, 
14204,blank,,
14205,blank,, 
14206,blank,,
14207,section_title,,【豆腐】ナイトはサポ戦肉盾を今すぐやめろ【白身】
14208,blank,,
14209,blank,, 
14210,blank,,
14211,blank,,
14212,post_header,raw-L14212,199 名前：既にその名前は使われています[sage] 投稿日：2006/06/14(水) 16:14:11.15 ID:LII8q/w6
14213,body,raw-L14212,勘違いしている物がいるがナイトは盾としても最高級だが
14214,body,raw-L14212,アタッカーとしても最高級品だというだけの話だな
14215,body,raw-L14212,俺はつい最近ＰＴになったんだが俺が入った後で忍者が現れた
14216,body,raw-L14212,俺より入荷が遅かったので確実に明らかに盾としてではなかったが
14217,body,raw-L14212,いざ戦闘が始るといきなり挑発する馬鹿忍者だったので俺が「俺が盾なので挑発する暇があるならば攻撃しろ」というと
14218,body,raw-L14212,「空蝉あるから分散させた方が良い」といったので「じゃ挑発はするな」といった
14219,body,raw-L14212,するとどうだろう俺からタゲが剥がれないという事件が起きた「俺は俺を殺す気か？」と裏テルすると
14220,body,raw-L14212,忍者は「ナイトの攻撃が強くて挑発なしではタゲが取れない」すると戦士が「しかも固いので敵の恨みが発散していない」といわれた
14221,body,raw-L14212,俺はなるほどと思ったついに忍者と戦士がナイトに負けを認めた瞬間だったという
14222,blank,,
14223,blank,, 
14224,blank,,
14225,blank,, 
14226,blank,,
14227,blank,,
14228,section_title,,空蝉＝ナイトなのに忍者は余計
14229,blank,,
14230,blank,, 
14231,blank,,
14232,blank,, 
14233,blank,,
14234,post_header,raw-L14234,1 名前：既にその名前は使われています[sage] 投稿日：2006/07/03(月) 10:47:08.61 ID:0WjDG1WZ [1/5]
14235,body,raw-L14234,空蝉とナイトが互角の力を持っているのに何故忍者がついてるんだ？
14236,body,raw-L14234,俺は違うが空蝉があるせいで面白くなくなったと言う人が多いと言う話です
14237,body,raw-L14234,俺もその話を聞いて「なるほど」とおもったし俺は別に、いいけど大勢の人が面白く無くなってるのなら
14238,body,raw-L14234,弱体するべきでしょう？やっぱり俺のなかではナイトが中心にいないと落ち付かないですね
14239,body,raw-L14234,ナイトがいるだけでＰＴでの会話もはずんで楽しくなって時間がたつのを忘れてしまうとＬＳのヒュム白も言っていた
14240,body,raw-L14234,俺が「もう３時間立ったのか」とＰＴが恐ろしいほど息があってりう事を遠回しに伝えると
14241,body,raw-L14234,「まだ１時間しかたってない気がした」「１時間しかたってないのに３時間分も稼げた」｢過去最高の時給｣
14242,body,raw-L14234,俺は３時間を１時間に感じさせるＰＴスキルのナイトに感心したな
14243,body,raw-L14234,しかも俺は知らなかったんだが最近は盾の隠された力をついにゆういつナイトが引き出し始めた様だぞ？
14244,body,raw-L14234,やっぱり違うよナイトだけは着眼点が攻撃力だけな一般人とは違った
14245,post_header,raw-L14245,7 名前：既にその名前は使われています[sage] 投稿日：2006/07/03(月) 11:04:51.85 ID:0WjDG1WZ [2/5]
14246,body,raw-L14245,ま俺は関係ないから何を言われても関係ないからノーダメージだから
14247,body,raw-L14245,ただ一言いうとやっぱりナイトは頼りにされるってことだな
14248,body,raw-L14245,ナイトは個人の才能が試されるジョブで極めれば極めるほど他を圧倒した存在になれる
14249,body,raw-L14245,ＭＰもダントツだしな最強の防御力にダントツのＭＰと回復力も持つナイトは
14250,body,raw-L14245,なんでもこなせるからすごいな
14251,body,raw-L14245,今ではオートリフレも手に入れ体から噴き出す無限の魔力を回復魔法としてさらに体内に使って力を増幅している
14252,blank,,
14253,post_header,raw-L14253,10 名前：既にその名前は使われています[sage] 投稿日：2006/07/03(月) 11:14:40.49 ID:0WjDG1WZ [3/5]
14254,body,raw-L14253,その人がだれか知らないけど俺ここ来たの初めてだからその人知らないし
14255,body,raw-L14253,俺には関係ないここだから怒りは無いが
14256,body,raw-L14253,このスレを潰す目的の個人名晒しならたたっ切るぞ？
14257,body,raw-L14253,俺はＬＳでも紳士な性格だからしずかにこのスレを進めるつもりだからケンカ売るならかえれよ？
14258,body,raw-L14253,ネットだからと言ってすきかってやろうとするならそれなりの覚悟をする事だな
14259,blank,,
14260,post_header,raw-L14260,16 名前：既にその名前は使われています[sage] 投稿日：2006/07/03(月) 11:35:10.15 ID:0WjDG1WZ [4/5]
14261,body,raw-L14260,まじでウザイなしゃべんなサル
14262,body,raw-L14260,ここからはナイトに助けられたやつやナイトに尊敬するやつのみ書きこんで欲しい
14263,body,raw-L14260,忍者とか暗黒戦士とか出て行けよ
14264,body,raw-L14260,おまえら少しは恥を知れ
14265,blank,,
14266,post_header,raw-L14266,23 名前：既にその名前は使われています[sage] 投稿日：2006/07/03(月) 12:13:17.19 ID:0WjDG1WZ [5/5]
14267,body,raw-L14266,俺は戦士だがやっぱり盾はナイトだとおもったよ
14268,body,raw-L14266,あまり本当の（ＨＮＭ）戦闘を知らない一般人からするとせこい忍者の方を利用してるみたいだが
14269,body,raw-L14266,それはたんに高位のナイトを接待できるほどの財力と度胸がないからいつかの時のために節約してるだけだろ
14270,body,raw-L14266,実際俺は初めてナイトと組んだとき力を発揮させてくれるのはナイトだとおもった
14271,body,raw-L14266,戦士と忍者が結構同じ攻撃力をもってるから空蝉を発揮出きるとか言うやつがいるけどだめ過ぎ
14272,body,raw-L14266,実は戦士は力を相当おさえてるからな（この忍者がもっと廃忍なら力を出せるのだが）とおもう時もある
14273,body,raw-L14266,忍者からタゲを取ってしまうたびに忍者は挑発するわけだが挑発する暇あるなら金策しろよ
14274,body,raw-L14266,ところがナイトはどうだろう？最高のＤ隔の片手剣を振り乱して最高の盾使い
14275,body,raw-L14266,しかもＡ+なので発動率も最高でとても頼りになる俺は常時バーサク状態でもタゲはこず
14276,body,raw-L14266,通常攻撃はフラッシュや盾で完全に見切り敵も青ざめてたんだが最強のタゲ取りの宝庫であるナイトは
14277,body,raw-L14266,黒も最大火力を使えて殲滅速度もそうとう上昇する忍者みたいに遠慮する必要が無いので隠された力を発揮する披露宴となる
14278,blank,,
14279,post_header,raw-L14279,27 名前：既にその名前は使われています[sage] 投稿日：2006/07/03(月) 12:26:13.12 ID:lI6XBGcr [1/7]
14280,anchor,raw-L14279,>>23
14281,body,raw-L14279,同じＰＴだったかもな俺は黒だがナイトは本当に他のどのジョブとも相性が良い
14282,body,raw-L14279,ナイトと同じＰＴだったので神の保護があったんだろうな俺も最大火力で今までの過去最高記録をマークした
14283,body,raw-L14279,そばにいた忍者ＰＴと同じに戦いだしたはずなのにこっち一気に終わっちゃってあっちのタルタル頭より目がでかくなってたよ
14284,body,raw-L14279,いきなりテルで「俺も本気を出したい」と言ってきたので「ナイトだと魔法効果がさらに上がる」というと急にそのライバル忍者ＰＴの黒に急用が入って解散したみたいだった
14285,body,raw-L14279,俺は少しやりすぎと思ったが黒の仕事である大ダメージを出したちのは当り前なので黙ってたがな
14286,body,raw-L14279,結果的に結局そのＰＴも忍者のせいで解散したようなもんだと思った
14287,body,raw-L14279,俺はＰＴが満足出来る様に心掛けるこの差だなと思った
14288,blank,,
14289,post_header,raw-L14289,54 名前：既にその名前は使われています[sage] 投稿日：2006/07/03(月) 14:32:15.11 ID:lI6XBGcr [2/7]
14290,body,raw-L14289,よくわからないが調子こいてナイトの評判下げようとしてる雑魚がいるみたいだな
14291,body,raw-L14289,ここでさらに俺は同じＰＴであったナイトとの絆を晒すことにした
14292,body,raw-L14289,ＰＴでトカゲを狩っていたのだがその時は忍者ＰＴだったのだが俺も力をセーブさせられ忍者の力に合わせていた
14293,body,raw-L14289,それは戦闘を無駄に長引かせてしまってついに忍者に邪視が炸裂
14294,body,raw-L14289,忍者は何もする事無く死んでしまったんだが盾の癖にＰＴにむかって「こういう時はタゲ取れ」と同じ地位であるはずのメンバーに命令してきた
14295,body,raw-L14289,俺は盾の癖にすぐ死ぬなよと思っていたがそこが流石忍者だな他のジョブは空気読むのに死ぬとすぐに人のせいにする忍者
14296,body,raw-L14289,レイズしかなかったので俺がレイズしてやると拒否って「レ３できるフレ呼んだからしばらく待て」とのこと
14297,body,raw-L14289,１５分くらい狩り中断してやっと再開したんだが忍者が
14298,body,raw-L14289,「取り戻す」といったので俺は次はついに力の解放出来ると思ったので開放したんだが
14299,body,raw-L14289,トカゲが俺に攻撃してきた「早く取れ」というと「攻撃（雑魚過ぎて）で取れない・・」とさっき自分で言ったの忘れたのかよ
14300,body,raw-L14289,何とか戦士が取ってくれたが俺はそれから忍者のことが嫌いになった
14301,blank,,
14302,post_header,raw-L14302,55 名前：既にその名前は使われています[sage] 投稿日：2006/07/03(月) 14:45:25.52 ID:lI6XBGcr [3/7]
14303,body,raw-L14302,その後人間不信になってた俺にまたＰＴのお誘いが来た
14304,body,raw-L14302,俺は「忍者ＰＴですか？」ときくとよく見ればあの時同じＰＴだった戦士だった
14305,body,raw-L14302,戦士は「この間はどもさんざんＰＴだった」というと「あれ以来忍者が嫌いになったとも」話を聞いた
14306,body,raw-L14302,俺は同じ嫌な思いをしてるさせられてる犠牲者がたくさんいることに涙を流した
14307,body,raw-L14302,ＰＴに入ると今回はナイト盾みたいですぐに一般人とは違う気分になったんだが狩場はトカゲになった
14308,body,raw-L14302,リーダーではないのにＰＴの指揮はナイトが取りナイトを中心にＰＴが固まった瞬間だった
14309,body,raw-L14302,前回壊滅状態に追いやられたトカゲの攻撃もフラッシュや盾や剣で攻撃を無効化し
14310,body,raw-L14302,固く閉ざされたナイトのガードにトカゲは「攻撃するところが無い・・」と無効化されると解かっている盾に噛み付いたりして歯がボロボロになって消えて行った
14311,body,raw-L14302,周りにいたトカゲもリンク出来るはずなのに「俺には関係無い」とナイトを敵に回すのが怖い様子でリンクしなかった
14312,blank,,
14313,post_header,raw-L14313,60 名前：既にその名前は使われています[sage] 投稿日：2006/07/03(月) 14:56:19.45 ID:lI6XBGcr [4/7]
14314,body,raw-L14313,たまにリンクしてしまった勇気のあるトカゲもナイトの固さに
14315,body,raw-L14313,「何でリンクしてしまったんだ・・」と残念顔で消えて行った
14316,body,raw-L14313,ナイトは盾として優秀だけでなく貴族なので剣の扱いも一流で高い攻撃力でヘイトを一身に浴びていた
14317,body,raw-L14313,強力なヘイトからＰＴの力も忍者の時のようにセーブした力ではなくぜいいん本気出せた
14318,body,raw-L14313,敵は一瞬で力尽きるほどの力を発揮できたのもナイトだったからとみんな言っていた
14319,body,raw-L14313,そのナイトは「リーダーだけが良くてもだめ皆の力を引き出せるリーダーを目指してる」といった
14320,body,raw-L14313,そのナイトはリーダーではなかったけどその時は思わずみんな納得してしまってたくらいの貫禄
14321,blank,,
14322,post_header,raw-L14322,62 名前：既にその名前は使われています[sage] 投稿日：2006/07/03(月) 15:16:10.08 ID:lI6XBGcr [5/7]
14323,body,raw-L14322,お前いい加減にしておけよ>>57
14324,body,raw-L14322,ナイト馬鹿にするくらいならここから消えろと言ってるのきこまませんか？
14325,body,raw-L14322,お前この世界なめすぎじゃないか・・？
14326,body,raw-L14322,俺はもちろんだが警察はすぐにお前の居場所わかるんだぞ？
14327,body,raw-L14322,ちなみに俺が警察に訴えたらお前は窃盗罪になる
14328,body,raw-L14322,日本は窃盗は罪重いからな・・五年か十年くらい刑務所だな・・
14329,blank,,
14330,post_header,raw-L14330,75 名前：既にその名前は使われています[sage] 投稿日：2006/07/03(月) 17:24:03.71 ID:lI6XBGcr [6/7]
14331,quoted_line,raw-L14330,>>1は逃げて無いと思うが逃げたことにして勝負をつけたい雑魚か？
14332,body,raw-L14330,ボコられたく無ければ消えておけよ・・
14333,blank,,
14334,post_header,raw-L14334,81 名前：既にその名前は使われています[sage] 投稿日：2006/07/03(月) 17:36:23.74 ID:lI6XBGcr [7/7]
14335,body,raw-L14334,ageて吠えるんな雑魚が俺はここに来たただの一般人だぞ
14336,body,raw-L14334,その一般人からですら冷ややかな目でみられてることに気付けよ
14337,body,raw-L14334,誰がどう見てもお前の負け
14338,body,raw-L14334,ここは雑魚が吠える場所じゃないと皆も言っている
14339,blank,,
14340,post_header,raw-L14340,91 名前：既にその名前は使われています[sage] 投稿日：2006/07/04(火) 10:12:37.83 ID:jfkppCEE [1/8]
14341,quoted_line,raw-L14340,>>1は本当にナイトを理解していると思うな
14342,quoted_line,raw-L14340,>>1の言っている事はようするに空蝉がナイトと同じ能力持ってるのに何で忍者がついて来るんだってことだろ？
14343,body,raw-L14340,俺もぐうぜん同じ意見だって明らかにおかしだろ？
14344,body,raw-L14340,ナイトは負けて無いけど忍者が盾するのがおかしいと皆も実は思ってる
14345,body,raw-L14340,盾はＰＴを守ってやっている騎士こそが本物だし盾してるのに盾持ってないこと自体おかしい
14346,body,raw-L14340,俺はこのことを■に聞くと「そいうえばそうですね・・」と認めたような事を言っていたのでさらにお返しに忍者が盾というのはおかしいというヴァナの総意を伝えておいた
14347,body,raw-L14340,それにしてもよく１は言ってくれたよみんなも実は感謝している
14348,body,raw-L14340,いままで雑魚相手（レベル上げとか）には忍者の方が数が多くＰＴ組むのが簡単だったが（ナイトは上級プレイヤーが確保していて野良にひょこり顔出すことがあまりない）
14349,body,raw-L14340,ついに■も盾の地位がどれだけ特別なのかを理解した様で他ジョブやってる俺としても正常なヴァナになりそうでうれしい
14350,blank,,
14351,post_header,raw-L14351,94 名前：既にその名前は使われています[sage] 投稿日：2006/07/04(火) 11:00:22.01 ID:jfkppCEE [2/8]
14352,body,raw-L14351,さきにいっておくが俺は>>1じゃないぞ
14353,body,raw-L14351,さきにいった上で言っておくが創立記念日とか色々休みがあるからあまり人に学校とか言うことは言わない方が良い
14354,body,raw-L14351,話は戻すしおまえもし化して文字が、読めない馬鹿ですか？
14355,body,raw-L14351,俺は>>1をほめてるだけで一度も俺が>>1だと言った覚えはないんだが？
14356,body,raw-L14351,認めてほめたらすぐ敵ですか？勝手に、敵視するのは構わないけど敵視するにしても一言言えよ雑魚が
14357,body,raw-L14351,いきなり敵意燃やされても俺は紳士なのでいきなり本気出せないしなそれじゃ正正堂堂じゃない
14358,body,raw-L14351,それとも汚い手でしか勝てない忍者か？
14359,blank,,
14360,post_header,raw-L14360,99 名前：既にその名前は使われています[sage] 投稿日：2006/07/04(火) 13:34:58.50 ID:jfkppCEE [3/8]
14361,anchor,raw-L14360,>>95
14362,body,raw-L14360,ＩＰとか知ったかぶりするなよ無恥だとばれるぞ雑魚
14363,body,raw-L14360,しかもこの２ｃｈにはＩＰよりもずっと信頼度の高いＩＤが搭載されている
14364,body,raw-L14360,このＩＤは結構ぱそこんとかに精通してるハッカークラスで無いと簡単じゃない
14365,body,raw-L14360,俺のＩＤが>>１のＩＤと同じに見えるならおまえの目は意味ないな後ろから破壊してやろうか？
14366,blank,,
14367,anchor,raw-L14360,>>９７
14368,body,raw-L14360,もう逃げたとか雑魚と言うのはよそうぜ
14369,body,raw-L14360,そんな敵を作る言い方してもお前がウザがられると言うのをほどほどに理解しとけよ
14370,body,raw-L14360,俺はお前の事知らないけどいきなり敵意されて俺の心中は穏やかでは無い状態になってるしそとぼりが冷めるまで待て
14371,blank,,
14372,anchor,raw-L14360,>>98
14373,body,raw-L14360,同意結構詳しいみたいだなインターネットプロコトルについては結構詳しいやつっぽい
14374,body,raw-L14360,ＩＰとかいってるやつはだいたいもぬけの殻だしなウザイから消えて欲しい
14375,blank,,
14376,post_header,raw-L14376,101 名前：既にその名前は使われています[sage] 投稿日：2006/07/04(火) 13:57:55.83 ID:jfkppCEE [4/8]
14377,anchor,raw-L14376,>>100
14378,body,raw-L14376,相手にされて無いぞ
14379,blank,,
14380,post_header,raw-L14380,107 名前：既にその名前は使われています[sage] 投稿日：2006/07/04(火) 15:16:32.90 ID:jfkppCEE [5/8]
14381,body,raw-L14380,ageるな、これからage禁止でお願いします
14382,body,raw-L14380,黙って見てるとお前ら卑怯だぞまともに論議してる人に向かって暴言はいたり
14383,body,raw-L14380,言い返せないとすぐに人の名前出して俺に注意させて話の骨を折る
14384,body,raw-L14380,やめろよそういう汚いやり方
14385,body,raw-L14380,まともな打ち合いならトークでも打撃戦でも俺は勝てるのになこんな人数相手に囲まれたらそりゃやる気も無くす出直せよ
14386,blank,,
14387,post_header,raw-L14387,109 名前：既にその名前は使われています[sage] 投稿日：2006/07/04(火) 15:31:24.91 ID:jfkppCEE [6/8]
14388,body,raw-L14387,やめろってそんなガキですかおまえは？
14389,body,raw-L14387,やるなと言われたらやるとかまさに子供のアサジエですね
14390,body,raw-L14387,ま俺には関係ないからどうでも良いけど
14391,body,raw-L14387,俺が言ったのは一度嵐の入りこんだこのスレおとしてまともな復帰をした方が良いと思っただけだしな
14392,body,raw-L14387,ageたいならageれば？（笑）俺には関係ないからageても無意味だが・・
14393,body,raw-L14387,個人的にはこのスレ落としてまともな議論すれを盾た方が良いと思うが
14394,body,raw-L14387,あまり強く言うとやっと俺が>>1だという誤解が解けたのにまたいちゃもんつけてくる雑魚が出て来るしな
14395,body,raw-L14387,ここで一歩引くのが大人の醍醐味
14396,blank,,
14397,post_header,raw-L14397,115 名前：既にその名前は使われています[sage] 投稿日：2006/07/04(火) 15:53:47.62 ID:jfkppCEE [7/8]
14398,anchor,raw-L14397,>>111
14399,body,raw-L14397,あーあついに自ら敗北宣言したな
14400,body,raw-L14397,次逃げるとか言ったら負けだと伝えておいたはずだ
14401,blank,,
14402,body,raw-L14397,やっと決着ついたよ多人数対ソロの戦いで罠戦だったけどなんとか勝つことが出来たな・・
14403,body,raw-L14397,助かったよここでもＦＦのＰＴと一緒だな一人のミスが全体の敗北となるって
14404,body,raw-L14397,これで一気千頭の称号を得た
14405,blank,,
14406,body,raw-L14397,７／４日　勝利
14407,blank,,
14408,post_header,raw-L14408,118 名前：既にその名前は使われています[sage] 投稿日：2006/07/04(火) 16:00:43.07 ID:jfkppCEE [8/8]
14409,body,raw-L14408,もうしゃべるなよ雑魚（笑）
14410,body,raw-L14408,今度はＩＤ変えてまた個人名出して俺に話の骨折らせる作戦？
14411,body,raw-L14408,とりあえずもう勝負ついたから以降レスは不要です
14412,blank,,
14413,body,raw-L14408,完
14414,blank,,
14415,post_header,raw-L14415,123 名前：既にその名前は使われています[sage] 投稿日：2006/07/04(火) 16:13:31.70 ID:M4H8on7f [1/3]
14416,body,raw-L14415,どう見ても俺達の負けだな・・・
14417,body,raw-L14415,彼はナイトでは無いみたいだったが論理的に説明されていた
14418,body,raw-L14415,俺も言い返そうと必死に回転させたが言い返す言葉が出なかった
14419,body,raw-L14415,これが完敗ってヤツだろうないい加減俺達も認めようぜ
14420,blank,,
14421,post_header,raw-L14421,128 名前：既にその名前は使われています[sage] 投稿日：2006/07/04(火) 16:44:09.75 ID:M4H8on7f [2/3]
14422,body,raw-L14421,ageんなサル
14423,body,raw-L14421,ナイトの話をここでするなよ・・
14424,body,raw-L14421,ここは空蝉がいかに卑怯かを言うスレだろ
14425,blank,,
14426,post_header,raw-L14426,133 名前：既にその名前は使われています[sage] 投稿日：2006/07/04(火) 17:45:38.76 ID:M4H8on7f [3/3]
14427,body,raw-L14426,それやめろと何回言えばわかるんだ？
14428,body,raw-L14426,勝手な勝利宣言とかしても勝ちにならない
14429,body,raw-L14426,逆に逃げたとか相手を挑発する言葉は非常に人をふるかいにするので俺の勝ちという話になる
14430,body,raw-L14426,このスレはもう落としてください
14431,body,raw-L14426,俺はもうこのスレには興味無いしもう結論でたしなーこれ以上は無意味
14432,blank,,
14433,post_header,raw-L14433,145 名前：既にその名前は使われています[sage] 投稿日：2006/07/05(水) 16:37:55.67 ID:/VXvsXxQ
14434,body,raw-L14433,いい加減いした方がいいよおまえ達
14435,body,raw-L14433,彼は頼りにされて忙しいらしいからいつも見てると思うなよ・・
14436,body,raw-L14433,俺はここにはじめてきたんだがかってに勝利宣言とか逃げたとかいう方が雑魚に見える
14437,body,raw-L14433,敵を一人だと思って多勢に無勢かよ、きたないでしょう？俺は彼の仲間になったぞ
14438,body,raw-L14433,敵を一人だけだと思うなよ？おまえらがそのままだと仲間呼ぶぞ？
14439,blank,,
14440,post_header,raw-L14440,204 名前：既にその名前は使われています[] 投稿日：2006/07/10(月) 10:46:16.05 ID:ZC685KK7 [1/3]
14441,anchor,raw-L14440,>>199
14442,body,raw-L14440,同意見だな人とか関係ないだろ・・
14443,body,raw-L14440,一部の雑魚が調子こいてスレを潰そうとしていたが残念な事に
14444,body,raw-L14440,俺を中心に気付いたエリートがいてくれたことが救いだったな
14445,body,raw-L14440,俺はナイトでは無いが>>1の意見には大賛成だななぜらば盾が盾もって無いとおかしいし
14446,body,raw-L14440,盾といえばぼうぎょの基本であって鎧が盾なら盾は剣の地位にあるだろ？
14447,body,raw-L14440,基本なのにそれを所持していない時点でダメだろ俺なら恥かしくてそろりと生きるな・・
14448,body,raw-L14440,ナイトにはどうせ勝てないんだからさっさと消えといた方が良いと思うしな忍者のためにも俺はそうおもう
14449,blank,,
14450,post_header,raw-L14450,207 名前：既にその名前は使われています[] 投稿日：2006/07/10(月) 11:39:13.01 ID:ZC685KK7 [2/3]
14451,body,raw-L14450,俺はナイトでは無いので俺にきいてもわからないが俺が組んだナイトはぜいいんうまかったな
14452,body,raw-L14450,最大時給は雑魚ばかり狩る忍者に少し負けるが時給も安定して強い敵と戦う事でＰＴ全体のスキルは上がって最終的に圧倒的になってたがね
14453,body,raw-L14450,俺は中立で考えてもナイト有利はかわないと思う
14454,body,raw-L14450,忍者は基本的に汚い仕事するのが仕事ならせいせいどうどうたたかえよと思う
14455,body,raw-L14450,せいせいどうどう勝負出来ないのなら盾するなよ・・だからヴァナが混乱するんだとおもう
14456,blank,,
14457,post_header,raw-L14457,209 名前：既にその名前は使われています[] 投稿日：2006/07/10(月) 12:07:29.77 ID:ZC685KK7 [3/3]
14458,body,raw-L14457,集めていくんじゃないぞ自分が自信持ってるほど強ければ勝手に手に入れることが出来る
14459,body,raw-L14457,俺もまわりのＰスキルが低いので先にアイテムを譲ってやるつもりだったがＬＳメンバーが先に圧倒的な盾を欲しかったんだろうな
14460,body,raw-L14457,他のナイト差し置いて俺に貰ってくださいと言ってきたんだが俺は沈黙した
14461,body,raw-L14457,その沈黙に耐えられなかったんだろうな精神力が弱いナイトから次々にお譲り宣言が飛び出してきた
14462,body,raw-L14457,俺は性格がよく信頼されてるので満場一致でこころよく手に入れられたが名のある装備はいつでも妬みが渦巻いているからそれも供養できるナイトでなければなかなか手にはいらない
14463,blank,,
14464,blank,, 
14465,blank,,
14466,blank,, 
14467,blank,,
14468,blank,, 
14469,blank,,
14470,section_title,,汚い卑怯ばかりする忍者
14471,blank,,
14472,blank,, 
14473,blank,,
14474,blank,,
14475,post_header,raw-L14475,1 名前：既にその名前は使われています[] 投稿日：2006/08/11(金) 12:02:48.47 ID:IWz9nRwc
14476,body,raw-L14475,ＬＳで忍者を上げたいやつがいたので近いレベルの赤白が俺も参加して欲しそうだったので参加したんだが
14477,body,raw-L14475,忍者上げる奴はまあ雑魚なんだが相変らずタゲ取りが下手で俺が「もうひとつの盾ならばもっと安定する」といった
14478,body,raw-L14475,すると「実はまだ奥の手がある」といったが「遁だろ」「早くやれよ」「見せ場に付き合う時間はない」とＰＴメンバーに言われててあわれだった
14479,body,raw-L14475,俺はああ忍者はカッコばかりつけていつも人に嫌われていくなとおもって後日
14480,body,raw-L14475,俺達がいるのにＰＴ希望出している忍者を発覚した
14481,body,raw-L14475,発見したのは俺の部下になった忍者７５が「みんなを出し抜こうとしてる」と密告があったのだがおれはわざわざ密告してくる忍者に汚さを感じたし
14482,body,raw-L14475,赤白のヒュム♀たちも忍者に対してそこまで眉を売りたいかみたいな顔してたぞ
14483,blank,,
14484,post_header,raw-L14484,34 名前：既にその名前は使われています[sage] 投稿日：2006/08/11(金) 12:26:13.68 ID:O1Ou3Qvv [1/2]
14485,body,raw-L14484,やはり忍者は悪ジョブだな不良やヤンキーのイメージ
14486,body,raw-L14484,雑魚なのにさからうからこうなる
14487,body,raw-L14484,もっと謙虚に生きるべき
14488,post_header,raw-L14488,51 名前：既にその名前は使われています[] 投稿日：2006/08/11(金) 12:58:30.84 ID:O1Ou3Qvv [2/2]
14489,body,raw-L14488,汚く汚れた忍者なんかやってるやつはやはり心も汚れてるんだな
14490,body,raw-L14488,この間もPTを組んでおれは後衛がメインジョブだがPTでも忍者の卑怯さ感じるので
14491,body,raw-L14488,おれが忍者は汚いというと必死になって忍者は反論するがPTの雰囲気が感じられない
14492,body,raw-L14488,で皆が沈黙した事によりすでに論破されているのがわからないようだった
14493,blank,,
14494,blank,, 
14495,blank,,
14496,blank,, 
14497,blank,,
14498,section_title,,忍/戦、戦/忍は異常。
14499,blank,,
14500,blank,, 
14501,blank,,
14502,blank,, 
14503,blank,,
14504,blank,,
14505,post_header,raw-L14505,800 名前：既にその名前は使われています[] 投稿日：2006/09/07(木) 14:06:12.26 ID:h/7mxnov [1/5]
14506,body,raw-L14505,忍者はやはり二刀流の恩恵によるがD値が低いことが致命的
14507,body,raw-L14505,だが戦士の二刀流は感覚が遅く斧の感覚が遅い為致命的
14508,body,raw-L14505,シーフはナイフを持つことで致命傷
14509,body,raw-L14505,だから二刀流は実情は弱いことが知る人ぞ知る
14510,blank,,
14511,post_header,raw-L14511,802 名前：既にその名前は使われています[] 投稿日：2006/09/07(木) 14:15:37.98 ID:h/7mxnov [2/5]
14512,anchor,raw-L14511,>>801
14513,body,raw-L14511,はぁ？レップという罠に嵌った策士が何言ってる？
14514,body,raw-L14511,本来は二刀流よりも両手武器ダメージが強いことは証明された
14515,body,raw-L14511,不意打ち両手武器が強いことはレベル３０台から不動の法則だろ？
14516,body,raw-L14511,最近のプレイヤーは忍者に影響されすぎ
14517,post_header,raw-L14517,803 名前：既にその名前は使われています[] 投稿日：2006/09/07(木) 14:18:51.82 ID:h/7mxnov [3/5]
14518,body,raw-L14517,だが前もって言うだけど俺はもうやってはいないFFを。
14519,body,raw-L14517,だがアトルガンワールド以前の頃はそうだったし今も変わってないだろ。
14520,blank,,
14521,post_header,raw-L14521,805 名前：既にその名前は使われています[] 投稿日：2006/09/07(木) 14:20:46.04 ID:h/7mxnov [4/5]
14522,body,raw-L14521,何度も言わせるな俺はブロントとかは知らん
14523,blank,,
14524,post_header,raw-L14524,807 名前：既にその名前は使われています[] 投稿日：2006/09/07(木) 14:24:17.62 ID:h/7mxnov [5/5]
14525,body,raw-L14524,くどいもう帰る
14526,blank,,
14527,blank,,
14528,blank,,
14529,blank,,
14530,blank,,
14531,section_title,,後衛がどれだけ苦しいか解る？
14532,blank,,
14533,blank,,
14534,blank,,
14535,blank,,
14536,post_header,raw-L14536,271 名前：既にその名前は使われています[] 投稿日：2006/09/07(木) 14:27:47.47 ID:h/7mxnov [1/2]
14537,anchor,raw-L14536,>>1
14538,body,raw-L14536,はぁ？後衛が苦しいはずないわけだろ？
14539,body,raw-L14536,後衛は盾に守られることで至福の快感を得ることが主義だが
14540,body,raw-L14536,効率にだほされた脳金が行うことによってこういったスレを立てることは迷惑なんだが？
14541,body,raw-L14536,純朴に後衛をたのしんでいる人間に対する謝罪ってどこだよ。
14542,blank,,
14543,blank,,
14544,post_header,raw-L14544,275 名前：既にその名前は使われています[] 投稿日：2006/09/07(木) 14:33:58.56 ID:h/7mxnov [2/2]
14545,anchor,raw-L14544,>>272
14546,body,raw-L14544,お前はなかなか見込みがよいな。スジに光るものがある。
14547,body,raw-L14544,やはりナイトと忍者では存在が違い過ぎるのは
14548,body,raw-L14544,タゲ回しでの安定性は砂丘においての低等戦術だしな。
14549,blank,,
14550,anchor,raw-L14544,>>273
14551,body,raw-L14544,おい？関係ないコピペをコピペするな？
14552,body,raw-L14544,スレ遣いの浪費だぞ？
14553,blank,,
14554,blank,,
14555,blank,,
14556,blank,, 
14557,blank,,
14558,section_title,,守りイージスフルケーニヒないナイトは解約しろ
14559,blank,,
14560,blank,, 
14561,blank,,
14562,blank,, 
14563,blank,,
14564,post_header,raw-L14564,179 名前：既にその名前は使われています[] 投稿日：2006/09/02(土) 19:47:19.52 ID:mTqswGYD [1/3]
14565,body,raw-L14564,お前らは馬鹿か？
14566,body,raw-L14564,ナイトならフルAF2にフロッティもってリッターシルトかケーニヒシールドだろうが
14567,body,raw-L14564,ナイトは何よりもみためが重要だと知らないか？
14568,body,raw-L14564,イージスとかいくら性能が良くても変なヒョウタン形に金ピカでオジサンの顔つきだからダサくて恥ずかしいな
14569,body,raw-L14564,リッターシルトはダークブルーで堅実なイメージまじめでクール知的でナイトに見える
14570,body,raw-L14564,ケーニヒシールドは鮮やかは紫色が印象的だな異性を口説くのが好きで少し勝ち気なナイトに見えるな
14571,body,raw-L14564,俺はもちろんイージスも持っいるがイージスは選択から外れるリッターシルトかケーニヒシールどで迷う
14572,post_header,raw-L14572,181 名前：既にその名前は使われています[] 投稿日：2006/09/02(土) 20:00:15.81 ID:mTqswGYD [2/3]
14573,body,raw-L14572,フルケーニヒもなかなか良いな鉄壁の重装がナイトにイメージが合う
14574,body,raw-L14572,俺はフルウァラーが好きだがな
14575,body,raw-L14572,あれはまさしく勇者に見えるから擦れ違いざまにうらやましがられるな
14576,body,raw-L14572,リッターシルトやケーニヒシールドを勧めてみたが本当は盾よるもナーガンのほうが強そうに見えるぞ
14577,body,raw-L14572,青い曲がりくねった大剣だから外見でかなり圧倒さする
14578,blank,,
14579,post_header,raw-L14579,184 名前：既にその名前は使われています[] 投稿日：2006/09/02(土) 22:13:06.83 ID:mTqswGYD [3/3]
14580,body,raw-L14579,なに勝手に点数をつけているわけ？
14581,blank,,
14582,post_header,raw-L14582,192 名前：既にその名前は使われています[] 投稿日：2006/09/03(日) 12:03:04.71 ID:Jhy2fnb7 [1/2]
14583,body,raw-L14582,イージスは変なヒョウタン形で金ピカでオジサンの顔がついててださいからダメだな
14584,body,raw-L14582,俺もリッターやケッニヒのほうが良いと思う女にもモテるしな
14585,body,raw-L14582,ナーガンは最高だなフルウァラーとナーガンの組み合わせが勇者に見られる
14586,blank,,
14587,post_header,raw-L14587,202 名前：既にその名前は使われています[] 投稿日：2006/09/03(日) 16:13:39.57 ID:Jhy2fnb7 [2/2]
14588,body,raw-L14587,イージスは性能だけは良いだな
14589,body,raw-L14587,なりふりかまわず性能をおいもとめる人向けだろう
14590,body,raw-L14587,俺はかっこよくなければナイトやる意味がないからイージスは使わない
14591,body,raw-L14587,フルケーニヒは気分によって使うな
14592,body,raw-L14587,普段はフルウァラーにナーガンが良い
14593,blank,,
14594,blank,, 
14595,blank,,
14596,blank,, 
14597,blank,,
14598,blank,, 
14599,blank,,
14600,section_title,,50～55キャップ時代の縄張りの殺伐さは異常
14601,blank,,
14602,blank,,
14603,blank,, 
14604,blank,,
14605,blank,,
14606,post_header,raw-L14606,74 ：既にその名前は使われています：2007/01/31(水) 17:04:28.29 ID:wUZqoEMm
14607,body,raw-L14606,あのころはバランス壊してるジョブがなくて良かったと俺は思うな
14608,body,raw-L14606,あのころからいまでも良いと思うのはやっぱり、ナイトだなぁ
14609,body,raw-L14606,俺はナイトとか、育てて無いが今もだがナイトに誘われるとレベルが上がると身震いしてしまう
14610,body,raw-L14606,あのころの敵は強くて今の忍者とか、雑魚にしか勝てないからわからないだろうがやっぱり盾はナイトだけだなと今でも思う
14611,body,raw-L14606,ナイトにはあのころの敵があってたな、ナイトは強過ぎる敵仕様なので今の弱い敵では力が出せない
14612,blank,,
14613,blank,,
14614,post_header,raw-L14614,83 ：既にその名前は使われています：2007/01/31(水) 17:20:52.87 ID:wUZqoEMm
14615,anchor,raw-L14614,>>76
14616,body,raw-L14614,同じ時代を生きただけの事はあるなー
14617,body,raw-L14614,今でも１ＰＴ１ナイト時代は最高の思い出になっているんが今のＰＴはかわいそうだな、なぜならば本当の緊張感が味わえない
14618,body,raw-L14614,今のは何とは言わないが卑怯な雑魚盾でとてとてとは名ばかりの雑魚敵を倒しているだけ
14619,body,raw-L14614,はっきりいってとてとてじゃない、あれは強いレベルだと思った
14620,body,raw-L14614,ところがもかしの敵は強い表示だったけどとてとてクラスの敵ばかりだった
14621,body,raw-L14614,盾以外のジョブがタゲ取るとすぐに死んでしまうのでナイトは剣や盾と共に光り輝いていた
14622,body,raw-L14614,それがいまでは雑魚にでも卑怯ワザを使わないと倒せないになってしまっている
14623,body,raw-L14614,はっきりいってＰスキルレベル下がり過ぎだと思うんだがなぁ、俺は別に良いけど 
14624,blank,,
14625,blank,,
14626,post_header,raw-L14626,90 ：既にその名前は使われています：2007/01/31(水) 17:34:32.19 ID:wUZqoEMm
14627,anchor,raw-L14626,>>79
14628,body,raw-L14626,俺は白なんだがナシのセットは最強だと思った
14629,body,raw-L14626,ＰＴを俺が作っていたんだが盾はナイト以外に考えられなかったのでナイトを誘ったんだがナイトを取られたと思ったんだろうな
14630,body,raw-L14626,黒が二人俺に「ナイト様誘いました？」と言ってきた
14631,body,raw-L14626,俺はハイエナが二匹も同じジョブを狙っていたと冷や汗をかきながらナイトに選ばれた興奮に身を震わせた
14632,body,raw-L14626,黒達には「誘いましたが、入りたいですか？」と心の広大さをアピールできて気持ち良かったなぁ・・・（ナイトはジョブを選ばない）
14633,body,raw-L14626,ＰＴ会話で「＠２はどいつらがいいですか？」と聞くとナイトが「シーフが良いかも知れない」とＰＴへ来てもらったのに他とは違って意見もしっかりするリーダーシップを取ってた 
14634,blank,,
14635,blank,,
14636,post_header,raw-L14636,95 ：既にその名前は使われています：2007/01/31(水) 17:50:46.00 ID:wUZqoEMm
14637,body,raw-L14636,狩場に着くとナイトポップを待ち切れなかった雑魚どもが死にまくっていた
14638,body,raw-L14636,生き残っているＰＴもタゲがフラフラで回復役の白が逃げながらしんでいって白を失ったメンバーは諦めた様に次々と死んでいってた
14639,body,raw-L14636,その中で忍者だったかな・・・一人だけ微塵でロスト免れてたんだが俺はその時から忍者の汚さが目についていた
14640,body,raw-L14636,かまわずに狩りをしようとすると腕の良いシーフが言われる前に自主的に釣りに行ってて好印象だった
14641,body,raw-L14636,しかもナイトとシーフの腕がよくＰＴも明るく楽しくなってきたんだが
14642,body,raw-L14636,黒が調子のって大出力の魔法で一瞬タゲがふらつきそうになったがさすがナイトだった
14643,body,raw-L14636,一瞬でタゲを安定させ「もっと本気でいいぞ」と言っていたシーフも「だまし討ちで最強タゲ確保」というと常時インビンなみの高ヘイトをだしていた
14644,body,raw-L14636,黒達は「今まで魔法を抑えて来てた」「本気を出せない辛いレベル上げだった」と感謝の言葉が思わず出ていた・・・
14645,blank,,
14646,blank,, 
14647,blank,,
14648,blank,, 
14649,blank,,
14650,blank,, 
14651,blank,,
14652,section_title,,ナイズルアサルトに既存NM/HNM配置
14653,blank,,
14654,blank,, 
14655,blank,,
14656,blank,, 
14657,blank,,
14658,post_header,raw-L14658,18 名前：既にその名前は使われています(1001決めよう！)[sage] 投稿日：2007/03/08(木) 08:16:10.30 ID:cp+ddUim [1/31]
14659,body,raw-L14658,ナイズルのHNMは免罪符落とさないよ落としたとしても養殖の免罪符
14660,body,raw-L14658,よくそんなので喜んでいられるな大体お前ら呪い装備買えないだろセイレーンの髪の入手方法変わったからゼニス呪い装備高騰確定ｗｗｗｗｗｗ
14661,blank,,
14662,post_header,raw-L14662,23 名前：既にその名前は使われています(1001決めよう！)[sage] 投稿日：2007/03/08(木) 08:27:20.99 ID:cp+ddUim [2/31]
14663,body,raw-L14662,どっちが涙目なんだか一目瞭然だが？
14664,body,raw-L14662,養殖の免罪符で呪い解いた免罪装備なんて一生養殖物って言われるｗｗｗ
14665,blank,,
14666,blank,, 
14667,blank,,
14668,post_header,raw-L14668,33 名前：既にその名前は使われています(1001決めよう！)[sage] 投稿日：2007/03/08(木) 08:38:53.92 ID:cp+ddUim [3/31]
14669,body,raw-L14668,まあ、養殖免罪符で喜んでろ雑魚
14670,body,raw-L14668,つーかナイズルアサルト超難易度高いらしいじゃん・・・。
14671,body,raw-L14668,お前らに取れるわけない
14672,blank,,
14673,post_header,raw-L14673,36 名前：既にその名前は使われています(1001決めよう！)[sage] 投稿日：2007/03/08(木) 08:42:49.54 ID:cp+ddUim [4/31]
14674,body,raw-L14673,リディルが出ても偽リディルだろうな１、２回攻撃でしょう
14675,blank,,
14676,post_header,raw-L14676,44 名前：既にその名前は使われています(1001決めよう！)[sage] 投稿日：2007/03/08(木) 08:45:48.94 ID:cp+ddUim [5/31]
14677,body,raw-L14676,必死とか必死に書き込みしてる奴が必死だろ・・・。
14678,body,raw-L14676,ここ煽り酷いなノーマナーこんな奴らが養殖免罪符に群がるんだろうなｗｗｗ
14679,blank,,
14680,blank,,
14681,post_header,raw-L14681,52 名前：既にその名前は使われています[sage] 投稿日：2007/03/08(木) 08:52:46.65 ID:cp+ddUim [6/31]
14682,anchor,raw-L14681,>>43
14683,body,raw-L14681,一応、お前以上に予想できてるんでね
14684,body,raw-L14681,つーかロック相手に全滅するお前ら創造してﾜﾛﾀｗｗｗ
14685,blank,,
14686,post_header,raw-L14686,55 名前：既にその名前は使われています(1001決めよう！)[sage] 投稿日：2007/03/08(木) 08:55:50.62 ID:cp+ddUim [7/31]
14687,body,raw-L14686,全員
14688,blank,,
14689,post_header,raw-L14689,61 名前：既にその名前は使われています(1001決めよう！)[sage] 投稿日：2007/03/08(木) 09:06:31.34 ID:cp+ddUim [8/31]
14690,body,raw-L14689,勘違いしてる奴が大勢だろうから断っておくけど別に養殖免罪符のことなんてどうだっていい
14691,body,raw-L14689,お前らが必死になってるから釘をさしてるだけ結局高難易度で泣きを見るのはお前らだからサルベージの様にな
14692,body,raw-L14689,今のうちに夢を見てろ雑魚。哀れになってきた・・・。
14693,blank,,
14694,post_header,raw-L14694,65 名前：既にその名前は使われています(1001決めよう！)[sage] 投稿日：2007/03/08(木) 09:11:21.33 ID:cp+ddUim [9/31]
14695,body,raw-L14694,６人用に弱体されたHNMなんて既にNMの名を語るのもおこがましいしな
14696,body,raw-L14694,大体免罪符落とすと決まったわけじゃないのになに必死に騒いでるんだかｗｗｗ
14697,blank,,
14698,blank,,
14699,post_header,raw-L14699,70 名前：既にその名前は使われています(1001決めよう！)[sage] 投稿日：2007/03/08(木) 09:18:51.71 ID:cp+ddUim [10/31]
14700,body,raw-L14699,暗黒沢山用意してドレスパ回せばノーダメージで相手を削れる
14701,body,raw-L14699,暗黒だけでケルベロス倒せるようになったな暗黒の時代きた
14702,blank,,
14703,post_header,raw-L14703,72 名前：既にその名前は使われています(1001決めよう！)[sage] 投稿日：2007/03/08(木) 09:26:24.50 ID:cp+ddUim [11/31]
14704,body,raw-L14703,揚げ足取りしかできない雑魚が群がる養殖免罪符ｗｗｗ
14705,blank,,
14706,post_header,raw-L14706,74 名前：既にその名前は使われています(1001決めよう！)[] 投稿日：2007/03/08(木) 09:30:28.97 ID:cp+ddUim [12/31]
14707,body,raw-L14706,どうしても必死だったいうレッテル貼りがしたいらしいないいよすれば？
14708,body,raw-L14706,いちいち数えてるほうが必死なのはROMってる奴らが言ってるよ
14709,blank,,
14710,post_header,raw-L14710,77 名前：既にその名前は使われています(1001決めよう！)[] 投稿日：2007/03/08(木) 09:33:57.50 ID:cp+ddUim [13/31]
14711,body,raw-L14710,それにさっきのは誤爆だしカウントなしでしょ
14712,body,raw-L14710,お前が思ってるより書き込み少ないから煽りしかできないなら黙ってろ
14713,blank,,
14714,post_header,raw-L14714,85 名前：既にその名前は使われています(1001決めよう！)[sage] 投稿日：2007/03/08(木) 09:58:28.13 ID:cp+ddUim [14/31]
14715,body,raw-L14714,ですよねー
14716,blank,,
14717,post_header,raw-L14717,219 名前：既にその名前は使われています[] 投稿日：2007/03/08(木) 11:59:33.10 ID:cp+ddUim [15/31]
14718,anchor,raw-L14717,>>214
14719,body,raw-L14717,と言い訳してるがHNM狩ったことないのがﾊﾞﾚﾊﾞﾚで
14720,blank,,
14721,post_header,raw-L14721,244 名前：既にその名前は使われています(1001決めよう！)[] 投稿日：2007/03/08(木) 12:17:31.42 ID:cp+ddUim [16/31]
14722,body,raw-L14721,「免罪符出る」とか夢見ちゃってるポジティブ君死亡ｗｗｗｗｗｗｗｗ
14723,blank,,
14724,post_header,raw-L14724,260 名前：既にその名前は使われています(1001決めよう！)[] 投稿日：2007/03/08(木) 12:43:34.04 ID:cp+ddUim [17/31]
14725,body,raw-L14724,いや強くて手が出せないでしょ負け惜しみが
14726,body,raw-L14724,だから代わりに選ばれたエリーﾄが倒すんだが
14727,blank,,
14728,blank,, 
14729,blank,,
14730,post_header,raw-L14730,266 名前：既にその名前は使われています(1001決めよう！)[] 投稿日：2007/03/08(木) 12:49:04.54 ID:cp+ddUim [18/31]
14731,body,raw-L14730,つーか自称一般人のために世界観が崩壊寸前なんだが・・・。ファヴとかだしすぎでしょ
14732,body,raw-L14730,モンスターが不遇でならないお前らはリジー追いかろよ自己中多すぎ
14733,body,raw-L14730,剣と魔法の世界が汚れていくわ・・・。
14734,blank,,
14735,blank,, 
14736,blank,,
14737,post_header,raw-L14737,278 名前：既にその名前は使われています(1001決めよう！)[] 投稿日：2007/03/08(木) 12:58:03.58 ID:cp+ddUim [19/31]
14738,body,raw-L14737,ほらわいてきたヨルムンとか略す奴が・・・。
14739,body,raw-L14737,ヨルムンガンドを倒せる奴は世界観大事にするからそんな略し方しないんで
14740,body,raw-L14737,お前らは偽リディルだろうが養殖免罪符でも何でもだろ？それ世界観的にノーなんで
14741,blank,,
14742,blank,,
14743,post_header,raw-L14743,290 名前：既にその名前は使われています[] 投稿日：2007/03/08(木) 13:05:52.49 ID:cp+ddUim [20/31]
14744,anchor,raw-L14743,>>281
14745,body,raw-L14743,それとこれとは別問題だけど一言断っておくけど
14746,body,raw-L14743,まずお前らただのデータとか言ってる癖にただのデータ以上に固執してるね？
14747,body,raw-L14743,それが後だしでただのデータとかで略してんじゃねーよ？なら最初からただのデータとかなしでしょ
14748,body,raw-L14743,これはＦＦに限らない問題なんで一応きつくいっとくわ
14749,blank,,
14750,post_header,raw-L14750,293 名前：既にその名前は使われています[] 投稿日：2007/03/08(木) 13:06:45.98 ID:cp+ddUim [21/31]
14751,anchor,raw-L14750,>>286
14752,body,raw-L14750,世界観的にノーなんでナッシングともいう
14753,blank,,
14754,post_header,raw-L14754,327 名前：既にその名前は使われています[] 投稿日：2007/03/08(木) 13:32:02.20 ID:cp+ddUim [22/31]
14755,anchor,raw-L14754,>>317
14756,body,raw-L14754,HNMじゃないでしょ一般人用に遺伝子組み替えされたクローンモンスター
14757,body,raw-L14754,遺伝子組み替えで大幅弱体だし気安くHNMってよんでもらっては困る
14758,body,raw-L14754,お前みたいなのが本物見たらすくんで目の前が真っ暗になる
14759,blank,,
14760,blank,,
14761,post_header,raw-L14761,344 名前：既にその名前は使われています[] 投稿日：2007/03/08(木) 13:44:09.69 ID:cp+ddUim [23/31]
14762,anchor,raw-L14761,>>337
14763,body,raw-L14761,雑魚ほど吼えるね狼が吼えるのは雑魚だから群れないと夕食なしでしょ
14764,body,raw-L14761,ネット狼が群れて集中的バッシングも俺は動じないんで一応そういうのしか言えないならかえっていいよ？
14765,blank,,
14766,post_header,raw-L14766,372 名前：既にその名前は使われています[] 投稿日：2007/03/08(木) 14:00:00.07 ID:cp+ddUim [24/31]
14767,anchor,raw-L14766,>>348
14768,body,raw-L14766,それもう流行ってないよ？死語使う田舎者は帰（っていいよ？
14769,body,raw-L14766,つーか日本語通じる?can you speak english?go home to Oklahoma!ok?
14770,blank,,
14771,blank,,
14772,post_header,raw-L14772,401 名前：既にその名前は使われています[] 投稿日：2007/03/08(木) 14:30:53.11 ID:cp+ddUim [25/31]
14773,anchor,raw-L14772,>>393
14774,body,raw-L14772,初歩的なミスと思うけどHNMじゃないんで
14775,body,raw-L14772,一般人へ無理矢理世界観壊して弱く用意した哀れなモンスター
14776,body,raw-L14772,どことなく暗い本物は覇気があるしスッと仁王立ちが似合う
14777,blank,,
14778,post_header,raw-L14778,407 名前：既にその名前は使われています(1001決めよう！)[sage] 投稿日：2007/03/08(木) 14:34:55.41 ID:cp+ddUim [26/31]
14779,body,raw-L14778,悲しいそんな病弱なモンスター狩れない悲しいから普通はね
14780,body,raw-L14778,養殖免罪符に血眼になってる奴らはお前らだよ非常識だから狩れる騒いでるのはそういう奴ら
14781,blank,,
14782,blank,,
14783,post_header,raw-L14783,440 名前：既にその名前は使われています(1001決めよう！)[] 投稿日：2007/03/08(木) 18:00:12.22 ID:cp+ddUim [27/31]
14784,body,raw-L14783,出たと思ったら偽リディルかよ色が濁ってる切れ味も悪そうｗｗｗポジティブ君涙目ｗｗｗ
14785,blank,,
14786,post_header,raw-L14786,444 名前：既にその名前は使われています(1001決めよう！)[] 投稿日：2007/03/08(木) 18:56:09.04 ID:cp+ddUim [28/31]
14787,body,raw-L14786,なにやら鑑定や前でエモ連発だから「どうした？」悲しい顔をしたエルヴァーンリーダーが「ナイズルアサルトの戦利品を鑑定してたんです」「ほう？」
14788,body,raw-L14786,「全部外れでしたチケットなくなっちゃいましたよ。はは」「そうか」と言い俺は去った彼は空元気で笑ってるのが一目瞭然で
14789,body,raw-L14786,「残念だったな」と言ったら「アイテムが外れたのが残念じゃないんです」「世界観が壊れたのが残念でならないんです」
14790,body,raw-L14786,他の仲間のエルヴァーンも続けて言うそうだ世界観が壊れてしまったこんなのヴァナディールじゃないよ「壊れた？ほう？」「僕ら一般人のために用意してくれたんだと思いますだけど僕らはこんなのを望んでいなかった」なぜだと聞く前に彼らは続けて言う
14791,body,raw-L14786,なんとＨＮＭファヴとか大幅弱体で魔法の世界なのになんということだもうモンスター達を狩るのはできないかわいそうだよといったので俺はここで普通ならなぐさめるのそんなことないよとか普通だがきつくいっといた免罪装備欲しさの自己中でこの結果だよ
14792,body,raw-L14786,ナイズルアサルトは失敗に終わったヴァナディールには悲しみとかだけがのこったちなみにこの話は実際にあった内容で英語でいうとノンフィクション
14793,blank,,
14794,post_header,raw-L14794,458 名前：既にその名前は使われています(1001決めよう！)[] 投稿日：2007/03/08(木) 19:28:11.25 ID:cp+ddUim [29/31]
14795,body,raw-L14794,ヨルムンと略す奴は大体がアイテム目当て純粋に冒険を楽しんでる人たちはヨルムンガンドという
14796,blank,,
14797,post_header,raw-L14797,476 名前：既にその名前は使われています(1001決めよう！)[] 投稿日：2007/03/08(木) 20:40:39.12 ID:cp+ddUim [30/31]
14798,body,raw-L14797,生息域が無茶苦茶なＮＭ倒してなにが面白いんだよお前ら動物園でパンダみて喜ぶタイプだろ
14799,blank,,
14800,post_header,raw-L14800,529 名前：既にその名前は使われています(1001決めよう！)[] 投稿日：2007/03/08(木) 22:18:23.60 ID:cp+ddUim [31/31]
14801,body,raw-L14800,HNMのレプリカが出るなんて世界観的にノーだろ・・・。つーか大幅弱体されてる時点でレプリカ以下かｗｗｗ
14802,body,raw-L14800,お前らってうなぎパイ食ってうなぎうめぇって言ってるんでしょ？
14803,blank,,
14804,blank,, 
14805,blank,,
14806,blank,, 
14807,blank,,
14808,blank,, 
14809,blank,,
14810,section_title,,【世界】守りのナイト・攻撃の黒【ＰＴ】
14811,blank,,
14812,blank,, 
14813,blank,,
14814,post_header,raw-L14814,1 名前：既にその名前は使われています[] 投稿日：2007/08/03(金) 14:06:43.73 ID:Bx4/jYpv
14815,body,raw-L14814,メリポＰＴは良いものだと一般人やおれはずっと騙されてきてた
14816,body,raw-L14814,おれはシーフだったんだがＬＳでＰＴを組まされいやいやながらも続けされてきていた
14817,body,raw-L14814,そんなあくる日ナイトと黒がＬＳに入ってきた
14818,body,raw-L14814,ナイトは一般人に装備の善し悪しを我々に叩き込んでくれた
14819,body,raw-L14814,黒は命を奪うのが仕事らしいどんよりとした性格だったがナイトさんが間に入りそれまでにない楽しいＬＳ会話が流れいつのまにかＬＳの中心人物へとなっていった・・
14820,body,raw-L14814,だがそれを快く思わないそれまでの中心の忍が「メリポ行こうかな」とつぶやくと裏テルで話してたんだろうな待ってましたとばかりに赤が「稼ぎに行くか・・短時間で」「じゃ受けの良い詩でメンバー揃えるわ」と詩人
14821,body,raw-L14814,おれは仲間から外された事に競売前で絶望を感じていたんだがテルで「放置ジョブ君ＰＴはー？」とＰＴの勧誘・・・黒魔からのお誘いだった
14822,body,raw-L14814,直後肩に暖かなものを感じ振り向くとそこには笑顔でナイトが待っていた
14823,blank,,
14824,post_header,raw-L14824,71 名前：既にその名前は使われています[] 投稿日：2007/08/05(日) 09:23:58.23 ID:HgePZgv1 [1/3]
14825,body,raw-L14824,知らないがこの>>１はシーフだろおれはシーフと言ってるし
14826,body,raw-L14824,ナイトが主役なのは認めないと行けないだろうが忍赤詩におびやかされてきたフィーフかわいそうすぎるしな・・それに同情したナイトと黒の話だろ
14827,body,raw-L14824,たぶんだがそれに気付いてしまったナイトが中心となって黒にテル入れさせたんだろ
14828,body,raw-L14824,ＰＴ人気の高いナイトから誘われてしまうと「シーフいじめにあってただろ？」と言わんばかりに聞こえみすぼらしい姿を晒していたに違いないとおもうぞ
14829,body,raw-L14824,やっぱる心使いができる人間はナイトに流れるらしいなおれもナイトやろうと思ったぞ
14830,blank,,
14831,post_header,raw-L14831,72 名前：既にその名前は使われています[] 投稿日：2007/08/05(日) 09:37:09.31 ID:HgePZgv1 [2/3]
14832,body,raw-L14831,それにしても忍赤詩は心がきたな過ぎるとおれも思っていたところだったのでこのスレ見つけて肝が冷えたよ
14833,body,raw-L14831,まぁおれの場合バランス壊す三大ジョブ相手にする事は出来ないがその点だけでもこのナイト黒シーフは少なくとも精神面は勇者級だな
14834,body,raw-L14831,おれも参加したいが忍赤詩を敵にまわすとしつこすぎるからな
14835,body,raw-L14831,おれが昔バリスタやってると馬鹿忍がおれにしかけてきたんだが作戦の内だったわけだが空蝉張ってるだろうと先読みしてＰＴの黒へと指令を送り見事敵中！
14836,body,raw-L14831,おれが蝉のはげた忍へきりかかると見る見る間に弱っていった
14837,body,raw-L14831,おれが「とどめさせよ」というと「死んだらすぐ行き返る」と忍がいい「寝せて放置」赤がいいうと大将級のおれを封印しての一方的なバリスタが始まったぞ
14838,blank,,
14839,post_header,raw-L14839,73 名前：既にその名前は使われています[] 投稿日：2007/08/05(日) 09:43:24.80 ID:HgePZgv1 [3/3]
14840,body,raw-L14839,おれも不用意だったがな
14841,body,raw-L14839,あの時おれがとどめさすように言わなかったらきっととどめさされてたんだろうが
14842,body,raw-L14839,おもわずいさぎよい武の心がでてしまった結果だった
14843,body,raw-L14839,だが忍は本当に人の嫌がることしかやらない雑魚だろそれに従う赤詩人も共犯だという結論がバリスタの野良ＰＴでも話題になってた
14844,blank,,
14845,blank,,
14846,blank,,
14847,section_title,,布団の中で全体サーチをしてしまう
14848,blank,,
14849,blank,,
14850,blank,,
14851,post_header,raw-L14851,1 ：既にその名前は使われています：2008/02/18(月) 17:26:58.63 ID:BTdBmnfT
14852,body,raw-L14851,俺ＮＭ狩りしてたり、チョコ掘りやってたり
14853,body,raw-L14851,伐採、採掘やってたりするんだけど
14854,body,raw-L14851,やっぱライバルいると気が滅入るって言うかやる気激減
14855,body,raw-L14851,で、いつも常連基地害がいねえかサーチしてから行くんだけど
14856,body,raw-L14851,やっぱ腐っても狙い目は深夜から明け方なわけ
14857,body,raw-L14851,それはわかってる・・・けど眠いわけ、寝てた状態からの復帰とか寒さも相成って起きたくないわけよ。
14858,body,raw-L14851,そういうときに何か夢現で発動してしまう・・・おら病気かもしれん・・・
14859,blank,,
14860,post_header,raw-L14860,3 ：既にその名前は使われています：2008/02/18(月) 17:36:00.15 ID:BTdBmnfT
14861,body,raw-L14860,ああ、完全に伝わり切れてなかったかもしれない
14862,body,raw-L14860,布団の中でコントローラー握り締めてサーチしてるとかじゃなく
14863,body,raw-L14860,死んだ人見て「レイズすれば良いじゃん」って方向の寝ぼけリアルサーチ。
14864,body,raw-L14860,意識はっきりしてる時にはこんな事全くないんだけど
14865,body,raw-L14860,程度は違えど最近深夜～明け方にヴァナの中の事が気になって夢現の中でリアルサーチしてしまう
14866,blank,,
14867,post_header,raw-L14867,7 ：既にその名前は使われています：2008/02/18(月) 17:45:02.37 ID:BTdBmnfT
14868,body,raw-L14867,わからないよね・・・ｗ
14869,body,raw-L14867,だからこそ自分でも病気かもしれないって言ってるわけで・・・ｗ
14870,body,raw-L14867,俺はこんな事無いけど
14871,body,raw-L14867,ヴァナでしか使えない手法を一瞬でも現実世界で使おうとしてしまう自分。
14872,body,raw-L14867,ムカツク奴の裏テル回しを、一瞬してしまおうか～って感じの。
14873,body,raw-L14867,ふぃ。。。
14874,blank,,
14875,post_header,raw-L14875,11 ：既にその名前は使われています：2008/02/18(月) 17:56:50.06 ID:BTdBmnfT
14876,body,raw-L14875,お前ら俺の話真面目に聞く気ないのか？俺は悩み相談してるのに
14877,body,raw-L14875,あ～久々に殺人機衝動に支配されそうだ。。
14878,body,raw-L14875,俺言ってる事おかしいですか？真面目に話てる人間にふざけた対応してると殺されてももんくいえないだろうね
14879,body,raw-L14875,俺も最近ヴァナにつかり過ぎてたから気分的に弱っていたらしい
14880,body,raw-L14875,お前らに相談したのが間違いだったと気付かせてもらったしお礼は生傷でいいらしいな
14881,blank,,
14882,post_header,raw-L14882,16 ：既にその名前は使われています：2008/02/18(月) 18:02:16.96 ID:BTdBmnfT
14883,body,raw-L14882,冗談抜きで真面目に答えろっていってんすわ
14884,body,raw-L14882,俺と同じ賞状の奴も沢山いると思うけどどうやって直した？
14885,body,raw-L14882,結構自分でも夢現のサカイが無くなってきてるから急ぐ
14886,body,raw-L14882,リアルＰＴ希望サーチとか絶対出来ないのにやってる奴とか俺より重いと思うから教えてくれ
14887,blank,,
14888,post_header,raw-L14888,17 ：既にその名前は使われています：2008/02/18(月) 18:07:00.18 ID:BTdBmnfT
14889,body,raw-L14888,朝出掛ける時のジョブ選択とかこれ重症だろ・・・ｗ
14890,body,raw-L14888,これすごいな・・お前メインなに？鬼が合いそうな気がする
14891,body,raw-L14888,今の所ジョブ選択とか帰る時にデジョンとか考えた事ないがきわまってるな
14892,blank,,
14893,post_header,raw-L14893,20 ：既にその名前は使われています：2008/02/18(月) 18:14:52.40 ID:BTdBmnfT
14894,body,raw-L14893,俺が正常か？だったらお前は異常だな・・・ｗ
14895,body,raw-L14893,俺も悩んでるけどそんな楽天的には頭が出来てない
14896,blank,,
14897,post_header,raw-L14897,27 ：既にその名前は使われています：2008/02/18(月) 18:26:03.73 ID:BTdBmnfT
14898,anchor,raw-L14897,>>21
14899,body,raw-L14897,そう！まじで夢の中でサーチしてるんだ
14900,body,raw-L14897,いや、ちょい違うか
14901,body,raw-L14897,夢でなく普通にサーチしてる。結果も出るしな。頭の中でだけど。
14902,blank,,
14903,post_header,raw-L14903,42 ：既にその名前は使われています：2008/02/19(火) 10:02:21.62 ID:b2FOPPHz
14904,body,raw-L14903,今日もサーチしてしまった・・・
14905,body,raw-L14903,基地害ライバルいなきゃこんな事も無いのにな・・・
14906,body,raw-L14903,深夜から明け方にかけてですよ？そんな時間に必死こいてＮＭとかするなよ
14907,body,raw-L14903,基地害相手はきつ過ぎる・・・
14908,blank,,
14909,post_header,raw-L14909,44 ：既にその名前は使われています：2008/02/19(火) 10:20:10.45 ID:b2FOPPHz
14910,body,raw-L14909,絡んでくるなよ、おまえ一般常識的に見て基地害だろ？
14911,body,raw-L14909,俺は夢現で頭の中でサーチしただけで狩ってねーし
14912,body,raw-L14909,そもそも俺をこんな状態にしたのは明方狩りをする馬鹿だろ？
14913,body,raw-L14909,そこまでするとか必死過ぎて何もいわないけど（苦笑）
14914,blank,,
14915,post_header,raw-L14915,48 ：既にその名前は使われています：2008/02/19(火) 10:34:04.45 ID:b2FOPPHz
14916,body,raw-L14915,意味わからないし人を落とし入れようとしてるか？
14917,body,raw-L14915,おまえこそ100回読んでもんく言うなら言えよ、鼻へし折るぞ
14918,body,raw-L14915,まぁ基地害擁護を何でするかくらいは薄々読めるけどな・・・ｗ
14919,body,raw-L14915,とりあえずここはお門違いだから失せてくれ
14920,blank,,
14921,blank,,
14922,post_header,raw-L14922,61 ：既にその名前は使われています：2008/02/19(火) 13:43:20.55 ID:RF2LZqGY
14923,body,raw-L14922,基地害は消えうせたか？
14924,body,raw-L14922,相手にしててつかれたからＰＴして気分転換してシカトこいてた
14925,body,raw-L14922,朝から夜まで永遠ＮＭとか採掘とかやってるし、業者じゃないみたいだがやってる事これ完全に業者だろ
14926,body,raw-L14922,その証拠に人がねすずまって人が少ない時間帯にＮＭとかするしな
14927,body,raw-L14922,基地害相手に熱くなるもの馬鹿らしいから相手にしてないけどな、今の所は
14928,body,raw-L14922,ただこれ完全にゲームの嫌がらせの行為
14929,blank,,
14930,post_header,raw-L14930,64 ：既にその名前は使われています：2008/02/19(火) 13:56:57.39 ID:RF2LZqGY
14931,body,raw-L14930,ＧＭコールしておいてみるか・・・
14932,body,raw-L14930,神経的にもかなり病気に近付いてるみたいだし傷害に当る可能性もあるらしい
14933,body,raw-L14930,げんに騒音おばさんは騒音で周りの人間の気分害して傷害で捕まったし
14934,body,raw-L14930,ちゃんと動いて消えてくれると嬉しい
14935,blank,,
14936,post_header,raw-L14936,69 ：既にその名前は使われています：2008/02/19(火) 14:21:31.09 ID:RF2LZqGY
14937,body,raw-L14936,おまえ廃人にどうこう出来るほど偉いのか？
14938,body,raw-L14936,廃人に付き従うしか出来ない一般人が偉そうにこうしゃくたれてんじゃねよ
14939,blank,,
14940,post_header,raw-L14940,80 ：既にその名前は使われています：2008/02/19(火) 15:26:02.30 ID:RF2LZqGY
14941,body,raw-L14940,俺叩いてる馬鹿がいるみたいだけど相手にされてないぞ
14942,body,raw-L14940,別に俺は廃人とか準廃とか一般人とかで区別したりしないけど
14943,body,raw-L14940,ただブロントとか関係ない人の名前出すのは止めよう（しきたり）
14944,body,raw-L14940,自分らが日本語読めないのをそういうので茶化されたりすると本気で悩んでる俺の意見が流されてしまう
14945,body,raw-L14940,そもそも彼が叩かれてたのももうずいぶんと前の話だろ
14946,body,raw-L14940,今では叩かれる素振りすら見せて無いはず・・。
14947,body,raw-L14940,問題は人の行動に邪魔してくる奴が問題で俺が夢にまで見てると言う現実
14948,blank,,
14949,post_header,raw-L14949,82 ：既にその名前は使われています：2008/02/19(火) 15:32:29.82 ID:RF2LZqGY
14950,body,raw-L14949,思うんだが問題児はすでにＧＭにチェック入られてるわけだし
14951,body,raw-L14949,報告ポイントが溜まったら実名入りで公式で発表されたほうが良くないかと思う
14952,body,raw-L14949,そうすると毎回毎回同じ時間にＰＯＰして同じ時間に狙ってる人間に迷惑かけてると言うことがその基地害にもわかるはずだし
14953,body,raw-L14949,もしこれでわからなくても次は直テルでリアル威圧されてもＧＭからの怒りなしにすれば問題無くなると思う
14954,blank,,
14955,post_header,raw-L14955,83 ：既にその名前は使われています：2008/02/19(火) 15:34:42.07 ID:RF2LZqGY
14956,anchor,raw-L14955,>>81
14957,body,raw-L14955,相手にされてないというのがわからりませんか？
14958,blank,,
14959,post_header,raw-L14959,85 ：既にその名前は使われています：2008/02/19(火) 15:50:46.40 ID:RF2LZqGY
14960,body,raw-L14959,問題解決になって無いということに気付け
14961,body,raw-L14959,それは学校だるいから行きたくないっていうのにたいして死ねば行かなくても良いと言ってるのと同じ
14962,body,raw-L14959,おれはそういう見放し方は出来ない主義だから真面目に答えて欲しい。
14963,body,raw-L14959,俺は一部の明け方狩りする基地害の所為で夢にまでサーチするはめになったわけだけど
14964,body,raw-L14959,ほかにもっと重い症状の奴いるだろ？
14965,body,raw-L14959,ジョブ設定をしてしまうとかかなり重症だとおもうし完全にあっち側の人間だろ（苦笑）
14966,body,raw-L14959,おれはどうやって直したか実勢のある話を聞きたい
14967,blank,,
14968,post_header,raw-L14968,102 ：既にその名前は使われています：2008/02/19(火) 16:10:20.39 ID:RF2LZqGY
14969,body,raw-L14968,真面目に答えて欲しいって頼んでただろ？
14970,body,raw-L14968,高飛車で答える気もうせるとかなんで上から目線なんだよ、馬鹿過ぎるこいつ
14971,body,raw-L14968,誰もＦＦやり過ぎて死ぬとか言ってないのになＦＦ止める気もないし話ても無駄か（笑）
14972,body,raw-L14968,人がしたてにでてるのを良い事に鬼の首取ったかのようにはしゃいだのがお前の失敗・・・ｗ
14973,blank,,
14974,post_header,raw-L14974,131 ：既にその名前は使われています：2008/02/19(火) 17:54:48.59 ID:JjBKJrur
14975,body,raw-L14974,俺初期組だけどずっと鑑定してたからわかるが関係ない人だろ・・・
14976,body,raw-L14974,お前らはすぐ、そうやって人を負い込もうとするけど無実の罪という名前の免罪
14977,body,raw-L14974,逆にお前らは無実の、人一人を相手にタイマンが怖いからと言って多勢に無勢という大罪
14978,body,raw-L14974,第三者的に見ても今回は完全に負け
14979,body,raw-L14974,負け試合をダラダラ引き延ばすだけ生き恥だすから俺も大人しくするから大人しくしとこうぜ
14980,blank,,
14981,post_header,raw-L14981,133 ：既にその名前は使われています：2008/02/19(火) 18:02:30.50 ID:JjBKJrur
14982,body,raw-L14981,思うんだが一週間強制的にログインできない状況ってありえないでしょう？
14983,body,raw-L14981,今は科学も進歩して怪我しても死ぬ寸前までいかなければ一ヶ月もあれば退院出来る時代
14984,body,raw-L14981,旅行とか趣味にないので問題外だし自分から進んでＰＣ壊す馬鹿助じゃないしＰＳ２だし
14985,body,raw-L14981,落ち付いて考えれば考えるほど深みにはまる
14986,blank,,
14987,blank,,
14988,post_header,raw-L14988,152 ：既にその名前は使われています：2008/02/20(水) 10:07:58.82 ID:0gSkcP7a
14989,body,raw-L14988,いいかげんにしておけよこの粘着が
14990,body,raw-L14988,たしかに>>61はそうかいてあるけど言いたい事は伝わってるし問題無いだろ
14991,body,raw-L14988,その言葉だとわかりきってるから誰も何も言わなかったし本人も直さなかったんだろうが
14992,body,raw-L14988,お前が言ってしまった事で微妙な誤字も許されない緊張感が生まれた
14993,body,raw-L14988,このスレはしんだ結局スレ主の悩みは解決出来ないままスレは死んだ
14994,blank,,
14995,blank,, 
14996,blank,,
14997,section_title,,【ギルティ】恥知らずなカイ使いがいた！！【ギア】
14998,blank,,
14999,blank,, 
15000,blank,,
15001,blank,,
15002,post_header,raw-L15002,1 名前：ゲームセンター名無し[sage] 投稿日：2005/05/16(月) 16:14:04 ID:YCHGr2Qe [1/2]
15003,body,raw-L15002,俺はソルを使い手なんだが相手が残念な事にカイを使ってきたので「お前それで良いのか？」と言うと「何いきなり話かけて来てるわけ？」と言われた。
15004,body,raw-L15002,俺の弟がカイの熟練者なのだがおれはいつも勝つから相手が気の毒になったので聞いただけなんだがむかついたので「お前ﾊｲｽﾗでﾎﾞｺるわ・・」と
15005,body,raw-L15002,言って開始直後に力を溜めて前ﾊｲｽﾗしたら多分リアルでビビったんだろうな、、ｶﾞｰﾄﾞ固めてたからｷｬﾝｾﾙしてｶｶッっとﾀﾞｯｼｭしながらﾊｲｽﾗしたらかなり青ざめてた
15006,body,raw-L15002,おれは一気に空中にとんだんだけどカイが硬直してておれの動きを見失ったのか動いてなかったからｺﾏﾝﾄﾞ投げでｶﾞｰﾄﾞを崩した上についげきのグランドヴァイパでさらにﾀﾞﾒｰｼﾞは加速した。
15007,body,raw-L15002,わざと距離をとり「俺はこのままﾀｲﾑｱｯﾌﾟでもいいんだが？」というとようやく必死な顔してなんか剣のはしっこから氷出してきた。
15008,body,raw-L15002,おれはしゃがみダストで回避、これは一歩間違えるとｶｳﾝﾀｰで大ﾀﾞﾒｰｼﾞを受ける隠し技なので後ろのギャラリーが拍手し出した。
15009,body,raw-L15002,俺は「うるさい、気が散る。一瞬の油断が命取り」というとｷﾞｬﾗﾘｰは黙った
15010,body,raw-L15002,カイは必死にやってくるが、時既に時間切れ、下段ｶﾞｰﾄﾞを固めた俺にｽｷはなかった
15011,body,raw-L15002,たまに来る下段ｶﾞｰﾄﾞでは防げない攻撃もキックで撃退、終わる頃にはズタズタにされた金髪の雑魚がいた。
15012,blank,,
15013,blank,,
15014,post_header,raw-L15014,3 名前：ゲームセンター名無し[sage] 投稿日：2005/05/16(月) 16:28:39 ID:YCHGr2Qe [2/2]
15015,body,raw-L15014,「いつでもﾊｲｽﾗでトドメは刺せた、あの時氷だそうとしたときにも実はズタズタに出来た、」とかいった
15016,body,raw-L15014,そしたら「いや今のハメでしょ？俺のシマじゃ今のノーカンだから」とかいったので俺がヒト睨みするとまた俺から視線を外した、２戦目は俺のﾊｲｽﾗを先読みしてたみたいでいきなりバックステッポで回避された
15017,body,raw-L15014,「ほう、経験が生きたな」と少し誉めるとｼﾞｭｰｽをおごってくれると言う約束をしたので空中でダストを当てて一気にかけよりダストと足払いの二択を迫り
15018,body,raw-L15014,５回くらい足払いしたら死を感じたのかｶﾞｰﾄﾞしようとしたので近づいてﾊｲｽﾗ投げをお見舞いしてやった、絶望でダウンしているところにｷﾞﾛﾁﾝのﾊｲｽﾗがダブルで入れた。
15019,body,raw-L15014,「今のがリアルでなくて良かったな、リアルだったらお前はもう死んでるぞ」というと想像して圧倒されたのか動きが鈍くなったのでガンフレで動きをコントロールしさらに時間までコントロールしていることにも気付かせずにﾀｲﾑｱｯﾌﾟさせた。
15020,body,raw-L15014,そしたら「まただよ（笑）」とか負けたくせに言いワケ言ってたから「限られたルールの中で勝利条件を満たしただけ」といったら顔真っ赤にして３戦目はけっこう攻撃的だったけど挑発に軽々と乗ってくる馬鹿には確実な死が待っていた。
15021,body,raw-L15014,ハイスラの恐怖が完全に摺り込まれている為思うように近づけないでいるようで空中来たらキックでけん制し飛び込んできたら前ハイスラでいつの間にかｶﾞｰﾄﾞｹﾞｰｼﾞは光っていたから「グランドヴァイパでトドメさすよ」と言うとカイは必死にｶﾞｰﾄﾞしたから
15022,body,raw-L15014,狙い通り３段目くらいをロマキャンすると予想通り青ざめてｶﾞｰﾄﾞしてたから投げで強打したのちハイスラでトドメ。
15023,body,raw-L15014,あとはﾀｲﾑｱｯﾌﾟまで粘った。俺の下段ｶﾞｰﾄﾞは固く、隙を見せなかった。カイも下段ｶﾞｰﾄﾞできない攻撃してきたけど反撃もここまで。残念ながら前半の遅れを取り戻す事が出来なかった。
15024,blank,,
15025,post_header,raw-L15025,210 名前：ゲームセンター名無し[] 投稿日：2005/06/28(火) 08:30:09 ID:N07VMR8i
15026,body,raw-L15025,またネ実の犯罪者どもがわいているようだがここはお前らのくるような板ではないことが住人の相違であることはもはや疑いようはない事実。
15027,body,raw-L15025,郷に来れば郷に従うという名言があるようにお前らはネ実に帰るべき。リアルでハイスラくらいたくはないはず。
15028,blank,,
15029,post_header,raw-L15029,224 名前：sage[] 投稿日：2005/06/29(水) 11:21:01 ID:uHxIzDcX [1/4]
15030,body,raw-L15029,ネ実からきてる人たち勝手に書き込むのやめてください！！
15031,body,raw-L15029,僕たちアケ版の住人は大変迷惑なんでわからないのです！！
15032,body,raw-L15029,個人名を勝手に書き込むのは犯罪なんです！！
15033,body,raw-L15029,国家権力をナメてると住所もとくていされて痛い目に会ってしまいｍすよ！！
15034,blank,,
15035,post_header,raw-L15035,225 名前：ゲームセンター名無し[sage] 投稿日：2005/06/29(水) 11:34:21 ID:uHxIzDcX [2/4]
15036,anchor,raw-L15035,>>224
15037,body,raw-L15035,激しく同意。
15038,body,raw-L15035,ネ実の連中ウザイよなー。
15039,body,raw-L15035,ブロントって人もこんなに粘着されてすごく怒っていると思うからネ実の連中はやはりすばやくここから出て行くべき。
15040,blank,,
15041,post_header,raw-L15041,229 名前：ゲームセンター名無し[sage] 投稿日：2005/06/29(水) 12:21:32 ID:uHxIzDcX [3/4]
15042,body,raw-L15041,ネ実の連中は俺をブロントとかいうやつだと思い込んでいるようだがそれは大きな勘違い
15043,body,raw-L15041,俺はＦＦＸＩをやったことがないという事実は俺がブロントではないという証拠がある。
15044,body,raw-L15041,くやしかったら俺がブロントだという証拠をみせてもらうしかない。もっともそんなことができるはずもないがな。
15045,blank,,
15046,post_header,raw-L15046,234 名前：ゲームセンター名無し[sage] 投稿日：2005/06/29(水) 12:48:53 ID:uHxIzDcX [4/4]
15047,anchor,raw-L15046,>>230
15048,body,raw-L15046,クラスの奴らがＦＦＸＩが流行ってたのでよくブロントの話題になってたから知ってる。
15049,body,raw-L15046,すごく偉大な人だったがネ実の連中のせいでキャラ消すことになってしまったという事実も知ってるぞ。
15050,blank,,
15051,body,raw-L15046,俺はネ実の悲しみをもう一度繰り返すわけにはいかないからお前らがこのアケ版に書き込むことは許さない。
15052,body,raw-L15046,これは住民の相違であることは>>210が証明しているとおり。
15053,blank,,
15054,post_header,raw-L15054,247 名前：ゲームセンター名無し[sage] 投稿日：2005/06/29(水) 14:34:43 ID:ws246B2c [1/4]
15055,body,raw-L15054,俺が思うにここの>>1は彼ではないんじゃないだろうか
15056,body,raw-L15054,ギルティギアは俺が最初に目をつけたほどの格闘ゲームなのだから
15057,body,raw-L15054,色んな人間がしててもおかしくないでしょう。
15058,body,raw-L15054,なのにわざわざネ実から押し寄せてきて大変めいわくしていると思うぞ
15059,quoted_line,raw-L15054,>>1が名乗ったのなら話は別だが残念な事に名乗ってなどいないので話は別
15060,body,raw-L15054,ここで勝手に決め付けている奴はそうとう雑魚だろうなＦＦで負け犬のにおいがする
15061,blank,,
15062,post_header,raw-L15062,249 名前：ゲームセンター名無し[sage] 投稿日：2005/06/29(水) 14:54:06 ID:ws246B2c [2/4]
15063,body,raw-L15062,ageるなよ・・しかも今度は標的は俺ですか？
15064,body,raw-L15062,俺は偶然ここを通りかかっただけなのに決め付けるしお前はみんなにｳｻﾞｲと思われてるだろうな
15065,body,raw-L15062,偶然通りかかった人を勝手に犯人にするお前こそが犯罪者になると言う事しらないのか？
15066,body,raw-L15062,警察が本気で力入れられないのは間違えて捕まえた時に反省しなければならないから。
15067,body,raw-L15062,警察でさえ反省なのだからお前はもう逃げられないよ。警察はもう動いてるかもしれない
15068,body,raw-L15062,ただ警察も万能じゃ無いから今のうちにおとなしくしてれば住所特定できないだろうな・・
15069,blank,,
15070,post_header,raw-L15070,252 名前：ゲームセンター名無し[sage] 投稿日：2005/06/29(水) 15:14:39 ID:ws246B2c [3/4]
15071,body,raw-L15070,俺はアケ板の常連なのだがギルティギアは最高に面白い
15072,body,raw-L15070,先週水曜日のお昼前だったと思うが不良が三人でギルティギアやってたんだが
15073,body,raw-L15070,やはり小物で動きの鈍そうな図体してがコンプレックスだったんだろうなチップを使ってきたんだが
15074,body,raw-L15070,下ダストで転ばせて何か呪文で動きを封じると言う汚い裏技を使ってきた
15075,body,raw-L15070,何度もやってくるので思わず「きたないな・・戦い方が低レベル過ぎ」と言うと自分のしてきたことが恥かしくなったのか
15076,body,raw-L15070,顔真っ赤にして超必使ってきたけど俺はﾀﾞｯｼｭしていたが超必に反応できた
15077,body,raw-L15070,見事に全段ガードして近寄りお返しの超必を入れてやり「超必はこういれないと」というとボス格の奴が乱入してきたので
15078,body,raw-L15070,開幕グランドヴァイパｰで根こそぎ勢いとゲージを持っていった
15079,body,raw-L15070,敵は火だるまだったが下手にちかずくとポチャムキンバスターになるので我慢端から伸びる蹴りで少しずつ体力を削り取って行った
15080,body,raw-L15070,ポチョムキンがやる気が無いので（一気に行くか）と空中から仕掛けるとヘブンリーにもって行かれたので
15081,body,raw-L15070,「待ちかよ・・」（普通の格ゲーでは禁止されている汚い手段）を平然と使いワンセット取られた。
15082,blank,,
15083,post_header,raw-L15083,254 名前：ゲームセンター名無し[sage] 投稿日：2005/06/29(水) 15:23:58 ID:ws246B2c [4/4]
15084,body,raw-L15083,ageるなっつってんのがわかりませんか？雑魚はおとなしくしてろ
15085,body,raw-L15083,ここでageると捕まるやつが続出しそうだな・・俺のせいじゃないが関係無いやつはアケ板に来て荒らすなよ・・切り裂かれたいのか？
15086,blank,,
15087,body,raw-L15083,その後ボコボコにして圧勝してやった
15088,body,raw-L15083,変な空間になったので俺はミステリーを残す為勝ちの画面になったと同時に家に帰ったが多分不良界で伝説になってる
15089,blank,,
15090,post_header,raw-L15090,262 名前：ゲームセンター名無し[sage] 投稿日：2005/06/29(水) 17:15:29 ID:MiF3bqif [1/4]
15091,body,raw-L15090,ついに逮捕者が出たらしいぞ
15092,body,raw-L15090,このスレで不用意に人物名を連呼してageていたネ実の雑魚がサイバーネットポリスのぎゃく鱗に触れたらしい
15093,body,raw-L15090,俺は逮捕されたくないのでsageるが逮捕されたくなければ早くこのスレを落とすべきだろうな・・
15094,body,raw-L15090,もう何人か捕まってしまったらしい
15095,blank,,
15096,post_header,raw-L15096,265 名前：ゲームセンター名無し[sage] 投稿日：2005/06/29(水) 17:30:48 ID:MiF3bqif [2/4]
15097,body,raw-L15096,ageんな雑魚いい加減しつこいよ？俺は夜の商売だから今から仕事だけど
15098,body,raw-L15096,俺の知り合いに人に恐怖を与える人間がいるんだが
15099,body,raw-L15096,お前こわくないなら住所と名前いって見ろよ
15100,blank,,
15101,post_header,raw-L15101,269 名前：ゲームセンター名無し[sage] 投稿日：2005/06/29(水) 17:37:11 ID:MiF3bqif [3/4]
15102,body,raw-L15101,ばかかこいつ【練習相手になりません】
15103,blank,,
15104,post_header,raw-L15104,271 名前：ゲームセンター名無し[sage] 投稿日：2005/06/29(水) 17:45:50 ID:MiF3bqif [4/4]
15105,body,raw-L15104,仕方ないな・・許してやるかどうかはまだ決めてないけど
15106,body,raw-L15104,とりあえずばかみたいにageるのを止めさせてこい・・
15107,body,raw-L15104,俺は気が短いからちゃんと言ってこないと忘れて暴力になるかもしれないな～・・
15108,blank,,
15109,blank,, 
15110,blank,,
15111,blank,, 
15112,blank,,
15113,section_title,,ギルティギアやってる奴ちょっと来い　in ネ実
15114,blank,,
15115,blank,, 
15116,blank,,
15117,blank,, 
15118,blank,,
15119,blank,,
15120,post_header,raw-L15120,199 名前：既にその名前は使われています[] 投稿日：2006/01/09(月) 13:19:45.64 ID:idTYm+Yb [1/2]
15121,body,raw-L15120,ｶｲ最強とか言ってる奴は雑魚決定だな
15122,body,raw-L15120,最強はソルに決まってるついこの先日もｶｲ使いを気取ってる奴をソルでﾎﾞｺﾎﾞｺにしてきてやったら
15123,body,raw-L15120,友達にいいわけしてるみたいで「急に入ってこられた」といっていたが
15124,body,raw-L15120,俺はスキだらけだったので一瞬で近寄ってハイスラしたら投げてしまったんだがそこからが敵は地獄を見る事になった
15125,body,raw-L15120,なんと投げられた後の無防備な弱点にｷﾞﾛﾁﾝの前ハイスラが二発ﾋｯﾄカイは何が起こったのかも分らないままうなだれてたので
15126,body,raw-L15120,圧倒的な空中ハイスラを振りまわしながらちかずいて行くとその迫力でやっと正気に戻ったのか必死にガードしだしたが
15127,body,raw-L15120,と中で空中ダストにきりかえたのにカイは気づかないまま下ガードしてたのだが吹っ飛ばした
15128,body,raw-L15120,「下段ガードしてたのに」とまた友達にいいわけしてたので「お前は戦闘中に話したりする余裕があるのか？」という同時に下段ダストで足払いをした
15129,body,raw-L15120,友達から「ダストが中段だからくずされた」と言ったいたのでカイは必死に上段ガードをしていたが
15130,body,raw-L15120,「戦闘中に話しているのは相手にスキをつかれる。ダスト対策の上段ガードが水の泡になった」というと今度は下段ガードを固めていた
15131,body,raw-L15120,「雑魚は守ってばかり」というと諦めたのか赤く光って一撃モードになった俺は「これは危ない」といってガードを固めるとなんか回転しながら打ち付けるやつで下段ガード無効化されたから
15132,body,raw-L15120,「同じ技ばかり使って雑魚丸出しだろ・・まぁいいが」といったが俺は別の狙いがあった
15133,body,raw-L15120,一撃モードのカイのゲージが見る見るうちに削られていく（さてそろそろか）とバンデット～の空中連続キックでトドメをさそうとしたが一撃を決められた
15134,body,raw-L15120,「他人との対戦で一撃使うなよ・・」というとあやまってきたが俺にも一撃を入れさせろと言うと断わってきたヒキョウ者それがカイ
15135,blank,,
15136,post_header,raw-L15136,203 名前：既にその名前は使われています[sage] 投稿日：2006/01/09(月) 14:12:24.89 ID:idTYm+Yb [2/2]
15137,anchor,raw-L15136,>>199
15138,body,raw-L15136,やはりカイよりやはりソルだな・・
15139,body,raw-L15136,今回のでそれが良くわかったよ>>199感謝
15140,body,raw-L15136,まぁソルの聖騎士はまさしく鬼の力と言ったところかな
15141,body,raw-L15136,火炎をまとってとぶさまはまさに最強の一文字につきるしかもついに念願のオーラの具現化が実現！
15142,body,raw-L15136,オーラ爆発させる事によって手を出していないのにもかかわらず「お前そこにいたのか・・」と歩み寄るさまは敵に恐怖を与え敵は上にしか逃げる場所はないのだが
15143,body,raw-L15136,ここもすでにボルカニックの射程内
15144,body,raw-L15136,敵は画面端から逃げ出したそうにしてるが後ろがないので前門の虎前門の王神状態でなす術なしだしな
15145,body,raw-L15136,はっきりいって200-202は情報に躍らされてる可哀想な一般人
15146,body,raw-L15136,あんな氷でできた剣で炎の剣に勝てるわけがない
15147,body,raw-L15136,しかも腕力もみた感じソルが圧倒的に上で詩かも炎だから負ける要素ないので俺は199に賛成だな
15148,blank,,
15149,blank,,
15150,post_header,raw-L15150,314 名前：既にその名前は使われています[sage] 投稿日：2006/01/12(木) 15:09:36.62 ID:rs02S7Vw
15151,body,raw-L15150,俺はそこそこの闇慈使いだがやはり聖騎士のソルに現実を突き付けられた
15152,body,raw-L15150,俺が闇慈でやっているとソルが対戦してきたがあしらってやろうと思い開幕で風刃を使うと読んでいたらしく足払いしてきた
15153,body,raw-L15150,そして遠くでパワーをチャージしているので隙だらけだぞといい駆け寄りハイスラを打つと突然ソルのオーラに吹っ飛ばされた
15154,body,raw-L15150,「なんだ今のは・・」と言うがやはりソルは冷酷だった返事の代わりに空中でハイスラをきたが上段ガードで防いだそのまま攻め込まれると思い全て防いでやると思い
15155,body,raw-L15150,ガードしてると突然火柱を上げながら物凄い勢いで突進してきたこれはまずいと思い情景反射でハイスラを打つと偶然にも投げが決まった
15156,body,raw-L15150,しかしさすがソル「運も実力のうち」と笑っていた
15157,body,raw-L15150,しかし次の瞬間ソルの目が変わった「どうやら手加減の必要は無いようだな」と言うとその獲物を見据える目つきが俺を捉らえる
15158,body,raw-L15150,俺はただならぬ気配に思わず後退りするとソルはその隙を見逃さなかった一気に駆け寄ると突然宙に舞いダスト
15159,body,raw-L15150,そして着地した瞬間に足払い俺はもはや袋の鼠状態思わず画面から目を反らす
15160,body,raw-L15150,放心する俺にソルは「相手が悪かった。しかし今まで闘った闇慈の中でももっとも強かった」と言い残し去っていった
15161,blank,,
15162,blank,, 
15163,blank,,
15164,blank,,
15165,section_title,,アトルガンと間違えてガトリングガン買ってきた
15166,blank,,
15167,blank,, 
15168,blank,,
15169,blank,,
15170,post_header,raw-L15170,105 名前：既にその名前は使われています[sage] 投稿日：2006/04/21(金) 15:28:01.98 ID:ILLgTmEr
15171,quoted_line,raw-L15170,>>1は間違いなく馬鹿だなこんなところに罠スレつくるなよ・・
15172,body,raw-L15170,ガトリングガンと言えばｷﾞﾙティギアのソルの必殺コンボで鉄砲のガトリングガンにもたぶん勝つぞ
15173,body,raw-L15170,だいたいこれ決めたら相手は恐ろしくなって下ガード固めるのでさらに必殺のバンディットレボルバーの炎が顔面にめり込む
15174,body,raw-L15170,これは地面にたったきつける荒技に隙が大きいのだが相手が恐怖に怯えてる時にはかなりきく
15175,body,raw-L15170,あんのじょう相手にクリティカルヒットし絶望しながら飛び上がった
15176,body,raw-L15170,これはダウン回避不可能なのであとは普通は地面に強打されるけどタイタンレイブＢでこれは←超必殺技
15177,body,raw-L15170,予定していたよりも大ダメージを一瞬のうちにくらわせられるここまできたらだいたい相手はラウンド捨てる
15178,body,raw-L15170,ガトリングガンに対抗出来るのはポチョムキンのバスターくらいかなあれは破壊力だけなら始めて見た人はポチョムキンが最強かと思うけど
15179,body,raw-L15170,使い手のスピードとパワーのソルのガトリングガンをうけるとだいたい一緒に来てる上手いやつにかわる
15180,blank,,
15181,blank,, 
15182,blank,,
15183,blank,, 
15184,blank,,
15185,section_title,,カイ使う奴は雑魚狩り専門
15186,blank,,
15187,blank,, 
15188,blank,,
15189,blank,, 
15190,blank,,
15191,post_header,raw-L15191,1 名前：俺より強い名無しに会いにいく[] 投稿日：2007/01/19(金) 17:40:46 ID:VshHSlA30
15192,body,raw-L15191,遊んでいたんだがカイで１０連勝とかしてるやつがいたんで見ていたら１０連勝の相手は小学生くらいの子供だった
15193,body,raw-L15191,俺は「恥かしくないのか」ときくと聞こえないフリしていきなり飛ぶながら叩きつけるワザ使っていたが
15194,body,raw-L15191,子供は１回攻撃無視のワザを使っていて無残に返り討ち食らっていた
15195,body,raw-L15191,子供は「何故？」と苦笑しながらダウンしてるカイに近付きおきぜめを狙っていたんだがカイは卑怯にも無敵の昇竜拳を使っていた
15196,body,raw-L15191,だが子供はそれを読んでたみたいで防御してた絶望しひややせかきながら無残に落下してくるカイにバスター（最強攻撃）を食らわせてた
15197,body,raw-L15191,カイ使いは「今の離れてただろ・・」と一人ごと言っていたが誰も聞いてなかった
15198,body,raw-L15191,卑怯にもきょりがあいたので氷だして削っていたんだがぽちょきんも飛び跳ねて頑張っていたらギャラリーが集まってきてたんだがその攻めが恥かしくなったんだろうな
15199,body,raw-L15191,急に「そろそろかな」といって攻撃的になって空中から攻めて行ったらそこにあったポチョムキンの腕で捕まってた
15200,body,raw-L15191,俺は「お前まさか…」というと顔真っ赤にしながら「今の飛んでないんだが・・」とレバーにグルグルまわしてた
15201,body,raw-L15191,そのかいあってか残念な事に強力な追加攻撃はミスしてたみたいだが安心して落下してきたカイにまたおき攻めで攻め掛かり蹴りをガードさせた直後のバスター（最強攻撃）で止めを刺されていた
15202,body,raw-L15191,青くなってるカイ使いに「お前誰に勝ったの？」と聞くと奥のほうでメダルゲームしてる子供を指したしかも「呼んで来て…」と頼んできたがアワレで仕方が無かった
15203,blank,,
15204,blank,, 
15205,blank,,
15206,blank,,
15207,section_title,,2D格ゲーの最高作はギルティ
15208,blank,,
15209,blank,, 
15210,blank,,
15211,blank,, 
15212,blank,,
15213,post_header,raw-L15213,21 名前：既にその名前は使われています[] 投稿日：2008/08/11(月) 10:49:55 ID:ArJmhJbw [1/2]
15214,body,raw-L15213,ギルティしたこともない雑魚が調子こくなよ
15215,body,raw-L15213,俺も全ての格ゲーに通だがここまで動きが滑らかな思い通りに動く作品はなかった
15216,body,raw-L15213,ここで文句いってる雑魚はコマンド複雑化で逃げ出した脱獄兵だろ
15217,body,raw-L15213,俺はコマンド複雑化よりも動きが遅すぎる他に動きがトレースできないからなもう少しなんとかして欲しい
15218,body,raw-L15213,出来る事ならこのまま対戦させて欲しいと思うほどだし多分だが俺だったらノーダメで実力差わからせられるが
15219,blank,,
15220,post_header,raw-L15220,25 名前：既にその名前は使われています[sage] 投稿日：2008/08/11(月) 11:22:27 ID:ArJmhJbw [2/2]
15221,body,raw-L15220,戦法的には普通だと思うがもしかして絶対防御しかれて汚いとか思って
15222,body,raw-L15220,いちいち人の前に出してくるざこかな？
15223,body,raw-L15220,格ゲーの基本ガードは下段だし上段だと下段ガードできない
15224,body,raw-L15220,ギルティには中段というのがあるわけだが一級クラスにならないとこれが見極めれない
15225,body,raw-L15220,ちなみにスト2系とかのやつには中段の無敵ワザで何が起こったかわからない内に瞬殺出来た
15226,body,raw-L15220,レベルが低すぎてそのあとわざと２ラウンド取らせてやってから連取
15227,body,raw-L15220,おわってから「実はお前は弱かった」と伝えてやったらスト2の方に逃げていったよ
15228,blank,,
15229,blank,, 
15230,blank,,
15231,blank,, 
15232,blank,,
15233,blank,, 
15234,blank,,
15235,section_title,,最近の格ゲーって何でつまんないの？
15236,blank,,
15237,blank,, 
15238,blank,,
15239,blank,,
15240,post_header,raw-L15240,599 名前：既にその名前は使われています[] 投稿日：2008/08/27(水) 23:52:03 ID:JVk4EDnM
15241,body,raw-L15240,俺はあまり格闘ゲームはやった事ないんだが
15242,body,raw-L15240,ギルティギアは最高のバトル格闘ゲームは間違いない
15243,body,raw-L15240,そんな俺もゲームセンター行くなら強いやつとやりたいんだがギルティギアはコンボが長すぎるが長くすればするだけ我慢ゲージが減ってダメージも減って行く
15244,body,raw-L15240,その後ダウン回避したら相手は馬鹿みたいにロマンキャンセルしたり無理して技を繋いだりしてるので
15245,body,raw-L15240,いつの間にか有利になってたりする事もしばしばある所でバランスがとれている
15246,body,raw-L15240,出させるだけださせて相手の力量をはかれたらそこから反撃パターン
15247,body,raw-L15240,ライフが半分まで減ってても溜めていたテンションゲージで取り戻せるしそれを取り戻したら当然流れはこっちになるしな
15248,body,raw-L15240,まぁハメさえ使われなかったら最強ソルでほぼ完勝出来るだけの腕は持ってるつもり
15249,blank,,
15250,post_header,raw-L15250,602 名前：既にその名前は使われています[] 投稿日：2008/08/28(木) 00:05:41 ID:+NArLFnJ [1/6]
15251,body,raw-L15250,たまにそれ見よがしに空中投げしてくるやついるが
15252,body,raw-L15250,だからなに？って顔して平然とプレイしてると相手は勝手に「何でビビらないの」って攻撃を躊躇しながら来るが
15253,body,raw-L15250,そこに裏読みしてグランドヴァイパー（上段攻撃無効）を当ててやると７～８段ヒットして
15254,body,raw-L15250,それまで必死にコンボ繋いでたのが馬鹿らしくなるようなヒット数を稼げる
15255,body,raw-L15250,このワザでだいたいこの時には画面端に追い詰められるわけだが画面端に追い詰められても画面蹴りのライオットスタンプでカウンターできる
15256,body,raw-L15250,カウンターで地面に叩きつけられてる相手にガンフレイム（青キャン）して起き攻めすると
15257,body,raw-L15250,相手は気がついて起きあがった時には炎が迫っているのでガードするしかないが炎の向こうから同速度で迫って来るその攻撃もガードするしかないわけだが
15258,body,raw-L15250,ソルにはガード無視のコマンド投げがあるし防御もさせない超攻撃が出来る鉄壁のファイターだと思う
15259,blank,,
15260,post_header,raw-L15260,606 名前：既にその名前は使われています[] 投稿日：2008/08/28(木) 00:17:29 ID:+NArLFnJ [2/6]
15261,body,raw-L15260,俺は本当にあまり格闘ゲームをしないがギルティギアが最高ゲームだというのは噂に名高いだろ
15262,body,raw-L15260,あまり人の話を折るような無粋なマネはするべきじゃないぞガキが
15263,body,raw-L15260,そもそも俺をこの世界にいざなってくれたのはソルの眼光だった
15264,body,raw-L15260,他のなよなよした負けても「魔剣使いが相手じゃ勝てるわけがない」と言い訳するようなザコキャラは眼中になかった
15265,body,raw-L15260,その後三つ魔剣がある事がはっ隠したわけだがそのいづれも偶然だが俺がキャラクターに迷ったやつらだった
15266,body,raw-L15260,まぁカイは完全に女の為の生贄だから簡単仕様で男仕様のソルほど難しくもないが強くもなかったが
15267,body,raw-L15260,問題はアンジだがこいつが上手いやつが使えばかなり強い
15268,body,raw-L15260,俺の得意の超速ダウン回避が空中投げで狙われてるというのがわかってしまうほどで完全にプレイヤースキルを封殺される
15269,blank,,
15270,post_header,raw-L15270,610 名前：既にその名前は使われています[] 投稿日：2008/08/28(木) 00:29:48 ID:+NArLFnJ [3/6]
15271,anchor,raw-L15270,>>603
15272,body,raw-L15270,それは一般レベルの話ではないか？
15273,body,raw-L15270,グランドバイパーはたしかに隙が少なく最高出力の荒技だが以前みたいにボルカニックが付いてないので魅力半減してるぞ
15274,body,raw-L15270,それよりも上級者は低空ダッシュ使われても前ハイスラで撃退出来る事を相手にわからせれば相手を地上に抑えつけられるが
15275,body,raw-L15270,それも実は罠で相手は飛べないのに俺は飛べて空中圏は完全支配となる
15276,body,raw-L15270,そこで出てくるのがダッシュ慣性をつけた空中ハイスラだがこれが実は二段ハイスラで下への攻撃判定が強く鬼と化す
15277,body,raw-L15270,仮にガードされてもそこから硬直の前ハイスラでさらに二段ハイスラをするとだいたいガードゲージが光るぞ
15278,body,raw-L15270,落下キャンセル見越してのグランドバイパーは俺もよくつかうのでお前だけのオリジナルと思っているなら大きな間違いなので
15279,blank,,
15280,post_header,raw-L15280,615 名前：既にその名前は使われています[] 投稿日：2008/08/28(木) 00:49:44 ID:+NArLFnJ [4/6]
15281,anchor,raw-L15280,>>609
15282,body,raw-L15280,あまり調子乗った事言ってると痛い目みるぞ
15283,body,raw-L15280,ガンダムとか機械ばっかやってておまえみたいな本当の格闘を知らないやつがいるんだよな
15284,body,raw-L15280,ついこの間おまえみたいなやつがからまれてるのを見たんだが
15285,body,raw-L15280,ボコボコにされてたしよく見ると拳握る事も知らないのな手はスティック握りで必死にけん制してた
15286,body,raw-L15280,相手はギルティ勢じゃなかったが流石レベルの低いやつらばかりでけん制も何のそので取っ組み合いだった
15287,body,raw-L15280,「そこはけん制注意だろ」とフレと話てたらにらまれてむなぐら掴まれたので相手の手首返してケツ蹴り飛ばしてやった
15288,body,raw-L15280,乗りかかった船なので相手してやったんだが相変らずけん制無視だったのでローと見せ掛けての間合い踏み込みで背負い投げ
15289,body,raw-L15280,身体が勝手に動いたんだが今思い起こしてみるとオリンピックで見た技だったんだが常に自然と頭の中でシュミレートしてるくらい格闘に精通してる
15290,blank,,
15291,post_header,raw-L15291,628 名前：既にその名前は使われています[] 投稿日：2008/08/28(木) 01:02:31 ID:+NArLFnJ [5/6]
15292,body,raw-L15291,人に罪なすり付けようとしてるやつがいるんだが何がしたいんだ？
15293,body,raw-L15291,誤字とかぬかしてるがかなり注意してるのでそれはない
15294,body,raw-L15291,嘘ついてまでギルティ批判したいらしいが間違いなくギルティは最強
15295,body,raw-L15291,ちなみにスト２関係でもホームグランドではかなり知ってる人間がいるし俺のフレはストの地元覇者
15296,body,raw-L15291,そいつもギルティに引き込みつつあるがかなり手を抜いても勝ってしまうわけだが
15297,blank,,
15298,blank,,
15299,post_header,raw-L15299,633 名前：既にその名前は使われています[] 投稿日：2008/08/28(木) 01:14:41 ID:+NArLFnJ [6/6]
15300,anchor,raw-L15299,>>629
15301,body,raw-L15299,いつものザコの主張だし堅実ってそれは逃げだろ
15302,body,raw-L15299,超必ガードすりゃ良いだけだろ
15303,body,raw-L15299,そもそも食らったら死ぬ位まで追い詰められてただけの話で総合で負けてただけの話でしょう
15304,body,raw-L15299,ガード戦法するなら相手の行動見切れるくらいのプレイヤースキルないとダメ俺なら直ガまでする
15305,blank,,
15306,blank,, 
15307,blank,,
15308,blank,, 
15309,blank,,
15310,section_title,,GGXXAC　Part114
15311,blank,,
15312,blank,, 
15313,blank,,
15314,blank,,
15315,post_header,raw-L15315,817 名前：日本一の闇慈[] 投稿日：2009/04/12(日) 14:47:41 ID:XTz50VgyO [1/5]
15316,body,raw-L15315,最弱はなのは闇慈だろうな
15317,body,raw-L15315,何故なら闇慈は速さとスピードとパワーのバランスがとれてないから
15318,body,raw-L15315,例えば立ちＰにしても発声ははやいが(最速)闇慈がやる気を出してないせいでパワーが無い
15319,body,raw-L15315,何故かしかも目を狙ってるせいで座ってる敵にあたらずカウンターを食らって死ぬ
15320,body,raw-L15315,まずこの時点で接近戦は圧倒的不利
15321,body,raw-L15315,そして次は中距離で使う横Ｓこれは遊いつの牽制技とも言える必殺技なのだがやはり弱い
15322,body,raw-L15315,これもやはりやる気がないせいかパワーが無い しかも連携が繋がらないから敵をちょっと撫でるだけで終わる
15323,body,raw-L15315,ガードポイントも意味が無いし敵にジャンプされるとスカってカウンターで死ぬ
15324,body,raw-L15315,やはり中距離も圧倒的不利
15325,body,raw-L15315,そして遠距離に続く
15326,body,raw-L15315,これはもう話にならないのはわかるだろう
15327,body,raw-L15315,まず遠距離では闇慈は技がない チョウチョを飛ばすことはできるがこれも意味がない
15328,body,raw-L15315,鳶道具の中でも最弱レベルの技で途中で消えて弾も遅いし案の定パワーもない
15329,body,raw-L15315,そのうえ飛び越されてカウンターで死亡
15330,body,raw-L15315,なので遠距離でも不利どころか積んでるという不具合
15331,body,raw-L15315,このように少し技を解説しただけで最弱なのがわかる
15332,body,raw-L15315,だが俺の追い討ちは続く
15333,blank,,
15334,post_header,raw-L15334,819 名前：俺より強い名無しに会いにいく[] 投稿日：2009/04/12(日) 15:01:19 ID:XTz50VgyO [2/5]
15335,body,raw-L15334,主要技の解説が終わったが次はシステムからの弱さについての説明
15336,body,raw-L15334,よく闇慈悲が防御力が高いとか嘘ついてる嘘つきがいるがこれはチップ使いの自演
15337,body,raw-L15334,このゲームで防御力が高いのはポチョムキンくらい(攻撃力も最高レベルで卑怯)であとは変わらない
15338,body,raw-L15334,試してみたらほとんどのキャラがスレイヤーの超泌五回くらいで死んだ なら闇慈も同じだろと思ったらところが違った
15339,body,raw-L15334,実は闇慈は見た目のわりに大きくコンボを食らいやすいという欠点もある 他にもそういうのはいるのだが闇慈は一味違った
15340,body,raw-L15334,それは右上に見える赤いガードバーでこれが多いと大変なことになるだが闇慈はこれがすぐ点滅するし回復もしない
15341,body,raw-L15334,そして昇竜がないので敵に攻められたらガードするしかないという負の連鎖が起きることになる
15342,body,raw-L15334,つまり闇慈は他の雑魚に比べて命が短いという欠点があるのだ
15343,blank,,
15344,post_header,raw-L15344,820 名前：俺より強い名無しに会いにいく[] 投稿日：2009/04/12(日) 15:13:34 ID:XTz50VgyO [3/5]
15345,body,raw-L15344,これだけの欠点を上げたにも関わらずまだまだ弱点は隠されていた
15346,body,raw-L15344,闇慈はスピードが遅いので(運動神経はいいはずだが・・・)代わりにガードポイントがあるのだがこれが実は弱点となっていた
15347,body,raw-L15344,敵の技を受けることができるのに何故か上下で分かれていて一歩間違えばカウンターで死ぬというバクチ技
15348,body,raw-L15344,しかも成功してもぶっ飛ばしてしまうのでコンボできない欠点がある つまり見返りが少ないのし間違えば死ぬという不必要なシステム
15349,body,raw-L15344,なら使わなければいいとお思いだろうがやはり先ほどもいったように闇慈悲には無敵技がなくこれを使わなければ永遠とガードしなければいけないくなる悪夢が続く
15350,body,raw-L15344,バイケンには闇慈の高レベル版の返し技があって闇慈はバイケンに勝てなくなっている
15351,blank,,
15352,post_header,raw-L15352,821 名前：俺より強い名無しに会いにいく[] 投稿日：2009/04/12(日) 15:23:42 ID:XTz50VgyO [4/5]
15353,body,raw-L15352,そして最期にこのゲームのキモの超必殺技(以下超泌)の不具合
15354,body,raw-L15352,闇慈には２つの超泌があってこれはもう冊子のとおりにスピードはないし無敵もない(他のキャラには大体ある)
15355,body,raw-L15352,まず地上技の一誠扇彩だがこれはもう使わない(ゲージの無駄)
15356,body,raw-L15352,もう一つは天神足だがこれは貯め技な上にガードされるとカウンターで死ぬから使わない(ゲージの無駄)
15357,body,raw-L15352,実は隠し技でガードポイント超泌があるがこれはカッコイいがあまり使わない(使ってもいい)
15358,body,raw-L15352,つまり闇慈は超泌を使わず必殺技だけで戦わなければならない宿命も背負ってる闇のキャラでもある
15359,blank,,
15360,post_header,raw-L15360,822 名前：日本一の闇慈[] 投稿日：2009/04/12(日) 15:35:11 ID:XTz50VgyO [5/5]
15361,body,raw-L15360,これだけの不具合があるのに勝てるのはやはりキャラ愛があるからだろうな ちなみに俺はずっと闇慈を使い続けてるが一度たりも不利と思ったことはないな
15362,body,raw-L15360,よくチップ使いが最弱で張り合ってくるが流石に自虐的すぎて鼻で笑える (チップにはスピードがあるから最弱は有り得ない)
15363,body,raw-L15360,しかも闇慈を使って勝つと「あいつ闇慈で勝ちってる」と誉められることもある
15364,body,raw-L15360,つまり俺が言いたかったのは最弱でもいつかは報われるかもしれないと言いたかった
15365,body,raw-L15360,これは狂キャラ使いには死ぬまでわからない貴重な感覚だろうな
15366,blank,,
15367,blank,,
15368,blank,, 
15369,blank,,
15370,section_title,,ブロント最強伝説
15371,blank,,
15372,blank,, 
15373,blank,,
15374,blank,,
15375,post_header,raw-L15375,132 ：既にその名前は使われています：2005/06/29(水) 16:57:42 ID:0fNSmHoH
15376,body,raw-L15375,俺はアケ板の住人なんだがもうそっとしておけよ
15377,body,raw-L15375,一人の人間に粘着するなしかもわざわざ他板にまで捜索する粘着はもう犯罪一歩手前だろ？
15378,body,raw-L15375,これはさすがの俺も警察を頼らざるをいなくなった今手続きしてるところだが最近の警察はやばいな
15379,body,raw-L15375,サイバーネットポリスとか言うのが署内でも権力の猛威を振るっているらしい
15380,body,raw-L15375,サイバーネットポリスは捕まえた犯人は結構罪が重いらしい。
15381,blank,,
15382,blank,,
15383,post_header,raw-L15383,139 ：既にその名前は使われています：2005/06/29(水) 17:04:47 ID:0fNSmHoH
15384,body,raw-L15383,警察の結構偉い人とうちの父親が知り合いだから
15385,body,raw-L15383,サイバーネットポリスの力を借りれるかもしれない
15386,body,raw-L15383,「不特定多数が掲示板に人の名前を不許可で上げている」というと
15387,body,raw-L15383,「それは名誉損～（早口でわからなかったが結構長い罪名）の罪だしプライバシー保護法にも当たる」らしい
15388,body,raw-L15383,やばいな・・手続きの書類がめちゃくちゃおおい・・これ罪重そうだな
15389,blank,,
15390,blank,,
15391,post_header,raw-L15391,143 ：既にその名前は使われています：2005/06/29(水) 17:07:27 ID:0fNSmHoH
15392,body,raw-L15391,手続き完了・・
15393,body,raw-L15391,今から取調室でそっこうスキャンかけて犯人追跡始めるらしいｗ
15394,blank,,
15395,body,raw-L15391,お前ら　　終　　　わ　　　っ　　　た　　　な　　ｗ
15396,blank,,
15397,blank,,
15398,post_header,raw-L15398,149 ：既にその名前は使われています：2005/06/29(水) 17:21:23 ID:0fNSmHoH
15399,body,raw-L15398,あっちのスレではもう逮捕者が出てるらしい
15400,body,raw-L15398,今回ばかりは警察も本気みたいだな
15401,body,raw-L15398,今も全国のサイバーネットポリスに携帯で連絡取り合ってる
15402,body,raw-L15398,これはもう手をくれでしょうｗ
15403,body,raw-L15398,もう警察動いてるからマジでやばい親呼ばれるかもな雑魚
15404,blank,,
15405,blank,,
15406,post_header,raw-L15406,154 ：既にその名前は使われています：2005/06/29(水) 17:34:22 ID:0fNSmHoH
15407,body,raw-L15406,俺これから急用が出来たから消えますがお前らも気を付けたほうがいい
15408,body,raw-L15406,へたに国家権力に逆らうとやばいかもね
15409,body,raw-L15406,捜査の電話かかってきたらちゃんと自分はしたかどうか本当の事言えよ
15410,blank,,
15411,blank,, 
15412,blank,,
15413,blank,, 
15414,blank,,
15415,section_title,,◆神羅万象チョコ◇80枚目◆
15416,blank,,
15417,blank,, 
15418,blank,,
15419,blank,, 
15420,blank,,
15421,post_header,raw-L15421,317 名前：名無しのコレクター[sage] 投稿日：2005/08/30(火) 19:44:16
15422,body,raw-L15421,客観的に見て光は別に悪くないと思うが
15423,body,raw-L15421,それより粘着して荒らしてる馬鹿がうざいので死ね
15424,blank,,
15425,post_header,raw-L15425,324 名前：名無しのコレクター[sage] 投稿日：2005/08/30(火) 19:45:30
15426,anchor,raw-L15425,>>323
15427,body,raw-L15425,お前がウザイよ
15428,blank,,
15429,post_header,raw-L15429,335 名前：名無しのコレクター[sage] 投稿日：2005/08/30(火) 19:47:05
15430,body,raw-L15429,文句あるなら正々堂々直接光に言えばいいだろ
15431,body,raw-L15429,もちろん、通りすがりとか名無しとか使い捨てのＨＮじゃなく真実の姿で挑め
15432,blank,,
15433,post_header,raw-L15433,348 名前：名無しのコレクター[sage] 投稿日：2005/08/30(火) 19:49:20
15434,anchor,raw-L15433,>>346
15435,body,raw-L15433,証拠もないのに決め付けてんじゃねーよぶ殺すぞ
15436,blank,,
15437,post_header,raw-L15437,354 名前：名無しのコレクター[sage] 投稿日：2005/08/30(火) 19:50:23
15438,body,raw-L15437,結局、光にびびってるんだな
15439,body,raw-L15437,もし直接言われれば正々堂々と受けて立つから
15440,blank,,
15441,post_header,raw-L15441,357 名前：354[sage] 投稿日：2005/08/30(火) 19:51:10
15442,body,raw-L15441,受けて立つって書いたけど
15443,body,raw-L15441,俺がじゃなくて光が、だぞ
15444,body,raw-L15441,俺が光じゃないので勘違いするな
15445,blank,,
15446,post_header,raw-L15446,365 名前：名無しのコレクター[sage] 投稿日：2005/08/30(火) 19:52:43
15447,anchor,raw-L15446,>>360
15448,body,raw-L15446,光とエド厨は全然関係ない他人でしょう
15449,body,raw-L15446,勝手に決め付けるのは犯罪的
15450,blank,,
15451,post_header,raw-L15451,372 名前：名無しのコレクター[sage] 投稿日：2005/08/30(火) 19:53:43
15452,body,raw-L15451,くだらなすぎるので光の話題は終了
15453,body,raw-L15451,終焉美
15454,blank,,
15455,post_header,raw-L15455,380 名前：名無しのコレクター[sage] 投稿日：2005/08/30(火) 19:54:59
15456,body,raw-L15455,中立の超客観的意見述べただけで本人だの煽り扱いとはこのスレは知能レベルが低すぎて話にならんな
15457,blank,,
15458,post_header,raw-L15458,383 名前：名無しのコレクター[sage] 投稿日：2005/08/30(火) 19:55:37
15459,anchor,raw-L15458,>>381
15460,body,raw-L15458,光の話はもう終わったんだよ
15461,body,raw-L15458,いつまでも粘着してんな
15462,blank,,
15463,post_header,raw-L15463,394 名前：名無しのコレクター[sage] 投稿日：2005/08/30(火) 19:57:26
15464,body,raw-L15463,気に入らないなら無視してほっとけばいいだろ
15465,body,raw-L15463,粘着していちいち叩くのはくだらないでしょう
15466,blank,,
15467,post_header,raw-L15467,402 名前：名無しのコレクター[sage] 投稿日：2005/08/30(火) 19:59:19
15468,anchor,raw-L15467,>>398
15469,body,raw-L15467,たまたまうっかり忘れただけだろ
15470,body,raw-L15467,誰だって間違いは犯してしまう可能性があるという事実
15471,body,raw-L15467,いちいちちくってんじゃねーよ
15472,blank,,
15473,post_header,raw-L15473,417 名前：名無しのコレクター[sage] 投稿日：2005/08/30(火) 20:02:30
15474,body,raw-L15473,つまらん粘着私怨叩きはこのくらいにしていい加減他の話題に移ろうぜ
15475,blank,,
15476,blank,,
15477,post_header,raw-L15477,427 名前：名無しのコレクター[sage] 投稿日：2005/08/30(火) 20:04:43
15478,anchor,raw-L15477,>>425
15479,body,raw-L15477,粘着うざい
15480,blank,,
15481,post_header,raw-L15481,442 名前：名無しのコレクター[sage] 投稿日：2005/08/30(火) 20:06:59
15482,body,raw-L15481,俺は光と素晴らしく有意義なトレードをしてもらったぞ
15483,body,raw-L15481,人格もとてもよかったので気持ちよく話が進めた
15484,body,raw-L15481,嘘書いて光の人気陥れようと破壊工作してる馬鹿はスルーしましょう
15485,body,raw-L15481,放置美
15486,blank,,
15487,post_header,raw-L15487,448 名前：名無しのコレクター[sage] 投稿日：2005/08/30(火) 20:08:20
15488,anchor,raw-L15487,>>442
15489,body,raw-L15487,俺もだ
15490,body,raw-L15487,光は良い人で気前がよいのでまたトレードしたいと思った
15491,body,raw-L15487,でもあの人人気あるからなー
15492,blank,,
15493,post_header,raw-L15493,455 名前：名無しのコレクター[sage] 投稿日：2005/08/30(火) 20:09:14
15494,quoted_line,raw-L15493,>>450は絶対嘘
15495,body,raw-L15493,詐欺だけはしてない
15496,body,raw-L15493,やめろ
15497,blank,,
15498,post_header,raw-L15498,459 名前：名無しのコレクター[sage] 投稿日：2005/08/30(火) 20:10:05
15499,anchor,raw-L15498,>>455
15500,body,raw-L15498,俺もそう思う
15501,body,raw-L15498,あの人がそんなことするわけないのはみんなわかってるから安心するといい
15502,body,raw-L15498,安息美
15503,blank,,
15504,post_header,raw-L15504,468 名前：名無しのコレクター[sage] 投稿日：2005/08/30(火) 20:11:17
15505,anchor,raw-L15504,>>464
15506,body,raw-L15504,それは焦ってたからちょっと言い方間違っただけだろ
15507,body,raw-L15504,別に深い意味はないのだよ
15508,body,raw-L15504,無駄な詮索はやめとけ
15509,blank,,
15510,post_header,raw-L15510,479 名前：名無しのコレクター[sage] 投稿日：2005/08/30(火) 20:13:34
15511,anchor,raw-L15510,>>475
15512,body,raw-L15510,絶対違うと思うが
15513,body,raw-L15510,推理を見事に外したお前は最高級の屈辱を味わう
15514,blank,,
15515,post_header,raw-L15515,491 名前：名無しのコレクター[sage] 投稿日：2005/08/30(火) 20:17:11
15516,anchor,raw-L15515,>>489
15517,body,raw-L15515,それだけで決め付けるのは危険
15518,body,raw-L15515,光はおそらく無実だと思われるので勝手な事ほざくな馬鹿
15519,blank,,
15520,post_header,raw-L15520,499 名前：名無しのコレクター[sage] 投稿日：2005/08/30(火) 20:18:23
15521,body,raw-L15520,俺、光の友人なんだけど
15522,body,raw-L15520,この前光に聞いたけど2ｃｈ見たことないって言ってたぞ
15523,blank,,
15524,post_header,raw-L15524,502 名前：名無しのコレクター[sage] 投稿日：2005/08/30(火) 20:18:58
15525,anchor,raw-L15524,>>499
15526,body,raw-L15524,なるほど
15527,body,raw-L15524,これで光は無実と証明されましたね
15528,body,raw-L15524,潔白美
15529,blank,,
15530,post_header,raw-L15530,512 名前：名無しのコレクター[sage] 投稿日：2005/08/30(火) 20:21:25
15531,quoted_line,raw-L15530,>>499で光の友人の証言から光の無実が証明されたので
15532,body,raw-L15530,これ以上叩くようなら逮捕の可能性が無限に高まる
15533,blank,,
15534,post_header,raw-L15534,520 名前：名無しのコレクター[sage] 投稿日：2005/08/30(火) 20:23:26
15535,anchor,raw-L15534,>>512
15536,body,raw-L15534,衝撃的同意
15537,body,raw-L15534,光が名誉毀損で訴えたらここで叩いてた奴らは警察に住所つきとめられて処刑
15538,blank,,
15539,post_header,raw-L15539,521 名前：名無しのコレクター[sage] 投稿日：2005/08/30(火) 20:24:15
15540,anchor,raw-L15539,>>520
15541,body,raw-L15539,さっきまで調子こいて叩いてた馬鹿の何人かは
15542,body,raw-L15539,きっと今頃びびって気絶してるだろうなー
15543,blank,,
15544,post_header,raw-L15544,552 名前：名無しのコレクター[sage] 投稿日：2005/08/30(火) 20:30:33
15545,anchor,raw-L15544,>>549
15546,body,raw-L15544,もうやめろ
15547,body,raw-L15544,逮捕されても知らんぞ
15548,blank,,
15549,post_header,raw-L15549,559 名前：名無しのコレクター[sage] 投稿日：2005/08/30(火) 20:31:56
15550,body,raw-L15549,今光に電話してこのスレでのたたきを報告しといた
15551,body,raw-L15549,それを聞いた光は怒りのパワーがかなり貯まってた様子
15552,body,raw-L15549,これ以上はやばいのでもうほんとにやめとけ
15553,body,raw-L15549,限界美
15554,blank,,
15555,post_header,raw-L15555,563 名前：名無しのコレクター[sage] 投稿日：2005/08/30(火) 20:32:52
15556,anchor,raw-L15555,>>559
15557,body,raw-L15555,あの人普段は心優しいが怒ると怖いからな
15558,body,raw-L15555,これは危険な状態だといえる
15559,blank,,
15560,post_header,raw-L15560,571 名前：名無しのコレクター[sage] 投稿日：2005/08/30(火) 20:34:22
15561,anchor,raw-L15560,>>563
15562,body,raw-L15560,びびってると思われたくなくて強がって叩いてる馬鹿がまだ数人いるけど
15563,body,raw-L15560,本心では恐怖に怯えてるだろうね
15564,blank,,
15565,post_header,raw-L15565,580 名前：名無しのコレクター[sage] 投稿日：2005/08/30(火) 20:36:26
15566,quoted_line,raw-L15565,>>559で光の側近の人が言ってるように
15567,body,raw-L15565,もう本当にこの話題はやめたほうがいいと思うんだが
15568,blank,,
15569,post_header,raw-L15569,585 名前：名無しのコレクター[sage] 投稿日：2005/08/30(火) 20:37:36
15570,quoted_line,raw-L15569,>>580に超賛成
15571,body,raw-L15569,今ならまだ許されるだろう
15572,body,raw-L15569,これ以上続けるなら後悔が襲う
15573,blank,,
15574,post_header,raw-L15574,605 名前：名無しのコレクター[sage] 投稿日：2005/08/30(火) 20:41:09
15575,anchor,raw-L15574,>>598
15576,body,raw-L15574,そういう悪口は名誉毀損で犯罪行為だからお前は死ぬ
15577,blank,,
15578,post_header,raw-L15578,610 名前：名無しのコレクター[sage] 投稿日：2005/08/30(火) 20:42:53
15579,anchor,raw-L15578,>>609
15580,body,raw-L15578,光は2ｃｈ見てないってさっきも言ったんだが
15581,body,raw-L15578,ちゃんとログくらい読めよ
15582,blank,,
15583,post_header,raw-L15583,619 名前：名無しのコレクター[sage] 投稿日：2005/08/30(火) 20:44:06
15584,anchor,raw-L15583,>>613
15585,body,raw-L15583,光の友人の中でも側近の地位である者の証言なので信頼度が無限に近い
15586,blank,,
15587,post_header,raw-L15587,624 名前：名無しのコレクター[sage] 投稿日：2005/08/30(火) 20:45:28
15588,anchor,raw-L15587,>>619
15589,body,raw-L15587,同感です
15590,body,raw-L15587,おそらくあれは光の友人の中でも特に地位の高い光四天王の一人でしょうね
15591,body,raw-L15587,四天王の証言ならば信頼に値する
15592,blank,,
15593,post_header,raw-L15593,636 名前：名無しのコレクター[sage] 投稿日：2005/08/30(火) 20:47:44
15594,anchor,raw-L15593,>>624
15595,body,raw-L15593,ついに四天王が動いたか
15596,body,raw-L15593,四天王を送り込んできたという事はこれは光も少し本気で怒りを呼び覚ましつつある証拠かも
15597,body,raw-L15593,これはもはや謝っても手遅れな可能性があるので今まで叩いてた馬鹿は死を覚悟するべきでしょう
15598,blank,,
15599,post_header,raw-L15599,661 名前：名無しのコレクター[sage] 投稿日：2005/08/30(火) 20:50:24
15600,body,raw-L15599,今まで叩いてた奴らは、
15601,body,raw-L15599,四天王が無実を証言したら急に反論できなくなって煽りとコピペ荒らししかしなくなったな
15602,body,raw-L15599,これで勝負あった
15603,blank,,
15604,post_header,raw-L15604,672 名前：名無しのコレクター[sage] 投稿日：2005/08/30(火) 20:52:00
15605,anchor,raw-L15604,>>661
15606,body,raw-L15604,おそらく>>636を見てびびったのが決定打といえる
15607,body,raw-L15604,死を覚悟という恐怖の言葉が効いたんだろう
15608,blank,,
15609,post_header,raw-L15609,702 名前：名無しのコレクター[sage] 投稿日：2005/08/30(火) 20:57:51
15610,anchor,raw-L15609,>>698
15611,body,raw-L15609,個人情報晒すのは犯罪だろ・・・
15612,blank,,
15613,post_header,raw-L15613,707 名前：名無しのコレクター[sage] 投稿日：2005/08/30(火) 21:01:08
15614,body,raw-L15613,光の話題は終了
15615,blank,,
15616,blank,, 
15617,blank,,
15618,section_title,,国際ブロント検定
15619,blank,,
15620,blank,,
15621,blank,,
15622,post_header,raw-L15622,39 ：既にその名前は使われています：2005/11/21(月) 18:12:21 ID:wRToBnfg
15623,body,raw-L15622,グラットンを装備したナイトはＨＮＭとの戦いにも大活躍
15624,body,raw-L15622,特に不意だまﾊﾞｰｻｸスフィストの抜群にぬきでたダメージを記録これにはＨＮＭＬＳ一同無言の沈黙
15625,blank,,
15626,post_header,raw-L15626,337 ：既にその名前は使われています：2005/11/29(火) 23:43:26 ID:1s1lSsdN
15627,blank,,
15628,anchor,raw-L15626,>>336
15629,body,raw-L15626,おいィ？有能な人材にブロンティストが多数登用されれば国会の質疑応答でブロント語が聞けるわけだが？
15630,blank,,
15631,body,raw-L15626,議員「おいィ？今の発言で良いのか？」
15632,blank,,
15633,body,raw-L15626,議長「何いきなり発言してるわけ？」
15634,blank,,
15635,body,raw-L15626,出た圧倒的威力の国会発言に日本の知能指数が鯉のぼりに上がることは間違いないでしょう
15636,blank,,
15637,blank,,
15638,post_header,raw-L15638,437 名前：既にその名前は使われています[sege] 投稿日：2005/12/02(金) 19:10:05 ID:A9JnWHjA
15639,body,raw-L15638,いいかげん通報するぞ犯罪者どもは反省してsageナイト泣くことになるから注意
15640,body,raw-L15638,逮捕されてカツ丼など甘い考えは捨てるべき刑務所で冷えた飯を食うのが普通テレビのように甘くなかった
15641,body,raw-L15638,メール蘭にsageと書くだけ犯罪者になりたくないでしょう？
15642,body,raw-L15638,人の真似で遊ぶやつは名誉破損で逮捕と言うことが古来から法律なのは知らない
15643,body,raw-L15638,雑魚は逮捕されて親が悲しむことになる
15644,blank,,
15645,post_header,raw-L15645,578 名前：既にその名前は使われています[] 投稿日：2005/12/12(月) 04:47:28 ID:a4SH82+F
15646,body,raw-L15645,ゲーム速報からきたが、これブロントだろ？
15647,embedded_quote_header,raw-L15645,514 ：※名前は開発中のものです ：2005/12/11(日) 18:12:34 ID:ZQjRCS0S
15648,quoted_line,raw-L15645,弟がXBOX360を購入した
15649,quoted_line,raw-L15645,弟は凄いｹﾞｰﾑがあると言うが俺にそのｹﾞｰﾑをやらせてくれない
15650,quoted_line,raw-L15645,いい加減やらせないとﾎﾞｺるぞと言ったら泣きながら本当はまだ発売されてないと行ってきた
15651,quoted_line,raw-L15645,罪悪感に営まれた俺は弟にワビ入れてそのｹﾞｰﾑを発売日に絶対買ってやる事を約束することにしたが面白くないｹﾞｰﾑには興味が無いからつまらないなら買わない
15652,quoted_line,raw-L15645,だがきっとﾌｧｲﾅﾙﾌｧﾝﾀｼﾞｰ11は多分ﾋｯﾄするだろう
15653,quoted_line,raw-L15645,俺が言う事は絶対だ必ず売れる
15654,quoted_line,raw-L15645,俺は流行に機敏だからつまらないｹﾞｰﾑに興味ないからな
15655,quoted_line,raw-L15645,面白いｹﾞｰﾑが出ることを切実に祈る
15656,blank,,
15657,blank,, 
15658,blank,,
15659,blank,,
15660,section_title,,ブロントファンクラブ　アケ板支部
15661,blank,,
15662,blank,,
15663,post_header,raw-L15663,9 名前：ゲームセンター名無し[sage] 投稿日：2005/12/03(土) 12:36:15 ID:2rUeEnzM [1/2]
15664,body,raw-L15663,次スレは立てるなと言っただろうが！
15665,body,raw-L15663,ふざけんなよｶｽども！
15666,body,raw-L15663,お前らの逮捕はもう確定的だから
15667,body,raw-L15663,今さら泣いても遅すぎる
15668,body,raw-L15663,怒りが限界突破した俺の前ではお前らは灰となって粉々になる
15669,blank,,
15670,post_header,raw-L15670,11 名前：ゲームセンター名無し[sage] 投稿日：2005/12/03(土) 16:54:50 ID:2rUeEnzM [2/2]
15671,anchor,raw-L15670,>>10
15672,body,raw-L15670,俺は反対だな
15673,body,raw-L15670,このスレは個人名が出ているので犯罪に近い
15674,body,raw-L15670,書き込むとやばいので落とすべきでしょう
15675,blank,,
15676,blank,, 
15677,blank,,
15678,blank,,
15679,blank,,
15680,section_title,,デスノートおわったな！
15681,blank,,
15682,blank,,
15683,blank,,
15684,blank,,
15685,blank,,
15686,post_header,raw-L15686,175 名前：既にその名前は使われています[] 投稿日：2006/09/07(木) 13:22:50.18 ID:h/7mxnov [1/9]
15687,body,raw-L15686,しかし漫画家の小幡はナイフを見つかることがどれだけ馬鹿なんだよ。
15688,body,raw-L15686,普通は郵送で送ることが基本なんだが？素人がナイフ持つなと言いたい。
15689,blank,,
15690,post_header,raw-L15690,187 名前：既にその名前は使われています[] 投稿日：2006/09/07(木) 13:28:10.32 ID:h/7mxnov [2/9]
15691,anchor,raw-L15690,>>176
15692,body,raw-L15690,は？日本語なんだが？
15693,blank,,
15694,anchor,raw-L15690,>>179
15695,body,raw-L15690,はぁ？それはありえないんだが？
15696,body,raw-L15690,資料であることとそうでないことはテレビの報道によるニュースで明らかだぞ？
15697,blank,,
15698,post_header,raw-L15698,197 名前：既にその名前は使われています[] 投稿日：2006/09/07(木) 13:30:05.03 ID:h/7mxnov [3/9]
15699,anchor,raw-L15698,>>185
15700,body,raw-L15698,ナイフのように鋭器の殺傷力はベニヤの比では無いんだが？
15701,body,raw-L15698,お前刺されたことあるのか？無いなら黙れカス。
15702,blank,,
15703,post_header,raw-L15703,206 名前：既にその名前は使われています[] 投稿日：2006/09/07(木) 13:32:33.49 ID:h/7mxnov [4/9]
15704,anchor,raw-L15703,>>201
15705,body,raw-L15703,はぁ？どこが違うのか説明してもらってもいいんだが？
15706,body,raw-L15703,一般社会人生活で通用してるのに理解してないとはこれいかに
15707,blank,,
15708,post_header,raw-L15708,216 名前：既にその名前は使われています[] 投稿日：2006/09/07(木) 13:35:42.34 ID:h/7mxnov [5/9]
15709,anchor,raw-L15708,>>205
15710,body,raw-L15708,いいか公務っていうのは警官の仕事のことだから
15711,body,raw-L15708,それの生涯になるものは全て妨害になるから別に間違ってない。
15712,body,raw-L15708,公務崇高のためなら職権乱用は前提になるのが当然的にあたりまえだし。
15713,blank,,
15714,anchor,raw-L15708,>>208
15715,body,raw-L15708,は？
15716,blank,,
15717,post_header,raw-L15717,229 名前：既にその名前は使われています[] 投稿日：2006/09/07(木) 13:39:48.77 ID:h/7mxnov [6/9]
15718,anchor,raw-L15717,>>211
15719,body,raw-L15717,言葉はようは魂の具現だからそういう揚げ足取りは本末転倒なんだが。
15720,body,raw-L15717,だいたい俺がキレてるって証拠がどこにあるだよ？
15721,blank,,
15722,anchor,raw-L15717,>>218
15723,body,raw-L15717,は？
15724,blank,,
15725,anchor,raw-L15717,>>224
15726,body,raw-L15717,警察はそうゆう別権逮捕をするのが常套手法。今更驚くべきこではない。
15727,blank,,
15728,post_header,raw-L15728,236 名前：既にその名前は使われています[] 投稿日：2006/09/07(木) 13:43:51.68 ID:h/7mxnov [7/9]
15729,body,raw-L15728,お前らは何か勘違いをしてるかもしれないが
15730,body,raw-L15728,俺はお前らが思考しているブロントとかいう奴とは違うんだが？
15731,blank,,
15732,anchor,raw-L15728,>>231
15733,body,raw-L15728,別によいんだが。
15734,blank,,
15735,anchor,raw-L15728,>>233
15736,body,raw-L15728,同士
15737,blank,,
15738,post_header,raw-L15738,246 名前：既にその名前は使われています[] 投稿日：2006/09/07(木) 13:52:07.43 ID:h/7mxnov [8/9]
15739,body,raw-L15738,ここで決着を付けるんだが、つまりそうゆうことから小幡の信者は
15740,body,raw-L15738,小幡の容疑を寛容的に認知しようと企てることで、精神の安住を得ようとしているが
15741,body,raw-L15738,これは紛れもなく違法な犯罪行為なのは火を灯すよりも明らか。
15742,body,raw-L15738,信者は真実を見つめるべき。
15743,blank,,
15744,post_header,raw-L15744,252 名前：既にその名前は使われています[] 投稿日：2006/09/07(木) 13:56:13.50 ID:h/7mxnov [9/9]
15745,body,raw-L15744,好きにしろ
15746,blank,,
15747,blank,, 
15748,blank,,
15749,blank,, 
15750,blank,,
15751,blank,, 
15752,blank,,
15753,section_title,,小畑が捕まったのにお前らはＦＦか
15754,blank,,
15755,blank,,
15756,blank,,
15757,blank,,
15758,post_header,raw-L15758,17 名前：既にその名前は使われています[] 投稿日：2006/09/07(木) 15:17:04.71 ID:h/7mxnov [1/7]
15759,anchor,raw-L15758,>>12
15760,body,raw-L15758,挙動不審なのが明らかだし、普通は捕まらないのは
15761,body,raw-L15758,小幡が可能性的にクスリの疑いがあったからだし。
15762,body,raw-L15758,そんな理由は通らない。
15763,blank,,
15764,blank,,
15765,post_header,raw-L15765,35 名前：既にその名前は使われています[] 投稿日：2006/09/07(木) 15:30:48.41 ID:h/7mxnov [2/7]
15766,anchor,raw-L15765,>>34
15767,body,raw-L15765,別権逮捕って知ってるか？
15768,body,raw-L15765,たとえば人殺しの犯人が窃盗で捕まるのはよくあることだ。
15769,blank,,
15770,post_header,raw-L15770,39 名前：既にその名前は使われています[] 投稿日：2006/09/07(木) 15:51:09.29 ID:h/7mxnov [3/7]
15771,body,raw-L15770,麻薬の可能性が濃縮だろ。中島らもとかこういうアンダーワールドな作品つくる作家はみんなやってる。
15772,body,raw-L15770,マリファナだと副作用とかないから割と普通だし。覚せい剤ほどパワーないけど。
15773,body,raw-L15770,今日明日あたり情報でると思う。
15774,blank,,
15775,post_header,raw-L15775,42 名前：既にその名前は使われています[] 投稿日：2006/09/07(木) 15:55:12.38 ID:h/7mxnov [4/7]
15776,anchor,raw-L15775,>>40
15777,blank,,
15778,body,raw-L15775,のうしゅく 0 【濃縮】
15779,blank,,
15780,blank,,
15781,body,raw-L15775,（名）スル
15782,body,raw-L15775,溶液を煮つめるなどして濃度を高くすること。
15783,blank,,
15784,post_header,raw-L15784,56 名前：既にその名前は使われています[] 投稿日：2006/09/07(木) 16:02:28.03 ID:h/7mxnov [5/7]
15785,anchor,raw-L15784,>>50
15786,body,raw-L15784,濃縮で通常
15787,blank,,
15788,blank,,
15789,post_header,raw-L15789,62 名前：既にその名前は使われています[] 投稿日：2006/09/07(木) 16:06:06.41 ID:h/7mxnov [6/7]
15790,anchor,raw-L15789,>>59
15791,body,raw-L15789,それだけ誤植して使ってる奴が多いことの証明
15792,blank,,
15793,blank,,
15794,post_header,raw-L15794,72 名前：既にその名前は使われています[] 投稿日：2006/09/07(木) 16:11:11.44 ID:h/7mxnov [7/7]
15795,body,raw-L15794,奴らだな強情な。
15796,blank,,
15797,blank,,
15798,blank,,
15799,blank,,
15800,blank,,
15801,section_title,,リーマンとニートを一緒にするな
15802,blank,,
15803,blank,,
15804,blank,,
15805,blank,,
15806,post_header,raw-L15806,554 名前：既にその名前は使われています[] 投稿日：2006/09/07(木) 13:25:56.07 ID:h/7mxnov [1/9]
15807,body,raw-L15806,リーマンとニートは違うんだが？就学生でもわかるし、
15808,body,raw-L15806,リーマンは労働者での歯しゃ的な存在だがある意味では底辺ということでもあるしな。
15809,body,raw-L15806,だが収益がある点については多いに違うんだが？わかるか？
15810,blank,,
15811,post_header,raw-L15811,558 名前：既にその名前は使われています[] 投稿日：2006/09/07(木) 13:31:15.76 ID:h/7mxnov [2/9]
15812,anchor,raw-L15811,>>557
15813,body,raw-L15811,日本語勉強しろ歯車だカス
15814,blank,,
15815,post_header,raw-L15815,574 名前：既にその名前は使われています[] 投稿日：2006/09/07(木) 13:41:24.47 ID:h/7mxnov [3/9]
15816,anchor,raw-L15815,>>565
15817,body,raw-L15815,現代読みははぐるまだが本来ははしゃだった。お前らはより日本史を勉強するべき。
15818,blank,,
15819,post_header,raw-L15819,582 名前：既にその名前は使われています[] 投稿日：2006/09/07(木) 13:46:49.31 ID:h/7mxnov [4/9]
15820,body,raw-L15819,タイムマシンは過去の映像を見ることの出来る見るマシーンだが
15821,body,raw-L15819,過去のじぞうに干渉的な妨害は不可能なんだが？
15822,body,raw-L15819,そうじゃなく日本人としての誇りがあるか無いかを聞いてるし、
15823,body,raw-L15819,あまり俺を甘く見ない方がいい。
15824,blank,,
15825,post_header,raw-L15825,590 名前：既にその名前は使われています[] 投稿日：2006/09/07(木) 13:53:40.95 ID:h/7mxnov [5/9]
15826,anchor,raw-L15825,>>585
15827,body,raw-L15825,俺はお前みたいにオタクじゃないからそういうマニアック知識を手に入れないし。
15828,blank,,
15829,post_header,raw-L15829,600 名前：既にその名前は使われています[] 投稿日：2006/09/07(木) 14:10:46.84 ID:h/7mxnov [6/9]
15830,body,raw-L15829,昔テレビで去年やってたが市役所の社員が
15831,body,raw-L15829,中国砂漠のレースでカブで参加することを放映していたんだが
15832,body,raw-L15829,その時はことごとく脱落して日本に帰ってきたんだが
15833,body,raw-L15829,やはりリーマンの限界はその時に悟った。
15834,body,raw-L15829,だから虚言くせのライダーは消えろ普通に不可能だし。
15835,blank,,
15836,post_header,raw-L15836,604 名前：既にその名前は使われています[] 投稿日：2006/09/07(木) 14:17:14.87 ID:h/7mxnov [7/9]
15837,anchor,raw-L15836,>>603
15838,body,raw-L15836,言われてみればそうかもしれなかった。一理ある。
15839,blank,,
15840,post_header,raw-L15840,610 名前：既にその名前は使われています[] 投稿日：2006/09/07(木) 14:22:58.13 ID:h/7mxnov [8/9]
15841,anchor,raw-L15840,>>608
15842,body,raw-L15840,そうか許してやる
15843,blank,,
15844,post_header,raw-L15844,618 名前：既にその名前は使われています[] 投稿日：2006/09/07(木) 14:30:04.85 ID:h/7mxnov [9/9]
15845,anchor,raw-L15844,>>612
15846,body,raw-L15844,あ？
15847,blank,,
15848,anchor,raw-L15844,>>615
15849,body,raw-L15844,断る
15850,blank,,
15851,blank,,
15852,blank,,
15853,blank,,
15854,blank,,
15855,section_title,,ブロントのガイドライン　仏の顔を3度まで
15856,blank,,
15857,blank,, 
15858,blank,,
15859,blank,,
15860,post_header,raw-L15860,131 名前：水先案名無い人[] 投稿日：2006/11/03(金) 21:02:31 ID:vH2V5sdCO
15861,body,raw-L15860,もう四年も前の男のザレコトの幻影を追い掛けていて楽しいか？彼のその瞬間はもう過ぎ作ってしまった
15862,body,raw-L15860,お前らは懐古主義の殻をやぶり新しい一歩を踏み出すのが恐いのか？
15863,body,raw-L15860,仲良し子よしはもうやめてにして忘れる事をすすめる
15864,blank,,
15865,post_header,raw-L15865,134 名前：水先案名無い人[] 投稿日：2006/11/04(土) 20:55:47 ID:5NIojPT2O [1/2]
15866,body,raw-L15865,言っておくが俺の知り合いにBurontなる者を知っているかたずねたら
15867,body,raw-L15865,「誰それ？」「外人？」「歌？」こんなもんだから、Burontのレスみせとも「訳わからんね」「笑う坪どこ？」ほらこんなもん
15868,body,raw-L15865,大体の人はBurontなんて知らないし興味もなさそうだったな。
15869,body,raw-L15865,もうよいでしょう皆卒業しないと引きずるから大人になりな
15870,blank,,
15871,blank,,
15872,post_header,raw-L15872,138 名前：水先案名無い人[] 投稿日：2006/11/04(土) 21:47:17 ID:5NIojPT2O [2/2]
15873,body,raw-L15872,寺社仏閣に興味もつなんて目のつけどころが良いな
15874,body,raw-L15872,心の拠り所として赴くには絶好の場所だから俺も暇さえあればたまに行く
15875,body,raw-L15872,みんながみんなそうであれば気が引き締まる事でしやわせな気分が持続する
15876,blank,,
15877,blank,, 
15878,blank,,
15879,blank,, 
15880,blank,,
15881,blank,,
15882,section_title,,エアリス使う奴は心が醜い
15883,blank,,
15884,blank,, 
15885,blank,,
15886,post_header,raw-L15886,1 名前：名前が無い＠ただの名無しのようだ[] 投稿日：2007/02/23(金) 20:01:38 ID:6dlxu4EA0
15887,body,raw-L15886,俺はＦＦ通してやってる自他共に認める熟練者なのだが先日ゲームに無関心だった姉が急にＦＦ７を貸してくれと言って来た
15888,body,raw-L15886,俺はどうせＦＦ７のキャラ目当てだなと踏んでいたんだがどうやらその通りみたいで、腐女子仲間に何を思ったかＦＦ７ＡＣを借りて見たらしい
15889,body,raw-L15886,そういうの嫌いだから俺は｢いや、そういうのでやって欲しくないから｣と言ったら何か必死な顔して出て行った
15890,body,raw-L15886,そしたらムキになってなんか中古で買ってきたみたいで１人でむくむくとやっていた
15891,body,raw-L15886,しばらくは俺も放置していたんだが何かたまたまのぞいて見るとクラウド・レッドⅩⅢ・エアリスとか貧弱ＰＴでもう見てられなかったから
15892,body,raw-L15886,｢何でエアリス使ってんの？ティファのが強いしエアリス死ぬよ？｣ってやさしく忠告してやったらなんか顔真っ赤にしてコッチにらんで来た
15893,body,raw-L15886,俺は｢何？｣って言ったらすごい形相で｢クラエアがデフォだしティファとかブサイクで醜い女入れたくない｣とか怒鳴ってきた
15894,body,raw-L15886,そこまで俺はティファは好きではなくむしろ強キャラでモンクタイプが好きだったから言っただけなのになんかカチンときので
15895,body,raw-L15886,｢は？エアリスってリミットゴミでしょ？それに強制離脱するから育てても無駄｣と正論言ってやったら今にも俺を殺してきそうな殺意を向けてきた
15896,body,raw-L15886,実際俺は不良界でも結構有名でケンカとかでもたいしてビビる事はまず無かったが生まれて初めてほんの少しビビった
15897,body,raw-L15886,そしたらなんか｢あたしの勝手じゃん！クラエア馬鹿にする気？そうならあんたもう死ね！｣とか実の弟の俺にリアルで殺意向けてヤバかった
15898,blank,,
15899,blank,, 
15900,blank,,
15901,blank,, 
15902,blank,,
15903,blank,,
15904,section_title,,音ゲープレイヤーでむかついた遭遇その1
15905,blank,,
15906,blank,, 
15907,blank,,
15908,blank,,
15909,post_header,raw-L15909,1 名前：爆音で名前が聞こえません[] 投稿日：2007/03/16(金) 01:38:11 ID:Z3VEUJSO0
15910,body,raw-L15909,俺は一応其ホーム常連の１人で弐寺を主にやっていたのだが、ある日集団5、6人で
15911,body,raw-L15909,何かいかにもランカーっぽいやつらが来た。そして少し会話が聞こえてきて遠征組らしかった。
15912,body,raw-L15909,ここはメンテも最高だしまあ無理もないと思い、そしてどんな実力かも見てみたかった。
15913,body,raw-L15909,しかしあきらかにむかついた言葉が奴らから出てきた。俺の常連の１人がプレイ中、
15914,body,raw-L15909,遠征組みの2人が「ここどうよ？」もう一人が「カスぞろいやな」
15915,body,raw-L15909,はあ？何勝手に見下してくれてんの、ボケが！(心の声)俺は大人としてこらえたが、凄く腹ただしかった。
15916,body,raw-L15909,そしてあいつらの番、プレイヤーはたしか俺らをカス扱いしてたあいつ(多分リーダーぽかった)たしかにホームで
15917,body,raw-L15909,自信の穴クエ鳥を(ぎりぎりだが)あっさり塗り替えられた。
15918,body,raw-L15909,余裕で19万越え、たしかに上手い。その他いろいろ地元の筺体TOPのスコアを塗り替えられまくった。
15919,body,raw-L15909,しかし奴らの行動を見ていたらぎゃーぎゃー騒ぎまくるビデオ撮るわで大迷惑だった。
15920,body,raw-L15909,たしかに上手いけど人としての器がちっちゃいのは上手いを別に恥ずべきことだと思った。地元では本当に迷惑だった。
15921,blank,,
15922,blank,, 
15923,blank,,
15924,blank,, 
15925,blank,,
15926,blank,,
15927,section_title,,もてない奴は根性からしてダメだった
15928,blank,,
15929,blank,, 
15930,blank,,
15931,blank,, 
15932,blank,,
15933,blank,, 
15934,blank,,
15935,post_header,raw-L15935,1 ：('A`)：2007/04/18(水) 23:15:59 0
15936,body,raw-L15935,俺はしがないエリート会社員なんだが先週同僚のもてない♂がなれなれしくも話しかけてきてウザかったが
15937,body,raw-L15935,まぁ聞いてやるかと思って聞いてやったら何やら合コンをセッテングしてほしい様子で面倒だったんだがやってやった
15938,body,raw-L15935,俺の行きつけの子じゃれたＢＡＲに行ったんだが暫らく皆で良い感じで話してたらよそで言い争いがはじまった
15939,body,raw-L15935,せっかくのふいんきが台無しになって俺が主導権にぎって進めてたが仕方ないと思い店換えをする事にしたが
15940,body,raw-L15935,何やらリアルファイトに発展したようで店員もビビりまくっているようだった。誰かが｢通報・・｣と言ったので俺らはほっといて出るつもりだったんだけど
15941,body,raw-L15935,いきなり飛んできたビールが俺目当てのいけてる♀に直撃→俺の怒り発動の連鎖で俺は現場に躍り出ると
15942,body,raw-L15935,いかついオッサンが｢何だガキ？ひっこんでろ！｣と言って来たので｢おい・・ツレにビールかかったんだわ・・クリ代払ってもらおうか？｣
15943,body,raw-L15935,と怒りをこめて言い放つと｢言っとくが俺は空手二段だ。そこに転がってる奴みたくなりたくなかったらうせろ｣と息巻いてきたので
15944,body,raw-L15935,スキだらけだったので雷属性の左をジョーにヒットさせてやって｢口で語るひまがあるなら手を出すべきだったな｣と言ってＫＯした
15945,body,raw-L15935,自称空手二段は何がおこったのか分からずブザマにもプルプル足震えて倒れた
15946,body,raw-L15935,おれはソイツからクリ代と飲み代を取りすかさず店に払って♀達を送って帰った。ちなみに警察はだいぶ後に来たらしい
15947,body,raw-L15935,その後は一緒にいた♀達にどうやらほれられてしまい対応に困ったんだが何しに行ったか分からなかった同僚♂がアワレだった
15948,body,raw-L15935,嫌味かは知らないが｢良いな～ケンカ強くて頭が切れる人は・・｣とかかわいそうな事言ってきたが俺は｢男ならアレくらいチョロイ事｣
15949,body,raw-L15935,と大人の対応をしてやるとよほど悔しかったのか今さらながらスポーツジムで体を鍛えだしていた
15950,blank,,
15951,blank,, 
15952,blank,,
15953,blank,, 
15954,blank,,
15955,blank,, 
15956,blank,,
15957,section_title,,(DDR)AC版DanceDanceRevolution SuperNOVA2 Part80
15958,blank,,
15959,blank,, 
15960,blank,,
15961,blank,,
15962,post_header,raw-L15962,494 名前：爆音で名前が聞こえません[] 投稿日：2007/08/22(水) 23:35:26 ID:d6MrDV6c0 [1/2]
15963,body,raw-L15962,俺はこの稼動日までに激この子でAAAを取れなかった。
15964,body,raw-L15962,足9までの激譜面を満足に全曲埋められなかった。
15965,blank,,
15966,body,raw-L15962,よって俺は今作をプレイするに値しないカス野郎として終わった。
15967,blank,,
15968,body,raw-L15962,今プレイしてる奴らを見ると本当に腹立たしく思う。
15969,body,raw-L15962,お前らはそんなレベルでこのゲームを続けて一体何をしたいのかと。
15970,body,raw-L15962,簡単な楽譜面でもAAAを取れないまま続けている奴もごろごろいる。
15971,body,raw-L15962,はっきり言う。おかしい。
15972,blank,,
15973,body,raw-L15962,俺がこうしてプレイできないでいるのに
15974,body,raw-L15962,よくのうのうとプレイできるもんだな。おめでたいな。
15975,body,raw-L15962,お前らは「恥」というものを全く知らないで生きているのか。
15976,blank,,
15977,body,raw-L15962,もう一度言う。
15978,body,raw-L15962,前作で足9までの激譜面を全曲AAAで埋められなかった奴に今作をプレイする資格はない。
15979,body,raw-L15962,今作だけではない。これからまた出るであろう次回作も同じだ。
15980,blank,,
15981,body,raw-L15962,こうして書いているだけでも本当に気分が悪い。
15982,body,raw-L15962,しかし俺をこうさせたのは他の何者でもない、お前らだ。
15983,body,raw-L15962,もうこのDDRは弱者が踏むに値しないゲームであることぐらい誰でもわかるはずだ。
15984,blank,,
15985,body,raw-L15962,以上を理解して弱者は今後のプレイを控えるように。
15986,body,raw-L15962,理解しないでプレイし続ければ周りから反乱者として軽蔑される。
15987,body,raw-L15962,あとはお前ら次第だ。
15988,blank,,
15989,post_header,raw-L15989,518 名前：爆音で名前が聞こえません[sage] 投稿日：2007/08/23(木) 00:00:44 ID:d6MrDV6c0 [2/2]
15990,body,raw-L15989,目の前で上級者の人達が激AAAを山積みにしている画面を見て俺は知ったんだよ。
15991,body,raw-L15989,その人達は激この子とかそういったレベルを遥かに越えている。
15992,blank,,
15993,body,raw-L15989,どうやってもあの人たちに追いつけるはずがない。
15994,body,raw-L15989,中には俺がクリアすらできない鬼FaXXをAAでクリアしている人もいる。
15995,blank,,
15996,body,raw-L15989,この人達の目の前でプレイすること自体恐れ入るものがあるが、
15997,body,raw-L15989,俺も最低限の努力として足9までは全て埋めようと100円玉を何枚も犠牲にした。
15998,body,raw-L15989,しかし叶わなかった。
15999,blank,,
16000,body,raw-L15989,そんな低レベルの人間があの人達の前でプレイして良いものかと考えた。
16001,body,raw-L15989,その結果、俺はもうこのゲームをプレイできる人間ではないと理解した。
16002,blank,,
16003,body,raw-L15989,そのくらいは普通考えるだろう。
16004,blank,,
16005,blank,, 
16006,blank,,
16007,blank,, 
16008,blank,,
16009,blank,, 
16010,blank,,
16011,section_title,,ゲーセンでIIDXをやっていたら
16012,blank,,
16013,blank,, 
16014,blank,,
16015,blank,, 
16016,blank,,
16017,post_header,raw-L16017,1 名前：爆音で名前が聞こえません[] 投稿日：2007/09/07(金) 02:00:57 ID:uopjX/3k0
16018,body,raw-L16017,その時俺はたまたま調子が悪く２ステージ目でblameのﾊｲﾊﾟｰをAとか出すほどの絶不調だった。
16019,body,raw-L16017,そのまま３ステージ目は嘆きの気ﾊｲﾊﾟをハードでやってしまい体調が悪かった俺にとっては想像を絶するゲージの減り方を痛感した。
16020,body,raw-L16017,「これは死ぬな」と悟った俺の予想も当たり３ステージ目で落ちてしまったんだが話はここから、
16021,body,raw-L16017,なんと俺の後に並んでたやつがいきなりﾌﾘｰで嘆きの樹ﾊｲﾊﾟをﾊｰﾄﾞでAA出しやがった
16022,body,raw-L16017,そいつは二曲目を選ぼうとしたが俺は頭に来たから「ちょっとそれどういうつもりだ」と話しかけると
16023,body,raw-L16017,「別に」とか言うから「じゃあお前ｾｶﾝﾄﾞﾍﾌﾞﾝ穴をﾊｰﾄﾞでやれ」って言ってやるとそいつは無視してﾉﾏｹﾞのままで選挙区した
16024,body,raw-L16017,クリアできる自信が無かったんだと実感するとその後並んでた俺は二局目にｾｹﾝﾄﾞﾍﾌﾞﾝ穴をﾊｰﾄﾞつけてやってやると
16025,body,raw-L16017,そいつは驚いた顔をしてた。そのままさっきの遅れを取り戻すようにblameﾊｲﾊﾟはAAA一歩手前のｽｺｱをただき出してやったんだが
16026,body,raw-L16017,どうも周囲の反応が薄かったので４曲目はｷﾞｶﾞﾃﾞﾙ穴をやってやった。
16027,body,raw-L16017,クリアは出来なかったんだが当時７６％残すことには成功したので俺は試合に負けたが勝負には勝った
16028,blank,,
16029,blank,, 
16030,blank,,
16031,blank,, 
16032,blank,,
16033,blank,,
16034,section_title,,最近のゲーセンではマナーが最悪なやつが多い
16035,blank,,
16036,blank,, 
16037,blank,,
16038,blank,,
16039,post_header,raw-L16039,1 名前：爆音で名前が聞こえません[] 投稿日：2008/07/15(火) 20:25:06 ID:7LjuD+Zz0 [1/3]
16040,body,raw-L16039,昨日ポップンをやっりにいこうとゲーセンに行ったんだがあたかも連コインをしようとしていた厨房がいた
16041,body,raw-L16039,俺は後ろにならんでいた反動で「おい」と注意したのだがそいつは聞こえないフリをして100円を入れた
16042,blank,,
16043,post_header,raw-L16043,2 名前：爆音で名前が聞こえません[] 投稿日：2008/07/15(火) 20:26:11 ID:7LjuD+Zz0 [2/3]
16044,body,raw-L16043,俺は一瞬堪忍袋の尾が切れそうになった反面まあこいつの実力を見てからでも遅くないと思い
16045,body,raw-L16043,そいつが超チャレモードを選び１曲目はラブリーパラダイスヒッチューンEXを選択
16046,body,raw-L16043,俺なら８割ほどの確率でパーフェクトを取れる曲なので後ろからプレッシャーを与えてやったら
16047,body,raw-L16043,そいつはわずか４０秒ほどでグッドを出した
16048,body,raw-L16043,「こんな曲程度でグッドとは他愛無いな」と言うとそいつは動揺したらしく最終的にバッドまで出していた
16049,body,raw-L16043,２曲目と３曲目と４曲目は何をやっていたか覚えていないがおそらく記憶にかすりもしないような曲だったのでしょう
16050,blank,,
16051,post_header,raw-L16051,3 名前：爆音で名前が聞こえません[] 投稿日：2008/07/15(火) 20:26:55 ID:7LjuD+Zz0 [3/3]
16052,body,raw-L16051,俺の番になったので俺はそいつが逃げないか不安ではあったがちゃんと俺の後ろに並んでいた
16053,body,raw-L16051,格の違いを見せてやろうとして俺は１曲目に近代のEXを選んで９００００点出してクリアすると
16054,body,raw-L16051,そいつは悟ったんだろうな、連れらしき人物に言い訳をしているようだった
16055,body,raw-L16051,だがリザルト画面でＧＲＥＳＴの文字の多さにビビったんだろうな、急にちゃんとした
16056,body,raw-L16051,そのまま演説のEXを選んでノルマに９００００点以上を選ぶと相当なビビリっ気が伝わってきたので
16057,body,raw-L16051,「お前の人生では連コインをするような人生ではないでしょう？」と言ってやると一目さんに逃げ出した
16058,body,raw-L16051,俺はというともう彼が連コインをするようなことをしなくなってくれればよいのだが、と平和を願っていた
16059,blank,,
16060,blank,,
16061,blank,, 
16062,blank,,
16063,section_title,,【DQ5】NDS雑談163【キター】
16064,blank,,
16065,blank,, 
16066,blank,,
16067,blank,, 
16068,blank,,
16069,post_header,raw-L16069,167 名前：[名無し]さん(bin+cue).rar[sage] 投稿日：2008/07/16(水) 23:43:38 ID:aAo7SIL80 [3/9]
16070,body,raw-L16069,ﾏｼﾞふざけんなよ…言っとくぞｽｸｴﾆお前らがこんな下らないことするから何の罪の無い幼女が死ぬことになるんだから…見せしめとしてもう一匹やっとくか
16071,blank,,
16072,post_header,raw-L16072,215 名前：[名無し]さん(bin+cue).rar[sage] 投稿日：2008/07/16(水) 23:46:56 ID:aAo7SIL80 [4/9]
16073,body,raw-L16072,ん？お前ら言っとくけど通報するならｽｸｴﾆ通報しろよ。これは俺達に仕掛けられた戦争なんだから。お前らなんだか工作員臭いなぁ…
16074,blank,,
16075,post_header,raw-L16075,290 名前：[名無し]さん(bin+cue).rar[sage] 投稿日：2008/07/16(水) 23:52:21 ID:aAo7SIL80 [5/9]
16076,body,raw-L16075,金が無ければ娯楽を楽しんじゃいけないって言うのかよ呆れる通報とかくだらないﾚｽ付けてｽｸｴﾆの工作から目を背けさせようとしてるのが三重三重で気持ち悪い
16077,blank,,
16078,post_header,raw-L16078,317 名前：[名無し]さん(bin+cue).rar[sage] 投稿日：2008/07/16(水) 23:53:59 ID:aAo7SIL80 [6/9]
16079,body,raw-L16078,俺寝るから明日までに完全修正版流しとけよ
16080,blank,,
16081,post_header,raw-L16081,365 名前：[名無し]さん(bin+cue).rar[sage] 投稿日：2008/07/16(水) 23:56:37 ID:aAo7SIL80 [7/9]
16082,body,raw-L16081,通報とかﾏｼﾞで震えてきやがった…怖いです…辞めてください…
16083,blank,,
16084,post_header,raw-L16084,393 名前：[名無し]さん(bin+cue).rar[sage] 投稿日：2008/07/16(水) 23:58:14 ID:aAo7SIL80 [8/9]
16085,body,raw-L16084,なんて言うかよ！！てめえらの住所全員調べ上げてぶっ殺してやるからな夜道ｶﾞｸﾌﾞﾙしてまってろよ糞割れ犯罪者どもｗｗｗｗｗｗｗｗｗｗｗｗｗｗｗｗｗｗｗｗｗｗｗｗｗｗｗｗｗｗｗ
16086,blank,,
16087,post_header,raw-L16087,455 名前：[名無し]さん(bin+cue).rar[sage] 投稿日：2008/07/17(木) 00:01:14 ID:aAo7SIL80 [9/9]
16088,body,raw-L16087,今来たんだけど>>167は場所もしていてないし全然セーフだと思うよ
16089,body,raw-L16087,反省もしてるみたいだしこれ以降修正について話を戻そうぜ
16090,blank,,
16091,post_header,raw-L16091,682 名前：[名無し]さん(bin+cue).rar[sage] 投稿日：2008/07/17(木) 00:12:22 ID:l8BHW7Ul0 [2/6]
16092,body,raw-L16091,騒がしいからざっとｽﾚを見させてもらったけどさぁ…おいおい…自分達が犯罪者のを棚に上げて通報とか騒いでんのかよ？恥を知れ恥をどこがｱｳﾄなんだよ正確に答えられる奴出て来いよ。つまらないこといつまでもぐだごだ言ってるなよ
16093,body,raw-L16091,あと割れ厨死ねよﾏｼﾞで
16094,blank,,
16095,post_header,raw-L16095,728 名前：[名無し]さん(bin+cue).rar[sage] 投稿日：2008/07/17(木) 00:14:19 ID:l8BHW7Ul0 [3/6]
16096,body,raw-L16095,別にさっきやんないって言ってるんだし別に危険性が無ければ通報する意味ナイトも思うけど？まぁ一般論でね
16097,blank,,
16098,post_header,raw-L16098,897 名前：[名無し]さん(bin+cue).rar[sage] 投稿日：2008/07/17(木) 00:23:35 ID:l8BHW7Ul0 [4/6]
16099,body,raw-L16098,ハハッ俺じゃないﾖ
16100,body,raw-L16098,ただ可哀想だからと思ってﾚｽ下だけだよ俺は別にどうなろうが知ったこと無いよ。わざわざﾈﾀにお巡りさんが付き合わなくて良いようにと思うだけでさ
16101,blank,,
16102,post_header,raw-L16102,956 名前：[名無し]さん(bin+cue).rar[sage] 投稿日：2008/07/17(木) 00:26:11 ID:l8BHW7Ul0 [5/6]
16103,body,raw-L16102,まぁこのｽﾚももう終わるからこの話題も終わりナ？
16104,body,raw-L16102,まぁここは収束を図るために俺が代わりに謝っとくか>>167を初めとする犯罪予告は一切やる意思はございません調子に乗ってスイマセンでしたorzもう二度としません許してください
16105,body,raw-L16102,ほらこれでいいだろ？終わり
16106,blank,,
16107,blank,,
16108,section_title,,ブロントのGL ナイトのいないLSに未来82い
16109,editorial_note,,（「その絶望が健康賢者の第一ぴを踏み出すリアルの苦しみの味だよ？」を捜索した時の一番年月古いログ　これが本当に元ログがどうかは知らん）
16110,blank,,　　
16111,blank,,
16112,blank,, 
16113,blank,,
16114,post_header,raw-L16114,589 名前：水先案名無い人[sage] 投稿日：2008/10/16(木) 06:46:09 ID:ZxkT+3go0 [1/25]
16115,anchor,raw-L16114,>>585
16116,body,raw-L16114,だまれよお前の空しみにのしかかった水崖論は聞くだけでまともな議郎が遠ざかるのが
16117,body,raw-L16114,わからないのか？
16118,body,raw-L16114,頭のなかでプライベートにとったスキルが現実で全員にとれるならこの世の苦しみとか味わう暇もないが
16119,body,raw-L16114,本気でお前みたいな思考がマジのは頭の中がリアルッ世界に染みて混ざってる上体が
16120,body,raw-L16114,意味雄不明な世界を構成してる。健康な謙譲者に通じないのがそのせいなのがわからないようだが実は賢そうにみえてるだけ
16121,body,raw-L16114,でしかもそれが自分にしかみえてないのがわからないようだが？
16122,body,raw-L16114,キッチんと苦しみを隔離して味わえと自然に自分の頭に自分に絶望が沸くはずだろう。
16123,body,raw-L16114,その絶望が健康賢者の第一ぴを踏み出すリアルの苦しみの味だよ？
16124,body,raw-L16114,だがどうせ甘い汁でそだったスイーツにはその衝撃で治療の途中で死ぬかもな
16125,blank,,
16126,post_header,raw-L16126,593 名前：水先案名無い人[sage] 投稿日：2008/10/16(木) 07:08:35 ID:ZxkT+3go0 [2/25]
16127,anchor,raw-L16126,>>591
16128,body,raw-L16126,そんなことはないなどの時代世界でも悪は存在するのは真理だとおもった。
16129,body,raw-L16126,むかしはそういうのはシェイク子ピアとかが槍玉に挙げて戒めてたがいまは人権が
16130,body,raw-L16126,留め金を外れて飛び回ってるから駆除が難しい状態これを生きにくい世の中という。
16131,blank,,
16132,blank,, 
16133,blank,,
16134,section_title,,つまらない小説を無理矢理褒めちぎるスレ10
16135,blank,,
16136,blank,, 
16137,blank,,
16138,blank,,
16139,post_header,raw-L16139,429 : イラストに騙された名無しさん : 2009/03/21(土) 04:27:57 ID:sN6zB7hV [1/1回発言]
16140,body,raw-L16139,『曲矢さんのエア彼氏　木村くんのエア彼女』　著：中村九郎
16141,blank,,
16142,body,raw-L16139,帰りにコンビニ言ったら小学校の同級生がいたんだが俺が「元気してるわけ？」と聞くと
16143,body,raw-L16139,もじもじして「あァっ○（俺の名前）くん！？」と驚くからちょっと川合いと感じた
16144,body,raw-L16139,弁当の賞味期限とか見ながらはなしてたらやたら距離が近いから俺に惚れｔﾝのかと思ったら
16145,body,raw-L16139,案の定目がうるんでて恋愛がホイッスルな感じだったし俺が「遊んでやろうか？」と聞くと腰をすりよせてきた
16146,body,raw-L16139,やっぱり不良はモテるな小食系男子じゃこうはいかないすぐにおれたちは昔の小学校に入りこんで
16147,body,raw-L16139,しつこく立ち裸る体育館の壁を蹴りで壊した（蹴りはパンチの３倍の威力でスチールもこわれる）
16148,body,raw-L16139,それから倉庫の中でボールとかいじりながら一晩中話してた。俺がバスケでフェギュﾗｰに選ばれたと語ると
16149,body,raw-L16139,そいつの目が輝いたがすぐに閉じてあごをだしてきたから俺はＫＩＳＳを求められたとすぐに気付いたが
16150,body,raw-L16139,経験も豊富な俺は一味違った。落ちてるバスケボーを拾ってカノジョの口につけてやると一瞬からかわれたと思ったのか
16151,body,raw-L16139,ほっぺたを風船にして怒ってきたがそれを軽くかわしておでこにキツヅケをすると顔全体を真っ赤にして黙ったから
16152,body,raw-L16139,俺は「俺はシット深いぜ」と言うとカノジョは深く感動したみたいで泣き崩れた。俺はそんなカノジョを慰めてやったよ
16153,body,raw-L16139,あれはいい思い出だと思ったなオトナの戒壇をのぼるとはこのことかと我ながら感心した
16154,body,raw-L16139,お前らがモテないのは羊（紙を食べる）タイプだから今の世の中は波乱だから肉食タイプがモテる
16155,blank,,
16156,blank,, 
16157,blank,,
16158,blank,, 
16159,blank,,
16160,blank,,
16161,section_title,,Odin鯖のTsukasaooを垢バンに追い込むスレ
16162,blank,,
16163,blank,, 
16164,blank,,
16165,blank,, 
16166,blank,,
16167,post_header,raw-L16167,555 ：既にその名前は使われています[sage]：2009/05/02(土) 00:11:01 ID:nACAwt0K
16168,body,raw-L16167,ばかまみれだなこのスレに記入してるのは
16169,blank,,
16170,post_header,raw-L16170,560 ：既にその名前は使われています[sage]：2009/05/02(土) 00:22:25 ID:nACAwt0K
16171,body,raw-L16170,いじめだらけだなこれは始めて読むけど感じがひどい
16172,blank,,
16173,post_header,raw-L16173,596 ：既にその名前は使われています[sage]：2009/05/02(土) 08:47:25 ID:nACAwt0K
16174,body,raw-L16173,書かれた気持ちわからん？
16175,blank,,
16176,post_header,raw-L16176,597 ：既にその名前は使われています[sage]：2009/05/02(土) 08:49:23 ID:nACAwt0K
16177,body,raw-L16176,ばかまみれだな悪い行動してない人を傷付けるばかは
16178,blank,,
16179,post_header,raw-L16179,605 ：既にその名前は使われています[sage]：2009/05/02(土) 09:11:15 ID:nACAwt0K
16180,body,raw-L16179,601
16181,body,raw-L16179,ばかじゃねえ？もう終わりいってるだろしつこいばかだな
16182,body,raw-L16179,お前だろこのスレ記入してるの？
16183,blank,,
16184,post_header,raw-L16184,616 ：既にその名前は使われています[sage]：2009/05/02(土) 10:33:08 ID:nACAwt0K
16185,body,raw-L16184,俺も飽きたな
16186,blank,,
16187,post_header,raw-L16187,619 ：既にその名前は使われています[sage]：2009/05/02(土) 10:51:53 ID:nACAwt0K
16188,body,raw-L16187,終
16189,blank,,
16190,post_header,raw-L16190,623 ：既にその名前は使われています[sage]：2009/05/02(土) 11:09:16 ID:nACAwt0K
16191,body,raw-L16190,さげます
16192,blank,,
16193,post_header,raw-L16193,631 ：既にその名前は使われています[sage]：2009/05/02(土) 11:23:53 ID:nACAwt0K
16194,body,raw-L16193,気持ち悪いなここの奴ら
16195,blank,,
16196,post_header,raw-L16196,637 ：既にその名前は使われています[sage]：2009/05/02(土) 11:33:44 ID:nACAwt0K
16197,body,raw-L16196,ここおかしいな始めてみたがいじめの感じがする
16198,blank,,
16199,post_header,raw-L16199,642 ：既にその名前は使われています[sage]：2009/05/02(土) 11:40:36 ID:nACAwt0K
16200,body,raw-L16199,僕もさげます
16201,blank,,
16202,post_header,raw-L16202,647 ：既にその名前は使われています[sage]：2009/05/02(土) 11:45:17 ID:nACAwt0K
16203,body,raw-L16202,やめたらどうするの？お前らのせいで、責任とるの？
16204,blank,,
16205,post_header,raw-L16205,652 ：既にその名前は使われています[sage]：2009/05/02(土) 11:52:07 ID:nACAwt0K
16206,body,raw-L16205,650
16207,body,raw-L16205,そっとしとこうぜそれなら普通のプレイヤーいじめは悪いだろ
16208,blank,,
16209,post_header,raw-L16209,655 ：既にその名前は使われています[sage]：2009/05/02(土) 11:55:27 ID:nACAwt0K
16210,body,raw-L16209,654
16211,body,raw-L16209,普通は普通お前が普通なら普通がわかるはず
16212,blank,,
16213,post_header,raw-L16213,661 ：既にその名前は使われています[sage]：2009/05/02(土) 12:10:07 ID:nACAwt0K
16214,body,raw-L16213,終
16215,blank,,
16216,post_header,raw-L16216,669 ：既にその名前は使われています[sage]：2009/05/02(土) 12:27:19 ID:nACAwt0K
16217,body,raw-L16216,飽きたな
16218,blank,,
16219,post_header,raw-L16219,692 ：既にその名前は使われています[sage]：2009/05/02(土) 13:25:20 ID:nACAwt0K
16220,body,raw-L16219,終
16221,blank,,
16222,post_header,raw-L16222,703 ：既にその名前は使われています[sage]：2009/05/02(土) 14:05:46 ID:nACAwt0K
16223,body,raw-L16222,嘘ばっかこのスレ
16224,blank,,
16225,post_header,raw-L16225,704 ：既にその名前は使われています[sage]：2009/05/02(土) 14:07:08 ID:nACAwt0K
16226,body,raw-L16225,スレ記入はもうしないかなもう飽きたし
16227,blank,,
16228,post_header,raw-L16228,734 ：既にその名前は使われています[sage]：2009/05/02(土) 16:59:33 ID:nACAwt0K
16229,body,raw-L16228,下げます
16230,blank,,
16231,post_header,raw-L16231,747 ：既にその名前は使われています[sage]：2009/05/02(土) 18:58:35 ID:nACAwt0K
16232,body,raw-L16231,終
16233,blank,,
16234,post_header,raw-L16234,758 ：既にその名前は使われています[sage]：2009/05/02(土) 21:10:00 ID:nACAwt0K
16235,body,raw-L16234,済み
16236,blank,,
16237,post_header,raw-L16237,777 ：既にその名前は使われています[sage]：2009/05/02(土) 23:07:19 ID:nACAwt0K
16238,body,raw-L16237,あげます
16239,blank,,
16240,post_header,raw-L16240,781 ：既にその名前は使われています[sage]：2009/05/02(土) 23:21:05 ID:nACAwt0K
16241,body,raw-L16240,まあ普通プレイヤーだからアカバンとかTsukasaooさんにはないっしょ
16242,body,raw-L16240,俺もねるかな急がしいし
16243,blank,,
16244,blank,, 
16245,blank,,
16246,blank,, 
16247,blank,,
16248,section_title,,【MHP2G】ウザイプレイ仲間54人目【名人様・愚痴】
16249,blank,,
16250,blank,, 
16251,blank,,
16252,blank,, 
16253,blank,,
16254,blank,,
16255,post_header,raw-L16255,524：名無しさん＠お腹いっぱい。：2010/08/17(火) 07:35:04 ID:DRkA+Bf0
16256,body,raw-L16255,ガノトトスにランスで来るやつは頭がおかしい
16257,body,raw-L16255,太刀大剣双剣の三人でガノをボコってる所に4人目が来たんだが
16258,body,raw-L16255,集会所で見たらレイテンにフルバルZ（回避2）だった
16259,body,raw-L16255,この時点でかなり嫌な予感がしてたんだが
16260,body,raw-L16255,「ぜひお願いします＾＾」といった手前即解散するのもなんだから
16261,body,raw-L16255,そのままクエへいくこととなった
16262,blank,,
16263,body,raw-L16255,案の定嫌な予感は当たり
16264,body,raw-L16255,全員が密集する足下に陣取るランス明らかに手数の減る太刀と双剣
16265,body,raw-L16255,3人で3分で終わっていたクエに4人で5分かかる始末
16266,body,raw-L16255,ちなみにこの太刀と双剣はゆとり性能に頼らずとも
16267,body,raw-L16255,ガノタックル程度は余裕で回避できる中級者程度の腕は持っていた者達
16268,body,raw-L16255,ランスはというとアワレにもゆとり性能を活かせずタックルに飛ばされていた
16269,body,raw-L16255,それでもたまに回避できたのに満足しているのか
16270,body,raw-L16255,クエ後に「タックル回避すごいですね＾＾（皮肉）」というと「これぐらい余裕ですよ」と何を勘違いしたのか
16271,body,raw-L16255,聞いてもいないのに回避ランスがどうだとか語りだす始末
16272,body,raw-L16255,他メンからPMで「用事が出来たので落ちます；」と来たので「もう少し待ってくれ」といい引き止めてもう１クエ行った
16273,body,raw-L16255,戦闘が始まると先ほどと状況は変わらなかったがさっきまでの自分とは違い心が鬼にして俺は攻撃になぎ払いを混ぜていった
16274,body,raw-L16255,ランスに攻撃があたるがかまわず攻撃を続けたところ討伐は３人の時と同じタイムまで回復した
16275,body,raw-L16255,そのクエ後にランスから「わざと当ててませんか？」ときたが「あれは転倒の無敵フレームを利用して攻撃から助けただけ」というと
16276,body,raw-L16255,他メンからも「助けてる助けてる」と賛同の声が上がった
16277,blank,,
16278,body,raw-L16255,ランスは予想通り「用事が出来たので抜けますね」ときたが内心怒りのオーラがにじみ出ていた様が見てとれるだった
16279,body,raw-L16255,ランスの退室後「お灸をすえすぎましたかね＾＾；」と他メンに言うと他メンから「しょうがないね」「god job!」と来たので
16280,body,raw-L16255,そのまま3人でしばらく楽しくガノをボコっていった
16281,blank,,
16282,body,raw-L16255,この時の双剣と太刀は今ではかけがいのないフレになっている
16283,blank,,
16284,blank,, 
16285,blank,,
16286,blank,, 
16287,blank,,
16288,section_title,,【完全】Quest of D part396【終了】
16289,blank,,
16290,blank,, 
16291,blank,,
16292,blank,, 
16293,blank,,
16294,blank,, 
16295,blank,,
16296,post_header,raw-L16296,875 名前：ゲームセンター名無し[sage] 投稿日：2010/09/28(火) 20:03:38 ID:JUhBB3iK0 [1/2]
16297,body,raw-L16296,だいぶ前にやってた者だが、今頃になってやめたきっかけになった
16298,body,raw-L16296,シーフっぽいやつを使ってアイテムを増やす行為をゲーセンの常連に注意されたことを思い出した
16299,body,raw-L16296,思い出したのでスレを検索したらヒットしたから書き込んでみた
16300,blank,,
16301,blank,,
16302,post_header,raw-L16302,880 名前：ゲームセンター名無し[sage] 投稿日：2010/09/28(火) 22:02:09 ID:JUhBB3iK0 [2/2]
16303,body,raw-L16302,説明が足りなかったみたいだがシーフっぽいのは自分じゃなくて敵キャラのほう
16304,body,raw-L16302,やり方は忘れたけどアイテム増やしてたら常連が「ここではそういうのやってないから」
16305,body,raw-L16302,とかいってきたけどもうすでに金は払ってしまったし増やさないのももったいないと感じたから
16306,body,raw-L16302,無視して増やしてたらほかの常連もぞろぞろやってきてうしろでみてくるようになった
16307,body,raw-L16302,しかたないので俺は「これ終わったら帰るから」と後ろに言ったけど
16308,body,raw-L16302,常連は「200円やるからすぐやめろ」とかいってきた
16309,body,raw-L16302,そこまでいやならしかたないとしかたなくゲームを終わらせた
16310,body,raw-L16302,俺はそのあと200円もらって帰ったという思い出話
16311,blank,,
