id,line,year,section,cluster,pc1,pc2,log_chars,log_lines,log_mean_line,log_max_line,periods_100,commas_100,question_100,exclaim_100,newline_100,no_stop_line_ratio,no_jp_punct_line_ratio,terminal_period_ratio,quote_100,parenthesis_100,ellipsis_100,repeat_symbol_100,comma_ascii_100,space_100,hiragana_ratio,kanji_ratio,katakana_ratio,half_kana_ratio,latin_ratio,digit_ratio,polite_100,first_person_100,second_person_100,connective_100,quotative_100,hedge_100,nda_ga_100,karana_100,be_100
raw-L00005,6,2001,SBR理想の果てに ～紅蓮痰と１２人の円卓の騎士達～,2,-2.3168858883641335,-0.08174800815985771,2.4849066497880004,0.6931471805599453,2.4849066497880004,2.4849066497880004,0.0,0.0,0.0,0.0,0.0,1.0,1.0,0.0,0.0,0.0,0.0,0.0,0.0,0.0,0.8181818181818181,0.18181818181818182,0.0,0.0,0.0,0.0,0.0,9.090909090909092,0.0,9.090909090909092,0.0,0.0,0.0,0.0,0.0
raw-L00009,10,2001,SBR理想の果てに ～紅蓮痰と１２人の円卓の騎士達～,2,-1.974557881803188,0.12028142573683509,2.4849066497880004,0.6931471805599453,2.4849066497880004,2.4849066497880004,0.0,0.0,0.0,0.0,0.0,1.0,1.0,0.0,0.0,0.0,0.0,0.0,0.0,0.0,0.36363636363636365,0.6363636363636364,0.0,0.0,0.0,0.0,0.0,0.0,0.0,0.0,0.0,0.0,0.0,0.0,0.0
raw-L00025,26,2002,SB理想の果てに～こなゆき14連敗～,2,-3.655240378491194,-0.29392964937914706,1.791759469228055,0.6931471805599453,1.791759469228055,1.791759469228055,0.0,0.0,0.0,0.0,0.0,1.0,1.0,0.0,0.0,0.0,0.0,0.0,0.0,0.0,1.0,0.0,0.0,0.0,0.0,0.0,0.0,0.0,0.0,0.0,0.0,0.0,0.0,0.0,0.0
raw-L00028,29,2002,SB理想の果てに～こなゆき14連敗～,3,2.725493969992428,-4.150413000887067,3.7612001156935624,1.3862943611198906,2.70805020110221,2.8903717578961645,2.380952380952381,4.761904761904762,0.0,0.0,4.761904761904762,0.6666666666666666,0.3333333333333333,0.3333333333333333,0.0,0.0,0.0,0.0,0.0,0.0,0.5476190476190476,0.28571428571428575,0.09523809523809523,0.0,0.0,0.0,0.0,2.380952380952381,0.0,0.0,0.0,0.0,0.0,0.0,0.0
raw-L00042,43,2002,SBR理想の果てにロト15回目の失敗！,3,4.017131344993006,-6.138570036541654,3.871201010907891,1.3862943611198906,2.8134107167600364,3.091042453358316,4.25531914893617,2.127659574468085,0.0,0.0,4.25531914893617,0.3333333333333333,0.0,0.6666666666666666,0.0,0.0,0.0,0.0,0.0,0.0,0.6170212765957447,0.3191489361702128,0.0,0.0,0.0,0.0,0.0,0.0,2.127659574468085,0.0,0.0,0.0,0.0,0.0,0.0
raw-L00047,48,2002,SBR理想の果てにロト15回目の失敗！,3,1.970695596826756,-6.178905169249867,3.367295829986474,1.0986122886681098,2.70805020110221,3.2188758248682006,3.5714285714285716,0.0,3.5714285714285716,0.0,3.5714285714285716,0.0,0.5,0.5,0.0,0.0,0.0,0.0,0.0,0.0,0.75,0.17857142857142858,0.0,0.0,0.0,0.0,0.0,0.0,0.0,0.0,0.0,0.0,0.0,0.0,0.0
raw-L00051,52,2002,SBR理想の果てにロト15回目の失敗！,3,3.7904970373736213,-6.53495617755555,3.6375861597263857,1.3862943611198906,2.5902671654458267,2.70805020110221,5.405405405405405,5.405405405405405,0.0,0.0,5.405405405405405,0.3333333333333333,0.0,0.6666666666666666,0.0,0.0,0.0,0.0,0.0,0.0,0.6486486486486487,0.24324324324324323,0.0,0.0,0.0,0.0,0.0,0.0,2.7027027027027026,0.0,0.0,0.0,0.0,0.0,0.0
raw-L00063,64,2002,【+ 激しく】スパロボインパクト140【飛影 +】,0,-1.8557147325215912,-2.277977283769565,3.258096538021482,1.0986122886681098,2.6026896854443837,3.044522437723423,0.0,0.0,4.0,0.0,4.0,0.5,1.0,0.0,0.0,0.0,0.0,0.0,0.0,0.0,0.4,0.16,0.4,0.0,0.0,0.0,0.0,0.0,0.0,0.0,0.0,0.0,0.0,0.0,4.0
raw-L00067,68,2002,【+ 激しく】スパロボインパクト140【飛影 +】,0,-1.8109991334284536,-2.10480026705012,3.332204510175204,1.0986122886681098,2.6741486494265287,2.9444389791664403,0.0,0.0,3.7037037037037037,0.0,3.7037037037037037,0.5,1.0,0.0,0.0,0.0,0.0,0.0,0.0,0.0,0.48148148148148145,0.14814814814814814,0.2962962962962963,0.0,0.0,0.0,0.0,0.0,0.0,0.0,0.0,0.0,0.0,0.0,3.7037037037037037
raw-L00071,72,2002,【+ 激しく】スパロボインパクト140【飛影 +】,0,-1.8030189167330057,-3.9780816131301067,3.044522437723423,0.6931471805599453,3.044522437723423,3.044522437723423,0.0,0.0,5.0,0.0,0.0,0.0,1.0,0.0,0.0,0.0,0.0,0.0,0.0,0.0,0.4,0.25,0.2,0.0,0.0,0.0,0.0,0.0,0.0,0.0,0.0,0.0,0.0,0.0,5.0
raw-L00074,75,2002,【+ 激しく】スパロボインパクト140【飛影 +】,0,-2.1489302768140255,-4.126314642556469,2.6390573296152584,0.6931471805599453,2.6390573296152584,2.6390573296152584,0.0,0.0,15.384615384615385,0.0,0.0,0.0,1.0,0.0,0.0,0.0,0.0,0.0,0.0,0.0,0.15384615384615385,0.15384615384615385,0.3846153846153846,0.0,0.0,0.0,0.0,0.0,0.0,0.0,0.0,0.0,0.0,0.0,0.0
raw-L00078,79,2002,【+ 激しく】スパロボインパクト140【飛影 +】,0,-0.9326727717205876,-3.353649811644987,3.332204510175204,0.6931471805599453,3.332204510175204,3.332204510175204,0.0,0.0,3.7037037037037037,0.0,0.0,0.0,1.0,0.0,0.0,0.0,0.0,0.0,0.0,0.0,0.2962962962962963,0.1111111111111111,0.1111111111111111,0.0,0.07407407407407407,0.0,0.0,0.0,0.0,0.0,0.0,0.0,0.0,0.0,3.7037037037037037
raw-L00081,82,2002,【+ 激しく】スパロボインパクト140【飛影 +】,0,-2.264137927638816,-4.554962095641406,2.833213344056216,0.6931471805599453,2.833213344056216,2.833213344056216,0.0,0.0,6.25,0.0,0.0,0.0,1.0,0.0,0.0,0.0,0.0,0.0,0.0,0.0,0.1875,0.375,0.25,0.0,0.0,0.0,0.0,0.0,0.0,0.0,0.0,0.0,0.0,0.0,6.25
raw-L00084,85,2002,【+ 激しく】スパロボインパクト140【飛影 +】,0,-1.2532146607209877,-3.6827052102967075,3.295836866004329,0.6931471805599453,3.295836866004329,3.295836866004329,0.0,0.0,3.8461538461538463,0.0,0.0,0.0,1.0,0.0,0.0,0.0,0.0,0.0,0.0,0.0,0.23076923076923075,0.11538461538461538,0.34615384615384615,0.0,0.0,0.15384615384615385,0.0,0.0,0.0,0.0,0.0,0.0,0.0,0.0,3.8461538461538463
raw-L00095,96,2002,【まるこ姉】スパロボIMPACＴ141【最狂説】,0,-2.0459771096662105,-4.475190206999465,2.9444389791664403,0.6931471805599453,2.9444389791664403,2.9444389791664403,0.0,0.0,5.555555555555555,0.0,0.0,0.0,1.0,0.0,0.0,0.0,0.0,0.0,0.0,0.0,0.2222222222222222,0.16666666666666669,0.4444444444444444,0.0,0.0,0.0,0.0,0.0,0.0,0.0,0.0,0.0,0.0,0.0,5.555555555555555
raw-L00098,99,2002,【まるこ姉】スパロボIMPACＴ141【最狂説】,0,-2.172515514593878,-4.031394868418448,2.9444389791664403,0.6931471805599453,2.9444389791664403,2.9444389791664403,0.0,0.0,5.555555555555555,0.0,0.0,0.0,1.0,0.0,0.0,0.0,0.0,0.0,0.0,0.0,0.6666666666666667,0.2777777777777778,0.0,0.0,0.0,0.0,0.0,0.0,0.0,0.0,0.0,0.0,0.0,0.0,5.555555555555555
raw-L00102,103,2002,【まるこ姉】スパロボIMPACＴ141【最狂説】,0,1.3012233055477334,-5.173497809525923,3.4657359027997265,0.6931471805599453,3.4657359027997265,3.4657359027997265,0.0,3.225806451612903,3.225806451612903,0.0,0.0,0.0,0.0,0.0,0.0,0.0,0.0,0.0,0.0,0.0,0.6129032258064516,0.12903225806451613,0.0,0.0,0.0,0.0,0.0,0.0,0.0,0.0,0.0,0.0,0.0,0.0,3.225806451612903
raw-L00105,106,2002,【まるこ姉】スパロボIMPACＴ141【最狂説】,0,-2.6560734220814552,-4.7538968563715045,2.772588722239781,0.6931471805599453,2.772588722239781,2.772588722239781,0.0,0.0,6.666666666666667,0.0,0.0,0.0,1.0,0.0,0.0,0.0,0.0,0.0,0.0,0.0,0.5333333333333333,0.2,0.2,0.0,0.0,0.0,0.0,0.0,0.0,0.0,0.0,0.0,0.0,0.0,6.666666666666667
raw-L00108,109,2002,【まるこ姉】スパロボIMPACＴ141【最狂説】,0,-3.1981900763311306,-1.9966791590611228,2.9444389791664403,1.3862943611198906,1.9459101490553132,2.302585092994046,0.0,0.0,5.555555555555555,0.0,11.11111111111111,0.6666666666666666,1.0,0.0,0.0,0.0,0.0,0.0,0.0,0.0,0.2222222222222222,0.2222222222222222,0.33333333333333337,0.0,0.0,0.0,0.0,0.0,0.0,0.0,0.0,0.0,0.0,0.0,5.555555555555555
raw-L00113,114,2002,【まるこ姉】スパロボIMPACＴ141【最狂説】,0,-1.3504000933607743,-1.9105492489557268,3.4965075614664802,1.0986122886681098,2.833213344056216,3.044522437723423,0.0,0.0,3.125,0.0,3.125,0.5,1.0,0.0,0.0,0.0,0.0,0.0,0.0,0.0,0.3125,0.21875,0.375,0.0,0.0,0.0,0.0,0.0,0.0,0.0,0.0,0.0,0.0,0.0,3.125
raw-L00117,118,2002,【まるこ姉】スパロボIMPACＴ141【最狂説】,2,-1.769037876913217,0.5964462462396646,3.1780538303479458,1.0986122886681098,2.5257286443082556,2.772588722239781,0.0,0.0,0.0,0.0,4.3478260869565215,1.0,1.0,0.0,0.0,0.0,0.0,0.0,0.0,0.0,0.6521739130434783,0.30434782608695654,0.0,0.0,0.0,0.0,0.0,4.3478260869565215,0.0,0.0,0.0,0.0,0.0,0.0,0.0
raw-L00122,123,2002,【まるこ姉】スパロボIMPACＴ141【最狂説】,2,-2.827204103355886,0.7790367455454422,2.833213344056216,1.0986122886681098,2.1972245773362196,2.1972245773362196,0.0,0.0,0.0,0.0,6.25,1.0,1.0,0.0,0.0,0.0,0.0,0.0,0.0,0.0,0.5625,0.4375,0.0,0.0,0.0,0.0,0.0,0.0,6.25,0.0,0.0,0.0,0.0,0.0,0.0
raw-L00126,127,2002,【まるこ姉】スパロボIMPACＴ141【最狂説】,3,1.4754298056057114,-2.724000026736666,3.8918202981106265,1.0986122886681098,3.2188758248682006,3.5553480614894135,2.0833333333333335,0.0,2.0833333333333335,0.0,2.0833333333333335,0.5,0.5,0.0,0.0,0.0,0.0,0.0,0.0,0.0,0.5833333333333334,0.375,0.0,0.0,0.0,0.0,0.0,0.0,0.0,0.0,0.0,0.0,0.0,0.0,0.0
raw-L00130,131,2002,【まるこ姉】スパロボIMPACＴ141【最狂説】,0,-1.9391546651976437,-1.796608825302288,3.1354942159291497,1.0986122886681098,2.4849066497880004,2.70805020110221,0.0,0.0,4.545454545454546,0.0,4.545454545454546,0.5,1.0,0.0,0.0,0.0,0.0,0.0,0.0,0.0,0.5454545454545454,0.40909090909090906,0.0,0.0,0.0,0.0,0.0,4.545454545454546,0.0,4.545454545454546,0.0,0.0,0.0,4.545454545454546,4.545454545454546
raw-L00134,135,2002,【まるこ姉】スパロボIMPACＴ141【最狂説】,2,-1.465865611329648,0.1814966185983632,2.833213344056216,0.6931471805599453,2.833213344056216,2.833213344056216,0.0,0.0,0.0,0.0,0.0,1.0,1.0,0.0,0.0,0.0,0.0,0.0,0.0,0.0,0.5625,0.4375,0.0,0.0,0.0,0.0,0.0,0.0,0.0,0.0,0.0,0.0,0.0,0.0,0.0
raw-L00137,138,2002,【まるこ姉】スパロボIMPACＴ141【最狂説】,0,-4.194015579002869,-5.498003268136601,2.0794415416798357,0.6931471805599453,2.0794415416798357,2.0794415416798357,0.0,0.0,14.285714285714286,0.0,0.0,0.0,1.0,0.0,0.0,0.0,0.0,0.0,0.0,0.0,0.5714285714285715,0.28571428571428575,0.0,0.0,0.0,0.0,0.0,0.0,0.0,0.0,0.0,0.0,0.0,0.0,14.285714285714286
raw-L00141,142,2002,【まるこ姉】スパロボIMPACＴ141【最狂説】,2,0.23879791199247857,-1.0238844199284338,3.367295829986474,1.0986122886681098,2.70805020110221,2.9444389791664403,0.0,3.5714285714285716,0.0,0.0,3.5714285714285716,1.0,0.5,0.0,0.0,0.0,0.0,0.0,0.0,0.0,0.5714285714285715,0.28571428571428575,0.10714285714285714,0.0,0.0,0.0,0.0,3.5714285714285716,0.0,0.0,0.0,0.0,0.0,0.0,0.0
raw-L00145,146,2002,【まるこ姉】スパロボIMPACＴ141【最狂説】,0,-1.2671311028761896,-1.3884461009511881,3.6888794541139363,1.0986122886681098,3.0204248861443626,3.295836866004329,0.0,0.0,2.5641025641025643,0.0,2.5641025641025643,0.5,1.0,0.0,0.0,0.0,0.0,0.0,0.0,0.0,0.6153846153846154,0.33333333333333337,0.0,0.0,0.0,0.025641025641025644,0.0,2.5641025641025643,2.5641025641025643,0.0,0.0,0.0,0.0,0.0,2.5641025641025643
raw-L00149,150,2002,【まるこ姉】スパロボIMPACＴ141【最狂説】,0,-2.0591322684106874,-1.9346051614895108,3.258096538021482,1.0986122886681098,2.6026896854443837,2.6390573296152584,0.0,0.0,4.0,0.0,4.0,0.5,1.0,0.0,0.0,0.0,0.0,0.0,0.0,0.0,0.48,0.4,0.08,0.0,0.0,0.0,0.0,0.0,0.0,0.0,0.0,0.0,0.0,0.0,4.0
raw-L00153,154,2002,【まるこ姉】スパロボIMPACＴ141【最狂説】,0,-2.1149939237700885,-1.9657311495945526,3.2188758248682006,1.0986122886681098,2.5649493574615367,2.833213344056216,0.0,0.0,4.166666666666667,0.0,4.166666666666667,0.5,1.0,0.0,0.0,0.0,0.0,0.0,0.0,0.0,0.6666666666666667,0.2916666666666667,0.0,0.0,0.0,0.0,0.0,0.0,0.0,0.0,0.0,0.0,0.0,0.0,4.166666666666667
raw-L00157,158,2002,【まるこ姉】スパロボIMPACＴ141【最狂説】,2,-1.1104071046723154,0.21137536353607053,3.044522437723423,0.6931471805599453,3.044522437723423,3.044522437723423,0.0,0.0,0.0,0.0,0.0,1.0,1.0,0.0,0.0,0.0,0.0,0.0,0.0,0.0,0.6,0.4,0.0,0.0,0.0,0.0,0.0,0.0,0.0,0.0,0.0,0.0,0.0,0.0,0.0
raw-L00160,161,2002,【まるこ姉】スパロボIMPACＴ141【最狂説】,2,-2.0875324491123743,-1.0247199318094662,3.6375861597263857,1.3862943611198906,2.5902671654458267,2.6390573296152584,0.0,0.0,2.7027027027027026,0.0,5.405405405405405,0.6666666666666666,1.0,0.0,0.0,0.0,0.0,0.0,0.0,0.0,0.7297297297297297,0.05405405405405405,0.1081081081081081,0.0,0.0,0.08108108108108109,0.0,0.0,2.7027027027027026,0.0,0.0,0.0,0.0,0.0,2.7027027027027026
raw-L00165,166,2002,【まるこ姉】スパロボIMPACＴ141【最狂説】,0,-3.4760091780479865,-1.8319421036917498,2.772588722239781,1.0986122886681098,2.1400661634962708,2.302585092994046,0.0,0.0,6.666666666666667,0.0,6.666666666666667,0.5,1.0,0.0,0.0,0.0,0.0,0.0,0.0,0.0,0.8666666666666667,0.06666666666666667,0.0,0.0,0.0,0.0,0.0,0.0,6.666666666666667,0.0,0.0,0.0,0.0,0.0,0.0
raw-L00170,171,2002,【まるこ姉】スパロボIMPACＴ141【最狂説】,0,-1.5169461058858402,-1.675029898197765,3.6109179126442243,1.0986122886681098,2.9444389791664403,2.9444389791664403,0.0,0.0,2.7777777777777777,0.0,2.7777777777777777,0.5,1.0,0.0,0.0,0.0,0.0,0.0,0.0,0.0,0.5,0.2222222222222222,0.2222222222222222,0.0,0.0,0.0,0.0,0.0,2.7777777777777777,0.0,0.0,0.0,0.0,0.0,2.7777777777777777
raw-L00174,175,2002,【まるこ姉】スパロボIMPACＴ141【最狂説】,0,-3.3667843876187713,-4.359511694922718,3.1780538303479458,1.0986122886681098,2.5257286443082556,2.5649493574615367,0.0,0.0,8.695652173913043,0.0,4.3478260869565215,0.0,1.0,0.0,0.0,0.0,0.0,0.0,0.0,0.0,0.6086956521739131,0.13043478260869565,0.13043478260869565,0.0,0.0,0.0,0.0,8.695652173913043,4.3478260869565215,0.0,0.0,0.0,0.0,0.0,4.3478260869565215
raw-L00178,179,2002,【まるこ姉】スパロボIMPACＴ141【最狂説】,2,-0.9969791409256002,-0.2978289515213029,3.2188758248682006,0.6931471805599453,3.2188758248682006,3.2188758248682006,0.0,0.0,0.0,0.0,0.0,1.0,1.0,0.0,0.0,0.0,0.0,0.0,0.0,0.0,0.375,0.20833333333333331,0.41666666666666663,0.0,0.0,0.0,0.0,4.166666666666667,0.0,0.0,0.0,0.0,0.0,0.0,0.0
raw-L00181,182,2002,【まるこ姉】スパロボIMPACＴ141【最狂説】,0,-3.773068684710502,-5.923465312612695,2.4849066497880004,0.6931471805599453,2.4849066497880004,2.4849066497880004,0.0,0.0,9.090909090909092,0.0,0.0,0.0,1.0,0.0,0.0,0.0,0.0,0.0,0.0,0.0,0.2727272727272727,0.2727272727272727,0.36363636363636365,0.0,0.0,0.0,0.0,9.090909090909092,0.0,0.0,0.0,0.0,0.0,0.0,9.090909090909092
raw-L00185,186,2002,【まるこ姉】スパロボIMPACＴ141【最狂説】,0,-2.4625473817734593,-2.347780396213939,3.091042453358316,1.0986122886681098,2.4423470353692043,2.8903717578961645,0.0,0.0,4.761904761904762,0.0,4.761904761904762,0.5,1.0,0.0,0.0,0.0,0.0,0.0,0.0,0.0,0.4761904761904762,0.38095238095238093,0.09523809523809523,0.0,0.0,0.0,0.0,4.761904761904762,0.0,0.0,0.0,0.0,0.0,0.0,4.761904761904762
raw-L00189,190,2002,【まるこ姉】スパロボIMPACＴ141【最狂説】,2,-3.663145932487401,-0.25112071266449426,1.791759469228055,0.6931471805599453,1.791759469228055,1.791759469228055,0.0,0.0,0.0,0.0,0.0,1.0,1.0,0.0,0.0,0.0,0.0,0.0,0.0,0.0,0.4,0.6,0.0,0.0,0.0,0.0,0.0,20.0,0.0,0.0,0.0,0.0,0.0,0.0,0.0
raw-L00193,194,2002,【まるこ姉】スパロボIMPACＴ141【最狂説】,1,0.5277829451050723,0.5183686010648395,4.477336814478207,1.791759469228055,2.91235066461494,3.713572066704308,0.0,0.0,1.1494252873563218,0.0,4.597701149425287,0.8,1.0,0.0,0.0,0.0,0.0,0.0,0.0,0.0,0.3218390804597701,0.11494252873563218,0.09195402298850575,0.0,0.3793103448275862,0.0,0.0,1.1494252873563218,1.1494252873563218,0.0,0.0,0.0,0.0,0.0,1.1494252873563218
raw-L00200,201,2002,【まるこ姉】スパロボIMPACＴ141【最狂説】,2,-1.3324330273405671,-0.23128572276462353,3.044522437723423,0.6931471805599453,3.044522437723423,3.044522437723423,0.0,0.0,0.0,0.0,0.0,1.0,1.0,0.0,0.0,0.0,0.0,0.0,0.0,0.0,0.4,0.25,0.25,0.0,0.0,0.0,0.0,5.0,0.0,0.0,0.0,0.0,0.0,0.0,0.0
raw-L00203,204,2002,【まるこ姉】スパロボIMPACＴ141【最狂説】,2,-2.291871532193874,-0.12947433938627234,2.6390573296152584,0.6931471805599453,2.6390573296152584,2.6390573296152584,0.0,0.0,0.0,0.0,0.0,1.0,1.0,0.0,0.0,0.0,0.0,0.0,0.0,0.0,0.6923076923076923,0.3076923076923077,0.0,0.0,0.0,0.0,0.0,7.6923076923076925,0.0,0.0,0.0,0.0,0.0,0.0,0.0
raw-L00206,207,2002,【まるこ姉】スパロボIMPACＴ141【最狂説】,1,0.3472090013811454,0.1901948818656949,4.248495242049359,1.6094379124341003,2.9041650800285006,3.713572066704308,0.0,0.0,1.4492753623188406,0.0,4.3478260869565215,0.75,1.0,0.0,0.0,0.0,0.0,0.0,0.0,0.0,0.24637681159420288,0.11594202898550725,0.043478260869565216,0.0,0.4782608695652174,0.0,0.0,0.0,1.4492753623188406,0.0,0.0,0.0,0.0,0.0,1.4492753623188406
raw-L00212,213,2002,【まるこ姉】スパロボIMPACＴ141【最狂説】,2,-3.253633301838041,-0.0260146035121332,1.791759469228055,0.6931471805599453,1.791759469228055,1.791759469228055,0.0,0.0,0.0,0.0,0.0,1.0,1.0,0.0,0.0,0.0,0.0,0.0,0.0,0.0,0.4,0.6,0.0,0.0,0.0,0.0,0.0,0.0,0.0,0.0,0.0,0.0,0.0,0.0,0.0
raw-L00215,216,2002,【まるこ姉】スパロボIMPACＴ141【最狂説】,2,-2.4876685045766966,0.7070473432853651,2.833213344056216,1.0986122886681098,2.1972245773362196,2.302585092994046,0.0,0.0,0.0,0.0,6.25,1.0,1.0,0.0,0.0,0.0,0.0,0.0,0.0,0.0,0.875,0.125,0.0,0.0,0.0,0.0,0.0,0.0,0.0,0.0,0.0,0.0,0.0,0.0,0.0
raw-L00220,221,2002,【まるこ姉】スパロボIMPACＴ141【最狂説】,0,-1.729192832424759,-1.770334658572873,3.4965075614664802,1.0986122886681098,2.833213344056216,3.091042453358316,0.0,0.0,3.125,0.0,3.125,0.5,1.0,0.0,0.0,0.0,0.0,0.0,0.0,0.0,0.65625,0.15625,0.15625,0.0,0.0,0.0,0.0,0.0,3.125,0.0,0.0,0.0,0.0,0.0,3.125
raw-L00225,226,2002,【まるこ姉】スパロボIMPACＴ141【最狂説】,0,-1.5443600045440784,-3.042909921502264,2.9444389791664403,0.6931471805599453,2.9444389791664403,2.9444389791664403,0.0,0.0,5.555555555555555,0.0,0.0,0.0,1.0,0.0,0.0,0.0,0.0,0.0,0.0,0.0,0.5555555555555556,0.2777777777777778,0.1111111111111111,0.0,0.0,0.0,0.0,0.0,0.0,0.0,0.0,0.0,0.0,0.0,0.0
raw-L00228,229,2002,【まるこ姉】スパロボIMPACＴ141【最狂説】,2,-3.987057776169491,-0.3352911911430067,1.6094379124341003,0.6931471805599453,1.6094379124341003,1.6094379124341003,0.0,0.0,0.0,0.0,0.0,1.0,1.0,0.0,0.0,0.0,0.0,0.0,0.0,0.0,1.0,0.0,0.0,0.0,0.0,0.0,0.0,0.0,0.0,0.0,0.0,0.0,0.0,0.0,0.0
raw-L00232,233,2002,【まるこ姉】スパロボIMPACＴ141【最狂説】,2,-2.0996693492947074,0.03034353706804361,2.5649493574615367,0.6931471805599453,2.5649493574615367,2.5649493574615367,0.0,0.0,0.0,0.0,0.0,1.0,1.0,0.0,0.0,0.0,0.0,0.0,0.0,0.0,0.75,0.25,0.0,0.0,0.0,0.0,0.0,0.0,0.0,0.0,0.0,0.0,0.0,0.0,0.0
raw-L00236,237,2002,【まるこ姉】スパロボIMPACＴ141【最狂説】,0,-4.179111795691724,-5.702471115000908,2.1972245773362196,0.6931471805599453,2.1972245773362196,2.1972245773362196,0.0,0.0,12.5,0.0,0.0,0.0,1.0,0.0,0.0,0.0,0.0,0.0,0.0,0.0,0.375,0.125,0.0,0.0,0.0,0.375,0.0,0.0,0.0,0.0,0.0,0.0,0.0,0.0,12.5
raw-L00239,240,2002,【まるこ姉】スパロボIMPACＴ141【最狂説】,2,-2.8659625197225727,-0.11327505826921593,2.1972245773362196,0.6931471805599453,2.1972245773362196,2.1972245773362196,0.0,0.0,0.0,0.0,0.0,1.0,1.0,0.0,0.0,0.0,0.0,0.0,0.0,0.0,0.875,0.125,0.0,0.0,0.0,0.0,0.0,0.0,0.0,0.0,0.0,0.0,0.0,0.0,0.0
raw-L00243,244,2002,【まるこ姉】スパロボIMPACＴ141【最狂説】,0,-4.179111795691724,-5.702471115000908,2.1972245773362196,0.6931471805599453,2.1972245773362196,2.1972245773362196,0.0,0.0,12.5,0.0,0.0,0.0,1.0,0.0,0.0,0.0,0.0,0.0,0.0,0.0,0.375,0.125,0.0,0.0,0.0,0.375,0.0,0.0,0.0,0.0,0.0,0.0,0.0,0.0,12.5
raw-L00246,247,2002,【まるこ姉】スパロボIMPACＴ141【最狂説】,0,-3.1486385667486605,-1.848534495053217,2.4849066497880004,0.6931471805599453,2.4849066497880004,2.4849066497880004,0.0,0.0,0.0,0.0,0.0,1.0,1.0,0.0,0.0,0.0,0.0,0.0,0.0,0.0,0.6363636363636364,0.18181818181818182,0.18181818181818182,0.0,0.0,0.0,0.0,0.0,0.0,0.0,0.0,0.0,0.0,0.0,9.090909090909092
raw-L00250,251,2002,【まるこ姉】スパロボIMPACＴ141【最狂説】,2,-0.9350104004717779,-0.715449799895655,2.6390573296152584,1.0986122886681098,2.0149030205422647,2.3978952727983707,0.0,7.6923076923076925,0.0,0.0,7.6923076923076925,1.0,0.5,0.0,0.0,0.0,0.0,0.0,0.0,0.0,0.6923076923076923,0.23076923076923075,0.0,0.0,0.0,0.0,0.0,0.0,0.0,0.0,0.0,0.0,0.0,0.0,0.0
raw-L00254,255,2002,【まるこ姉】スパロボIMPACＴ141【最狂説】,0,-2.9052420745837364,-4.444564498549589,3.295836866004329,1.0986122886681098,2.6390573296152584,2.772588722239781,0.0,0.0,7.6923076923076925,0.0,3.8461538461538463,0.0,1.0,0.0,0.0,0.0,0.0,0.0,0.0,0.0,0.6538461538461539,0.2692307692307692,0.0,0.0,0.0,0.0,0.0,0.0,3.8461538461538463,0.0,0.0,0.0,0.0,0.0,7.6923076923076925
raw-L00258,259,2002,【まるこ姉】スパロボIMPACＴ141【最狂説】,2,-2.3046895277017945,-0.019907637588374084,2.772588722239781,0.6931471805599453,2.772588722239781,2.772588722239781,0.0,0.0,0.0,0.0,0.0,1.0,1.0,0.0,0.0,0.0,0.0,0.0,0.0,0.0,0.8,0.2,0.0,0.0,0.0,0.0,0.0,0.0,6.666666666666667,0.0,0.0,0.0,0.0,0.0,0.0
raw-L00261,262,2002,【まるこ姉】スパロボIMPACＴ141【最狂説】,2,-1.6722418588305163,-1.2164895295812106,3.258096538021482,1.0986122886681098,2.6026896854443837,3.044522437723423,0.0,0.0,4.0,0.0,4.0,0.5,1.0,0.0,0.0,0.0,0.0,0.0,0.0,0.0,0.68,0.28,0.0,0.0,0.0,0.0,0.0,4.0,0.0,0.0,0.0,0.0,0.0,0.0,0.0
raw-L00265,266,2002,【まるこ姉】スパロボIMPACＴ141【最狂説】,2,-2.440950047940869,1.104284702770965,3.044522437723423,1.3862943611198906,2.03688192726104,2.5649493574615367,0.0,0.0,0.0,0.0,10.0,1.0,1.0,0.0,0.0,0.0,0.0,0.0,0.0,0.0,0.75,0.2,0.0,0.0,0.0,0.0,0.0,5.0,0.0,0.0,0.0,0.0,0.0,0.0,0.0
raw-L00270,271,2002,【まるこ姉】スパロボIMPACＴ141【最狂説】,2,-2.9037681876549377,-0.14489228758016662,2.5649493574615367,0.6931471805599453,2.5649493574615367,2.5649493574615367,0.0,0.0,0.0,0.0,0.0,1.0,1.0,0.0,0.0,0.0,0.0,0.0,0.0,0.0,0.9166666666666667,0.08333333333333334,0.0,0.0,0.0,0.0,0.0,0.0,8.333333333333334,0.0,0.0,0.0,0.0,0.0,0.0
raw-L00273,274,2002,【まるこ姉】スパロボIMPACＴ141【最狂説】,2,-1.3556148208605492,0.3109212955540765,2.8903717578961645,0.6931471805599453,2.8903717578961645,2.8903717578961645,0.0,0.0,0.0,0.0,0.0,1.0,1.0,0.0,0.0,0.0,0.0,0.0,0.0,0.0,0.823529411764706,0.17647058823529413,0.0,0.0,0.0,0.0,0.0,0.0,0.0,0.0,0.0,0.0,0.0,5.882352941176471,0.0
raw-L00277,278,2002,【まるこ姉】スパロボIMPACＴ141【最狂説】,2,-2.141258900937034,-0.2573583360853701,2.5649493574615367,0.6931471805599453,2.5649493574615367,2.5649493574615367,0.0,0.0,0.0,0.0,0.0,1.0,1.0,0.0,0.0,0.0,0.0,0.0,0.0,0.0,0.6666666666666667,0.08333333333333334,0.25,0.0,0.0,0.0,0.0,0.0,0.0,0.0,0.0,0.0,0.0,0.0,0.0
raw-L00280,281,2002,【まるこ姉】スパロボIMPACＴ141【最狂説】,2,-1.1487275752093804,-0.9051996169175557,3.2188758248682006,0.6931471805599453,3.2188758248682006,3.2188758248682006,0.0,0.0,0.0,0.0,0.0,1.0,1.0,0.0,0.0,0.0,0.0,0.0,0.0,0.0,0.45833333333333337,0.20833333333333331,0.33333333333333337,0.0,0.0,0.0,0.0,4.166666666666667,0.0,4.166666666666667,0.0,0.0,0.0,0.0,4.166666666666667
raw-L00283,284,2002,【まるこ姉】スパロボIMPACＴ141【最狂説】,2,-1.7978245143312268,0.40058466399788284,2.995732273553991,1.0986122886681098,2.3513752571634776,2.772588722239781,0.0,0.0,0.0,0.0,5.2631578947368425,1.0,1.0,0.0,0.0,0.0,0.0,0.0,0.0,0.0,0.4736842105263158,0.15789473684210525,0.368421052631579,0.0,0.0,0.0,0.0,0.0,0.0,0.0,0.0,0.0,0.0,0.0,0.0
raw-L00288,289,2002,【まるこ姉】スパロボIMPACＴ141【最狂説】,2,-2.383486610070612,-0.044574480671590706,2.3978952727983707,0.6931471805599453,2.3978952727983707,2.3978952727983707,0.0,0.0,0.0,0.0,0.0,1.0,1.0,0.0,0.0,0.0,0.0,0.0,0.0,0.0,0.7,0.3,0.0,0.0,0.0,0.0,0.0,10.0,0.0,10.0,0.0,0.0,0.0,0.0,0.0
raw-L00292,293,2002,【まるこ姉】スパロボIMPACＴ141【最狂説】,2,-3.472526340408747,-0.1478401254258713,2.1972245773362196,0.6931471805599453,2.1972245773362196,2.1972245773362196,0.0,0.0,0.0,0.0,0.0,1.0,1.0,0.0,0.0,0.0,0.0,0.0,0.0,0.0,0.75,0.25,0.0,0.0,0.0,0.0,0.0,0.0,12.5,0.0,0.0,0.0,0.0,0.0,0.0
raw-L00296,297,2002,【まるこ姉】スパロボIMPACＴ141【最狂説】,2,-3.655240378491194,-0.29392964937914706,1.791759469228055,0.6931471805599453,1.791759469228055,1.791759469228055,0.0,0.0,0.0,0.0,0.0,1.0,1.0,0.0,0.0,0.0,0.0,0.0,0.0,0.0,1.0,0.0,0.0,0.0,0.0,0.0,0.0,0.0,0.0,0.0,0.0,0.0,0.0,0.0,0.0
raw-L00300,301,2002,【まるこ姉】スパロボIMPACＴ141【最狂説】,2,-2.42101674549686,0.6001321247547924,2.9444389791664403,1.0986122886681098,2.302585092994046,2.302585092994046,0.0,0.0,0.0,0.0,5.555555555555555,1.0,1.0,0.0,0.0,0.0,0.0,0.0,0.0,0.0,0.6111111111111112,0.33333333333333337,0.0,0.0,0.0,0.0,0.0,5.555555555555555,0.0,0.0,0.0,0.0,0.0,0.0,0.0
raw-L00305,306,2002,【まるこ姉】スパロボIMPACＴ141【最狂説】,2,-2.2980398141610654,-0.19857326908560394,2.4849066497880004,0.6931471805599453,2.4849066497880004,2.4849066497880004,0.0,0.0,0.0,0.0,0.0,1.0,1.0,0.0,0.0,0.0,0.0,0.0,0.0,0.0,0.36363636363636365,0.18181818181818182,0.0,0.0,0.0,0.2727272727272727,0.0,0.0,0.0,0.0,0.0,0.0,0.0,0.0,0.0
raw-L00308,309,2002,【まるこ姉】スパロボIMPACＴ141【最狂説】,2,-2.3577412024951263,0.08396486136166738,2.4849066497880004,0.6931471805599453,2.4849066497880004,2.4849066497880004,0.0,0.0,0.0,0.0,0.0,1.0,1.0,0.0,0.0,0.0,0.0,0.0,0.0,0.0,0.6363636363636364,0.36363636363636365,0.0,0.0,0.0,0.0,0.0,9.090909090909092,0.0,0.0,0.0,0.0,0.0,9.090909090909092,0.0
raw-L00311,312,2002,【まるこ姉】スパロボIMPACＴ141【最狂説】,2,-3.0684943491846672,-0.078237329198335,2.3978952727983707,0.6931471805599453,2.3978952727983707,2.3978952727983707,0.0,0.0,0.0,0.0,0.0,1.0,1.0,0.0,0.0,0.0,0.0,0.0,0.0,0.0,0.7,0.3,0.0,0.0,0.0,0.0,0.0,0.0,10.0,0.0,0.0,0.0,0.0,0.0,0.0
raw-L00315,316,2002,【まるこ姉】スパロボIMPACＴ141【最狂説】,2,-1.75819626374046,0.304774911148323,3.295836866004329,1.0986122886681098,2.6390573296152584,2.8903717578961645,0.0,0.0,0.0,0.0,3.8461538461538463,1.0,1.0,0.0,0.0,0.0,0.0,0.0,0.0,0.0,0.6538461538461539,0.038461538461538464,0.2692307692307692,0.0,0.0,0.0,0.0,0.0,3.8461538461538463,0.0,0.0,0.0,0.0,0.0,0.0
raw-L00319,320,2002,【まるこ姉】スパロボIMPACＴ141【最狂説】,0,-3.7400182867380063,-5.131148539989523,2.6390573296152584,0.6931471805599453,2.6390573296152584,2.6390573296152584,0.0,0.0,7.6923076923076925,0.0,0.0,0.0,1.0,0.0,0.0,0.0,0.0,0.0,0.0,0.0,0.6923076923076923,0.23076923076923075,0.0,0.0,0.0,0.0,0.0,0.0,7.6923076923076925,0.0,0.0,0.0,0.0,0.0,7.6923076923076925
raw-L00323,324,2002,【まるこ姉】スパロボIMPACＴ141【最狂説】,2,-2.916395792562454,0.44398792880831317,2.9444389791664403,1.0986122886681098,2.302585092994046,2.4849066497880004,0.0,0.0,0.0,0.0,5.555555555555555,1.0,1.0,0.0,0.0,0.0,0.0,0.0,0.0,0.0,0.6111111111111112,0.2222222222222222,0.0,0.0,0.0,0.16666666666666669,0.0,5.555555555555555,5.555555555555555,0.0,0.0,0.0,0.0,0.0,0.0
raw-L00328,329,2002,【まるこ姉】スパロボIMPACＴ141【最狂説】,0,-1.6142203330323226,-1.6382416036837384,3.58351893845611,1.0986122886681098,2.917770732084279,3.044522437723423,0.0,0.0,2.857142857142857,0.0,2.857142857142857,0.5,1.0,0.0,0.0,0.0,0.0,0.0,0.0,0.0,0.7142857142857143,0.14285714285714288,0.11428571428571428,0.0,0.0,0.0,0.0,0.0,2.857142857142857,0.0,0.0,0.0,0.0,0.0,2.857142857142857
raw-L00332,333,2002,【まるこ姉】スパロボIMPACＴ141【最狂説】,2,-1.636275025540072,0.7753505296946198,3.044522437723423,1.0986122886681098,2.3978952727983707,2.9444389791664403,0.0,0.0,0.0,0.0,5.0,1.0,1.0,0.0,0.0,0.0,0.0,0.0,0.0,0.0,0.7,0.3,0.0,0.0,0.0,0.0,0.0,0.0,0.0,0.0,0.0,0.0,0.0,0.0,0.0
raw-L00337,338,2002,【まるこ姉】スパロボIMPACＴ141【最狂説】,2,-1.6993636151103317,0.38825008717069803,3.258096538021482,1.0986122886681098,2.6026896854443837,2.6390573296152584,0.0,0.0,0.0,0.0,4.0,1.0,1.0,0.0,0.0,0.0,0.0,0.0,0.0,0.0,0.48,0.24,0.16,0.0,0.0,0.0,0.0,4.0,0.0,0.0,0.0,0.0,0.0,0.0,0.0
raw-L00341,342,2002,【まるこ姉】スパロボIMPACＴ141【最狂説】,0,-1.9734497033376204,-2.2024259441674134,3.2188758248682006,1.0986122886681098,2.5649493574615367,2.8903717578961645,0.0,0.0,4.166666666666667,0.0,4.166666666666667,0.5,1.0,0.0,0.0,0.0,0.0,0.0,0.0,0.0,0.375,0.2916666666666667,0.2916666666666667,0.0,0.0,0.0,0.0,0.0,0.0,0.0,0.0,0.0,0.0,0.0,4.166666666666667
raw-L00345,346,2002,【まるこ姉】スパロボIMPACＴ141【最狂説】,2,-2.36477218483663,-0.5532754041955604,2.302585092994046,0.6931471805599453,2.302585092994046,2.302585092994046,0.0,0.0,0.0,0.0,0.0,1.0,1.0,0.0,0.0,0.0,0.0,0.0,0.0,0.0,0.1111111111111111,0.1111111111111111,0.7777777777777777,0.0,0.0,0.0,0.0,0.0,0.0,0.0,0.0,0.0,0.0,0.0,0.0
raw-L00348,349,2002,【まるこ姉】スパロボIMPACＴ141【最狂説】,0,-2.074054592780981,-2.014179143592603,3.4011973816621555,1.0986122886681098,2.740840023925201,2.8903717578961645,0.0,0.0,3.4482758620689653,0.0,3.4482758620689653,0.5,1.0,0.0,0.0,0.0,0.0,0.0,0.0,0.0,0.6206896551724138,0.10344827586206896,0.24137931034482757,0.0,0.0,0.0,0.0,0.0,3.4482758620689653,0.0,0.0,0.0,0.0,0.0,3.4482758620689653
raw-L00352,353,2002,【まるこ姉】スパロボIMPACＴ141【最狂説】,0,-1.670222929917492,-3.4931011649065447,3.2188758248682006,0.6931471805599453,3.2188758248682006,3.2188758248682006,0.0,0.0,4.166666666666667,0.0,0.0,0.0,1.0,0.0,0.0,0.0,0.0,0.0,0.0,0.0,0.7083333333333333,0.25,0.0,0.0,0.0,0.0,0.0,4.166666666666667,0.0,0.0,0.0,0.0,0.0,0.0,4.166666666666667
raw-L00355,356,2002,【まるこ姉】スパロボIMPACＴ141【最狂説】,2,-1.1976419567572831,-1.0489142650119982,3.4965075614664802,1.0986122886681098,2.833213344056216,3.2188758248682006,0.0,0.0,3.125,0.0,3.125,0.5,1.0,0.0,0.0,0.0,0.0,0.0,0.0,0.0,0.71875,0.21875,0.0,0.0,0.0,0.0,0.0,3.125,0.0,0.0,0.0,0.0,0.0,0.0,0.0
raw-L00360,361,2002,【まるこ姉】スパロボIMPACＴ141【最狂説】,2,-1.0562376304498777,0.9424260699973879,3.7376696182833684,1.3862943611198906,2.6855773452501515,2.772588722239781,0.0,0.0,0.0,0.0,4.878048780487805,1.0,1.0,0.0,0.0,0.0,0.0,0.0,0.0,0.0,0.6585365853658537,0.29268292682926833,0.04878048780487805,0.0,0.0,0.0,0.0,0.0,0.0,0.0,0.0,0.0,0.0,0.0,0.0
raw-L00365,366,2002,【まるこ姉】スパロボIMPACＴ141【最狂説】,2,-3.73010772163336,-0.545977246050875,2.772588722239781,1.0986122886681098,2.1400661634962708,2.1972245773362196,0.0,0.0,0.0,0.0,6.666666666666667,1.0,1.0,0.0,0.0,0.0,0.0,0.0,0.0,0.0,0.6666666666666667,0.33333333333333337,0.0,0.0,0.0,0.0,0.0,0.0,6.666666666666667,0.0,0.0,0.0,0.0,0.0,6.666666666666667
raw-L00370,371,2002,【まるこ姉】スパロボIMPACＴ141【最狂説】,2,-1.614127348174649,0.6585057192335941,3.332204510175204,1.0986122886681098,2.6741486494265287,2.8903717578961645,0.0,0.0,0.0,0.0,3.7037037037037037,1.0,1.0,0.0,0.0,0.0,0.0,0.0,0.0,0.0,0.7037037037037037,0.2962962962962963,0.0,0.0,0.0,0.0,0.0,0.0,3.7037037037037037,0.0,0.0,0.0,0.0,0.0,0.0
raw-L00374,375,2002,【まるこ姉】スパロボIMPACＴ141【最狂説】,2,-1.9965881272008261,0.5009995100762468,3.044522437723423,1.0986122886681098,2.3978952727983707,2.833213344056216,0.0,0.0,0.0,0.0,5.0,1.0,1.0,0.0,0.0,0.0,0.0,0.0,0.0,0.0,0.7,0.2,0.1,0.0,0.0,0.0,0.0,5.0,0.0,0.0,0.0,0.0,0.0,0.0,0.0
raw-L00378,379,2002,【まるこ姉】スパロボIMPACＴ141【最狂説】,2,-0.7864531434257884,0.2970951460745576,3.091042453358316,0.6931471805599453,3.091042453358316,3.091042453358316,0.0,0.0,0.0,0.0,0.0,1.0,1.0,0.0,0.0,0.0,0.0,0.0,0.0,0.0,0.7619047619047619,0.2380952380952381,0.0,0.0,0.0,0.0,0.0,0.0,0.0,4.761904761904762,0.0,0.0,0.0,0.0,0.0
raw-L00382,383,2002,【まるこ姉】スパロボIMPACＴ141【最狂説】,0,-2.3391734542231624,-2.1254127113261148,3.1780538303479458,1.0986122886681098,2.5257286443082556,2.5649493574615367,0.0,0.0,4.3478260869565215,0.0,4.3478260869565215,0.5,1.0,0.0,0.0,0.0,0.0,0.0,0.0,0.0,0.5652173913043478,0.30434782608695654,0.08695652173913043,0.0,0.0,0.0,0.0,0.0,0.0,0.0,0.0,0.0,0.0,0.0,4.3478260869565215
raw-L00386,387,2002,【まるこ姉】スパロボIMPACＴ141【最狂説】,2,-2.6317112205727327,0.46445487066393115,3.091042453358316,1.0986122886681098,2.4423470353692043,2.4849066497880004,0.0,0.0,0.0,0.0,4.761904761904762,1.0,1.0,0.0,0.0,0.0,0.0,0.0,0.0,0.0,0.8571428571428571,0.14285714285714288,0.0,0.0,0.0,0.0,0.0,4.761904761904762,4.761904761904762,0.0,0.0,0.0,0.0,0.0,0.0
raw-L00391,392,2002,【まるこ姉】スパロボIMPACＴ141【最狂説】,0,-2.7151453731133603,-2.108380296326747,3.258096538021482,1.0986122886681098,2.6026896854443837,2.70805020110221,0.0,0.0,4.0,0.0,4.0,0.5,1.0,0.0,0.0,0.0,0.0,0.0,0.0,0.0,0.76,0.2,0.0,0.0,0.0,0.0,0.0,4.0,4.0,0.0,0.0,0.0,0.0,0.0,4.0
raw-L00395,396,2002,【まるこ姉】スパロボIMPACＴ141【最狂説】,2,-2.5053764442681348,-0.06730135438087799,2.70805020110221,0.6931471805599453,2.70805020110221,2.70805020110221,0.0,0.0,0.0,0.0,0.0,1.0,1.0,0.0,0.0,0.0,0.0,0.0,0.0,0.0,0.8571428571428571,0.14285714285714288,0.0,0.0,0.0,0.0,0.0,0.0,7.142857142857143,0.0,0.0,0.0,0.0,0.0,0.0
raw-L00399,400,2002,【まるこ姉】スパロボIMPACＴ141【最狂説】,2,-1.2850404482176674,0.023617353796597303,3.2188758248682006,0.6931471805599453,3.2188758248682006,3.2188758248682006,0.0,0.0,0.0,0.0,0.0,1.0,1.0,0.0,0.0,0.0,0.0,0.0,0.0,0.0,0.75,0.16666666666666669,0.08333333333333334,0.0,0.0,0.0,0.0,0.0,4.166666666666667,0.0,0.0,0.0,0.0,0.0,0.0
raw-L00402,403,2002,【まるこ姉】スパロボIMPACＴ141【最狂説】,2,-2.934429630079723,0.9909166474422854,2.4849066497880004,1.0986122886681098,1.8718021769015913,2.0794415416798357,0.0,0.0,0.0,0.0,9.090909090909092,1.0,1.0,0.0,0.0,0.0,0.0,0.0,0.0,0.0,0.6363636363636364,0.36363636363636365,0.0,0.0,0.0,0.0,0.0,0.0,0.0,0.0,0.0,0.0,0.0,0.0,0.0
raw-L00407,408,2002,【まるこ姉】スパロボIMPACＴ141【最狂説】,0,-1.847961729326077,-3.7992004122549714,3.091042453358316,0.6931471805599453,3.091042453358316,3.091042453358316,0.0,0.0,4.761904761904762,0.0,0.0,0.0,1.0,0.0,0.0,0.0,0.0,0.0,0.0,0.0,0.7142857142857143,0.14285714285714288,0.09523809523809523,0.0,0.0,0.0,0.0,0.0,0.0,0.0,0.0,0.0,0.0,0.0,4.761904761904762
raw-L00410,411,2002,【まるこ姉】スパロボIMPACＴ141【最狂説】,2,-3.3720585129309804,0.8531789982043241,2.5649493574615367,1.0986122886681098,1.9459101490553132,2.302585092994046,0.0,0.0,0.0,0.0,8.333333333333334,1.0,1.0,0.0,0.0,0.0,0.0,0.0,0.0,0.0,0.6666666666666667,0.33333333333333337,0.0,0.0,0.0,0.0,0.0,0.0,8.333333333333334,0.0,0.0,0.0,0.0,0.0,0.0
raw-L00415,416,2002,【まるこ姉】スパロボIMPACＴ141【最狂説】,2,-2.8607301737838338,-0.027852451307102517,2.4849066497880004,0.6931471805599453,2.4849066497880004,2.4849066497880004,0.0,0.0,0.0,0.0,0.0,1.0,1.0,0.0,0.0,0.0,0.0,0.0,0.0,0.0,0.6363636363636364,0.36363636363636365,0.0,0.0,0.0,0.0,0.0,0.0,9.090909090909092,0.0,0.0,0.0,0.0,0.0,0.0
raw-L00418,419,2002,【まるこ姉】スパロボIMPACＴ141【最狂説】,0,-2.1339562358054898,-3.9389327499548075,2.995732273553991,0.6931471805599453,2.995732273553991,2.995732273553991,0.0,0.0,5.2631578947368425,0.0,0.0,0.0,1.0,0.0,0.0,0.0,0.0,0.0,0.0,0.0,0.4736842105263158,0.4736842105263158,0.0,0.0,0.0,0.0,0.0,5.2631578947368425,0.0,0.0,0.0,0.0,0.0,0.0,5.2631578947368425
raw-L00421,422,2002,【まるこ姉】スパロボIMPACＴ141【最狂説】,2,-3.001893627478189,-0.11541085668660202,2.4849066497880004,0.6931471805599453,2.4849066497880004,2.4849066497880004,0.0,0.0,0.0,0.0,0.0,1.0,1.0,0.0,0.0,0.0,0.0,0.0,0.0,0.0,0.8181818181818181,0.18181818181818182,0.0,0.0,0.0,0.0,0.0,0.0,9.090909090909092,0.0,0.0,0.0,0.0,0.0,0.0
raw-L00424,425,2002,【まるこ姉】スパロボIMPACＴ141【最狂説】,2,-3.339831039859274,-0.28067967540620076,1.9459101490553132,0.6931471805599453,1.9459101490553132,1.9459101490553132,0.0,0.0,0.0,0.0,0.0,1.0,1.0,0.0,0.0,0.0,0.0,0.0,0.0,0.0,0.8333333333333333,0.0,0.0,0.0,0.0,0.0,0.0,0.0,0.0,0.0,0.0,0.0,0.0,0.0,0.0
raw-L00428,429,2002,【まるこ姉】スパロボIMPACＴ141【最狂説】,2,-1.8716997505023394,0.7400158102442373,3.1354942159291497,1.0986122886681098,2.4849066497880004,2.5649493574615367,0.0,0.0,0.0,0.0,4.545454545454546,1.0,1.0,0.0,0.0,0.0,0.0,0.0,0.0,0.0,0.7727272727272727,0.18181818181818182,0.0,0.0,0.0,0.0,0.0,0.0,4.545454545454546,4.545454545454546,0.0,0.0,0.0,0.0,0.0
raw-L00432,433,2002,【まるこ姉】スパロボIMPACＴ141【最狂説】,2,-0.7753250826581775,0.18080561471947695,3.295836866004329,0.6931471805599453,3.295836866004329,3.295836866004329,0.0,0.0,0.0,0.0,0.0,1.0,1.0,0.0,0.0,0.0,0.0,0.0,0.0,0.0,0.6923076923076923,0.1923076923076923,0.0,0.0,0.11538461538461538,0.0,0.0,3.8461538461538463,0.0,0.0,0.0,0.0,0.0,0.0,0.0
raw-L00435,436,2002,【まるこ姉】スパロボIMPACＴ141【最狂説】,2,-3.0846610995931742,0.5257182942568711,2.70805020110221,1.0986122886681098,2.0794415416798357,2.3978952727983707,0.0,0.0,0.0,0.0,7.142857142857143,1.0,1.0,0.0,0.0,0.0,0.0,0.0,0.0,0.0,0.6428571428571429,0.14285714285714288,0.21428571428571427,0.0,0.0,0.0,0.0,0.0,7.142857142857143,0.0,0.0,0.0,0.0,0.0,0.0
raw-L00440,441,2002,【まるこ姉】スパロボIMPACＴ141【最狂説】,2,-2.6672516384386378,-0.08370048951972607,2.6390573296152584,0.6931471805599453,2.6390573296152584,2.6390573296152584,0.0,0.0,0.0,0.0,0.0,1.0,1.0,0.0,0.0,0.0,0.0,0.0,0.0,0.0,0.8461538461538461,0.15384615384615385,0.0,0.0,0.0,0.0,0.0,0.0,7.6923076923076925,0.0,0.0,0.0,0.0,0.0,0.0
raw-L00443,444,2002,【まるこ姉】スパロボIMPACＴ141【最狂説】,2,-2.181083790564267,1.3881170447020184,3.091042453358316,1.3862943611198906,2.0794415416798357,2.4849066497880004,0.0,0.0,0.0,0.0,9.523809523809524,1.0,1.0,0.0,0.0,0.0,0.0,0.0,0.0,0.0,0.4761904761904762,0.38095238095238093,0.0,0.0,0.14285714285714288,0.0,0.0,0.0,4.761904761904762,0.0,0.0,0.0,0.0,0.0,0.0
raw-L00457,458,2002,【ブーブーと】ｽﾊﾟﾛﾎﾞIMNACT142【夜は更けて】,2,-2.7184563882072856,-0.1260517533809366,2.6390573296152584,0.6931471805599453,2.6390573296152584,2.6390573296152584,0.0,0.0,0.0,0.0,0.0,1.0,1.0,0.0,0.0,0.0,0.0,0.0,0.0,0.0,0.923076923076923,0.07692307692307693,0.0,0.0,0.0,0.0,0.0,0.0,7.6923076923076925,0.0,0.0,0.0,0.0,0.0,0.0
raw-L00461,462,2002,【ブーブーと】ｽﾊﾟﾛﾎﾞIMNACT142【夜は更けて】,2,-1.680045101419518,0.6269645528968545,3.1780538303479458,1.0986122886681098,2.5257286443082556,2.70805020110221,0.0,0.0,0.0,0.0,4.3478260869565215,1.0,1.0,0.0,0.0,0.0,0.0,0.0,0.0,0.0,0.6521739130434783,0.17391304347826086,0.13043478260869565,0.0,0.0,0.0,0.0,0.0,4.3478260869565215,4.3478260869565215,0.0,0.0,0.0,0.0,0.0
raw-L00465,466,2002,【ブーブーと】ｽﾊﾟﾛﾎﾞIMNACT142【夜は更けて】,0,-4.081204212004944,-5.462862225388135,2.5649493574615367,0.6931471805599453,2.5649493574615367,2.5649493574615367,0.0,0.0,8.333333333333334,0.0,0.0,0.0,1.0,0.0,0.0,0.0,0.0,0.0,0.0,0.0,0.75,0.16666666666666669,0.0,0.0,0.0,0.0,0.0,0.0,8.333333333333334,0.0,0.0,0.0,0.0,0.0,8.333333333333334
raw-L00468,469,2002,【ブーブーと】ｽﾊﾟﾛﾎﾞIMNACT142【夜は更けて】,2,-2.121529437414479,0.022504110190099853,2.833213344056216,0.6931471805599453,2.833213344056216,2.833213344056216,0.0,0.0,0.0,0.0,0.0,1.0,1.0,0.0,0.0,0.0,0.0,0.0,0.0,0.0,0.75,0.25,0.0,0.0,0.0,0.0,0.0,0.0,6.25,0.0,0.0,0.0,0.0,0.0,0.0
raw-L00471,472,2002,【ブーブーと】ｽﾊﾟﾛﾎﾞIMNACT142【夜は更けて】,2,-2.2872407545517275,0.06468126461545108,2.3978952727983707,0.6931471805599453,2.3978952727983707,2.3978952727983707,0.0,0.0,0.0,0.0,0.0,1.0,1.0,0.0,0.0,0.0,0.0,0.0,0.0,0.0,0.6,0.4,0.0,0.0,0.0,0.0,0.0,0.0,0.0,0.0,0.0,0.0,0.0,0.0,0.0
raw-L00474,475,2002,【ブーブーと】ｽﾊﾟﾛﾎﾞIMNACT142【夜は更けて】,2,-2.838326306095416,-0.5868592259662327,3.1780538303479458,1.3862943611198906,2.1594842493533726,2.3978952727983707,0.0,0.0,4.3478260869565215,0.0,8.695652173913043,0.6666666666666666,1.0,0.0,0.0,0.0,0.0,0.0,0.0,0.0,0.6521739130434783,0.30434782608695654,0.0,0.0,0.0,0.0,0.0,4.3478260869565215,4.3478260869565215,0.0,0.0,0.0,0.0,0.0,0.0
raw-L00480,481,2002,【ブーブーと】ｽﾊﾟﾛﾎﾞIMNACT142【夜は更けて】,2,-2.2169925298230617,-0.10127073662898035,2.3978952727983707,0.6931471805599453,2.3978952727983707,2.3978952727983707,0.0,0.0,0.0,0.0,0.0,1.0,1.0,0.0,0.0,0.0,0.0,0.0,0.0,0.0,0.4,0.4,0.2,0.0,0.0,0.0,0.0,0.0,0.0,0.0,0.0,0.0,0.0,0.0,0.0
raw-L00483,484,2002,【ブーブーと】ｽﾊﾟﾛﾎﾞIMNACT142【夜は更けて】,2,-2.7958143857106483,1.0716681014916747,2.4849066497880004,1.0986122886681098,1.8718021769015913,2.0794415416798357,0.0,0.0,0.0,0.0,9.090909090909092,1.0,1.0,0.0,0.0,0.0,0.0,0.0,0.0,0.0,0.45454545454545453,0.5454545454545454,0.0,0.0,0.0,0.0,0.0,0.0,0.0,0.0,0.0,0.0,0.0,0.0,0.0
raw-L00488,489,2002,【ブーブーと】ｽﾊﾟﾛﾎﾞIMNACT142【夜は更けて】,2,-2.3944623020797127,0.0014945355601573768,2.70805020110221,0.6931471805599453,2.70805020110221,2.70805020110221,0.0,0.0,0.0,0.0,0.0,1.0,1.0,0.0,0.0,0.0,0.0,0.0,0.0,0.0,0.7142857142857143,0.28571428571428575,0.0,0.0,0.0,0.0,0.0,0.0,7.142857142857143,0.0,0.0,0.0,0.0,0.0,0.0
raw-L00492,493,2002,【ブーブーと】ｽﾊﾟﾛﾎﾞIMNACT142【夜は更けて】,2,-3.2633734351791475,0.7767701470707215,2.4849066497880004,1.0986122886681098,1.8718021769015913,2.1972245773362196,0.0,0.0,0.0,0.0,9.090909090909092,1.0,1.0,0.0,0.0,0.0,0.0,0.0,0.0,0.0,0.6363636363636364,0.36363636363636365,0.0,0.0,0.0,0.0,0.0,9.090909090909092,0.0,0.0,0.0,0.0,0.0,0.0,0.0
raw-L00497,498,2002,【ブーブーと】ｽﾊﾟﾛﾎﾞIMNACT142【夜は更けて】,2,-1.1147908319297442,0.13547888168416847,3.4011973816621555,1.0986122886681098,2.740840023925201,2.9444389791664403,0.0,0.0,0.0,0.0,3.4482758620689653,1.0,1.0,0.0,0.0,0.0,0.0,0.0,0.0,0.0,0.27586206896551724,0.034482758620689655,0.6551724137931035,0.0,0.0,0.0,0.0,0.0,0.0,0.0,0.0,0.0,0.0,0.0,0.0
raw-L00501,502,2002,【ブーブーと】ｽﾊﾟﾛﾎﾞIMNACT142【夜は更けて】,2,-3.429173392239893,-0.2728050136048945,2.302585092994046,0.6931471805599453,2.302585092994046,2.302585092994046,0.0,0.0,0.0,0.0,0.0,1.0,1.0,0.0,0.0,0.0,0.0,0.0,0.0,0.0,1.0,0.0,0.0,0.0,0.0,0.0,0.0,0.0,11.11111111111111,0.0,0.0,0.0,0.0,0.0,0.0
raw-L00513,514,2002,【Ｆ91】スパロボｲﾝﾊﾟｸﾄ146【廃棄処分】,0,-2.6967876171731735,-4.3110148769294865,2.9444389791664403,0.6931471805599453,2.9444389791664403,2.9444389791664403,0.0,0.0,5.555555555555555,0.0,0.0,0.0,1.0,0.0,0.0,0.0,0.0,0.0,0.0,0.0,0.6666666666666667,0.1111111111111111,0.16666666666666669,0.0,0.0,0.0,0.0,0.0,5.555555555555555,0.0,0.0,0.0,0.0,0.0,5.555555555555555
raw-L00516,517,2002,【Ｆ91】スパロボｲﾝﾊﾟｸﾄ146【廃棄処分】,2,-2.1818690444074553,0.44772192489515855,3.1780538303479458,1.0986122886681098,2.5257286443082556,2.772588722239781,0.0,0.0,0.0,0.0,4.3478260869565215,1.0,1.0,0.0,0.0,0.0,0.0,0.0,0.0,0.0,0.6956521739130435,0.21739130434782608,0.08695652173913043,0.0,0.0,0.0,0.0,4.3478260869565215,4.3478260869565215,0.0,0.0,0.0,0.0,0.0,0.0
raw-L00520,521,2002,【Ｆ91】スパロボｲﾝﾊﾟｸﾄ146【廃棄処分】,2,-2.9240250894001116,0.3204127539674749,2.772588722239781,1.0986122886681098,2.1400661634962708,2.3978952727983707,0.0,0.0,0.0,0.0,6.666666666666667,1.0,1.0,0.0,0.0,0.0,0.0,0.0,0.0,0.0,0.5333333333333333,0.13333333333333333,0.13333333333333333,0.0,0.0,0.2,0.0,13.333333333333334,0.0,0.0,0.0,0.0,0.0,0.0,0.0
raw-L00524,525,2002,【Ｆ91】スパロボｲﾝﾊﾟｸﾄ146【廃棄処分】,2,-2.298279932377145,-0.020649385831540724,2.4849066497880004,0.6931471805599453,2.4849066497880004,2.4849066497880004,0.0,0.0,0.0,0.0,0.0,1.0,1.0,0.0,0.0,0.0,0.0,0.0,0.0,0.0,0.8181818181818181,0.18181818181818182,0.0,0.0,0.0,0.0,0.0,0.0,0.0,0.0,0.0,0.0,0.0,0.0,0.0
raw-L00527,528,2002,【Ｆ91】スパロボｲﾝﾊﾟｸﾄ146【廃棄処分】,0,-4.405321806957896,-5.548890465908142,2.3978952727983707,0.6931471805599453,2.3978952727983707,2.3978952727983707,0.0,0.0,10.0,0.0,0.0,0.0,1.0,0.0,0.0,0.0,0.0,0.0,0.0,0.0,0.7,0.2,0.0,0.0,0.0,0.0,0.0,0.0,10.0,0.0,0.0,0.0,0.0,0.0,10.0
raw-L00530,531,2002,【Ｆ91】スパロボｲﾝﾊﾟｸﾄ146【廃棄処分】,2,-1.9026086866244578,-0.2009931259868241,2.70805020110221,0.6931471805599453,2.70805020110221,2.70805020110221,0.0,0.0,0.0,0.0,0.0,1.0,1.0,0.0,0.0,0.0,0.0,0.0,0.0,0.0,0.7142857142857143,0.07142857142857144,0.21428571428571427,0.0,0.0,0.0,0.0,0.0,0.0,0.0,0.0,0.0,0.0,0.0,0.0
raw-L00533,534,2002,【Ｆ91】スパロボｲﾝﾊﾟｸﾄ146【廃棄処分】,2,-1.9457702367887133,0.394797103462109,3.044522437723423,1.0986122886681098,2.3978952727983707,2.5649493574615367,0.0,0.0,0.0,0.0,5.0,1.0,1.0,0.0,0.0,0.0,0.0,0.0,0.0,0.0,0.6,0.1,0.3,0.0,0.0,0.0,0.0,0.0,0.0,0.0,0.0,0.0,0.0,0.0,0.0
raw-L00537,538,2002,【Ｆ91】スパロボｲﾝﾊﾟｸﾄ146【廃棄処分】,2,-1.3171820410156592,-0.8766678517468978,3.1354942159291497,0.6931471805599453,3.1354942159291497,3.1354942159291497,0.0,0.0,0.0,0.0,0.0,1.0,1.0,0.0,0.0,0.0,0.0,0.0,0.0,0.0,0.5,0.2727272727272727,0.22727272727272727,0.0,0.0,0.0,0.0,4.545454545454546,0.0,4.545454545454546,0.0,0.0,0.0,0.0,4.545454545454546
raw-L00540,541,2002,【Ｆ91】スパロボｲﾝﾊﾟｸﾄ146【廃棄処分】,2,-2.2149998621433817,0.6410390457927063,2.995732273553991,1.0986122886681098,2.3513752571634776,2.4849066497880004,0.0,0.0,0.0,0.0,5.2631578947368425,1.0,1.0,0.0,0.0,0.0,0.0,0.0,0.0,0.0,0.631578947368421,0.368421052631579,0.0,0.0,0.0,0.0,0.0,5.2631578947368425,0.0,0.0,0.0,0.0,0.0,0.0,0.0
raw-L00545,546,2002,【Ｆ91】スパロボｲﾝﾊﾟｸﾄ146【廃棄処分】,0,-2.0862489595584384,-3.977886954019865,2.9444389791664403,0.6931471805599453,2.9444389791664403,2.9444389791664403,0.0,0.0,5.555555555555555,0.0,0.0,0.0,1.0,0.0,0.0,0.0,0.0,0.0,0.0,0.0,0.5555555555555556,0.38888888888888884,0.0,0.0,0.0,0.0,0.0,0.0,0.0,0.0,0.0,0.0,0.0,0.0,5.555555555555555
raw-L00549,550,2002,【Ｆ91】スパロボｲﾝﾊﾟｸﾄ146【廃棄処分】,2,-1.630171146599025,-0.15433040237725165,3.295836866004329,1.0986122886681098,2.6390573296152584,2.995732273553991,0.0,0.0,0.0,0.0,3.8461538461538463,1.0,1.0,0.0,0.0,0.0,0.0,0.0,0.0,0.0,0.5384615384615384,0.3076923076923077,0.15384615384615385,0.0,0.0,0.0,0.0,0.0,0.0,0.0,0.0,0.0,0.0,0.0,3.8461538461538463
raw-L00553,554,2002,【Ｆ91】スパロボｲﾝﾊﾟｸﾄ146【廃棄処分】,2,-1.7573650798893303,0.7031795745470533,3.1354942159291497,1.0986122886681098,2.4849066497880004,2.6390573296152584,0.0,0.0,0.0,0.0,4.545454545454546,1.0,1.0,0.0,0.0,0.0,0.0,0.0,0.0,0.0,0.5909090909090909,0.22727272727272727,0.18181818181818182,0.0,0.0,0.0,0.0,4.545454545454546,0.0,0.0,0.0,4.545454545454546,0.0,0.0,0.0
raw-L00557,558,2002,【Ｆ91】スパロボｲﾝﾊﾟｸﾄ146【廃棄処分】,0,-2.7312494300122747,-4.730684271262511,2.772588722239781,0.6931471805599453,2.772588722239781,2.772588722239781,0.0,0.0,6.666666666666667,0.0,0.0,0.0,1.0,0.0,0.0,0.0,0.0,0.0,0.0,0.0,0.6666666666666667,0.13333333333333333,0.13333333333333333,0.0,0.0,0.0,0.0,0.0,0.0,0.0,0.0,0.0,0.0,0.0,6.666666666666667
raw-L00560,561,2002,【Ｆ91】スパロボｲﾝﾊﾟｸﾄ146【廃棄処分】,2,-2.170054374621914,-0.00759409165910311,2.833213344056216,0.6931471805599453,2.833213344056216,2.833213344056216,0.0,0.0,0.0,0.0,0.0,1.0,1.0,0.0,0.0,0.0,0.0,0.0,0.0,0.0,0.8125,0.1875,0.0,0.0,0.0,0.0,0.0,0.0,6.25,0.0,0.0,0.0,0.0,0.0,0.0
raw-L00564,565,2002,【Ｆ91】スパロボｲﾝﾊﾟｸﾄ146【廃棄処分】,0,-1.3913893228421057,-3.4662663006180234,3.367295829986474,0.6931471805599453,3.367295829986474,3.367295829986474,0.0,0.0,3.5714285714285716,0.0,0.0,0.0,1.0,0.0,0.0,0.0,0.0,0.0,0.0,0.0,0.5357142857142857,0.10714285714285714,0.32142857142857145,0.0,0.0,0.0,0.0,0.0,3.5714285714285716,0.0,0.0,0.0,0.0,0.0,3.5714285714285716
raw-L00568,569,2002,【Ｆ91】スパロボｲﾝﾊﾟｸﾄ146【廃棄処分】,2,-3.472526340408747,-0.1478401254258713,2.1972245773362196,0.6931471805599453,2.1972245773362196,2.1972245773362196,0.0,0.0,0.0,0.0,0.0,1.0,1.0,0.0,0.0,0.0,0.0,0.0,0.0,0.0,0.75,0.25,0.0,0.0,0.0,0.0,0.0,0.0,12.5,0.0,0.0,0.0,0.0,0.0,0.0
raw-L00572,573,2002,【Ｆ91】スパロボｲﾝﾊﾟｸﾄ146【廃棄処分】,2,-1.2455617387772795,0.5113638145005929,3.5553480614894135,1.0986122886681098,2.8903717578961645,2.9444389791664403,0.0,0.0,0.0,0.0,2.9411764705882355,1.0,1.0,0.0,0.0,0.0,0.0,0.0,0.0,0.0,0.6470588235294117,0.23529411764705885,0.11764705882352942,0.0,0.0,0.0,0.0,0.0,2.9411764705882355,0.0,0.0,0.0,0.0,0.0,0.0
raw-L00576,577,2002,【Ｆ91】スパロボｲﾝﾊﾟｸﾄ146【廃棄処分】,0,-1.4327210106556822,-1.6372448087391245,3.5263605246161616,1.0986122886681098,2.8622008809294686,2.995732273553991,0.0,0.0,3.0303030303030303,0.0,3.0303030303030303,0.5,1.0,0.0,0.0,0.0,0.0,0.0,0.0,0.0,0.6060606060606061,0.24242424242424243,0.12121212121212122,0.0,0.0,0.0,0.0,0.0,0.0,0.0,0.0,0.0,0.0,0.0,3.0303030303030303
raw-L00581,582,2002,【Ｆ91】スパロボｲﾝﾊﾟｸﾄ146【廃棄処分】,2,-2.2470530431605784,0.8061508739224048,2.772588722239781,1.0986122886681098,2.1400661634962708,2.5649493574615367,0.0,0.0,0.0,0.0,6.666666666666667,1.0,1.0,0.0,0.0,0.0,0.0,0.0,0.0,0.0,0.6666666666666667,0.26666666666666666,0.0,0.0,0.0,0.0,0.0,0.0,0.0,0.0,0.0,0.0,0.0,0.0,0.0
raw-L00586,587,2002,【Ｆ91】スパロボｲﾝﾊﾟｸﾄ146【廃棄処分】,2,-1.3971736433202167,0.6536577352120193,3.258096538021482,1.0986122886681098,2.6026896854443837,2.833213344056216,0.0,0.0,0.0,0.0,4.0,1.0,1.0,0.0,0.0,0.0,0.0,0.0,0.0,0.0,0.6,0.32,0.08,0.0,0.0,0.0,0.0,0.0,0.0,0.0,0.0,0.0,0.0,0.0,0.0
raw-L00590,591,2002,【Ｆ91】スパロボｲﾝﾊﾟｸﾄ146【廃棄処分】,2,-2.7640110973347793,0.9349724978932471,2.5649493574615367,1.0986122886681098,1.9459101490553132,2.1972245773362196,0.0,0.0,0.0,0.0,8.333333333333334,1.0,1.0,0.0,0.0,0.0,0.0,0.0,0.0,0.0,0.6666666666666667,0.33333333333333337,0.0,0.0,0.0,0.0,0.0,0.0,0.0,0.0,0.0,0.0,0.0,0.0,0.0
raw-L00595,596,2002,【Ｆ91】スパロボｲﾝﾊﾟｸﾄ146【廃棄処分】,2,-0.2579424236919758,0.6982395852350215,4.23410650459726,1.3862943611198906,3.164067588373206,3.258096538021482,0.0,0.0,0.0,0.0,2.9411764705882355,1.0,1.0,0.0,0.0,0.0,0.0,0.0,0.0,0.0,0.6176470588235294,0.17647058823529413,0.19117647058823528,0.0,0.0,0.0,0.0,0.0,1.4705882352941178,0.0,0.0,0.0,0.0,0.0,0.0
raw-L00600,601,2002,【Ｆ91】スパロボｲﾝﾊﾟｸﾄ146【廃棄処分】,2,-1.0400362185675769,0.8136467976447621,3.58351893845611,1.0986122886681098,2.917770732084279,3.044522437723423,0.0,0.0,0.0,0.0,2.857142857142857,1.0,1.0,0.0,0.0,0.0,0.0,0.0,0.0,0.0,0.8571428571428571,0.14285714285714288,0.0,0.0,0.0,0.0,0.0,0.0,2.857142857142857,0.0,0.0,0.0,0.0,2.857142857142857,0.0
raw-L00604,605,2002,【Ｆ91】スパロボｲﾝﾊﾟｸﾄ146【廃棄処分】,2,-1.1917428416058253,0.05616367847576775,3.044522437723423,0.6931471805599453,3.044522437723423,3.044522437723423,0.0,0.0,0.0,0.0,0.0,1.0,1.0,0.0,0.0,0.0,0.0,0.0,0.0,0.0,0.65,0.25,0.1,0.0,0.0,0.0,0.0,0.0,0.0,0.0,0.0,0.0,0.0,0.0,0.0
raw-L00607,608,2002,【Ｆ91】スパロボｲﾝﾊﾟｸﾄ146【廃棄処分】,0,-2.7315279517854916,-2.396558972183696,3.091042453358316,1.0986122886681098,2.4423470353692043,2.4849066497880004,0.0,0.0,4.761904761904762,0.0,4.761904761904762,0.5,1.0,0.0,0.0,0.0,0.0,0.0,0.0,0.0,0.7619047619047619,0.09523809523809523,0.09523809523809523,0.0,0.0,0.0,0.0,0.0,0.0,0.0,0.0,0.0,0.0,0.0,4.761904761904762
raw-L00612,613,2002,【Ｆ91】スパロボｲﾝﾊﾟｸﾄ146【廃棄処分】,2,-0.5342128171127312,-0.5291205081951543,3.58351893845611,0.6931471805599453,3.58351893845611,3.58351893845611,0.0,0.0,0.0,0.0,0.0,1.0,1.0,0.0,0.0,0.0,0.0,0.0,0.0,0.0,0.6,0.14285714285714288,0.2,0.0,0.0,0.0,0.0,0.0,0.0,0.0,0.0,0.0,0.0,0.0,2.857142857142857
raw-L00615,616,2002,【Ｆ91】スパロボｲﾝﾊﾟｸﾄ146【廃棄処分】,2,-1.5996953680205972,0.685829830139135,3.1780538303479458,1.0986122886681098,2.5257286443082556,2.5649493574615367,0.0,0.0,0.0,0.0,4.3478260869565215,1.0,1.0,0.0,0.0,0.0,0.0,0.0,0.0,0.0,0.6956521739130435,0.08695652173913043,0.17391304347826086,0.0,0.0,0.0,0.0,0.0,0.0,0.0,0.0,0.0,0.0,4.3478260869565215,0.0
raw-L00620,621,2002,【Ｆ91】スパロボｲﾝﾊﾟｸﾄ146【廃棄処分】,2,-3.5695762148236168,-0.20803652912427714,2.1972245773362196,0.6931471805599453,2.1972245773362196,2.1972245773362196,0.0,0.0,0.0,0.0,0.0,1.0,1.0,0.0,0.0,0.0,0.0,0.0,0.0,0.0,0.875,0.125,0.0,0.0,0.0,0.0,0.0,0.0,12.5,0.0,0.0,0.0,0.0,0.0,0.0
raw-L00624,625,2002,【Ｆ91】スパロボｲﾝﾊﾟｸﾄ146【廃棄処分】,2,-2.527552127950643,-0.2938992284638792,2.3978952727983707,0.6931471805599453,2.3978952727983707,2.3978952727983707,0.0,0.0,0.0,0.0,0.0,1.0,1.0,0.0,0.0,0.0,0.0,0.0,0.0,0.0,0.8,0.0,0.2,0.0,0.0,0.0,0.0,0.0,0.0,0.0,0.0,0.0,0.0,0.0,0.0
raw-L00627,628,2002,【Ｆ91】スパロボｲﾝﾊﾟｸﾄ146【廃棄処分】,2,-0.7512853412187149,0.21493349280981167,3.4339872044851463,0.6931471805599453,3.4339872044851463,3.4339872044851463,0.0,0.0,0.0,0.0,0.0,1.0,1.0,0.0,0.0,0.0,0.0,0.0,0.0,0.0,0.7,0.3,0.0,0.0,0.0,0.0,0.0,0.0,3.3333333333333335,0.0,0.0,0.0,0.0,0.0,0.0
raw-L00630,631,2002,【Ｆ91】スパロボｲﾝﾊﾟｸﾄ146【廃棄処分】,2,-0.43084582083395595,0.15971900396904132,3.4965075614664802,0.6931471805599453,3.4965075614664802,3.4965075614664802,0.0,0.0,0.0,0.0,0.0,1.0,1.0,0.0,0.0,0.0,0.0,0.0,0.0,0.0,0.75,0.1875,0.0625,0.0,0.0,0.0,0.0,0.0,0.0,0.0,0.0,0.0,0.0,0.0,0.0
raw-L00633,634,2002,【Ｆ91】スパロボｲﾝﾊﾟｸﾄ146【廃棄処分】,0,-4.025145867626996,-4.4917335212875305,2.5649493574615367,1.0986122886681098,1.9459101490553132,2.1972245773362196,0.0,0.0,16.666666666666668,0.0,8.333333333333334,0.0,1.0,0.0,0.0,0.0,0.0,0.0,0.0,0.0,0.5833333333333334,0.25,0.0,0.0,0.0,0.0,0.0,0.0,0.0,0.0,0.0,0.0,0.0,0.0,8.333333333333334
raw-L00638,639,2002,【Ｆ91】スパロボｲﾝﾊﾟｸﾄ146【廃棄処分】,4,-0.8201615472613097,2.0020668471210428,4.31748811353631,2.6390573296152584,1.900958761193047,2.6390573296152584,0.0,0.0,1.3513513513513513,0.0,18.91891891891892,0.9230769230769231,1.0,0.0,0.0,0.0,0.0,0.0,0.0,14.864864864864865,0.12162162162162161,0.44594594594594594,0.12162162162162161,0.0,0.027027027027027025,0.2567567567567568,0.0,0.0,0.0,0.0,0.0,0.0,0.0,0.0,1.3513513513513513
raw-L00655,656,2002,【Ｆ91】スパロボｲﾝﾊﾟｸﾄ146【廃棄処分】,2,0.38617601721559863,-2.4025111929391785,2.70805020110221,0.6931471805599453,2.70805020110221,2.70805020110221,0.0,7.142857142857143,0.0,0.0,0.0,1.0,0.0,0.0,0.0,0.0,0.0,0.0,0.0,0.0,0.7142857142857143,0.07142857142857144,0.14285714285714288,0.0,0.0,0.0,0.0,0.0,0.0,0.0,0.0,0.0,0.0,0.0,0.0
raw-L00659,660,2002,【Ｆ91】スパロボｲﾝﾊﾟｸﾄ146【廃棄処分】,0,-1.7440872774264449,-3.9343179739359893,3.091042453358316,0.6931471805599453,3.091042453358316,3.091042453358316,0.0,0.0,4.761904761904762,0.0,0.0,0.0,1.0,0.0,0.0,0.0,0.0,0.0,0.0,0.0,0.4761904761904762,0.19047619047619047,0.28571428571428575,0.0,0.0,0.0,0.0,0.0,0.0,0.0,0.0,0.0,0.0,0.0,4.761904761904762
raw-L00662,663,2002,【Ｆ91】スパロボｲﾝﾊﾟｸﾄ146【廃棄処分】,0,-2.063111590976383,-4.251898011403754,2.995732273553991,0.6931471805599453,2.995732273553991,2.995732273553991,0.0,0.0,5.2631578947368425,0.0,0.0,0.0,1.0,0.0,0.0,0.0,0.0,0.0,0.0,0.0,0.5263157894736842,0.052631578947368425,0.2631578947368421,0.0,0.0,0.0,0.0,0.0,0.0,0.0,0.0,0.0,0.0,0.0,5.2631578947368425
raw-L00665,666,2002,【Ｆ91】スパロボｲﾝﾊﾟｸﾄ146【廃棄処分】,0,-1.8691074573724835,-2.0287900455110095,3.332204510175204,1.0986122886681098,2.6741486494265287,2.8903717578961645,0.0,0.0,3.7037037037037037,0.0,3.7037037037037037,0.5,1.0,0.0,0.0,0.0,0.0,0.0,0.0,0.0,0.5555555555555556,0.14814814814814814,0.1851851851851852,0.0,0.0,0.0,0.0,0.0,0.0,0.0,0.0,0.0,0.0,0.0,3.7037037037037037
raw-L00669,670,2002,【Ｆ91】スパロボｲﾝﾊﾟｸﾄ146【廃棄処分】,0,-0.8626651880724246,-2.9850150752688815,3.4657359027997265,0.6931471805599453,3.4657359027997265,3.4657359027997265,0.0,0.0,3.225806451612903,0.0,0.0,0.0,1.0,0.0,0.0,0.0,0.0,0.0,0.0,0.0,0.6774193548387096,0.22580645161290325,0.06451612903225806,0.0,0.0,0.0,0.0,0.0,0.0,0.0,0.0,0.0,0.0,0.0,3.225806451612903
raw-L00672,673,2002,【Ｆ91】スパロボｲﾝﾊﾟｸﾄ146【廃棄処分】,4,0.136614553613093,2.383307080430183,4.875197323201151,2.6390573296152584,2.3978952727983707,2.8903717578961645,0.0,0.0,0.0,0.0,10.76923076923077,1.0,1.0,0.0,0.0,0.0,0.0,0.0,0.0,13.846153846153847,0.007692307692307693,0.1,0.27692307692307694,0.0,0.06153846153846154,0.4692307692307692,0.0,0.0,0.0,0.0,0.0,0.0,0.0,0.0,0.0
raw-L00689,690,2002,【Ｆ91】スパロボｲﾝﾊﾟｸﾄ146【廃棄処分】,2,-1.927697338313267,-0.14172455411381288,2.70805020110221,0.6931471805599453,2.70805020110221,2.70805020110221,0.0,0.0,0.0,0.0,0.0,1.0,1.0,0.0,0.0,0.0,0.0,0.0,0.0,0.0,0.7857142857142857,0.07142857142857144,0.14285714285714288,0.0,0.0,0.0,0.0,0.0,0.0,0.0,0.0,0.0,0.0,0.0,0.0
raw-L00693,694,2002,【Ｆ91】スパロボｲﾝﾊﾟｸﾄ146【廃棄処分】,4,0.580155059078098,2.418008043599026,5.247024072160486,2.833213344056216,2.550421256898627,2.9444389791664403,0.0,0.0,0.0,0.0,8.994708994708995,1.0,1.0,0.0,0.0,0.5291005291005291,0.0,0.0,0.0,12.698412698412698,0.005291005291005291,0.10052910052910052,0.291005291005291,0.0,0.06878306878306878,0.44973544973544977,0.0,0.0,0.0,0.0,0.0,0.0,0.0,0.0,0.0
raw-L00713,714,2002,【Ｆ91】スパロボｲﾝﾊﾟｸﾄ146【廃棄処分】,0,-3.378182087127569,-5.721463774032733,2.4849066497880004,0.6931471805599453,2.4849066497880004,2.4849066497880004,0.0,0.0,9.090909090909092,0.0,0.0,0.0,1.0,0.0,0.0,0.0,0.0,0.0,0.0,0.0,0.2727272727272727,0.18181818181818182,0.2727272727272727,0.0,0.0,0.0,0.0,0.0,0.0,0.0,0.0,0.0,0.0,0.0,9.090909090909092
raw-L00717,718,2002,【Ｆ91】スパロボｲﾝﾊﾟｸﾄ146【廃棄処分】,2,-1.309337534794813,0.021718573623782524,2.995732273553991,0.6931471805599453,2.995732273553991,2.995732273553991,0.0,0.0,0.0,0.0,0.0,1.0,1.0,0.0,0.0,0.0,0.0,0.0,0.0,0.0,0.6842105263157895,0.2105263157894737,0.10526315789473685,0.0,0.0,0.0,0.0,0.0,0.0,0.0,0.0,0.0,0.0,0.0,0.0
raw-L00731,732,2002,【ｲｹｲｹﾎﾞｸﾗﾉ】スパロボインパクト148【ﾄﾘﾌﾟﾙｼﾞﾑ】,0,-1.6826273396303164,-1.7754942271943361,3.295836866004329,0.6931471805599453,3.295836866004329,3.295836866004329,0.0,0.0,7.6923076923076925,0.0,0.0,1.0,1.0,0.0,0.0,0.0,0.0,0.0,0.0,0.0,0.8846153846153847,0.038461538461538464,0.0,0.0,0.0,0.0,0.0,0.0,3.8461538461538463,0.0,0.0,0.0,0.0,0.0,0.0
raw-L00734,735,2002,【ｲｹｲｹﾎﾞｸﾗﾉ】スパロボインパクト148【ﾄﾘﾌﾟﾙｼﾞﾑ】,2,-1.5774674969891274,-0.18068523125177616,3.4657359027997265,1.0986122886681098,2.803360380906535,2.995732273553991,0.0,0.0,0.0,0.0,3.225806451612903,1.0,1.0,0.0,0.0,0.0,0.0,0.0,0.0,0.0,0.5483870967741935,0.25806451612903225,0.12903225806451613,0.0,0.0,0.06451612903225806,0.0,3.225806451612903,0.0,0.0,0.0,0.0,0.0,0.0,3.225806451612903
raw-L00738,739,2002,【ｲｹｲｹﾎﾞｸﾗﾉ】スパロボインパクト148【ﾄﾘﾌﾟﾙｼﾞﾑ】,0,-2.2594278160646066,-4.002922982772065,3.044522437723423,0.6931471805599453,3.044522437723423,3.044522437723423,0.0,0.0,5.0,0.0,0.0,0.0,1.0,0.0,0.0,0.0,0.0,0.0,0.0,0.0,0.5,0.25,0.2,0.0,0.0,0.0,0.0,0.0,5.0,0.0,0.0,0.0,0.0,0.0,5.0
raw-L00741,742,2002,【ｲｹｲｹﾎﾞｸﾗﾉ】スパロボインパクト148【ﾄﾘﾌﾟﾙｼﾞﾑ】,1,1.9001892516779924,-1.9540635506425041,3.6635616461296463,0.6931471805599453,3.6635616461296463,3.6635616461296463,0.0,2.6315789473684212,0.0,0.0,0.0,1.0,0.0,0.0,0.0,0.0,0.0,0.0,0.0,0.0,0.368421052631579,0.2894736842105263,0.15789473684210525,0.0,0.0,0.052631578947368425,0.0,2.6315789473684212,0.0,0.0,0.0,0.0,0.0,0.0,0.0
raw-L00744,745,2002,【ｲｹｲｹﾎﾞｸﾗﾉ】スパロボインパクト148【ﾄﾘﾌﾟﾙｼﾞﾑ】,0,-3.3242840006688334,-5.088052442808631,2.70805020110221,0.6931471805599453,2.70805020110221,2.70805020110221,0.0,0.0,7.142857142857143,0.0,0.0,0.0,1.0,0.0,0.0,0.0,0.0,0.0,0.0,0.0,0.5,0.21428571428571427,0.0,0.0,0.0,0.21428571428571427,0.0,7.142857142857143,0.0,0.0,0.0,0.0,0.0,0.0,7.142857142857143
raw-L00747,748,2002,【ｲｹｲｹﾎﾞｸﾗﾉ】スパロボインパクト148【ﾄﾘﾌﾟﾙｼﾞﾑ】,2,-1.6760611637714615,0.3862664447159425,3.1354942159291497,1.0986122886681098,2.4849066497880004,2.70805020110221,0.0,0.0,0.0,0.0,4.545454545454546,1.0,1.0,0.0,0.0,0.0,0.0,0.0,0.0,0.0,0.45454545454545453,0.18181818181818182,0.3181818181818182,0.0,0.0,0.045454545454545456,0.0,0.0,0.0,0.0,0.0,0.0,0.0,0.0,0.0
raw-L00751,752,2002,【ｲｹｲｹﾎﾞｸﾗﾉ】スパロボインパクト148【ﾄﾘﾌﾟﾙｼﾞﾑ】,0,-0.7695737723091534,-2.8649244953727453,3.4965075614664802,0.6931471805599453,3.4965075614664802,3.4965075614664802,0.0,0.0,3.125,0.0,0.0,0.0,1.0,0.0,0.0,0.0,0.0,0.0,0.0,0.0,0.78125,0.0625,0.125,0.0,0.0,0.0,0.0,0.0,0.0,0.0,0.0,3.125,0.0,0.0,3.125
raw-L00754,755,2002,【ｲｹｲｹﾎﾞｸﾗﾉ】スパロボインパクト148【ﾄﾘﾌﾟﾙｼﾞﾑ】,0,-0.9993701607666956,-1.5871750705392458,3.5553480614894135,1.0986122886681098,2.8903717578961645,3.2188758248682006,0.0,0.0,2.9411764705882355,0.0,2.9411764705882355,0.5,1.0,0.0,0.0,0.0,0.0,0.0,0.0,0.0,0.4705882352941177,0.23529411764705885,0.2058823529411765,0.0,0.0,0.05882352941176471,0.0,0.0,0.0,2.9411764705882355,0.0,0.0,0.0,0.0,2.9411764705882355
raw-L00758,759,2002,【ｲｹｲｹﾎﾞｸﾗﾉ】スパロボインパクト148【ﾄﾘﾌﾟﾙｼﾞﾑ】,0,-1.8556574066208709,-3.8475665258973044,3.1354942159291497,0.6931471805599453,3.1354942159291497,3.1354942159291497,0.0,0.0,4.545454545454546,0.0,0.0,0.0,1.0,0.0,0.0,0.0,0.0,0.0,0.0,0.0,0.5454545454545454,0.22727272727272727,0.18181818181818182,0.0,0.0,0.0,0.0,4.545454545454546,0.0,0.0,0.0,0.0,0.0,0.0,4.545454545454546
raw-L00761,762,2002,【ｲｹｲｹﾎﾞｸﾗﾉ】スパロボインパクト148【ﾄﾘﾌﾟﾙｼﾞﾑ】,0,-2.397675364234844,-3.8817315876482184,3.2188758248682006,1.0986122886681098,2.5649493574615367,2.772588722239781,0.0,0.0,8.333333333333334,0.0,4.166666666666667,0.0,1.0,0.0,0.0,0.0,0.0,0.0,0.0,0.0,0.7083333333333333,0.20833333333333331,0.0,0.0,0.0,0.0,0.0,0.0,0.0,0.0,0.0,0.0,0.0,0.0,4.166666666666667
raw-L00765,766,2002,【ｲｹｲｹﾎﾞｸﾗﾉ】スパロボインパクト148【ﾄﾘﾌﾟﾙｼﾞﾑ】,2,-1.9425439381051615,0.014727829625818138,2.6390573296152584,0.6931471805599453,2.6390573296152584,2.6390573296152584,0.0,0.0,0.0,0.0,0.0,1.0,1.0,0.0,0.0,0.0,0.0,0.0,0.0,0.0,0.6923076923076923,0.23076923076923075,0.0,0.0,0.0,0.0,0.0,0.0,0.0,0.0,0.0,0.0,0.0,0.0,0.0
raw-L00769,770,2002,【ｲｹｲｹﾎﾞｸﾗﾉ】スパロボインパクト148【ﾄﾘﾌﾟﾙｼﾞﾑ】,2,-2.513956891403265,0.7467571801279376,2.772588722239781,1.0986122886681098,2.1400661634962708,2.1972245773362196,0.0,0.0,0.0,0.0,6.666666666666667,1.0,1.0,0.0,0.0,0.0,0.0,0.0,0.0,0.0,0.8,0.2,0.0,0.0,0.0,0.0,0.0,6.666666666666667,0.0,6.666666666666667,0.0,0.0,0.0,0.0,0.0
raw-L00774,775,2002,【ｲｹｲｹﾎﾞｸﾗﾉ】スパロボインパクト148【ﾄﾘﾌﾟﾙｼﾞﾑ】,2,-2.513956891403265,0.7467571801279376,2.772588722239781,1.0986122886681098,2.1400661634962708,2.1972245773362196,0.0,0.0,0.0,0.0,6.666666666666667,1.0,1.0,0.0,0.0,0.0,0.0,0.0,0.0,0.0,0.8,0.2,0.0,0.0,0.0,0.0,0.0,6.666666666666667,0.0,6.666666666666667,0.0,0.0,0.0,0.0,0.0
raw-L00779,780,2002,【ｲｹｲｹﾎﾞｸﾗﾉ】スパロボインパクト148【ﾄﾘﾌﾟﾙｼﾞﾑ】,2,-1.7490249153657116,0.4704115086690942,3.6109179126442243,1.791759469228055,2.1041341542702074,2.8903717578961645,0.0,0.0,2.7777777777777777,0.0,13.88888888888889,1.0,1.0,0.0,0.0,0.0,0.0,0.0,0.0,0.0,0.19444444444444442,0.5277777777777778,0.1388888888888889,0.0,0.027777777777777776,0.05555555555555555,0.0,2.7777777777777777,0.0,0.0,0.0,0.0,0.0,0.0,2.7777777777777777
raw-L00787,788,2002,【ｲｹｲｹﾎﾞｸﾗﾉ】スパロボインパクト148【ﾄﾘﾌﾟﾙｼﾞﾑ】,2,-2.376796790369072,-0.3960469320911587,2.5649493574615367,0.6931471805599453,2.5649493574615367,2.5649493574615367,0.0,0.0,0.0,0.0,0.0,1.0,1.0,0.0,0.0,0.0,0.0,0.0,0.0,0.0,0.33333333333333337,0.33333333333333337,0.25,0.0,0.0,0.08333333333333334,0.0,8.333333333333334,0.0,0.0,0.0,0.0,0.0,0.0,0.0
raw-L00790,791,2002,【ｲｹｲｹﾎﾞｸﾗﾉ】スパロボインパクト148【ﾄﾘﾌﾟﾙｼﾞﾑ】,4,-2.423035420535569,-1.813810404313891,2.9444389791664403,1.0986122886681098,2.302585092994046,2.5649493574615367,0.0,0.0,5.555555555555555,0.0,5.555555555555555,0.5,1.0,0.0,0.0,0.0,0.0,0.0,0.0,27.77777777777778,0.2777777777777778,0.6666666666666667,0.0,0.0,0.0,0.0,0.0,0.0,0.0,0.0,0.0,0.0,0.0,0.0,5.555555555555555
raw-L00794,795,2002,【ｲｹｲｹﾎﾞｸﾗﾉ】スパロボインパクト148【ﾄﾘﾌﾟﾙｼﾞﾑ】,2,-1.472185532469134,-0.1948009007273838,2.9444389791664403,0.6931471805599453,2.9444389791664403,2.9444389791664403,0.0,0.0,0.0,0.0,0.0,1.0,1.0,0.0,0.0,0.0,0.0,0.0,0.0,0.0,0.33333333333333337,0.38888888888888884,0.2777777777777778,0.0,0.0,0.0,0.0,5.555555555555555,0.0,0.0,0.0,0.0,0.0,0.0,0.0
raw-L00797,798,2002,【ｲｹｲｹﾎﾞｸﾗﾉ】スパロボインパクト148【ﾄﾘﾌﾟﾙｼﾞﾑ】,0,-3.775236099695669,-5.651810441301144,2.4849066497880004,0.6931471805599453,2.4849066497880004,2.4849066497880004,0.0,0.0,9.090909090909092,0.0,0.0,0.0,1.0,0.0,0.0,0.0,0.0,0.0,0.0,0.0,0.36363636363636365,0.09090909090909091,0.0,0.0,0.18181818181818182,0.2727272727272727,0.0,9.090909090909092,0.0,0.0,0.0,0.0,0.0,0.0,9.090909090909092
raw-L00800,801,2002,【ｲｹｲｹﾎﾞｸﾗﾉ】スパロボインパクト148【ﾄﾘﾌﾟﾙｼﾞﾑ】,4,-0.49825826420281677,0.40311363956952667,3.2188758248682006,0.6931471805599453,3.2188758248682006,3.2188758248682006,0.0,0.0,0.0,0.0,0.0,1.0,1.0,0.0,0.0,0.0,0.0,0.0,0.0,16.666666666666668,0.0,0.08333333333333334,0.2916666666666667,0.0,0.125,0.45833333333333337,0.0,0.0,0.0,0.0,0.0,0.0,0.0,0.0,0.0
raw-L00803,804,2002,【ｲｹｲｹﾎﾞｸﾗﾉ】スパロボインパクト148【ﾄﾘﾌﾟﾙｼﾞﾑ】,4,-0.49825826420281677,0.40311363956952667,3.2188758248682006,0.6931471805599453,3.2188758248682006,3.2188758248682006,0.0,0.0,0.0,0.0,0.0,1.0,1.0,0.0,0.0,0.0,0.0,0.0,0.0,16.666666666666668,0.0,0.08333333333333334,0.2916666666666667,0.0,0.125,0.45833333333333337,0.0,0.0,0.0,0.0,0.0,0.0,0.0,0.0,0.0
raw-L00806,807,2002,【ｲｹｲｹﾎﾞｸﾗﾉ】スパロボインパクト148【ﾄﾘﾌﾟﾙｼﾞﾑ】,4,-0.37119893007753474,0.41496551626511435,3.295836866004329,0.6931471805599453,3.295836866004329,3.295836866004329,0.0,0.0,0.0,0.0,0.0,1.0,1.0,0.0,0.0,0.0,0.0,0.0,0.0,15.384615384615385,0.0,0.07692307692307693,0.2692307692307692,0.0,0.11538461538461538,0.5,0.0,0.0,0.0,0.0,0.0,0.0,0.0,0.0,0.0
raw-L00809,810,2002,【ｲｹｲｹﾎﾞｸﾗﾉ】スパロボインパクト148【ﾄﾘﾌﾟﾙｼﾞﾑ】,0,-2.9392145494047823,-4.8938178651373345,2.772588722239781,0.6931471805599453,2.772588722239781,2.772588722239781,0.0,0.0,6.666666666666667,0.0,0.0,0.0,1.0,0.0,0.0,0.0,0.0,0.0,0.0,0.0,0.4,0.26666666666666666,0.13333333333333333,0.0,0.0,0.06666666666666667,0.0,6.666666666666667,0.0,0.0,0.0,0.0,0.0,0.0,6.666666666666667
raw-L00812,813,2002,【ｲｹｲｹﾎﾞｸﾗﾉ】スパロボインパクト148【ﾄﾘﾌﾟﾙｼﾞﾑ】,4,-2.4720287291829885,-1.5782756271626617,3.1354942159291497,1.0986122886681098,2.4849066497880004,2.5649493574615367,0.0,0.0,4.545454545454546,0.0,9.090909090909092,0.5,1.0,0.0,0.0,0.0,0.0,0.0,0.0,9.090909090909092,0.22727272727272727,0.18181818181818182,0.18181818181818182,0.0,0.045454545454545456,0.2727272727272727,0.0,0.0,0.0,0.0,0.0,0.0,0.0,0.0,4.545454545454546
raw-L00817,818,2002,【ｲｹｲｹﾎﾞｸﾗﾉ】スパロボインパクト148【ﾄﾘﾌﾟﾙｼﾞﾑ】,2,-0.7039643606158862,-0.14896001532693628,3.295836866004329,0.6931471805599453,3.295836866004329,3.295836866004329,0.0,0.0,0.0,0.0,0.0,1.0,1.0,0.0,0.0,0.0,0.0,0.0,0.0,0.0,0.4615384615384615,0.15384615384615385,0.34615384615384615,0.0,0.0,0.0,0.0,0.0,0.0,0.0,0.0,0.0,0.0,0.0,0.0
raw-L00820,821,2002,【ｲｹｲｹﾎﾞｸﾗﾉ】スパロボインパクト148【ﾄﾘﾌﾟﾙｼﾞﾑ】,0,-1.795448780631439,-3.0502511317082095,3.5553480614894135,1.0986122886681098,2.8903717578961645,3.1354942159291497,0.0,0.0,5.882352941176471,0.0,2.9411764705882355,0.5,1.0,0.0,0.0,0.0,0.0,0.0,0.0,0.0,0.4705882352941177,0.11764705882352942,0.35294117647058826,0.0,0.0,0.0,0.0,0.0,2.9411764705882355,2.9411764705882355,0.0,0.0,0.0,0.0,5.882352941176471
raw-L00824,825,2002,【ｲｹｲｹﾎﾞｸﾗﾉ】スパロボインパクト148【ﾄﾘﾌﾟﾙｼﾞﾑ】,2,-2.2968120463822075,-1.4515560395790772,3.1780538303479458,1.0986122886681098,2.5257286443082556,2.70805020110221,0.0,0.0,4.3478260869565215,0.0,4.3478260869565215,0.5,1.0,0.0,0.0,0.0,0.0,0.0,0.0,0.0,0.6956521739130435,0.08695652173913043,0.08695652173913043,0.0,0.0,0.043478260869565216,0.0,0.0,4.3478260869565215,0.0,0.0,0.0,0.0,0.0,0.0
raw-L00829,830,2002,【ｲｹｲｹﾎﾞｸﾗﾉ】スパロボインパクト148【ﾄﾘﾌﾟﾙｼﾞﾑ】,2,-1.6075074599973276,0.561264908744312,3.1354942159291497,1.0986122886681098,2.4849066497880004,2.9444389791664403,0.0,0.0,0.0,0.0,4.545454545454546,1.0,1.0,0.0,0.0,0.0,0.0,0.0,0.0,0.0,0.6818181818181819,0.13636363636363635,0.09090909090909091,0.0,0.0,0.045454545454545456,0.0,0.0,0.0,0.0,0.0,0.0,0.0,0.0,0.0
raw-L00833,834,2002,【ｲｹｲｹﾎﾞｸﾗﾉ】スパロボインパクト148【ﾄﾘﾌﾟﾙｼﾞﾑ】,2,-0.4883007190700052,-0.045152096377174135,3.367295829986474,0.6931471805599453,3.367295829986474,3.367295829986474,0.0,0.0,0.0,0.0,0.0,1.0,1.0,0.0,0.0,0.0,0.0,0.0,0.0,0.0,0.32142857142857145,0.28571428571428575,0.28571428571428575,0.0,0.0,0.03571428571428572,0.0,0.0,0.0,0.0,0.0,0.0,0.0,0.0,0.0
raw-L00836,837,2002,【ｲｹｲｹﾎﾞｸﾗﾉ】スパロボインパクト148【ﾄﾘﾌﾟﾙｼﾞﾑ】,2,-2.5446585374820305,0.7795880858587853,2.70805020110221,1.0986122886681098,2.0794415416798357,2.302585092994046,0.0,0.0,0.0,0.0,7.142857142857143,1.0,1.0,0.0,0.0,0.0,0.0,0.0,0.0,0.0,0.42857142857142855,0.35714285714285715,0.0,0.0,0.0,0.21428571428571427,0.0,0.0,0.0,0.0,0.0,0.0,0.0,0.0,0.0
raw-L00841,842,2002,【ｲｹｲｹﾎﾞｸﾗﾉ】スパロボインパクト148【ﾄﾘﾌﾟﾙｼﾞﾑ】,0,-2.1207821442330363,-2.286474659508454,3.1780538303479458,1.0986122886681098,2.5257286443082556,2.772588722239781,0.0,0.0,4.3478260869565215,0.0,4.3478260869565215,0.5,1.0,0.0,0.0,0.0,0.0,0.0,0.0,0.0,0.34782608695652173,0.30434782608695654,0.30434782608695654,0.0,0.0,0.0,0.0,0.0,0.0,0.0,0.0,0.0,0.0,0.0,4.3478260869565215
raw-L00846,847,2002,【ｲｹｲｹﾎﾞｸﾗﾉ】スパロボインパクト148【ﾄﾘﾌﾟﾙｼﾞﾑ】,0,-1.973909679036859,-1.9991202171558946,3.258096538021482,1.0986122886681098,2.6026896854443837,2.8903717578961645,0.0,0.0,4.0,0.0,4.0,0.5,1.0,0.0,0.0,0.0,0.0,0.0,0.0,0.0,0.52,0.28,0.08,0.0,0.0,0.04,0.0,0.0,0.0,0.0,0.0,0.0,0.0,0.0,4.0
raw-L00851,852,2002,【ｲｹｲｹﾎﾞｸﾗﾉ】スパロボインパクト148【ﾄﾘﾌﾟﾙｼﾞﾑ】,0,-2.012727687364745,-1.0883631236925257,3.4011973816621555,1.3862943611198906,2.367123614131617,2.772588722239781,0.0,0.0,3.4482758620689653,0.0,6.896551724137931,0.6666666666666666,1.0,0.0,0.0,0.0,0.0,0.0,0.0,0.0,0.48275862068965514,0.27586206896551724,0.06896551724137931,0.0,0.0,0.06896551724137931,0.0,0.0,0.0,0.0,0.0,0.0,0.0,0.0,3.4482758620689653
raw-L00857,858,2002,【ｲｹｲｹﾎﾞｸﾗﾉ】スパロボインパクト148【ﾄﾘﾌﾟﾙｼﾞﾑ】,0,-0.21084406179152085,-2.733949119502329,3.7612001156935624,0.6931471805599453,3.7612001156935624,3.7612001156935624,0.0,0.0,2.380952380952381,0.0,0.0,0.0,1.0,0.0,0.0,0.0,0.0,0.0,0.0,0.0,0.5952380952380952,0.11904761904761905,0.19047619047619047,0.0,0.0,0.023809523809523808,0.0,0.0,0.0,0.0,0.0,0.0,0.0,0.0,2.380952380952381
raw-L00860,861,2002,【ｲｹｲｹﾎﾞｸﾗﾉ】スパロボインパクト148【ﾄﾘﾌﾟﾙｼﾞﾑ】,0,-2.202537813656183,-4.616069280131705,2.8903717578961645,0.6931471805599453,2.8903717578961645,2.8903717578961645,0.0,0.0,5.882352941176471,0.0,0.0,0.0,1.0,0.0,0.0,0.0,0.0,0.0,0.0,0.0,0.23529411764705885,0.17647058823529413,0.4705882352941177,0.0,0.0,0.0,0.0,0.0,0.0,0.0,0.0,0.0,0.0,0.0,5.882352941176471
raw-L00863,864,2002,【ｲｹｲｹﾎﾞｸﾗﾉ】スパロボインパクト148【ﾄﾘﾌﾟﾙｼﾞﾑ】,2,-0.7709686508223081,-0.1501859900775522,3.258096538021482,0.6931471805599453,3.258096538021482,3.258096538021482,0.0,0.0,0.0,0.0,0.0,1.0,1.0,0.0,0.0,0.0,0.0,0.0,0.0,0.0,0.36,0.2,0.32,0.0,0.0,0.08,0.0,0.0,0.0,0.0,0.0,0.0,0.0,0.0,0.0
raw-L00866,867,2002,【ｲｹｲｹﾎﾞｸﾗﾉ】スパロボインパクト148【ﾄﾘﾌﾟﾙｼﾞﾑ】,0,-2.831936994616563,-4.440212267430164,2.8903717578961645,0.6931471805599453,2.8903717578961645,2.8903717578961645,0.0,0.0,5.882352941176471,0.0,0.0,0.0,1.0,0.0,0.0,0.0,0.0,0.0,0.0,0.0,0.5294117647058824,0.17647058823529413,0.11764705882352942,0.0,0.0,0.05882352941176471,0.0,0.0,5.882352941176471,0.0,0.0,0.0,0.0,0.0,5.882352941176471
raw-L00869,870,2002,【ｲｹｲｹﾎﾞｸﾗﾉ】スパロボインパクト148【ﾄﾘﾌﾟﾙｼﾞﾑ】,2,-2.145509892777236,0.6651606705404135,2.9444389791664403,1.0986122886681098,2.302585092994046,2.5649493574615367,0.0,0.0,0.0,0.0,5.555555555555555,1.0,1.0,0.0,0.0,0.0,0.0,0.0,0.0,0.0,0.8333333333333333,0.1111111111111111,0.0,0.0,0.0,0.0,0.0,0.0,0.0,0.0,0.0,0.0,0.0,0.0,0.0
raw-L00873,874,2002,【ｲｹｲｹﾎﾞｸﾗﾉ】スパロボインパクト148【ﾄﾘﾌﾟﾙｼﾞﾑ】,2,-1.9164190241344852,0.7444110929436054,3.1780538303479458,1.0986122886681098,2.5257286443082556,2.772588722239781,0.0,0.0,0.0,0.0,4.3478260869565215,1.0,1.0,0.0,0.0,0.0,0.0,0.0,0.0,0.0,0.9565217391304348,0.0,0.0,0.0,0.0,0.0,0.0,0.0,4.3478260869565215,0.0,0.0,0.0,0.0,4.3478260869565215,0.0
raw-L00877,878,2002,【ｲｹｲｹﾎﾞｸﾗﾉ】スパロボインパクト148【ﾄﾘﾌﾟﾙｼﾞﾑ】,0,-1.7945414066440604,-2.90856100343301,3.4657359027997265,1.0986122886681098,2.803360380906535,2.833213344056216,0.0,0.0,6.451612903225806,0.0,3.225806451612903,0.0,1.0,0.0,0.0,0.0,0.0,0.0,0.0,0.0,0.5806451612903225,0.0967741935483871,0.12903225806451613,0.0,0.0,0.06451612903225806,0.0,0.0,3.225806451612903,0.0,0.0,0.0,0.0,0.0,0.0
raw-L00881,882,2002,【ｲｹｲｹﾎﾞｸﾗﾉ】スパロボインパクト148【ﾄﾘﾌﾟﾙｼﾞﾑ】,0,-0.6105147708053466,-3.147400272495089,3.6109179126442243,0.6931471805599453,3.6109179126442243,3.6109179126442243,0.0,0.0,2.7777777777777777,0.0,0.0,0.0,1.0,0.0,0.0,0.0,0.0,0.0,0.0,0.0,0.36111111111111116,0.1388888888888889,0.33333333333333337,0.0,0.0,0.05555555555555555,0.0,2.7777777777777777,0.0,0.0,0.0,0.0,0.0,0.0,2.7777777777777777
raw-L00884,885,2002,【ｲｹｲｹﾎﾞｸﾗﾉ】スパロボインパクト148【ﾄﾘﾌﾟﾙｼﾞﾑ】,0,-3.619090929242991,-3.331606971684044,2.772588722239781,1.0986122886681098,2.1400661634962708,2.1972245773362196,0.0,0.0,6.666666666666667,0.0,6.666666666666667,0.5,1.0,0.0,0.0,0.0,0.0,0.0,0.0,0.0,0.4,0.06666666666666667,0.2,0.0,0.0,0.13333333333333333,0.0,0.0,0.0,0.0,0.0,0.0,0.0,0.0,6.666666666666667
raw-L00889,890,2002,【ｲｹｲｹﾎﾞｸﾗﾉ】スパロボインパクト148【ﾄﾘﾌﾟﾙｼﾞﾑ】,2,-3.392099948470021,-0.18784395586225047,1.6094379124341003,0.6931471805599453,1.6094379124341003,1.6094379124341003,0.0,0.0,0.0,0.0,0.0,1.0,1.0,0.0,0.0,0.0,0.0,0.0,0.0,0.0,0.0,1.0,0.0,0.0,0.0,0.0,0.0,0.0,0.0,0.0,0.0,0.0,0.0,0.0,0.0
raw-L00893,894,2002,【ｲｹｲｹﾎﾞｸﾗﾉ】スパロボインパクト148【ﾄﾘﾌﾟﾙｼﾞﾑ】,0,-1.9617346307949692,-3.4519480797667716,2.772588722239781,0.6931471805599453,2.772588722239781,2.772588722239781,0.0,0.0,6.666666666666667,0.0,0.0,0.0,1.0,0.0,0.0,0.0,0.0,0.0,0.0,0.0,0.4666666666666666,0.2,0.13333333333333333,0.0,0.0,0.06666666666666667,0.0,0.0,0.0,0.0,0.0,0.0,0.0,0.0,0.0
raw-L00896,897,2002,【ｲｹｲｹﾎﾞｸﾗﾉ】スパロボインパクト148【ﾄﾘﾌﾟﾙｼﾞﾑ】,2,-2.00034344723507,1.05396898170105,3.6109179126442243,1.9459101490553132,1.9459101490553132,2.302585092994046,0.0,0.0,0.0,0.0,13.88888888888889,1.0,1.0,0.0,0.0,0.0,0.0,0.0,0.0,0.0,0.1388888888888889,0.19444444444444442,0.05555555555555555,0.0,0.1111111111111111,0.4722222222222222,0.0,0.0,0.0,0.0,0.0,0.0,0.0,0.0,2.7777777777777777
raw-L00904,905,2002,【ｲｹｲｹﾎﾞｸﾗﾉ】スパロボインパクト148【ﾄﾘﾌﾟﾙｼﾞﾑ】,2,-1.5546545714748583,1.0388673115051035,3.6109179126442243,1.791759469228055,2.1041341542702074,2.3978952727983707,0.0,0.0,0.0,0.0,11.11111111111111,1.0,1.0,0.0,0.0,0.0,0.0,0.0,0.0,0.0,0.027777777777777776,0.05555555555555555,0.75,0.0,0.0,0.0,0.0,0.0,0.0,0.0,0.0,0.0,0.0,0.0,0.0
raw-L00911,912,2002,【ｲｹｲｹﾎﾞｸﾗﾉ】スパロボインパクト148【ﾄﾘﾌﾟﾙｼﾞﾑ】,2,-2.2021626688102605,1.0752322194370854,2.772588722239781,1.0986122886681098,2.1400661634962708,2.4849066497880004,0.0,0.0,0.0,0.0,6.666666666666667,1.0,1.0,0.0,0.0,0.0,0.0,0.0,0.0,0.0,0.8,0.2,0.0,0.0,0.0,0.0,0.0,0.0,0.0,0.0,0.0,6.666666666666667,0.0,0.0,0.0
raw-L00922,923,2002,【君が望む】スパロボインパクト152【ﾌｫﾙﾂｧ!】,2,-1.9660627657261311,0.028232008518320396,3.4965075614664802,1.3862943611198906,2.456735772821304,2.772588722239781,0.0,0.0,0.0,0.0,6.25,1.0,1.0,0.0,0.0,0.0,0.0,0.0,0.0,0.0,0.5625,0.09375,0.25,0.0,0.0,0.09375,0.0,3.125,0.0,0.0,0.0,0.0,0.0,0.0,3.125
raw-L00928,929,2002,【君が望む】スパロボインパクト152【ﾌｫﾙﾂｧ!】,2,-1.9353398928080823,-0.22266005983081325,2.9444389791664403,0.6931471805599453,2.9444389791664403,2.9444389791664403,0.0,0.0,0.0,0.0,0.0,1.0,1.0,0.0,0.0,0.0,0.0,0.0,0.0,0.0,0.7222222222222223,0.05555555555555555,0.2222222222222222,0.0,0.0,0.0,0.0,0.0,5.555555555555555,0.0,0.0,0.0,0.0,0.0,0.0
raw-L00932,933,2002,【君が望む】スパロボインパクト152【ﾌｫﾙﾂｧ!】,0,-2.203070469867927,-1.9106890963427576,3.4011973816621555,1.0986122886681098,2.740840023925201,2.772588722239781,0.0,0.0,3.4482758620689653,0.0,3.4482758620689653,0.5,1.0,0.0,0.0,0.0,0.0,0.0,0.0,0.0,0.7586206896551724,0.10344827586206896,0.10344827586206896,0.0,0.0,0.0,0.0,0.0,3.4482758620689653,0.0,0.0,0.0,0.0,0.0,3.4482758620689653
raw-L00936,937,2002,【君が望む】スパロボインパクト152【ﾌｫﾙﾂｧ!】,0,-0.6169567286426858,-2.7871411841183265,3.6109179126442243,0.6931471805599453,3.6109179126442243,3.6109179126442243,0.0,0.0,2.7777777777777777,0.0,0.0,0.0,1.0,0.0,0.0,0.0,0.0,0.0,0.0,0.0,0.5833333333333334,0.2777777777777778,0.1111111111111111,0.0,0.0,0.0,0.0,2.7777777777777777,2.7777777777777777,2.7777777777777777,0.0,0.0,0.0,0.0,2.7777777777777777
raw-L00939,940,2002,【君が望む】スパロボインパクト152【ﾌｫﾙﾂｧ!】,0,-1.7420581227667438,-3.2820452228433363,3.6109179126442243,1.0986122886681098,2.9444389791664403,3.091042453358316,0.0,0.0,5.555555555555555,0.0,2.7777777777777777,0.0,1.0,0.0,0.0,0.0,0.0,0.0,0.0,0.0,0.5833333333333334,0.1388888888888889,0.16666666666666669,0.0,0.0,0.027777777777777776,0.0,2.7777777777777777,2.7777777777777777,0.0,0.0,0.0,0.0,0.0,2.7777777777777777
raw-L00943,944,2002,【君が望む】スパロボインパクト152【ﾌｫﾙﾂｧ!】,0,-2.0490278334062806,-3.896957574629345,3.044522437723423,0.6931471805599453,3.044522437723423,3.044522437723423,0.0,0.0,5.0,0.0,0.0,0.0,1.0,0.0,0.0,0.0,0.0,0.0,0.0,0.0,0.75,0.05,0.15,0.0,0.0,0.0,0.0,0.0,5.0,5.0,0.0,0.0,0.0,0.0,5.0
raw-L00946,947,2002,【君が望む】スパロボインパクト152【ﾌｫﾙﾂｧ!】,0,-1.6676663615720457,-1.196951796471111,3.1780538303479458,0.6931471805599453,3.1780538303479458,3.1780538303479458,0.0,0.0,0.0,0.0,0.0,1.0,1.0,0.0,0.0,0.0,0.0,0.0,0.0,0.0,0.391304347826087,0.13043478260869565,0.34782608695652173,0.0,0.0,0.13043478260869565,0.0,4.3478260869565215,0.0,0.0,0.0,0.0,0.0,0.0,4.3478260869565215
raw-L00949,950,2002,【君が望む】スパロボインパクト152【ﾌｫﾙﾂｧ!】,0,-2.8483638862167857,-4.973774214984175,2.70805020110221,0.6931471805599453,2.70805020110221,2.70805020110221,0.0,0.0,7.142857142857143,0.0,0.0,0.0,1.0,0.0,0.0,0.0,0.0,0.0,0.0,0.0,0.42857142857142855,0.21428571428571427,0.14285714285714288,0.0,0.0,0.07142857142857144,0.0,0.0,0.0,0.0,0.0,0.0,0.0,0.0,7.142857142857143
raw-L00952,953,2002,【君が望む】スパロボインパクト152【ﾌｫﾙﾂｧ!】,2,-3.4759709454971373,-0.3565019880589578,2.0794415416798357,0.6931471805599453,2.0794415416798357,2.0794415416798357,0.0,0.0,0.0,0.0,0.0,1.0,1.0,0.0,0.0,0.0,0.0,0.0,0.0,0.0,0.8571428571428571,0.14285714285714288,0.0,0.0,0.0,0.0,0.0,14.285714285714286,0.0,0.0,0.0,0.0,0.0,0.0,0.0
raw-L00956,957,2002,【君が望む】スパロボインパクト152【ﾌｫﾙﾂｧ!】,0,-3.6240682123249566,-5.405971872094356,2.3978952727983707,0.6931471805599453,2.3978952727983707,2.3978952727983707,0.0,0.0,10.0,0.0,0.0,0.0,1.0,0.0,0.0,0.0,0.0,0.0,0.0,0.0,0.6,0.3,0.0,0.0,0.0,0.0,0.0,0.0,0.0,0.0,0.0,0.0,0.0,0.0,10.0
raw-L00960,961,2002,【君が望む】スパロボインパクト152【ﾌｫﾙﾂｧ!】,0,-1.9203518969620492,-1.9952606175768999,3.295836866004329,1.0986122886681098,2.6390573296152584,2.8903717578961645,0.0,0.0,3.8461538461538463,0.0,3.8461538461538463,0.5,1.0,0.0,0.0,0.0,0.0,0.0,0.0,0.0,0.576923076923077,0.23076923076923075,0.15384615384615385,0.0,0.0,0.0,0.0,0.0,0.0,0.0,0.0,0.0,0.0,0.0,3.8461538461538463
raw-L00965,966,2002,【君が望む】スパロボインパクト152【ﾌｫﾙﾂｧ!】,2,-1.7621910709603814,-0.17155017837968833,3.258096538021482,1.0986122886681098,2.6026896854443837,2.833213344056216,0.0,0.0,0.0,0.0,4.0,1.0,1.0,0.0,0.0,0.0,0.0,0.0,0.0,0.0,0.48,0.36,0.16,0.0,0.0,0.0,0.0,0.0,0.0,0.0,0.0,0.0,0.0,0.0,4.0
raw-L00969,970,2002,【君が望む】スパロボインパクト152【ﾌｫﾙﾂｧ!】,2,-3.2740781442351006,0.7302714324771218,2.5649493574615367,1.0986122886681098,1.9459101490553132,1.9459101490553132,0.0,0.0,0.0,0.0,8.333333333333334,1.0,1.0,0.0,0.0,0.0,0.0,0.0,0.0,0.0,0.5833333333333334,0.41666666666666663,0.0,0.0,0.0,0.0,0.0,8.333333333333334,0.0,0.0,0.0,0.0,0.0,0.0,0.0
raw-L00973,974,2002,【君が望む】スパロボインパクト152【ﾌｫﾙﾂｧ!】,2,-0.5418640246287342,-0.0061277167238818295,3.784189633918261,1.0986122886681098,3.1135153092103742,3.4657359027997265,0.0,0.0,0.0,0.0,2.3255813953488373,1.0,1.0,0.0,0.0,0.0,0.0,0.0,0.0,0.0,0.5581395348837209,0.18604651162790697,0.2558139534883721,0.0,0.0,0.0,0.0,2.3255813953488373,0.0,2.3255813953488373,0.0,0.0,0.0,0.0,2.3255813953488373
raw-L00977,978,2002,【君が望む】スパロボインパクト152【ﾌｫﾙﾂｧ!】,2,-2.1214718665920453,-0.22085176920759994,2.5649493574615367,0.6931471805599453,2.5649493574615367,2.5649493574615367,0.0,0.0,0.0,0.0,0.0,1.0,1.0,0.0,0.0,0.0,0.0,0.0,0.0,0.0,0.33333333333333337,0.25,0.16666666666666669,0.0,0.0,0.25,0.0,0.0,0.0,0.0,0.0,0.0,0.0,0.0,0.0
raw-L00980,981,2002,【君が望む】スパロボインパクト152【ﾌｫﾙﾂｧ!】,0,-2.504989491216799,-1.6270959047574018,2.833213344056216,0.6931471805599453,2.833213344056216,2.833213344056216,0.0,0.0,0.0,0.0,0.0,1.0,1.0,0.0,0.0,0.0,0.0,0.0,0.0,0.0,0.375,0.1875,0.3125,0.0,0.0,0.0625,0.0,6.25,0.0,0.0,0.0,0.0,0.0,0.0,6.25
raw-L00983,984,2002,【君が望む】スパロボインパクト152【ﾌｫﾙﾂｧ!】,0,-1.845396605768349,-4.205721938539298,3.1354942159291497,0.6931471805599453,3.1354942159291497,3.1354942159291497,0.0,0.0,4.545454545454546,0.0,0.0,0.0,1.0,0.0,0.0,0.0,0.0,0.0,0.0,0.0,0.2727272727272727,0.045454545454545456,0.5454545454545454,0.0,0.0,0.045454545454545456,0.0,4.545454545454546,0.0,0.0,0.0,0.0,0.0,0.0,4.545454545454546
raw-L00986,987,2002,【君が望む】スパロボインパクト152【ﾌｫﾙﾂｧ!】,0,-3.367119839637589,-2.5566325722968464,2.995732273553991,1.0986122886681098,2.3513752571634776,2.4849066497880004,0.0,0.0,5.2631578947368425,0.0,5.2631578947368425,0.5,1.0,0.0,0.0,0.0,0.0,0.0,0.0,0.0,0.736842105263158,0.15789473684210525,0.0,0.0,0.0,0.052631578947368425,0.0,0.0,5.2631578947368425,0.0,0.0,0.0,0.0,0.0,5.2631578947368425
raw-L00991,992,2002,【君が望む】スパロボインパクト152【ﾌｫﾙﾂｧ!】,2,-2.64954852046615,0.26378542426068236,3.1780538303479458,1.3862943611198906,2.1594842493533726,2.3978952727983707,0.0,0.0,0.0,0.0,8.695652173913043,1.0,1.0,0.0,0.0,0.0,0.0,0.0,0.0,0.0,0.5652173913043478,0.391304347826087,0.0,0.0,0.0,0.0,0.0,4.3478260869565215,0.0,0.0,0.0,0.0,0.0,0.0,4.3478260869565215
raw-L00997,998,2002,【君が望む】スパロボインパクト152【ﾌｫﾙﾂｧ!】,1,0.010029498965361679,0.9238304411361739,3.912023005428146,1.0986122886681098,3.2386784521643803,3.258096538021482,0.0,0.0,0.0,0.0,2.0408163265306123,1.0,1.0,0.0,0.0,0.0,0.0,0.0,0.0,0.0,0.6122448979591837,0.28571428571428575,0.10204081632653061,0.0,0.0,0.0,4.081632653061225,0.0,0.0,0.0,0.0,4.081632653061225,0.0,0.0,0.0
raw-L01001,1002,2002,【君が望む】スパロボインパクト152【ﾌｫﾙﾂｧ!】,2,-0.5519564339486392,0.8541865194407802,3.828641396489095,1.3862943611198906,2.772588722239781,3.1354942159291497,0.0,0.0,0.0,0.0,4.444444444444445,1.0,1.0,0.0,0.0,0.0,0.0,0.0,0.0,0.0,0.4222222222222222,0.24444444444444444,0.2888888888888889,0.0,0.0,0.022222222222222223,0.0,0.0,0.0,0.0,0.0,2.2222222222222223,0.0,0.0,0.0
raw-L01012,1013,2002,【逝け！】スパロボインパクト155【グローバイン】,4,0.07311940261161329,2.9846798364021185,4.820281565605037,2.833213344056216,2.1618852108909103,2.772588722239781,0.0,0.0,0.0,0.0,13.821138211382113,1.0,1.0,0.0,0.0,0.8130081300813008,0.0,0.0,0.0,18.69918699186992,0.008130081300813007,0.3983739837398374,0.11382113821138212,0.0,0.0813008130081301,0.34959349593495936,0.0,0.0,0.0,0.0,0.0,0.0,0.0,0.0,0.0
raw-L01033,1034,2002,【逝け！】スパロボインパクト155【グローバイン】,4,1.2814650227491426,2.1315762177055695,5.337538079701318,2.5649493574615367,2.9041650800285006,3.4339872044851463,0.0,0.0,0.0,0.0,5.797101449275362,1.0,1.0,0.0,0.0,0.0,0.0,0.0,0.0,15.458937198067632,0.004830917874396135,0.1111111111111111,0.2560386473429952,0.0,0.0966183574879227,0.35265700483091783,0.0,0.0,0.0,0.0,0.0,0.0,0.0,0.0,0.0
raw-L01048,1049,2002,【逝け！】スパロボインパクト155【グローバイン】,0,-4.517956453309028,-5.592796864912845,1.9459101490553132,0.6931471805599453,1.9459101490553132,1.9459101490553132,0.0,0.0,16.666666666666668,0.0,0.0,0.0,1.0,0.0,0.0,0.0,0.0,0.0,0.0,0.0,0.6666666666666667,0.16666666666666669,0.0,0.0,0.0,0.0,0.0,0.0,0.0,0.0,0.0,0.0,0.0,0.0,16.666666666666668
raw-L01051,1052,2002,【逝け！】スパロボインパクト155【グローバイン】,0,-2.706926410381059,-2.1636420699136716,3.1780538303479458,1.0986122886681098,2.5257286443082556,2.70805020110221,0.0,0.0,4.3478260869565215,0.0,4.3478260869565215,0.5,1.0,0.0,0.0,0.0,0.0,0.0,0.0,0.0,0.7391304347826088,0.17391304347826086,0.0,0.0,0.0,0.0,0.0,0.0,4.3478260869565215,0.0,0.0,0.0,0.0,0.0,4.3478260869565215
raw-L01055,1056,2002,【逝け！】スパロボインパクト155【グローバイン】,4,0.1204663912474362,2.9869933134694766,4.8283137373023015,2.833213344056216,2.169053700369523,2.833213344056216,0.0,0.0,0.0,0.0,13.709677419354838,1.0,1.0,0.0,0.0,0.8064516129032258,0.0,0.0,0.0,18.548387096774192,0.008064516129032258,0.3951612903225806,0.11290322580645162,0.0,0.08064516129032258,0.3548387096774194,0.0,0.0,0.0,0.0,0.0,0.0,0.0,0.0,0.0
raw-L01075,1076,2002,【逝け！】スパロボインパクト155【グローバイン】,2,-1.4488204976049766,0.3461543067426262,3.258096538021482,1.0986122886681098,2.6026896854443837,2.833213344056216,0.0,0.0,0.0,0.0,4.0,1.0,1.0,0.0,0.0,0.0,0.0,0.0,0.0,0.0,0.52,0.12,0.32,0.0,0.0,0.0,0.0,0.0,0.0,0.0,0.0,0.0,0.0,0.0,0.0
raw-L01079,1080,2002,【逝け！】スパロボインパクト155【グローバイン】,2,-3.0758860239878962,-0.29234645340149107,2.3978952727983707,0.6931471805599453,2.3978952727983707,2.3978952727983707,0.0,0.0,0.0,0.0,0.0,1.0,1.0,0.0,0.0,0.0,0.0,0.0,0.0,0.0,0.6,0.2,0.2,0.0,0.0,0.0,0.0,0.0,10.0,0.0,0.0,0.0,0.0,0.0,0.0
raw-L01083,1084,2002,【逝け！】スパロボインパクト155【グローバイン】,0,-2.753598008471275,-4.758475947267594,2.70805020110221,0.6931471805599453,2.70805020110221,2.70805020110221,0.0,0.0,7.142857142857143,0.0,0.0,0.0,1.0,0.0,0.0,0.0,0.0,0.0,0.0,0.0,0.5714285714285715,0.35714285714285715,0.0,0.0,0.0,0.0,0.0,7.142857142857143,0.0,7.142857142857143,0.0,0.0,0.0,0.0,7.142857142857143
raw-L01086,1087,2002,【逝け！】スパロボインパクト155【グローバイン】,2,-1.0165570108445037,0.49336282607893195,3.4011973816621555,1.0986122886681098,2.740840023925201,2.9444389791664403,0.0,0.0,0.0,0.0,3.4482758620689653,1.0,1.0,0.0,0.0,0.0,0.0,0.0,0.0,0.0,0.6896551724137931,0.06896551724137931,0.24137931034482757,0.0,0.0,0.0,0.0,0.0,0.0,3.4482758620689653,0.0,0.0,0.0,0.0,0.0
raw-L01091,1092,2002,【逝け！】スパロボインパクト155【グローバイン】,2,-2.113885797156492,0.5875317372691865,3.1780538303479458,1.0986122886681098,2.5257286443082556,2.70805020110221,0.0,0.0,0.0,0.0,4.3478260869565215,1.0,1.0,0.0,0.0,0.0,0.0,0.0,0.0,0.0,0.8695652173913043,0.13043478260869565,0.0,0.0,0.0,0.0,0.0,0.0,4.3478260869565215,0.0,0.0,0.0,0.0,0.0,0.0
raw-L01095,1096,2002,【逝け！】スパロボインパクト155【グローバイン】,2,-2.419474636230066,0.1967569867497035,2.8903717578961645,1.0986122886681098,2.2512917986064953,2.3978952727983707,0.0,0.0,0.0,0.0,5.882352941176471,1.0,1.0,0.0,0.0,0.0,0.0,0.0,0.0,0.0,0.35294117647058826,0.17647058823529413,0.4705882352941177,0.0,0.0,0.0,0.0,5.882352941176471,0.0,0.0,0.0,0.0,0.0,0.0,0.0
raw-L01100,1101,2002,【逝け！】スパロボインパクト155【グローバイン】,4,0.1204663912474362,2.9869933134694766,4.8283137373023015,2.833213344056216,2.169053700369523,2.833213344056216,0.0,0.0,0.0,0.0,13.709677419354838,1.0,1.0,0.0,0.0,0.8064516129032258,0.0,0.0,0.0,18.548387096774192,0.008064516129032258,0.3951612903225806,0.11290322580645162,0.0,0.08064516129032258,0.3548387096774194,0.0,0.0,0.0,0.0,0.0,0.0,0.0,0.0,0.0
raw-L01120,1121,2002,【逝け！】スパロボインパクト155【グローバイン】,0,-1.2504894504786022,-3.6832254801018873,3.332204510175204,0.6931471805599453,3.332204510175204,3.332204510175204,0.0,0.0,3.7037037037037037,0.0,0.0,0.0,1.0,0.0,0.0,0.0,0.0,0.0,0.0,0.0,0.2962962962962963,0.14814814814814814,0.5185185185185186,0.0,0.0,0.0,0.0,3.7037037037037037,0.0,0.0,0.0,0.0,0.0,0.0,3.7037037037037037
raw-L01123,1124,2002,【逝け！】スパロボインパクト155【グローバイン】,0,-1.981373114441084,-3.8934162449235354,3.6635616461296463,1.3862943611198906,2.614959778036198,2.833213344056216,0.0,0.0,7.894736842105263,0.0,5.2631578947368425,0.0,1.0,0.0,0.0,0.0,0.0,0.0,0.0,0.0,0.4473684210526316,0.2105263157894737,0.2368421052631579,0.0,0.0,0.0,0.0,0.0,0.0,0.0,0.0,0.0,0.0,0.0,5.2631578947368425
raw-L01128,1129,2002,【逝け！】スパロボインパクト155【グローバイン】,0,-0.9961682917448553,-3.397685374906204,3.4011973816621555,0.6931471805599453,3.4011973816621555,3.4011973816621555,0.0,0.0,3.4482758620689653,0.0,0.0,0.0,1.0,0.0,0.0,0.0,0.0,0.0,0.0,0.0,0.48275862068965514,0.10344827586206896,0.3448275862068966,0.0,0.0,0.0,0.0,0.0,0.0,0.0,0.0,0.0,0.0,0.0,3.4482758620689653
raw-L01131,1132,2002,【逝け！】スパロボインパクト155【グローバイン】,2,-2.667627650825887,0.6472260140963122,2.8903717578961645,1.0986122886681098,2.2512917986064953,2.6390573296152584,0.0,0.0,0.0,0.0,5.882352941176471,1.0,1.0,0.0,0.0,0.0,0.0,0.0,0.0,0.0,0.8823529411764706,0.11764705882352942,0.0,0.0,0.0,0.0,0.0,0.0,5.882352941176471,0.0,0.0,0.0,0.0,0.0,0.0
raw-L01136,1137,2002,【逝け！】スパロボインパクト155【グローバイン】,2,-2.582578176675209,0.759907623517898,2.772588722239781,1.0986122886681098,2.1400661634962708,2.1972245773362196,0.0,0.0,0.0,0.0,6.666666666666667,1.0,1.0,0.0,0.0,0.0,0.0,0.0,0.0,0.0,0.8,0.2,0.0,0.0,0.0,0.0,0.0,0.0,0.0,0.0,0.0,0.0,0.0,0.0,0.0
raw-L01140,1141,2002,【逝け！】スパロボインパクト155【グローバイン】,0,-0.6970364312131827,-3.0920862396262154,3.5263605246161616,0.6931471805599453,3.5263605246161616,3.5263605246161616,0.0,0.0,3.0303030303030303,0.0,0.0,0.0,1.0,0.0,0.0,0.0,0.0,0.0,0.0,0.0,0.45454545454545453,0.18181818181818182,0.24242424242424243,0.0,0.0,0.06060606060606061,0.0,0.0,0.0,0.0,0.0,0.0,0.0,0.0,3.0303030303030303
raw-L01143,1144,2002,【逝け！】スパロボインパクト155【グローバイン】,0,-2.2243713970855974,-4.246291235158458,2.8903717578961645,0.6931471805599453,2.8903717578961645,2.8903717578961645,0.0,0.0,5.882352941176471,0.0,0.0,0.0,1.0,0.0,0.0,0.0,0.0,0.0,0.0,0.0,0.4705882352941177,0.35294117647058826,0.11764705882352942,0.0,0.0,0.0,0.0,0.0,0.0,0.0,0.0,0.0,0.0,0.0,5.882352941176471
raw-L01146,1147,2002,【逝け！】スパロボインパクト155【グローバイン】,2,-2.520160453147414,-0.07979010426072307,2.3978952727983707,0.6931471805599453,2.3978952727983707,2.3978952727983707,0.0,0.0,0.0,0.0,0.0,1.0,1.0,0.0,0.0,0.0,0.0,0.0,0.0,0.0,0.9,0.1,0.0,0.0,0.0,0.0,0.0,0.0,0.0,0.0,0.0,0.0,0.0,0.0,0.0
raw-L01150,1151,2002,【逝け！】スパロボインパクト155【グローバイン】,2,-1.7624473923229287,-0.3066444337955892,2.70805020110221,0.6931471805599453,2.70805020110221,2.70805020110221,0.0,0.0,0.0,0.0,0.0,1.0,1.0,0.0,0.0,0.0,0.0,0.0,0.0,0.0,0.42857142857142855,0.14285714285714288,0.35714285714285715,0.0,0.0,0.0,0.0,0.0,0.0,0.0,0.0,0.0,0.0,0.0,0.0
raw-L01153,1154,2002,【逝け！】スパロボインパクト155【グローバイン】,0,-0.8724323578807616,-2.9071876366093834,3.4965075614664802,0.6931471805599453,3.4965075614664802,3.4965075614664802,0.0,0.0,3.125,0.0,0.0,0.0,1.0,0.0,0.0,0.0,0.0,0.0,0.0,0.0,0.625,0.34375,0.0,0.0,0.0,0.0,0.0,3.125,0.0,0.0,0.0,0.0,0.0,0.0,3.125
raw-L01156,1157,2002,【逝け！】スパロボインパクト155【グローバイン】,0,-1.3462315992278175,-1.623326611401557,3.4657359027997265,1.0986122886681098,2.803360380906535,3.044522437723423,0.0,0.0,3.225806451612903,0.0,3.225806451612903,0.5,1.0,0.0,0.0,0.0,0.0,0.0,0.0,0.0,0.4516129032258065,0.22580645161290325,0.22580645161290325,0.0,0.0,0.03225806451612903,0.0,0.0,0.0,0.0,0.0,3.225806451612903,0.0,0.0,3.225806451612903
raw-L01160,1161,2002,【逝け！】スパロボインパクト155【グローバイン】,2,-2.123698319727294,1.416153313220193,3.044522437723423,1.6094379124341003,1.791759469228055,2.1972245773362196,0.0,0.0,0.0,0.0,15.0,1.0,1.0,0.0,0.0,0.0,0.0,0.0,0.0,0.0,0.0,0.55,0.25,0.0,0.05,0.1,0.0,0.0,0.0,0.0,0.0,0.0,0.0,0.0,0.0
raw-L01167,1168,2002,【逝け！】スパロボインパクト155【グローバイン】,2,-1.5426677939476587,-0.2564449550987317,2.772588722239781,0.6931471805599453,2.772588722239781,2.772588722239781,0.0,0.0,0.0,0.0,0.0,1.0,1.0,0.0,0.0,0.0,0.0,0.0,0.0,0.0,0.4,0.2,0.33333333333333337,0.0,0.0,0.0,0.0,6.666666666666667,0.0,6.666666666666667,0.0,0.0,0.0,0.0,0.0
raw-L01170,1171,2002,【逝け！】スパロボインパクト155【グローバイン】,0,-2.3939434357482776,-1.437244310045074,3.258096538021482,1.3862943611198906,2.2335922215070942,2.70805020110221,0.0,0.0,4.0,0.0,8.0,0.6666666666666666,1.0,0.0,0.0,0.0,0.0,0.0,0.0,0.0,0.56,0.12,0.24,0.0,0.0,0.0,0.0,0.0,0.0,0.0,0.0,0.0,0.0,0.0,4.0
raw-L01176,1177,2002,【逝け！】スパロボインパクト155【グローバイン】,2,-2.3108970903264354,0.5626567388893584,3.1354942159291497,1.0986122886681098,2.4849066497880004,2.5649493574615367,0.0,0.0,0.0,0.0,4.545454545454546,1.0,1.0,0.0,0.0,0.0,0.0,0.0,0.0,0.0,0.9090909090909091,0.09090909090909091,0.0,0.0,0.0,0.0,0.0,0.0,4.545454545454546,0.0,0.0,0.0,0.0,0.0,0.0
raw-L01181,1182,2002,【逝け！】スパロボインパクト155【グローバイン】,2,-1.3851744029908928,0.44960022101110814,3.295836866004329,1.0986122886681098,2.6390573296152584,2.70805020110221,0.0,0.0,0.0,0.0,3.8461538461538463,1.0,1.0,0.0,0.0,0.0,0.0,0.0,0.0,0.0,0.576923076923077,0.11538461538461538,0.15384615384615385,0.0,0.0,0.0,0.0,3.8461538461538463,0.0,3.8461538461538463,0.0,0.0,0.0,0.0,0.0
raw-L01185,1186,2002,【逝け！】スパロボインパクト155【グローバイン】,0,-2.7523091318846555,-2.521559028152571,3.044522437723423,1.0986122886681098,2.3978952727983707,2.5649493574615367,0.0,0.0,5.0,0.0,5.0,0.5,1.0,0.0,0.0,0.0,0.0,0.0,0.0,0.0,0.7,0.1,0.15,0.0,0.0,0.0,0.0,0.0,0.0,0.0,0.0,0.0,0.0,0.0,5.0
raw-L01190,1191,2002,【逝け！】スパロボインパクト155【グローバイン】,2,-1.5208133363859546,0.01419916231597549,2.9444389791664403,0.6931471805599453,2.9444389791664403,2.9444389791664403,0.0,0.0,0.0,0.0,0.0,1.0,1.0,0.0,0.0,0.0,0.0,0.0,0.0,0.0,0.7222222222222223,0.1111111111111111,0.16666666666666669,0.0,0.0,0.0,0.0,0.0,5.555555555555555,5.555555555555555,0.0,0.0,0.0,0.0,0.0
raw-L01193,1194,2002,【逝け！】スパロボインパクト155【グローバイン】,0,-1.4652451680086342,-3.484858035504959,3.1354942159291497,0.6931471805599453,3.1354942159291497,3.1354942159291497,0.0,0.0,4.545454545454546,0.0,0.0,0.0,1.0,0.0,0.0,0.0,0.0,0.0,0.0,0.0,0.5909090909090909,0.36363636363636365,0.0,0.0,0.0,0.0,0.0,4.545454545454546,0.0,4.545454545454546,0.0,0.0,0.0,0.0,4.545454545454546
raw-L01196,1197,2002,【逝け！】スパロボインパクト155【グローバイン】,2,-1.4114903619015495,-0.2628862023017605,3.044522437723423,0.6931471805599453,3.044522437723423,3.044522437723423,0.0,0.0,0.0,0.0,0.0,1.0,1.0,0.0,0.0,0.0,0.0,0.0,0.0,0.0,0.45,0.2,0.25,0.0,0.0,0.05,0.0,5.0,0.0,0.0,0.0,0.0,0.0,0.0,0.0
raw-L01199,1200,2002,【逝け！】スパロボインパクト155【グローバイン】,1,0.5313144715663891,-0.7083102779559054,3.1780538303479458,0.6931471805599453,3.1780538303479458,3.1780538303479458,0.0,0.0,0.0,8.695652173913043,0.0,1.0,1.0,0.0,0.0,0.0,0.0,4.3478260869565215,0.0,0.0,0.391304347826087,0.13043478260869565,0.30434782608695654,0.0,0.0,0.0,0.0,0.0,0.0,0.0,0.0,0.0,0.0,0.0,0.0
raw-L01202,1203,2002,【逝け！】スパロボインパクト155【グローバイン】,0,-2.3053704111853848,-3.1594107763098322,2.9444389791664403,0.6931471805599453,2.9444389791664403,2.9444389791664403,0.0,0.0,5.555555555555555,0.0,0.0,0.0,1.0,0.0,0.0,0.0,0.0,0.0,0.0,0.0,0.6666666666666667,0.2777777777777778,0.0,0.0,0.0,0.0,0.0,5.555555555555555,5.555555555555555,0.0,0.0,0.0,0.0,0.0,0.0
raw-L01206,1207,2002,【逝け！】スパロボインパクト155【グローバイン】,0,-3.9076101435416053,-1.9915286608366847,2.302585092994046,0.6931471805599453,2.302585092994046,2.302585092994046,0.0,0.0,0.0,0.0,0.0,1.0,1.0,0.0,0.0,0.0,0.0,0.0,0.0,0.0,0.4444444444444444,0.33333333333333337,0.0,0.0,0.0,0.2222222222222222,0.0,11.11111111111111,0.0,0.0,0.0,0.0,0.0,0.0,11.11111111111111
raw-L01210,1211,2002,【逝け！】スパロボインパクト155【グローバイン】,0,-2.880779018839377,-5.126995663152011,2.5649493574615367,0.6931471805599453,2.5649493574615367,2.5649493574615367,0.0,0.0,8.333333333333334,0.0,0.0,0.0,1.0,0.0,0.0,0.0,0.0,0.0,0.0,0.0,0.5833333333333334,0.33333333333333337,0.0,0.0,0.0,0.0,0.0,0.0,0.0,8.333333333333334,0.0,0.0,0.0,0.0,8.333333333333334
raw-L01213,1214,2002,【逝け！】スパロボインパクト155【グローバイン】,0,-3.1082430622151374,-3.7392223014250914,2.0794415416798357,0.6931471805599453,2.0794415416798357,2.0794415416798357,0.0,0.0,14.285714285714286,0.0,0.0,0.0,1.0,0.0,0.0,0.0,0.0,0.0,0.0,0.0,0.5714285714285715,0.28571428571428575,0.0,0.0,0.0,0.0,14.285714285714286,0.0,0.0,0.0,0.0,0.0,0.0,0.0,0.0
raw-L01217,1218,2002,【逝け！】スパロボインパクト155【グローバイン】,2,-3.339831039859274,-0.28067967540620076,1.9459101490553132,0.6931471805599453,1.9459101490553132,1.9459101490553132,0.0,0.0,0.0,0.0,0.0,1.0,1.0,0.0,0.0,0.0,0.0,0.0,0.0,0.0,0.8333333333333333,0.0,0.0,0.0,0.0,0.0,0.0,0.0,0.0,0.0,0.0,0.0,0.0,0.0,0.0
raw-L01221,1222,2002,【逝け！】スパロボインパクト155【グローバイン】,2,-2.6855240069157396,0.7635903364209254,2.6390573296152584,1.0986122886681098,2.0149030205422647,2.3978952727983707,0.0,0.0,0.0,0.0,7.6923076923076925,1.0,1.0,0.0,0.0,0.0,0.0,0.0,0.0,0.0,0.8461538461538461,0.07692307692307693,0.0,0.0,0.0,0.0,0.0,0.0,0.0,0.0,0.0,0.0,0.0,0.0,0.0
raw-L01225,1226,2002,【逝け！】スパロボインパクト155【グローバイン】,0,-1.861734446963906,-1.992999168740772,3.295836866004329,1.0986122886681098,2.6390573296152584,2.772588722239781,0.0,0.0,3.8461538461538463,0.0,3.8461538461538463,0.5,1.0,0.0,0.0,0.0,0.0,0.0,0.0,0.0,0.3076923076923077,0.3846153846153846,0.1923076923076923,0.0,0.0,0.038461538461538464,0.0,0.0,0.0,0.0,0.0,0.0,0.0,0.0,3.8461538461538463
raw-L01229,1230,2002,【逝け！】スパロボインパクト155【グローバイン】,0,-2.538295695537225,-3.647190905382847,2.3978952727983707,0.6931471805599453,2.3978952727983707,2.3978952727983707,0.0,0.0,10.0,0.0,0.0,0.0,1.0,0.0,0.0,0.0,0.0,0.0,0.0,0.0,0.6,0.3,0.0,0.0,0.0,0.0,10.0,0.0,0.0,0.0,0.0,0.0,0.0,0.0,0.0
raw-L01233,1234,2002,【逝け！】スパロボインパクト155【グローバイン】,2,-3.01387162155886,-0.4216404291111712,2.772588722239781,1.0986122886681098,2.1400661634962708,2.1972245773362196,0.0,0.0,0.0,0.0,6.666666666666667,1.0,1.0,0.0,0.0,0.0,0.0,0.0,0.0,0.0,0.5333333333333333,0.4666666666666666,0.0,0.0,0.0,0.0,0.0,6.666666666666667,0.0,6.666666666666667,0.0,0.0,0.0,0.0,6.666666666666667
raw-L01238,1239,2002,【逝け！】スパロボインパクト155【グローバイン】,2,-3.2623968517464172,0.7749006472415931,2.4849066497880004,1.0986122886681098,1.8718021769015913,1.9459101490553132,0.0,0.0,0.0,0.0,9.090909090909092,1.0,1.0,0.0,0.0,0.0,0.0,0.0,0.0,0.0,1.0,0.0,0.0,0.0,0.0,0.0,0.0,0.0,0.0,0.0,0.0,0.0,0.0,0.0,0.0
raw-L01242,1243,2002,【逝け！】スパロボインパクト155【グローバイン】,0,-2.3979533949015144,-4.152272519730827,2.9444389791664403,0.6931471805599453,2.9444389791664403,2.9444389791664403,0.0,0.0,5.555555555555555,0.0,0.0,0.0,1.0,0.0,0.0,0.0,0.0,0.0,0.0,0.0,0.6111111111111112,0.33333333333333337,0.0,0.0,0.0,0.0,0.0,5.555555555555555,0.0,0.0,0.0,0.0,0.0,0.0,5.555555555555555
raw-L01245,1246,2002,【逝け！】スパロボインパクト155【グローバイン】,2,-1.5690167447471064,-0.3164124812501422,2.995732273553991,0.6931471805599453,2.995732273553991,2.995732273553991,0.0,0.0,0.0,0.0,0.0,1.0,1.0,0.0,0.0,0.0,0.0,0.0,0.0,0.0,0.3157894736842105,0.2105263157894737,0.2105263157894737,0.0,0.0,0.2105263157894737,0.0,5.2631578947368425,0.0,0.0,0.0,0.0,0.0,0.0,0.0
raw-L01248,1249,2002,【逝け！】スパロボインパクト155【グローバイン】,0,-0.6552559665671281,-2.451067199102381,3.295836866004329,0.6931471805599453,3.295836866004329,3.295836866004329,0.0,0.0,3.8461538461538463,0.0,0.0,0.0,1.0,0.0,0.0,0.0,0.0,0.0,0.0,0.0,0.6153846153846154,0.2692307692307692,0.07692307692307693,0.0,0.0,0.0,3.8461538461538463,0.0,0.0,0.0,0.0,0.0,0.0,0.0,0.0
raw-L01251,1252,2002,【逝け！】スパロボインパクト155【グローバイン】,0,-2.51021370293301,-2.3130863440029326,2.8903717578961645,1.0986122886681098,2.2512917986064953,2.4849066497880004,0.0,0.0,5.882352941176471,0.0,5.882352941176471,0.5,1.0,0.0,0.0,0.0,0.0,0.0,0.0,0.0,0.4705882352941177,0.29411764705882354,0.0,0.0,0.0,0.17647058823529413,0.0,0.0,0.0,5.882352941176471,0.0,0.0,0.0,5.882352941176471,5.882352941176471
raw-L01256,1257,2002,【逝け！】スパロボインパクト155【グローバイン】,2,-1.6619555990235702,0.41256504264985194,3.4011973816621555,1.0986122886681098,2.740840023925201,3.044522437723423,0.0,0.0,0.0,0.0,3.4482758620689653,1.0,1.0,0.0,0.0,0.0,0.0,0.0,0.0,0.0,0.7241379310344827,0.13793103448275862,0.06896551724137931,0.0,0.0,0.034482758620689655,0.0,3.4482758620689653,3.4482758620689653,0.0,0.0,0.0,0.0,0.0,0.0
raw-L01261,1262,2002,【逝け！】スパロボインパクト155【グローバイン】,0,-1.4382065672088469,-3.051057738516634,2.995732273553991,0.6931471805599453,2.995732273553991,2.995732273553991,0.0,0.0,5.2631578947368425,0.0,0.0,0.0,1.0,0.0,0.0,0.0,0.0,0.0,0.0,0.0,0.6842105263157895,0.052631578947368425,0.15789473684210525,0.0,0.0,0.052631578947368425,5.2631578947368425,0.0,0.0,0.0,0.0,0.0,0.0,0.0,0.0
raw-L01264,1265,2002,【逝け！】スパロボインパクト155【グローバイン】,2,-3.1193002393611926,-0.5010120464034555,2.70805020110221,1.0986122886681098,2.0794415416798357,2.0794415416798357,0.0,0.0,0.0,0.0,7.142857142857143,1.0,1.0,0.0,0.0,0.0,0.0,0.0,0.0,0.0,0.5,0.28571428571428575,0.0,0.0,0.0,0.21428571428571427,0.0,0.0,0.0,7.142857142857143,0.0,0.0,0.0,0.0,7.142857142857143
raw-L01269,1270,2002,【逝け！】スパロボインパクト155【グローバイン】,2,-1.6786327340507208,0.46377611241476685,3.4011973816621555,1.0986122886681098,2.740840023925201,2.833213344056216,0.0,0.0,0.0,0.0,3.4482758620689653,1.0,1.0,0.0,0.0,0.0,0.0,0.0,0.0,0.0,0.6896551724137931,0.13793103448275862,0.06896551724137931,0.0,0.0,0.10344827586206896,0.0,0.0,3.4482758620689653,0.0,0.0,0.0,0.0,0.0,0.0
raw-L01273,1274,2002,【逝け！】スパロボインパクト155【グローバイン】,0,-2.15282383561288,-1.3947047823987249,2.8903717578961645,0.6931471805599453,2.8903717578961645,2.8903717578961645,0.0,0.0,0.0,0.0,0.0,1.0,1.0,0.0,0.0,0.0,0.0,0.0,0.0,0.0,0.29411764705882354,0.17647058823529413,0.23529411764705885,0.0,0.0,0.23529411764705885,0.0,0.0,0.0,0.0,0.0,0.0,0.0,0.0,5.882352941176471
raw-L01276,1277,2002,【逝け！】スパロボインパクト155【グローバイン】,0,-2.3305008488279335,-0.6690412039849076,3.091042453358316,1.0986122886681098,2.4423470353692043,2.5649493574615367,0.0,0.0,0.0,0.0,4.761904761904762,1.0,1.0,0.0,0.0,0.0,0.0,0.0,0.0,0.0,0.19047619047619047,0.19047619047619047,0.38095238095238093,0.0,0.0,0.19047619047619047,0.0,0.0,0.0,0.0,0.0,0.0,0.0,0.0,4.761904761904762
raw-L01281,1282,2002,【逝け！】スパロボインパクト155【グローバイン】,2,-2.217434455749174,-0.4719146841452876,3.044522437723423,1.0986122886681098,2.3978952727983707,2.5649493574615367,0.0,0.0,5.0,0.0,5.0,1.0,1.0,0.0,0.0,0.0,0.0,0.0,0.0,0.0,0.7,0.25,0.0,0.0,0.0,0.0,0.0,0.0,0.0,0.0,0.0,0.0,0.0,0.0,0.0
raw-L01285,1286,2002,【逝け！】スパロボインパクト155【グローバイン】,2,-3.1316713704252517,-0.2286659786225654,2.0794415416798357,0.6931471805599453,2.0794415416798357,2.0794415416798357,0.0,0.0,0.0,0.0,0.0,1.0,1.0,0.0,0.0,0.0,0.0,0.0,0.0,0.0,1.0,0.0,0.0,0.0,0.0,0.0,0.0,0.0,0.0,0.0,0.0,0.0,0.0,0.0,0.0
raw-L01289,1290,2002,【逝け！】スパロボインパクト155【グローバイン】,2,-1.9200037752049186,0.07493865701450213,2.6390573296152584,0.6931471805599453,2.6390573296152584,2.6390573296152584,0.0,0.0,0.0,0.0,0.0,1.0,1.0,0.0,0.0,0.0,0.0,0.0,0.0,0.0,0.6923076923076923,0.3076923076923077,0.0,0.0,0.0,0.0,0.0,0.0,0.0,0.0,0.0,0.0,0.0,0.0,0.0
raw-L01292,1293,2002,【逝け！】スパロボインパクト155【グローバイン】,0,-3.0758409908216535,-2.8712219728927666,2.8903717578961645,1.0986122886681098,2.2512917986064953,2.3978952727983707,0.0,0.0,5.882352941176471,0.0,5.882352941176471,0.5,1.0,0.0,0.0,0.0,0.0,0.0,0.0,0.0,0.4705882352941177,0.23529411764705885,0.23529411764705885,0.0,0.0,0.0,0.0,0.0,0.0,0.0,0.0,0.0,0.0,0.0,5.882352941176471
raw-L01296,1297,2002,【逝け！】スパロボインパクト155【グローバイン】,2,-2.1793242670655832,1.0125682350792695,2.833213344056216,1.0986122886681098,2.1972245773362196,2.4849066497880004,0.0,0.0,0.0,0.0,6.25,1.0,1.0,0.0,0.0,0.0,0.0,0.0,0.0,0.0,0.875,0.125,0.0,0.0,0.0,0.0,0.0,0.0,0.0,0.0,0.0,6.25,0.0,0.0,0.0
raw-L01300,1301,2002,【逝け！】スパロボインパクト155【グローバイン】,2,-3.8386591139507003,-0.18642417397126146,1.6094379124341003,0.6931471805599453,1.6094379124341003,1.6094379124341003,0.0,0.0,0.0,0.0,0.0,1.0,1.0,0.0,0.0,0.0,0.0,0.0,0.0,0.0,0.75,0.25,0.0,0.0,0.0,0.0,0.0,0.0,0.0,0.0,0.0,0.0,0.0,0.0,0.0
raw-L01308,1309,2002,【燃えろ！】スパロボＩＭＰＡＣＴ156【ｲｲｵﾄｺ】,0,-2.003946694975231,-3.5953148214675026,3.4011973816621555,1.0986122886681098,2.740840023925201,2.833213344056216,0.0,0.0,6.896551724137931,0.0,3.4482758620689653,0.0,1.0,0.0,0.0,0.0,0.0,0.0,0.0,0.0,0.6896551724137931,0.10344827586206896,0.13793103448275862,0.0,0.0,0.0,0.0,0.0,0.0,0.0,0.0,0.0,0.0,0.0,3.4482758620689653
raw-L01312,1313,2002,【燃えろ！】スパロボＩＭＰＡＣＴ156【ｲｲｵﾄｺ】,0,-3.177625326118838,-5.248340541977857,2.6390573296152584,0.6931471805599453,2.6390573296152584,2.6390573296152584,0.0,0.0,7.6923076923076925,0.0,0.0,0.0,1.0,0.0,0.0,0.0,0.0,0.0,0.0,0.0,0.6923076923076923,0.07692307692307693,0.15384615384615385,0.0,0.0,0.0,0.0,0.0,0.0,0.0,0.0,0.0,0.0,0.0,7.6923076923076925
raw-L01315,1316,2002,【燃えろ！】スパロボＩＭＰＡＣＴ156【ｲｲｵﾄｺ】,0,-1.6637041074658456,-3.8239511522702165,3.1780538303479458,0.6931471805599453,3.1780538303479458,3.1780538303479458,0.0,0.0,4.3478260869565215,0.0,0.0,0.0,1.0,0.0,0.0,0.0,0.0,0.0,0.0,0.0,0.2608695652173913,0.08695652173913043,0.08695652173913043,0.0,0.0,0.43478260869565216,0.0,0.0,0.0,0.0,0.0,0.0,0.0,0.0,4.3478260869565215
raw-L01318,1319,2002,【燃えろ！】スパロボＩＭＰＡＣＴ156【ｲｲｵﾄｺ】,0,-2.023990314482864,-4.148160793150195,3.044522437723423,0.6931471805599453,3.044522437723423,3.044522437723423,0.0,0.0,5.0,0.0,0.0,0.0,1.0,0.0,0.0,0.0,0.0,0.0,0.0,0.0,0.35,0.1,0.2,0.0,0.0,0.25,0.0,0.0,0.0,0.0,0.0,0.0,0.0,0.0,5.0
raw-L01321,1322,2002,【燃えろ！】スパロボＩＭＰＡＣＴ156【ｲｲｵﾄｺ】,0,-2.2820967971869806,-4.490890096438369,2.8903717578961645,0.6931471805599453,2.8903717578961645,2.8903717578961645,0.0,0.0,5.882352941176471,0.0,0.0,0.0,1.0,0.0,0.0,0.0,0.0,0.0,0.0,0.0,0.35294117647058826,0.17647058823529413,0.23529411764705885,0.0,0.0,0.05882352941176471,0.0,0.0,0.0,0.0,0.0,0.0,0.0,0.0,5.882352941176471
raw-L01324,1325,2002,【燃えろ！】スパロボＩＭＰＡＣＴ156【ｲｲｵﾄｺ】,0,-0.020722641562979448,-2.49349669327251,3.5263605246161616,0.6931471805599453,3.5263605246161616,3.5263605246161616,0.0,0.0,3.0303030303030303,0.0,0.0,0.0,1.0,0.0,0.0,0.0,0.0,0.0,0.0,0.0,0.5454545454545454,0.09090909090909091,0.2727272727272727,0.0,0.0,0.030303030303030304,0.0,0.0,0.0,0.0,3.0303030303030303,3.0303030303030303,0.0,0.0,3.0303030303030303
raw-L01328,1329,2002,【燃えろ！】スパロボＩＭＰＡＣＴ156【ｲｲｵﾄｺ】,0,-3.8436504115576797,-5.967244515302445,2.4849066497880004,0.6931471805599453,2.4849066497880004,2.4849066497880004,0.0,0.0,9.090909090909092,0.0,0.0,0.0,1.0,0.0,0.0,0.0,0.0,0.0,0.0,0.0,0.36363636363636365,0.18181818181818182,0.36363636363636365,0.0,0.0,0.0,0.0,9.090909090909092,0.0,0.0,0.0,0.0,0.0,0.0,9.090909090909092
raw-L01331,1332,2002,【燃えろ！】スパロボＩＭＰＡＣＴ156【ｲｲｵﾄｺ】,0,-2.317606326116911,-2.12205513867763,3.295836866004329,1.0986122886681098,2.6390573296152584,2.8903717578961645,0.0,0.0,3.8461538461538463,0.0,3.8461538461538463,0.5,1.0,0.0,0.0,0.0,0.0,0.0,0.0,0.0,0.6153846153846154,0.11538461538461538,0.15384615384615385,0.0,0.0,0.038461538461538464,0.0,0.0,3.8461538461538463,0.0,0.0,0.0,0.0,0.0,3.8461538461538463
raw-L01335,1336,2002,【燃えろ！】スパロボＩＭＰＡＣＴ156【ｲｲｵﾄｺ】,0,-0.9011497875944697,-1.6608546797492203,3.6888794541139363,1.0986122886681098,3.0204248861443626,3.4657359027997265,0.0,0.0,2.5641025641025643,0.0,2.5641025641025643,0.5,1.0,0.0,0.0,0.0,0.0,0.0,0.0,0.0,0.5128205128205129,0.07692307692307693,0.28205128205128205,0.0,0.0,0.05128205128205129,0.0,0.0,0.0,0.0,0.0,0.0,0.0,0.0,2.5641025641025643
raw-L01339,1340,2002,【燃えろ！】スパロボＩＭＰＡＣＴ156【ｲｲｵﾄｺ】,0,-1.3397285385305562,-1.0583217619248284,3.258096538021482,0.6931471805599453,3.258096538021482,3.258096538021482,0.0,0.0,0.0,0.0,0.0,1.0,1.0,0.0,0.0,0.0,0.0,0.0,0.0,0.0,0.32,0.08,0.32,0.0,0.0,0.24,0.0,0.0,0.0,0.0,0.0,0.0,0.0,0.0,4.0
raw-L01342,1343,2002,【燃えろ！】スパロボＩＭＰＡＣＴ156【ｲｲｵﾄｺ】,0,-3.1445046831336465,-4.922483434091638,2.70805020110221,0.6931471805599453,2.70805020110221,2.70805020110221,0.0,0.0,7.142857142857143,0.0,0.0,0.0,1.0,0.0,0.0,0.0,0.0,0.0,0.0,0.0,0.5714285714285715,0.35714285714285715,0.0,0.0,0.0,0.0,0.0,7.142857142857143,0.0,0.0,0.0,0.0,0.0,0.0,7.142857142857143
raw-L01345,1346,2002,【燃えろ！】スパロボＩＭＰＡＣＴ156【ｲｲｵﾄｺ】,2,-1.8063496819601992,0.7710135949247642,3.044522437723423,1.0986122886681098,2.3978952727983707,2.6390573296152584,0.0,0.0,0.0,0.0,5.0,1.0,1.0,0.0,0.0,0.0,0.0,0.0,0.0,0.0,0.65,0.35,0.0,0.0,0.0,0.0,0.0,0.0,0.0,0.0,0.0,0.0,0.0,0.0,0.0
raw-L01350,1351,2002,【燃えろ！】スパロボＩＭＰＡＣＴ156【ｲｲｵﾄｺ】,2,-1.844381788241188,0.05168007720324493,3.367295829986474,1.0986122886681098,2.70805020110221,2.772588722239781,0.0,0.0,0.0,0.0,3.5714285714285716,1.0,1.0,0.0,0.0,0.0,0.0,0.0,0.0,0.0,0.6785714285714286,0.32142857142857145,0.0,0.0,0.0,0.0,0.0,7.142857142857143,0.0,0.0,0.0,0.0,0.0,3.5714285714285716,3.5714285714285716
raw-L01354,1355,2002,【燃えろ！】スパロボＩＭＰＡＣＴ156【ｲｲｵﾄｺ】,0,-0.9573656580810878,-3.136380610713614,3.4011973816621555,0.6931471805599453,3.4011973816621555,3.4011973816621555,0.0,0.0,3.4482758620689653,0.0,0.0,0.0,1.0,0.0,0.0,0.0,0.0,0.0,0.0,0.0,0.4482758620689655,0.24137931034482757,0.27586206896551724,0.0,0.0,0.0,0.0,3.4482758620689653,0.0,0.0,0.0,3.4482758620689653,0.0,0.0,3.4482758620689653
raw-L01357,1358,2002,【燃えろ！】スパロボＩＭＰＡＣＴ156【ｲｲｵﾄｺ】,0,-1.7106357418413658,-4.013342736433337,3.091042453358316,0.6931471805599453,3.091042453358316,3.091042453358316,0.0,0.0,4.761904761904762,0.0,0.0,0.0,1.0,0.0,0.0,0.0,0.0,0.0,0.0,0.0,0.38095238095238093,0.19047619047619047,0.38095238095238093,0.0,0.0,0.0,0.0,0.0,0.0,0.0,0.0,0.0,0.0,0.0,4.761904761904762
raw-L01360,1361,2002,【燃えろ！】スパロボＩＭＰＡＣＴ156【ｲｲｵﾄｺ】,2,-1.9843365828030757,-0.5715920700680663,2.772588722239781,0.6931471805599453,2.772588722239781,2.772588722239781,0.0,0.0,0.0,0.0,0.0,1.0,1.0,0.0,0.0,0.0,0.0,0.0,0.0,0.0,0.4,0.06666666666666667,0.5333333333333333,0.0,0.0,0.0,0.0,6.666666666666667,0.0,0.0,0.0,0.0,0.0,0.0,0.0
raw-L01363,1364,2002,【燃えろ！】スパロボＩＭＰＡＣＴ156【ｲｲｵﾄｺ】,2,-1.2980203806031896,-0.18014304722554195,3.091042453358316,0.6931471805599453,3.091042453358316,3.091042453358316,0.0,0.0,0.0,0.0,0.0,1.0,1.0,0.0,0.0,0.0,0.0,0.0,0.0,0.0,0.5238095238095238,0.2380952380952381,0.2380952380952381,0.0,0.0,0.0,0.0,4.761904761904762,0.0,0.0,0.0,0.0,0.0,0.0,0.0
raw-L01366,1367,2002,【燃えろ！】スパロボＩＭＰＡＣＴ156【ｲｲｵﾄｺ】,2,-1.493718223969307,-0.40551828006728363,2.995732273553991,0.6931471805599453,2.995732273553991,2.995732273553991,0.0,0.0,0.0,0.0,0.0,1.0,1.0,0.0,0.0,0.0,0.0,0.0,0.0,0.0,0.4210526315789474,0.15789473684210525,0.4210526315789474,0.0,0.0,0.0,0.0,5.2631578947368425,0.0,0.0,0.0,0.0,0.0,0.0,0.0
raw-L01369,1370,2002,【燃えろ！】スパロボＩＭＰＡＣＴ156【ｲｲｵﾄｺ】,0,-1.0860715081755303,-1.8510417532835441,3.6375861597263857,1.0986122886681098,2.970414465569701,3.091042453358316,0.0,0.0,2.7027027027027026,0.0,2.7027027027027026,0.5,1.0,0.0,0.0,0.0,0.0,0.0,0.0,0.0,0.35135135135135137,0.08108108108108109,0.45945945945945943,0.0,0.0,0.027027027027027025,0.0,2.7027027027027026,0.0,2.7027027027027026,0.0,0.0,0.0,0.0,2.7027027027027026
raw-L01373,1374,2002,【燃えろ！】スパロボＩＭＰＡＣＴ156【ｲｲｵﾄｺ】,0,-1.9038682106764828,-4.116952151843948,3.091042453358316,0.6931471805599453,3.091042453358316,3.091042453358316,0.0,0.0,4.761904761904762,0.0,0.0,0.0,1.0,0.0,0.0,0.0,0.0,0.0,0.0,0.0,0.33333333333333337,0.2380952380952381,0.38095238095238093,0.0,0.0,0.0,0.0,4.761904761904762,0.0,0.0,0.0,0.0,0.0,0.0,4.761904761904762
raw-L01376,1377,2002,【燃えろ！】スパロボＩＭＰＡＣＴ156【ｲｲｵﾄｺ】,0,-2.910349568551674,-2.7758211286572334,3.044522437723423,1.0986122886681098,2.3978952727983707,2.4849066497880004,0.0,0.0,5.0,0.0,5.0,0.5,1.0,0.0,0.0,0.0,0.0,0.0,0.0,0.0,0.35,0.2,0.3,0.0,0.0,0.05,0.0,5.0,0.0,0.0,0.0,0.0,0.0,0.0,5.0
raw-L01380,1381,2002,【燃えろ！】スパロボＩＭＰＡＣＴ156【ｲｲｵﾄｺ】,0,-2.5174369463162445,-4.654500143233352,2.8903717578961645,0.6931471805599453,2.8903717578961645,2.8903717578961645,0.0,0.0,5.882352941176471,0.0,0.0,0.0,1.0,0.0,0.0,0.0,0.0,0.0,0.0,0.0,0.35294117647058826,0.23529411764705885,0.35294117647058826,0.0,0.0,0.0,0.0,5.882352941176471,0.0,0.0,0.0,0.0,0.0,0.0,5.882352941176471
raw-L01383,1384,2002,【燃えろ！】スパロボＩＭＰＡＣＴ156【ｲｲｵﾄｺ】,0,1.0675914329501353,-5.444259436721955,3.4339872044851463,0.6931471805599453,3.4339872044851463,3.4339872044851463,0.0,3.3333333333333335,3.3333333333333335,0.0,0.0,0.0,0.0,0.0,0.0,0.0,0.0,0.0,0.0,0.0,0.5666666666666667,0.13333333333333333,0.16666666666666669,0.0,0.0,0.03333333333333333,0.0,3.3333333333333335,0.0,0.0,0.0,0.0,0.0,0.0,3.3333333333333335
raw-L01386,1387,2002,【燃えろ！】スパロボＩＭＰＡＣＴ156【ｲｲｵﾄｺ】,2,-1.7763517458234188,-0.16067545152067544,3.044522437723423,0.6931471805599453,3.044522437723423,3.044522437723423,0.0,0.0,0.0,0.0,0.0,1.0,1.0,0.0,0.0,0.0,0.0,0.0,0.0,0.0,0.85,0.0,0.15,0.0,0.0,0.0,0.0,0.0,5.0,0.0,0.0,0.0,0.0,0.0,0.0
raw-L01390,1391,2002,【燃えろ！】スパロボＩＭＰＡＣＴ156【ｲｲｵﾄｺ】,0,0.3576457228473663,-2.6562100394004196,3.912023005428146,1.0986122886681098,3.2386784521643803,3.332204510175204,0.0,2.0408163265306123,2.0408163265306123,0.0,2.0408163265306123,0.5,0.5,0.0,0.0,0.0,0.0,0.0,0.0,0.0,0.5918367346938775,0.10204081632653061,0.22448979591836735,0.0,0.0,0.020408163265306124,0.0,4.081632653061225,0.0,0.0,0.0,0.0,0.0,0.0,2.0408163265306123
raw-L01394,1395,2002,【燃えろ！】スパロボＩＭＰＡＣＴ156【ｲｲｵﾄｺ】,0,-1.3220302174118725,-1.9441927467096898,3.5553480614894135,1.0986122886681098,2.8903717578961645,2.995732273553991,0.0,0.0,2.9411764705882355,0.0,2.9411764705882355,0.5,1.0,0.0,0.0,0.0,0.0,0.0,0.0,0.0,0.32352941176470584,0.11764705882352942,0.5,0.0,0.0,0.0,0.0,0.0,0.0,0.0,0.0,0.0,0.0,0.0,2.9411764705882355
raw-L01399,1400,2002,【燃えろ！】スパロボＩＭＰＡＣＴ156【ｲｲｵﾄｺ】,2,-2.303900103534106,-0.6335012076242028,3.1354942159291497,1.0986122886681098,2.4849066497880004,2.9444389791664403,0.0,0.0,0.0,0.0,4.545454545454546,1.0,1.0,0.0,0.0,0.0,0.0,0.0,0.0,0.0,0.45454545454545453,0.09090909090909091,0.22727272727272727,0.0,0.0,0.13636363636363635,0.0,4.545454545454546,0.0,0.0,0.0,0.0,0.0,0.0,4.545454545454546
raw-L01403,1404,2002,【燃えろ！】スパロボＩＭＰＡＣＴ156【ｲｲｵﾄｺ】,0,-1.6335480546706673,-2.0157608503353464,3.367295829986474,1.0986122886681098,2.70805020110221,2.833213344056216,0.0,0.0,3.5714285714285716,0.0,3.5714285714285716,0.5,1.0,0.0,0.0,0.0,0.0,0.0,0.0,0.0,0.35714285714285715,0.25,0.32142857142857145,0.0,0.0,0.0,0.0,3.5714285714285716,0.0,3.5714285714285716,0.0,0.0,0.0,0.0,3.5714285714285716
raw-L01407,1408,2002,【燃えろ！】スパロボＩＭＰＡＣＴ156【ｲｲｵﾄｺ】,0,-2.366494585690262,-2.7999406542195793,3.367295829986474,1.0986122886681098,2.70805020110221,3.044522437723423,0.0,0.0,3.5714285714285716,0.0,3.5714285714285716,0.5,1.0,0.0,0.0,0.0,0.0,0.0,0.0,0.0,0.5,0.10714285714285714,0.28571428571428575,0.0,0.0,0.0,0.0,0.0,3.5714285714285716,0.0,0.0,0.0,0.0,0.0,7.142857142857143
raw-L01412,1413,2002,【燃えろ！】スパロボＩＭＰＡＣＴ156【ｲｲｵﾄｺ】,0,-3.2840051515071305,-5.647851690314649,2.5649493574615367,0.6931471805599453,2.5649493574615367,2.5649493574615367,0.0,0.0,8.333333333333334,0.0,0.0,0.0,1.0,0.0,0.0,0.0,0.0,0.0,0.0,0.0,0.41666666666666663,0.16666666666666669,0.33333333333333337,0.0,0.0,0.0,0.0,0.0,0.0,0.0,0.0,0.0,0.0,0.0,8.333333333333334
raw-L01415,1416,2002,【燃えろ！】スパロボＩＭＰＡＣＴ156【ｲｲｵﾄｺ】,1,-0.07402773757259525,0.053561548007566046,4.2626798770413155,1.6094379124341003,2.917770732084279,3.1780538303479458,0.0,0.0,1.4285714285714286,0.0,4.285714285714286,0.75,1.0,0.0,0.0,0.0,0.0,0.0,0.0,0.0,0.4857142857142857,0.14285714285714288,0.3285714285714285,0.0,0.0,0.0,0.0,0.0,1.4285714285714286,1.4285714285714286,1.4285714285714286,0.0,0.0,0.0,1.4285714285714286
raw-L01421,1422,2002,【燃えろ！】スパロボＩＭＰＡＣＴ156【ｲｲｵﾄｺ】,2,-2.3046895277017945,-0.019907637588374084,2.772588722239781,0.6931471805599453,2.772588722239781,2.772588722239781,0.0,0.0,0.0,0.0,0.0,1.0,1.0,0.0,0.0,0.0,0.0,0.0,0.0,0.0,0.8,0.2,0.0,0.0,0.0,0.0,0.0,0.0,6.666666666666667,0.0,0.0,0.0,0.0,0.0,0.0
raw-L01424,1425,2002,【燃えろ！】スパロボＩＭＰＡＣＴ156【ｲｲｵﾄｺ】,2,-3.9550050643143018,1.0087588345870862,2.0794415416798357,1.0986122886681098,1.5040773967762742,1.6094379124341003,0.0,0.0,0.0,0.0,14.285714285714286,1.0,1.0,0.0,0.0,0.0,0.0,0.0,0.0,0.0,0.8571428571428571,0.14285714285714288,0.0,0.0,0.0,0.0,0.0,0.0,0.0,0.0,0.0,0.0,0.0,0.0,0.0
raw-L01428,1429,2002,【燃えろ！】スパロボＩＭＰＡＣＴ156【ｲｲｵﾄｺ】,2,-1.3048614663647973,-1.0936445531298788,3.4657359027997265,1.0986122886681098,2.803360380906535,2.995732273553991,0.0,0.0,3.225806451612903,0.0,3.225806451612903,0.5,1.0,0.0,0.0,0.0,0.0,0.0,0.0,0.0,0.7741935483870968,0.12903225806451613,0.06451612903225806,0.0,0.0,0.0,0.0,0.0,0.0,0.0,0.0,0.0,0.0,0.0,0.0
raw-L01432,1433,2002,【燃えろ！】スパロボＩＭＰＡＣＴ156【ｲｲｵﾄｺ】,2,-2.768912645307703,-0.05307865457081005,2.1972245773362196,0.6931471805599453,2.1972245773362196,2.1972245773362196,0.0,0.0,0.0,0.0,0.0,1.0,1.0,0.0,0.0,0.0,0.0,0.0,0.0,0.0,0.75,0.25,0.0,0.0,0.0,0.0,0.0,0.0,0.0,0.0,0.0,0.0,0.0,0.0,0.0
raw-L01435,1436,2002,【燃えろ！】スパロボＩＭＰＡＣＴ156【ｲｲｵﾄｺ】,0,-2.2753133668175605,-4.621365027859953,2.8903717578961645,0.6931471805599453,2.8903717578961645,2.8903717578961645,0.0,0.0,5.882352941176471,0.0,0.0,0.0,1.0,0.0,0.0,0.0,0.0,0.0,0.0,0.0,0.35294117647058826,0.11764705882352942,0.411764705882353,0.0,0.0,0.0,0.0,0.0,0.0,0.0,0.0,0.0,0.0,0.0,5.882352941176471
raw-L01443,1444,2002,【ﾘｱ厨】スパロボＩＭＰＡＣＴ157【お断り】,2,-3.655240378491194,-0.29392964937914706,1.791759469228055,0.6931471805599453,1.791759469228055,1.791759469228055,0.0,0.0,0.0,0.0,0.0,1.0,1.0,0.0,0.0,0.0,0.0,0.0,0.0,0.0,1.0,0.0,0.0,0.0,0.0,0.0,0.0,0.0,0.0,0.0,0.0,0.0,0.0,0.0,0.0
raw-L01447,1448,2002,【ﾘｱ厨】スパロボＩＭＰＡＣＴ157【お断り】,2,-2.9908544496527716,-0.030080206239610226,2.3978952727983707,0.6931471805599453,2.3978952727983707,2.3978952727983707,0.0,0.0,0.0,0.0,0.0,1.0,1.0,0.0,0.0,0.0,0.0,0.0,0.0,0.0,0.6,0.4,0.0,0.0,0.0,0.0,0.0,0.0,10.0,0.0,0.0,0.0,0.0,0.0,0.0
raw-L01451,1452,2002,【ﾘｱ厨】スパロボＩＭＰＡＣＴ157【お断り】,2,-2.254336579866618,-0.04802843369205379,2.4849066497880004,0.6931471805599453,2.4849066497880004,2.4849066497880004,0.0,0.0,0.0,0.0,0.0,1.0,1.0,0.0,0.0,0.0,0.0,0.0,0.0,0.0,0.7272727272727273,0.18181818181818182,0.0,0.0,0.0,0.0,0.0,0.0,0.0,0.0,0.0,0.0,0.0,0.0,0.0
raw-L01455,1456,2002,【ﾘｱ厨】スパロボＩＭＰＡＣＴ157【お断り】,4,1.4541182003553381,2.1448046922920208,5.805134968916488,2.995732273553991,2.913494175317019,3.4339872044851463,0.0,0.0,0.0,0.0,5.740181268882175,1.0,1.0,0.0,0.0,0.0,0.0,0.0,0.0,13.897280966767372,0.006042296072507553,0.08761329305135952,0.28700906344410876,0.0,0.07250755287009064,0.36555891238670696,0.0,0.0,0.0,0.0,0.0,0.0,0.0,0.0,0.0
raw-L01477,1478,2002,【ﾘｱ厨】スパロボＩＭＰＡＣＴ157【お断り】,2,-0.5748212237997505,0.23327054792057425,4.276666119016055,1.9459101490553132,2.5520459526256287,3.2188758248682006,0.0,0.0,1.408450704225352,0.0,7.042253521126761,0.8333333333333334,1.0,0.0,0.0,0.0,0.0,0.0,0.0,0.0,0.4929577464788732,0.09859154929577464,0.39436619718309857,0.0,0.0,0.0,0.0,0.0,0.0,0.0,0.0,0.0,0.0,0.0,1.408450704225352
raw-L01485,1486,2002,【ﾘｱ厨】スパロボＩＭＰＡＣＴ157【お断り】,0,-2.990974482426046,-4.925922613776485,2.772588722239781,0.6931471805599453,2.772588722239781,2.772588722239781,0.0,0.0,6.666666666666667,0.0,0.0,0.0,1.0,0.0,0.0,0.0,0.0,0.0,0.0,0.0,0.4666666666666666,0.2,0.13333333333333333,0.0,0.0,0.06666666666666667,0.0,6.666666666666667,0.0,0.0,0.0,0.0,0.0,0.0,6.666666666666667
raw-L01489,1490,2002,【ﾘｱ厨】スパロボＩＭＰＡＣＴ157【お断り】,2,-3.701320956372099,0.6163368825196094,2.6390573296152584,1.0986122886681098,2.0149030205422647,2.0794415416798357,0.0,0.0,0.0,0.0,7.6923076923076925,1.0,1.0,0.0,0.0,0.0,0.0,0.0,0.0,0.0,0.6153846153846154,0.3846153846153846,0.0,0.0,0.0,0.0,0.0,7.6923076923076925,7.6923076923076925,0.0,0.0,0.0,0.0,0.0,0.0
raw-L01494,1495,2002,【ﾘｱ厨】スパロボＩＭＰＡＣＴ157【お断り】,4,1.277518990408173,2.2833247062240005,5.3471075307174685,2.6390573296152584,2.8377280244107426,3.4339872044851463,0.0,0.0,0.0,0.0,6.220095693779904,1.0,1.0,0.0,0.0,0.4784688995215311,0.0,0.0,0.0,16.267942583732058,0.009569377990430622,0.12440191387559808,0.24880382775119617,0.0,0.07655502392344497,0.354066985645933,0.0,0.0,0.0,0.0,0.0,0.0,0.0,0.0,0.0
raw-L01522,1523,2002,【ﾄﾞﾘﾙ】スパロボＩＭＰＡＣＴ158【ちんちん】,4,1.277518990408173,2.2833247062240005,5.3471075307174685,2.6390573296152584,2.8377280244107426,3.4339872044851463,0.0,0.0,0.0,0.0,6.220095693779904,1.0,1.0,0.0,0.0,0.4784688995215311,0.0,0.0,0.0,16.267942583732058,0.009569377990430622,0.12440191387559808,0.24880382775119617,0.0,0.07655502392344497,0.354066985645933,0.0,0.0,0.0,0.0,0.0,0.0,0.0,0.0,0.0
raw-L01538,1539,2002,【ﾄﾞﾘﾙ】スパロボＩＭＰＡＣＴ158【ちんちん】,4,0.1204663912474362,2.9869933134694766,4.8283137373023015,2.833213344056216,2.169053700369523,2.833213344056216,0.0,0.0,0.0,0.0,13.709677419354838,1.0,1.0,0.0,0.0,0.8064516129032258,0.0,0.0,0.0,18.548387096774192,0.008064516129032258,0.3951612903225806,0.11290322580645162,0.0,0.08064516129032258,0.3548387096774194,0.0,0.0,0.0,0.0,0.0,0.0,0.0,0.0,0.0
raw-L01558,1559,2002,【ﾄﾞﾘﾙ】スパロボＩＭＰＡＣＴ158【ちんちん】,4,1.2814650227491426,2.1315762177055695,5.337538079701318,2.5649493574615367,2.9041650800285006,3.4339872044851463,0.0,0.0,0.0,0.0,5.797101449275362,1.0,1.0,0.0,0.0,0.0,0.0,0.0,0.0,15.458937198067632,0.004830917874396135,0.1111111111111111,0.2560386473429952,0.0,0.0966183574879227,0.35265700483091783,0.0,0.0,0.0,0.0,0.0,0.0,0.0,0.0,0.0
raw-L01573,1574,2002,【ﾄﾞﾘﾙ】スパロボＩＭＰＡＣＴ158【ちんちん】,4,1.4541182003553381,2.1448046922920208,5.805134968916488,2.995732273553991,2.913494175317019,3.4339872044851463,0.0,0.0,0.0,0.0,5.740181268882175,1.0,1.0,0.0,0.0,0.0,0.0,0.0,0.0,13.897280966767372,0.006042296072507553,0.08761329305135952,0.28700906344410876,0.0,0.07250755287009064,0.36555891238670696,0.0,0.0,0.0,0.0,0.0,0.0,0.0,0.0,0.0
raw-L01595,1596,2002,【ﾄﾞﾘﾙ】スパロボＩＭＰＡＣＴ158【ちんちん】,2,-2.127562050642033,-0.28425284129247125,2.70805020110221,0.6931471805599453,2.70805020110221,2.70805020110221,0.0,0.0,0.0,0.0,0.0,1.0,1.0,0.0,0.0,0.0,0.0,0.0,0.0,0.0,0.5714285714285715,0.21428571428571427,0.14285714285714288,0.0,0.0,0.0,0.0,7.142857142857143,0.0,0.0,0.0,0.0,0.0,0.0,0.0
raw-L01598,1599,2002,【ﾄﾞﾘﾙ】スパロボＩＭＰＡＣＴ158【ちんちん】,0,-0.7422705302489453,-3.3308076850609787,3.4657359027997265,0.6931471805599453,3.4657359027997265,3.4657359027997265,0.0,0.0,3.225806451612903,0.0,0.0,0.0,1.0,0.0,0.0,0.0,0.0,0.0,0.0,0.0,0.29032258064516125,0.12903225806451613,0.3548387096774194,0.0,0.0,0.0,0.0,0.0,0.0,0.0,0.0,0.0,0.0,0.0,3.225806451612903
raw-L01601,1602,2002,【ﾄﾞﾘﾙ】スパロボＩＭＰＡＣＴ158【ちんちん】,0,-0.5439868931941398,-3.163485947804058,3.5263605246161616,0.6931471805599453,3.5263605246161616,3.5263605246161616,0.0,0.0,3.0303030303030303,0.0,0.0,0.0,1.0,0.0,0.0,0.0,0.0,0.0,0.0,0.0,0.24242424242424243,0.24242424242424243,0.36363636363636365,0.0,0.0,0.0,0.0,0.0,0.0,0.0,0.0,0.0,0.0,0.0,3.0303030303030303
raw-L01604,1605,2002,【ﾄﾞﾘﾙ】スパロボＩＭＰＡＣＴ158【ちんちん】,0,-1.6950284489600438,-1.8120736319294373,3.367295829986474,1.0986122886681098,2.70805020110221,2.995732273553991,0.0,0.0,3.5714285714285716,0.0,3.5714285714285716,0.5,1.0,0.0,0.0,0.0,0.0,0.0,0.0,0.0,0.5357142857142857,0.28571428571428575,0.07142857142857144,0.0,0.0,0.03571428571428572,0.0,0.0,0.0,0.0,0.0,0.0,0.0,0.0,3.5714285714285716
raw-L01608,1609,2002,【ﾄﾞﾘﾙ】スパロボＩＭＰＡＣＴ158【ちんちん】,2,-1.9598181040316602,0.5159026802695569,2.995732273553991,1.0986122886681098,2.3513752571634776,2.4849066497880004,0.0,0.0,0.0,0.0,5.2631578947368425,1.0,1.0,0.0,0.0,0.0,0.0,0.0,0.0,0.0,0.4210526315789474,0.2631578947368421,0.2105263157894737,0.0,0.0,0.052631578947368425,0.0,0.0,0.0,0.0,0.0,0.0,0.0,0.0,0.0
raw-L01612,1613,2002,【ﾄﾞﾘﾙ】スパロボＩＭＰＡＣＴ158【ちんちん】,2,-2.722209060552493,0.04771000818324205,3.295836866004329,1.3862943611198906,2.268683541318364,2.3978952727983707,0.0,0.0,0.0,0.0,7.6923076923076925,1.0,1.0,0.0,0.0,0.0,0.0,0.0,0.0,0.0,0.6923076923076923,0.038461538461538464,0.15384615384615385,0.0,0.0,0.0,0.0,0.0,3.8461538461538463,0.0,0.0,0.0,0.0,0.0,3.8461538461538463
raw-L01617,1618,2002,【ﾄﾞﾘﾙ】スパロボＩＭＰＡＣＴ158【ちんちん】,2,-1.259520007024101,-0.9518514482990751,3.1780538303479458,0.6931471805599453,3.1780538303479458,3.1780538303479458,0.0,0.0,0.0,0.0,0.0,1.0,1.0,0.0,0.0,0.0,0.0,0.0,0.0,0.0,0.30434782608695654,0.30434782608695654,0.34782608695652173,0.0,0.0,0.0,0.0,0.0,0.0,0.0,0.0,0.0,0.0,0.0,4.3478260869565215
raw-L01620,1621,2002,【ﾄﾞﾘﾙ】スパロボＩＭＰＡＣＴ158【ちんちん】,0,-1.42985853817468,-1.5723938995146765,3.58351893845611,1.0986122886681098,2.917770732084279,3.1780538303479458,0.0,0.0,2.857142857142857,0.0,2.857142857142857,0.5,1.0,0.0,0.0,0.0,0.0,0.0,0.0,0.0,0.7142857142857143,0.17142857142857143,0.08571428571428572,0.0,0.0,0.0,0.0,2.857142857142857,2.857142857142857,2.857142857142857,0.0,0.0,0.0,0.0,2.857142857142857
raw-L01624,1625,2002,【ﾄﾞﾘﾙ】スパロボＩＭＰＡＣＴ158【ちんちん】,0,-1.7553252076786394,-1.6870615007952863,3.5553480614894135,1.0986122886681098,2.8903717578961645,2.995732273553991,0.0,0.0,2.9411764705882355,0.0,2.9411764705882355,0.5,1.0,0.0,0.0,0.0,0.0,0.0,0.0,0.0,0.5294117647058824,0.29411764705882354,0.08823529411764706,0.0,0.0,0.05882352941176471,0.0,2.9411764705882355,2.9411764705882355,0.0,0.0,0.0,0.0,0.0,2.9411764705882355
raw-L01628,1629,2002,【ﾄﾞﾘﾙ】スパロボＩＭＰＡＣＴ158【ちんちん】,2,-1.6145768406772456,0.4166355456308053,3.332204510175204,1.0986122886681098,2.6741486494265287,2.70805020110221,0.0,0.0,0.0,0.0,3.7037037037037037,1.0,1.0,0.0,0.0,0.0,0.0,0.0,0.0,0.0,0.8518518518518519,0.0,0.14814814814814814,0.0,0.0,0.0,0.0,0.0,0.0,0.0,0.0,0.0,0.0,0.0,0.0
raw-L01632,1633,2002,【ﾄﾞﾘﾙ】スパロボＩＭＰＡＣＴ158【ちんちん】,0,-3.1126135267343598,-1.7024143416834276,2.833213344056216,1.0986122886681098,2.1972245773362196,2.5649493574615367,0.0,0.0,6.25,0.0,6.25,0.5,1.0,0.0,0.0,0.0,0.0,0.0,0.0,0.0,0.8125,0.125,0.0,0.0,0.0,0.0,0.0,0.0,6.25,0.0,0.0,0.0,0.0,0.0,0.0
raw-L01637,1638,2002,【ﾄﾞﾘﾙ】スパロボＩＭＰＡＣＴ158【ちんちん】,0,-2.3520003173211763,-3.8469072238320026,2.5649493574615367,0.6931471805599453,2.5649493574615367,2.5649493574615367,0.0,0.0,8.333333333333334,0.0,0.0,0.0,1.0,0.0,0.0,0.0,0.0,0.0,0.0,0.0,0.6666666666666667,0.08333333333333334,0.16666666666666669,0.0,0.0,0.0,8.333333333333334,0.0,0.0,0.0,0.0,0.0,0.0,0.0,0.0
raw-L01640,1641,2002,【ﾄﾞﾘﾙ】スパロボＩＭＰＡＣＴ158【ちんちん】,2,-2.979687188102759,1.1755631772380641,2.3978952727983707,1.0986122886681098,1.791759469228055,1.791759469228055,0.0,0.0,0.0,0.0,10.0,1.0,1.0,0.0,0.0,0.0,0.0,0.0,0.0,0.0,0.5,0.5,0.0,0.0,0.0,0.0,10.0,0.0,0.0,0.0,0.0,0.0,0.0,0.0,0.0
raw-L01645,1646,2002,【ﾄﾞﾘﾙ】スパロボＩＭＰＡＣＴ158【ちんちん】,0,-2.6745617137888575,-4.555840106487924,2.772588722239781,0.6931471805599453,2.772588722239781,2.772588722239781,0.0,0.0,6.666666666666667,0.0,0.0,0.0,1.0,0.0,0.0,0.0,0.0,0.0,0.0,0.0,0.6666666666666667,0.26666666666666666,0.0,0.0,0.0,0.0,0.0,0.0,0.0,0.0,0.0,0.0,0.0,0.0,6.666666666666667
raw-L01649,1650,2002,【ﾄﾞﾘﾙ】スパロボＩＭＰＡＣＴ158【ちんちん】,0,-2.351852114778741,-2.185732458962422,3.2188758248682006,1.0986122886681098,2.5649493574615367,2.833213344056216,0.0,0.0,4.166666666666667,0.0,4.166666666666667,0.5,1.0,0.0,0.0,0.0,0.0,0.0,0.0,0.0,0.6666666666666667,0.20833333333333331,0.08333333333333334,0.0,0.0,0.0,0.0,4.166666666666667,0.0,0.0,0.0,0.0,0.0,0.0,4.166666666666667
raw-L01664,1665,2002,【逝って】スパロボインパクト161【しまえぇぇ】,4,0.1204663912474362,2.9869933134694766,4.8283137373023015,2.833213344056216,2.169053700369523,2.833213344056216,0.0,0.0,0.0,0.0,13.709677419354838,1.0,1.0,0.0,0.0,0.8064516129032258,0.0,0.0,0.0,18.548387096774192,0.008064516129032258,0.3951612903225806,0.11290322580645162,0.0,0.08064516129032258,0.3548387096774194,0.0,0.0,0.0,0.0,0.0,0.0,0.0,0.0,0.0
raw-L01684,1685,2002,【逝って】スパロボインパクト161【しまえぇぇ】,4,1.2814650227491426,2.1315762177055695,5.337538079701318,2.5649493574615367,2.9041650800285006,3.4339872044851463,0.0,0.0,0.0,0.0,5.797101449275362,1.0,1.0,0.0,0.0,0.0,0.0,0.0,0.0,15.458937198067632,0.004830917874396135,0.1111111111111111,0.2560386473429952,0.0,0.0966183574879227,0.35265700483091783,0.0,0.0,0.0,0.0,0.0,0.0,0.0,0.0,0.0
raw-L01700,1701,2002,【逝って】スパロボインパクト161【しまえぇぇ】,0,-2.62678472641866,-5.002138767194205,2.772588722239781,0.6931471805599453,2.772588722239781,2.772588722239781,0.0,0.0,6.666666666666667,0.0,0.0,0.0,1.0,0.0,0.0,0.0,0.0,0.0,0.0,0.0,0.26666666666666666,0.13333333333333333,0.4,0.0,0.0,0.06666666666666667,0.0,0.0,0.0,0.0,0.0,0.0,0.0,0.0,6.666666666666667
raw-L01703,1704,2002,【逝って】スパロボインパクト161【しまえぇぇ】,4,0.1204663912474362,2.9869933134694766,4.8283137373023015,2.833213344056216,2.169053700369523,2.833213344056216,0.0,0.0,0.0,0.0,13.709677419354838,1.0,1.0,0.0,0.0,0.8064516129032258,0.0,0.0,0.0,18.548387096774192,0.008064516129032258,0.3951612903225806,0.11290322580645162,0.0,0.08064516129032258,0.3548387096774194,0.0,0.0,0.0,0.0,0.0,0.0,0.0,0.0,0.0
raw-L01723,1724,2002,【逝って】スパロボインパクト161【しまえぇぇ】,0,-1.637680662606087,-1.6746437881220788,3.4339872044851463,1.0986122886681098,2.772588722239781,3.091042453358316,0.0,0.0,3.3333333333333335,0.0,3.3333333333333335,0.5,1.0,0.0,0.0,0.0,0.0,0.0,0.0,0.0,0.6,0.36666666666666664,0.0,0.0,0.0,0.0,0.0,3.3333333333333335,0.0,0.0,0.0,0.0,0.0,0.0,3.3333333333333335
raw-L01727,1728,2002,【逝って】スパロボインパクト161【しまえぇぇ】,0,-1.3284489457747697,-3.3319675831606315,3.044522437723423,0.6931471805599453,3.044522437723423,3.044522437723423,0.0,0.0,5.0,0.0,0.0,0.0,1.0,0.0,0.0,0.0,0.0,0.0,0.0,0.0,0.25,0.05,0.5,0.0,0.0,0.05,0.0,0.0,0.0,0.0,0.0,0.0,0.0,0.0,0.0
raw-L01730,1731,2002,【逝って】スパロボインパクト161【しまえぇぇ】,2,-1.3948030734681047,0.5871828304658048,3.367295829986474,1.0986122886681098,2.70805020110221,2.9444389791664403,0.0,0.0,0.0,0.0,3.5714285714285716,1.0,1.0,0.0,0.0,0.0,0.0,0.0,0.0,0.0,0.6785714285714286,0.28571428571428575,0.0,0.0,0.0,0.0,0.0,3.5714285714285716,0.0,0.0,0.0,0.0,0.0,0.0,0.0
raw-L01734,1735,2002,【逝って】スパロボインパクト161【しまえぇぇ】,2,-2.274875757128932,0.4132626205668154,3.1780538303479458,1.0986122886681098,2.5257286443082556,2.5649493574615367,0.0,0.0,0.0,0.0,4.3478260869565215,1.0,1.0,0.0,0.0,0.0,0.0,0.0,0.0,0.0,0.6086956521739131,0.2608695652173913,0.13043478260869565,0.0,0.0,0.0,0.0,4.3478260869565215,4.3478260869565215,0.0,0.0,0.0,0.0,0.0,0.0
raw-L01738,1739,2002,【逝って】スパロボインパクト161【しまえぇぇ】,0,-1.8720900021804474,-2.087570252248809,3.713572066704308,1.0986122886681098,3.044522437723423,3.1354942159291497,0.0,0.0,2.5,0.0,2.5,0.5,1.0,0.0,0.0,0.0,0.0,0.0,0.0,0.0,0.6,0.175,0.125,0.0,0.0,0.05,0.0,2.5,5.0,0.0,0.0,0.0,0.0,0.0,5.0
raw-L01742,1743,2002,【逝って】スパロボインパクト161【しまえぇぇ】,2,-0.6853729422460481,-0.16054345865253797,3.295836866004329,0.6931471805599453,3.295836866004329,3.295836866004329,0.0,0.0,0.0,0.0,0.0,1.0,1.0,0.0,0.0,0.0,0.0,0.0,0.0,0.0,0.4230769230769231,0.15384615384615385,0.34615384615384615,0.0,0.0,0.0,0.0,0.0,0.0,0.0,0.0,0.0,0.0,0.0,0.0
raw-L01745,1746,2002,【逝って】スパロボインパクト161【しまえぇぇ】,0,-2.532485899263792,-2.107614093421207,3.1780538303479458,1.0986122886681098,2.5257286443082556,2.9444389791664403,0.0,0.0,4.3478260869565215,0.0,4.3478260869565215,0.5,1.0,0.0,0.0,0.0,0.0,0.0,0.0,0.0,0.7391304347826088,0.21739130434782608,0.0,0.0,0.0,0.0,0.0,0.0,4.3478260869565215,0.0,0.0,0.0,0.0,0.0,4.3478260869565215
raw-L01749,1750,2002,【逝って】スパロボインパクト161【しまえぇぇ】,2,-1.0787005026169705,0.9085435544201447,3.332204510175204,1.0986122886681098,2.6741486494265287,2.8903717578961645,0.0,0.0,0.0,0.0,3.7037037037037037,1.0,1.0,0.0,0.0,0.0,0.0,0.0,0.0,0.0,0.5555555555555556,0.3703703703703704,0.07407407407407407,0.0,0.0,0.0,0.0,0.0,0.0,0.0,0.0,3.7037037037037037,0.0,0.0,0.0
raw-L01753,1754,2002,【逝って】スパロボインパクト161【しまえぇぇ】,2,-2.918679151067112,1.320842605996365,2.6390573296152584,1.3862943611198906,1.6739764335716716,2.0794415416798357,0.0,0.0,0.0,0.0,15.384615384615385,1.0,1.0,0.0,0.0,0.0,0.0,0.0,0.0,0.0,0.3076923076923077,0.4615384615384615,0.0,0.0,0.0,0.23076923076923075,0.0,0.0,0.0,0.0,0.0,0.0,0.0,0.0,0.0
raw-L01758,1759,2002,【逝って】スパロボインパクト161【しまえぇぇ】,0,-3.0988659708157393,-2.362427564843529,3.091042453358316,1.0986122886681098,2.4423470353692043,2.5649493574615367,0.0,0.0,4.761904761904762,0.0,4.761904761904762,0.5,1.0,0.0,0.0,0.0,0.0,0.0,0.0,0.0,0.8571428571428571,0.09523809523809523,0.0,0.0,0.0,0.0,0.0,0.0,4.761904761904762,0.0,0.0,0.0,0.0,0.0,4.761904761904762
raw-L01763,1764,2002,【逝って】スパロボインパクト161【しまえぇぇ】,2,-1.9403524272302886,-0.964882258059771,3.4339872044851463,1.3862943611198906,2.3978952727983707,2.833213344056216,0.0,0.0,3.3333333333333335,0.0,6.666666666666667,0.6666666666666666,1.0,0.0,0.0,0.0,0.0,0.0,0.0,0.0,0.6,0.36666666666666664,0.0,0.0,0.0,0.0,0.0,6.666666666666667,0.0,3.3333333333333335,0.0,0.0,0.0,0.0,3.3333333333333335
raw-L01769,1770,2002,【逝って】スパロボインパクト161【しまえぇぇ】,2,-1.6198046281331897,1.2568948699490388,3.295836866004329,1.3862943611198906,2.268683541318364,2.6390573296152584,0.0,0.0,0.0,0.0,7.6923076923076925,1.0,1.0,0.0,0.0,0.0,0.0,0.0,0.0,0.0,0.7692307692307692,0.15384615384615385,0.07692307692307693,0.0,0.0,0.0,0.0,0.0,0.0,0.0,0.0,0.0,0.0,3.8461538461538463,0.0
raw-L01775,1776,2002,【逝って】スパロボインパクト161【しまえぇぇ】,0,-1.1959541634564708,-1.635317545762114,3.6635616461296463,1.0986122886681098,2.995732273553991,3.1354942159291497,0.0,0.0,2.6315789473684212,0.0,2.6315789473684212,0.5,1.0,0.0,0.0,0.0,0.0,0.0,0.0,0.0,0.5,0.2368421052631579,0.2368421052631579,0.0,0.0,0.0,0.0,2.6315789473684212,0.0,0.0,0.0,0.0,0.0,0.0,2.6315789473684212
raw-L01779,1780,2002,【逝って】スパロボインパクト161【しまえぇぇ】,2,-1.1643400591601012,0.006244672695360921,2.995732273553991,0.6931471805599453,2.995732273553991,2.995732273553991,0.0,0.0,0.0,0.0,0.0,1.0,1.0,0.0,0.0,0.0,0.0,0.0,0.0,0.0,0.5789473684210527,0.2105263157894737,0.10526315789473685,0.0,0.0,0.052631578947368425,0.0,5.2631578947368425,0.0,5.2631578947368425,0.0,0.0,0.0,0.0,0.0
raw-L01782,1783,2002,【逝って】スパロボインパクト161【しまえぇぇ】,2,-0.8982360672071346,0.06260796613844273,3.784189633918261,1.0986122886681098,3.1135153092103742,3.4965075614664802,0.0,0.0,0.0,0.0,2.3255813953488373,1.0,1.0,0.0,0.0,0.0,0.0,0.0,0.0,0.0,0.7441860465116279,0.20930232558139536,0.0,0.0,0.0,0.046511627906976744,0.0,4.651162790697675,0.0,0.0,0.0,0.0,0.0,0.0,2.3255813953488373
raw-L01786,1787,2002,【逝って】スパロボインパクト161【しまえぇぇ】,0,-0.505604100863002,-2.7856496315073445,3.5263605246161616,0.6931471805599453,3.5263605246161616,3.5263605246161616,0.0,0.0,3.0303030303030303,0.0,0.0,0.0,1.0,0.0,0.0,0.0,0.0,0.0,0.0,0.0,0.5151515151515151,0.3939393939393939,0.06060606060606061,0.0,0.0,0.0,0.0,3.0303030303030303,0.0,3.0303030303030303,0.0,0.0,0.0,0.0,3.0303030303030303
raw-L01789,1790,2002,【逝って】スパロボインパクト161【しまえぇぇ】,2,-0.6940813027164298,-0.6626573308872238,4.02535169073515,1.3862943611198906,2.9618307218783095,3.295836866004329,0.0,0.0,1.8181818181818181,0.0,3.6363636363636362,0.6666666666666666,1.0,0.0,0.0,0.0,0.0,0.0,0.0,0.0,0.5272727272727272,0.21818181818181817,0.18181818181818182,0.0,0.0,0.03636363636363636,0.0,1.8181818181818181,0.0,0.0,0.0,0.0,0.0,0.0,1.8181818181818181
raw-L01794,1795,2002,【逝って】スパロボインパクト161【しまえぇぇ】,0,-0.8434589983458377,-1.361836219056973,3.8501476017100584,1.0986122886681098,3.1780538303479458,3.367295829986474,0.0,0.0,2.1739130434782608,0.0,2.1739130434782608,0.5,1.0,0.0,0.0,0.0,0.0,0.0,0.0,0.0,0.7391304347826088,0.13043478260869565,0.10869565217391304,0.0,0.0,0.0,0.0,2.1739130434782608,0.0,0.0,0.0,0.0,0.0,0.0,2.1739130434782608
raw-L01798,1799,2002,【逝って】スパロボインパクト161【しまえぇぇ】,2,-1.6854307612293173,-0.8518550723024444,3.6109179126442243,1.3862943611198906,2.5649493574615367,2.995732273553991,0.0,0.0,2.7777777777777777,0.0,5.555555555555555,0.6666666666666666,1.0,0.0,0.0,0.0,0.0,0.0,0.0,0.0,0.75,0.2222222222222222,0.0,0.0,0.0,0.0,0.0,2.7777777777777777,0.0,0.0,0.0,0.0,0.0,0.0,2.7777777777777777
raw-L01803,1804,2002,【逝って】スパロボインパクト161【しまえぇぇ】,2,-1.312954065766696,0.45952948397753707,3.258096538021482,1.0986122886681098,2.6026896854443837,2.9444389791664403,0.0,0.0,0.0,0.0,4.0,1.0,1.0,0.0,0.0,0.0,0.0,0.0,0.0,0.0,0.48,0.24,0.28,0.0,0.0,0.0,0.0,0.0,0.0,0.0,0.0,0.0,0.0,0.0,0.0
raw-L01807,1808,2002,【逝って】スパロボインパクト161【しまえぇぇ】,1,-0.009610178475689212,0.4262284504639788,3.9889840465642745,1.0986122886681098,3.3141860046725258,3.58351893845611,0.0,0.0,0.0,0.0,1.8867924528301887,1.0,1.0,0.0,0.0,0.0,0.0,0.0,0.0,0.0,0.4716981132075472,0.2641509433962264,0.2641509433962264,0.0,0.0,0.0,0.0,3.7735849056603774,0.0,1.8867924528301887,0.0,0.0,0.0,0.0,0.0
raw-L01811,1812,2002,【逝って】スパロボインパクト161【しまえぇぇ】,2,-0.21493291304429604,0.37504465226324085,4.04305126783455,1.0986122886681098,3.367295829986474,3.367295829986474,0.0,0.0,0.0,0.0,1.7857142857142858,1.0,1.0,0.0,0.0,0.0,0.0,0.0,0.0,0.0,0.39285714285714285,0.3035714285714286,0.21428571428571427,0.0,0.0,0.05357142857142857,0.0,3.5714285714285716,0.0,0.0,0.0,0.0,0.0,0.0,0.0
raw-L01815,1816,2002,【逝って】スパロボインパクト161【しまえぇぇ】,1,-0.030519144816900007,-0.040279159593315884,3.6109179126442243,0.6931471805599453,3.6109179126442243,3.6109179126442243,0.0,0.0,0.0,0.0,0.0,1.0,1.0,0.0,0.0,0.0,0.0,0.0,0.0,0.0,0.2777777777777778,0.25,0.3055555555555556,0.0,0.0,0.027777777777777776,0.0,0.0,0.0,0.0,0.0,0.0,0.0,0.0,0.0
raw-L01818,1819,2002,【逝って】スパロボインパクト161【しまえぇぇ】,4,0.1204663912474362,2.9869933134694766,4.8283137373023015,2.833213344056216,2.169053700369523,2.833213344056216,0.0,0.0,0.0,0.0,13.709677419354838,1.0,1.0,0.0,0.0,0.8064516129032258,0.0,0.0,0.0,18.548387096774192,0.008064516129032258,0.3951612903225806,0.11290322580645162,0.0,0.08064516129032258,0.3548387096774194,0.0,0.0,0.0,0.0,0.0,0.0,0.0,0.0,0.0
raw-L01838,1839,2002,【逝って】スパロボインパクト161【しまえぇぇ】,4,1.2814650227491426,2.1315762177055695,5.337538079701318,2.5649493574615367,2.9041650800285006,3.4339872044851463,0.0,0.0,0.0,0.0,5.797101449275362,1.0,1.0,0.0,0.0,0.0,0.0,0.0,0.0,15.458937198067632,0.004830917874396135,0.1111111111111111,0.2560386473429952,0.0,0.0966183574879227,0.35265700483091783,0.0,0.0,0.0,0.0,0.0,0.0,0.0,0.0,0.0
raw-L01853,1854,2002,【逝って】スパロボインパクト161【しまえぇぇ】,2,-0.5039152382188714,0.41666217596376537,3.784189633918261,1.0986122886681098,3.1135153092103742,3.1354942159291497,0.0,0.0,0.0,0.0,2.3255813953488373,1.0,1.0,0.0,0.0,0.0,0.0,0.0,0.0,0.0,0.4418604651162791,0.11627906976744186,0.32558139534883723,0.0,0.0,0.046511627906976744,0.0,0.0,0.0,0.0,0.0,2.3255813953488373,0.0,0.0,0.0
raw-L01857,1858,2002,【逝って】スパロボインパクト161【しまえぇぇ】,0,-2.2761060469489283,-2.3834786738145324,3.1780538303479458,1.0986122886681098,2.5257286443082556,2.833213344056216,0.0,0.0,4.3478260869565215,0.0,4.3478260869565215,0.5,1.0,0.0,0.0,0.0,0.0,0.0,0.0,0.0,0.6086956521739131,0.043478260869565216,0.2608695652173913,0.0,0.0,0.0,0.0,0.0,0.0,0.0,0.0,0.0,0.0,0.0,4.3478260869565215
raw-L01862,1863,2002,【逝って】スパロボインパクト161【しまえぇぇ】,2,-0.9362460670179374,0.3882029762639996,3.6109179126442243,1.0986122886681098,2.9444389791664403,2.995732273553991,0.0,0.0,0.0,0.0,2.7777777777777777,1.0,1.0,0.0,0.0,0.0,0.0,0.0,0.0,0.0,0.5833333333333334,0.1388888888888889,0.2222222222222222,0.0,0.0,0.027777777777777776,0.0,0.0,0.0,0.0,0.0,0.0,0.0,0.0,0.0
raw-L01866,1867,2002,【逝って】スパロボインパクト161【しまえぇぇ】,2,-3.0321943551357626,0.01030086046503021,1.9459101490553132,0.6931471805599453,1.9459101490553132,1.9459101490553132,0.0,0.0,0.0,0.0,0.0,1.0,1.0,0.0,0.0,0.0,0.0,0.0,0.0,0.0,0.5,0.5,0.0,0.0,0.0,0.0,0.0,0.0,0.0,0.0,0.0,0.0,0.0,0.0,0.0
raw-L01870,1871,2002,【逝って】スパロボインパクト161【しまえぇぇ】,2,-1.5783876431197064,0.8354910027563767,3.044522437723423,1.0986122886681098,2.3978952727983707,2.6390573296152584,0.0,0.0,0.0,0.0,5.0,1.0,1.0,0.0,0.0,0.0,0.0,0.0,0.0,0.0,0.85,0.15,0.0,0.0,0.0,0.0,0.0,0.0,0.0,5.0,0.0,0.0,0.0,0.0,0.0
raw-L01875,1876,2002,【逝って】スパロボインパクト161【しまえぇぇ】,0,-2.9938049482349074,-5.02105799589195,2.70805020110221,0.6931471805599453,2.70805020110221,2.70805020110221,0.0,0.0,7.142857142857143,0.0,0.0,0.0,1.0,0.0,0.0,0.0,0.0,0.0,0.0,0.0,0.6428571428571429,0.07142857142857144,0.14285714285714288,0.0,0.0,0.07142857142857144,0.0,0.0,0.0,0.0,0.0,0.0,0.0,0.0,7.142857142857143
raw-L01878,1879,2002,【逝って】スパロボインパクト161【しまえぇぇ】,2,-1.993193121079157,-0.34348815341640354,2.6390573296152584,0.6931471805599453,2.6390573296152584,2.6390573296152584,0.0,0.0,0.0,0.0,0.0,1.0,1.0,0.0,0.0,0.0,0.0,0.0,0.0,0.0,0.3846153846153846,0.07692307692307693,0.23076923076923075,0.0,0.0,0.15384615384615385,0.0,0.0,0.0,0.0,0.0,0.0,0.0,0.0,0.0
raw-L01881,1882,2002,【逝って】スパロボインパクト161【しまえぇぇ】,2,-2.6075286387987178,-0.04665654878224552,2.6390573296152584,0.6931471805599453,2.6390573296152584,2.6390573296152584,0.0,0.0,0.0,0.0,0.0,1.0,1.0,0.0,0.0,0.0,0.0,0.0,0.0,0.0,0.7692307692307692,0.23076923076923075,0.0,0.0,0.0,0.0,0.0,0.0,7.6923076923076925,0.0,0.0,0.0,0.0,0.0,0.0
raw-L01884,1885,2002,【逝って】スパロボインパクト161【しまえぇぇ】,0,-1.399269345418,-1.9179606860395426,3.4657359027997265,1.0986122886681098,2.803360380906535,3.1354942159291497,0.0,0.0,3.225806451612903,0.0,3.225806451612903,0.5,1.0,0.0,0.0,0.0,0.0,0.0,0.0,0.0,0.41935483870967744,0.1935483870967742,0.3548387096774194,0.0,0.0,0.0,0.0,0.0,0.0,0.0,0.0,0.0,0.0,0.0,3.225806451612903
raw-L01888,1889,2002,【逝って】スパロボインパクト161【しまえぇぇ】,2,-1.6390121912727293,-1.061609712796343,3.091042453358316,0.6931471805599453,3.091042453358316,3.091042453358316,0.0,0.0,0.0,0.0,0.0,1.0,1.0,0.0,0.0,0.0,0.0,0.0,0.0,0.0,0.5238095238095238,0.14285714285714288,0.2380952380952381,0.0,0.0,0.047619047619047616,0.0,0.0,0.0,0.0,0.0,0.0,0.0,0.0,4.761904761904762
raw-L01891,1892,2002,【逝って】スパロボインパクト161【しまえぇぇ】,0,-3.955940943442421,-5.582920858287993,2.3978952727983707,0.6931471805599453,2.3978952727983707,2.3978952727983707,0.0,0.0,10.0,0.0,0.0,0.0,1.0,0.0,0.0,0.0,0.0,0.0,0.0,0.0,0.5,0.4,0.0,0.0,0.0,0.0,0.0,10.0,0.0,0.0,0.0,0.0,0.0,0.0,10.0
raw-L01893,1894,2002,【逝って】スパロボインパクト161【しまえぇぇ】,0,-3.669169324770101,-1.798868947292739,2.302585092994046,0.6931471805599453,2.302585092994046,2.302585092994046,0.0,0.0,0.0,0.0,0.0,1.0,1.0,0.0,0.0,0.0,0.0,0.0,0.0,0.0,0.4444444444444444,0.5555555555555556,0.0,0.0,0.0,0.0,0.0,11.11111111111111,0.0,0.0,0.0,0.0,0.0,0.0,11.11111111111111
raw-L01912,1913,2002,【タカラ】スパロボインパクト166【暴走】,2,-3.0634039229637073,-1.348828990023232,2.772588722239781,0.6931471805599453,2.772588722239781,2.772588722239781,0.0,0.0,0.0,0.0,0.0,1.0,1.0,0.0,0.0,0.0,0.0,0.0,0.0,0.0,0.8666666666666667,0.13333333333333333,0.0,0.0,0.0,0.0,0.0,0.0,6.666666666666667,0.0,0.0,0.0,0.0,0.0,6.666666666666667
raw-L01916,1917,2002,【タカラ】スパロボインパクト166【暴走】,2,-2.123506844623688,0.3073679899905935,3.367295829986474,1.3862943611198906,2.3353749158170367,2.70805020110221,0.0,0.0,0.0,0.0,7.142857142857143,1.0,1.0,0.0,0.0,0.0,0.0,0.0,0.0,0.0,0.7142857142857143,0.28571428571428575,0.0,0.0,0.0,0.0,0.0,10.714285714285714,0.0,3.5714285714285716,0.0,0.0,0.0,0.0,3.5714285714285716
raw-L01922,1923,2002,【タカラ】スパロボインパクト166【暴走】,2,-1.3296500148566215,-0.09045891850038727,2.8903717578961645,0.6931471805599453,2.8903717578961645,2.8903717578961645,0.0,0.0,0.0,0.0,0.0,1.0,1.0,0.0,0.0,0.0,0.0,0.0,0.0,0.0,0.5294117647058824,0.23529411764705885,0.23529411764705885,0.0,0.0,0.0,0.0,5.882352941176471,0.0,5.882352941176471,0.0,0.0,0.0,0.0,0.0
raw-L01926,1927,2002,【タカラ】スパロボインパクト166【暴走】,2,-1.717290112025885,0.7970108217918267,3.4339872044851463,1.3862943611198906,2.3978952727983707,2.70805020110221,0.0,0.0,0.0,0.0,6.666666666666667,1.0,1.0,0.0,0.0,0.0,0.0,0.0,0.0,0.0,0.5,0.2333333333333333,0.13333333333333333,0.0,0.0,0.13333333333333333,0.0,3.3333333333333335,0.0,0.0,0.0,0.0,0.0,0.0,0.0
raw-L01931,1932,2002,【タカラ】スパロボインパクト166【暴走】,0,-1.8763836886075353,-4.100194226032786,2.995732273553991,0.6931471805599453,2.995732273553991,2.995732273553991,0.0,0.0,5.2631578947368425,0.0,0.0,0.0,1.0,0.0,0.0,0.0,0.0,0.0,0.0,0.0,0.3157894736842105,0.15789473684210525,0.2631578947368421,0.0,0.2105263157894737,0.0,0.0,5.2631578947368425,0.0,0.0,0.0,0.0,0.0,0.0,5.2631578947368425
raw-L01935,1936,2002,【タカラ】スパロボインパクト166【暴走】,2,-1.9843365828030757,-0.5715920700680663,2.772588722239781,0.6931471805599453,2.772588722239781,2.772588722239781,0.0,0.0,0.0,0.0,0.0,1.0,1.0,0.0,0.0,0.0,0.0,0.0,0.0,0.0,0.4,0.06666666666666667,0.5333333333333333,0.0,0.0,0.0,0.0,6.666666666666667,0.0,0.0,0.0,0.0,0.0,0.0,0.0
raw-L01938,1939,2002,【タカラ】スパロボインパクト166【暴走】,2,-1.01123637257947,0.8300378206072464,3.332204510175204,1.0986122886681098,2.6741486494265287,2.8903717578961645,0.0,0.0,0.0,0.0,3.7037037037037037,1.0,1.0,0.0,0.0,0.0,0.0,0.0,0.0,0.0,0.4444444444444444,0.5555555555555556,0.0,0.0,0.0,0.0,0.0,3.7037037037037037,0.0,3.7037037037037037,0.0,0.0,0.0,0.0,0.0
raw-L01943,1944,2002,【タカラ】スパロボインパクト166【暴走】,2,-1.4881262735958571,-0.7024095892693156,3.2188758248682006,0.6931471805599453,3.2188758248682006,3.2188758248682006,0.0,0.0,0.0,0.0,0.0,1.0,1.0,0.0,0.0,0.0,0.0,0.0,0.0,0.0,0.6666666666666667,0.33333333333333337,0.0,0.0,0.0,0.0,0.0,4.166666666666667,0.0,0.0,0.0,0.0,0.0,0.0,4.166666666666667
raw-L01946,1947,2002,【タカラ】スパロボインパクト166【暴走】,2,-1.9447751392372228,-0.29065995138993517,2.833213344056216,0.6931471805599453,2.833213344056216,2.833213344056216,0.0,0.0,0.0,0.0,0.0,1.0,1.0,0.0,0.0,0.0,0.0,0.0,0.0,0.0,0.6875,0.125,0.1875,0.0,0.0,0.0,0.0,6.25,0.0,0.0,0.0,0.0,0.0,0.0,0.0
raw-L01950,1951,2002,【タカラ】スパロボインパクト166【暴走】,2,-1.8064680231008168,-0.8857873507523408,3.7376696182833684,1.3862943611198906,2.6855773452501515,2.9444389791664403,0.0,0.0,2.4390243902439024,0.0,4.878048780487805,0.6666666666666666,1.0,0.0,0.0,0.0,0.0,0.0,0.0,0.0,0.7317073170731707,0.1951219512195122,0.04878048780487805,0.0,0.0,0.0,0.0,4.878048780487805,2.4390243902439024,0.0,0.0,0.0,0.0,0.0,2.4390243902439024
raw-L01955,1956,2002,【タカラ】スパロボインパクト166【暴走】,2,-1.474151363635672,0.11922214214837216,2.833213344056216,0.6931471805599453,2.833213344056216,2.833213344056216,0.0,0.0,0.0,0.0,0.0,1.0,1.0,0.0,0.0,0.0,0.0,0.0,0.0,0.0,0.6875,0.3125,0.0,0.0,0.0,0.0,0.0,6.25,0.0,6.25,0.0,0.0,0.0,0.0,0.0
raw-L01958,1959,2002,【タカラ】スパロボインパクト166【暴走】,2,-0.9912092187545412,-0.01127792276430884,3.6375861597263857,1.0986122886681098,2.970414465569701,3.091042453358316,0.0,0.0,0.0,0.0,2.7027027027027026,1.0,1.0,0.0,0.0,0.0,0.0,0.0,0.0,0.0,0.32432432432432434,0.24324324324324323,0.1081081081081081,0.0,0.1081081081081081,0.1081081081081081,0.0,2.7027027027027026,0.0,0.0,0.0,0.0,0.0,0.0,2.7027027027027026
raw-L01962,1963,2002,【タカラ】スパロボインパクト166【暴走】,2,-0.7706308891517559,0.5232813515898929,3.6109179126442243,1.0986122886681098,2.9444389791664403,3.044522437723423,0.0,0.0,0.0,0.0,2.7777777777777777,1.0,1.0,0.0,0.0,0.0,0.0,0.0,0.0,0.0,0.4722222222222222,0.3055555555555556,0.16666666666666669,0.0,0.0,0.0,0.0,0.0,0.0,0.0,0.0,0.0,0.0,0.0,0.0
raw-L01966,1967,2002,【タカラ】スパロボインパクト166【暴走】,0,-1.5849557722758283,-1.6591831915460131,3.295836866004329,1.0986122886681098,2.6390573296152584,2.8903717578961645,0.0,0.0,3.8461538461538463,0.0,3.8461538461538463,0.5,1.0,0.0,0.0,0.0,0.0,0.0,0.0,0.0,0.4615384615384615,0.34615384615384615,0.0,0.0,0.15384615384615385,0.0,0.0,0.0,0.0,0.0,0.0,0.0,0.0,0.0,3.8461538461538463
raw-L01970,1971,2002,【タカラ】スパロボインパクト166【暴走】,2,-0.42852444995691186,0.03343765602086988,3.4339872044851463,0.6931471805599453,3.4339872044851463,3.4339872044851463,0.0,0.0,0.0,0.0,0.0,1.0,1.0,0.0,0.0,0.0,0.0,0.0,0.0,0.0,0.5,0.2333333333333333,0.2,0.0,0.0,0.0,0.0,0.0,0.0,0.0,0.0,0.0,0.0,0.0,0.0
raw-L01973,1974,2002,【タカラ】スパロボインパクト166【暴走】,0,-2.021422289007379,-4.028994683304077,2.995732273553991,0.6931471805599453,2.995732273553991,2.995732273553991,0.0,0.0,5.2631578947368425,0.0,0.0,0.0,1.0,0.0,0.0,0.0,0.0,0.0,0.0,0.0,0.5789473684210527,0.2105263157894737,0.10526315789473685,0.0,0.0,0.0,0.0,0.0,0.0,0.0,0.0,0.0,0.0,0.0,5.2631578947368425
raw-L01976,1977,2002,【タカラ】スパロボインパクト166【暴走】,2,-2.8689984326933113,0.8587844927747089,2.5649493574615367,1.0986122886681098,1.9459101490553132,2.0794415416798357,0.0,0.0,0.0,0.0,8.333333333333334,1.0,1.0,0.0,0.0,0.0,0.0,0.0,0.0,0.0,0.6666666666666667,0.25,0.0,0.0,0.0,0.0,0.0,0.0,0.0,0.0,0.0,0.0,0.0,0.0,0.0
raw-L01981,1982,2002,【タカラ】スパロボインパクト166【暴走】,2,-1.9351671621126398,0.48292670085554446,3.1354942159291497,1.0986122886681098,2.4849066497880004,2.4849066497880004,0.0,0.0,0.0,0.0,4.545454545454546,1.0,1.0,0.0,0.0,0.0,0.0,0.0,0.0,0.0,0.6818181818181819,0.09090909090909091,0.09090909090909091,0.0,0.0,0.045454545454545456,0.0,0.0,0.0,0.0,0.0,0.0,0.0,0.0,0.0
raw-L01985,1986,2002,【タカラ】スパロボインパクト166【暴走】,2,-1.7899849531929484,-0.2842914238780769,2.772588722239781,0.6931471805599453,2.772588722239781,2.772588722239781,0.0,0.0,0.0,0.0,0.0,1.0,1.0,0.0,0.0,0.0,0.0,0.0,0.0,0.0,0.6666666666666667,0.0,0.26666666666666666,0.0,0.0,0.0,0.0,0.0,0.0,0.0,0.0,0.0,0.0,0.0,0.0
raw-L01988,1989,2002,【タカラ】スパロボインパクト166【暴走】,0,-1.2184064904477898,-1.262781367557702,3.871201010907891,1.3862943611198906,2.8134107167600364,2.995732273553991,0.0,0.0,2.127659574468085,0.0,4.25531914893617,0.6666666666666666,1.0,0.0,0.0,0.0,0.0,0.0,0.0,0.0,0.48936170212765956,0.1276595744680851,0.2553191489361702,0.0,0.0,0.0851063829787234,0.0,4.25531914893617,0.0,4.25531914893617,0.0,0.0,0.0,0.0,4.25531914893617
raw-L01993,1994,2002,【タカラ】スパロボインパクト166【暴走】,2,-0.4194484359081576,0.5284591080268239,3.828641396489095,1.0986122886681098,3.1570004211501135,3.4011973816621555,0.0,0.0,0.0,0.0,2.2222222222222223,1.0,1.0,0.0,0.0,0.0,0.0,0.0,0.0,0.0,0.5777777777777778,0.2888888888888889,0.1111111111111111,0.0,0.0,0.0,0.0,2.2222222222222223,0.0,0.0,0.0,0.0,0.0,0.0,0.0
raw-L01997,1998,2002,【タカラ】スパロボインパクト166【暴走】,2,-0.7077240370974032,-0.5191546538115988,3.8918202981106265,1.3862943611198906,2.833213344056216,2.995732273553991,0.0,0.0,2.0833333333333335,0.0,4.166666666666667,0.6666666666666666,1.0,0.0,0.0,0.0,0.0,0.0,0.0,0.0,0.375,0.25,0.20833333333333331,0.0,0.08333333333333334,0.0,0.0,0.0,0.0,0.0,0.0,2.0833333333333335,0.0,0.0,2.0833333333333335
raw-L02002,2003,2002,【タカラ】スパロボインパクト166【暴走】,2,-2.2917274953113096,0.06979353468613766,2.302585092994046,0.6931471805599453,2.302585092994046,2.302585092994046,0.0,0.0,0.0,0.0,0.0,1.0,1.0,0.0,0.0,0.0,0.0,0.0,0.0,0.0,0.33333333333333337,0.6666666666666667,0.0,0.0,0.0,0.0,0.0,0.0,0.0,0.0,0.0,0.0,0.0,0.0,0.0
raw-L02006,2007,2002,【タカラ】スパロボインパクト166【暴走】,2,-1.9379891173324324,-0.17209278545780876,3.1780538303479458,1.0986122886681098,2.5257286443082556,2.70805020110221,0.0,0.0,0.0,0.0,4.3478260869565215,1.0,1.0,0.0,0.0,0.0,0.0,0.0,0.0,0.0,0.43478260869565216,0.43478260869565216,0.13043478260869565,0.0,0.0,0.0,0.0,0.0,0.0,0.0,0.0,0.0,0.0,0.0,4.3478260869565215
raw-L02010,2011,2002,【タカラ】スパロボインパクト166【暴走】,2,-0.6017353839986468,0.23892107350172614,3.367295829986474,0.6931471805599453,3.367295829986474,3.367295829986474,0.0,0.0,0.0,0.0,0.0,1.0,1.0,0.0,0.0,0.0,0.0,0.0,0.0,0.0,0.42857142857142855,0.5357142857142857,0.0,0.0,0.0,0.03571428571428572,0.0,3.5714285714285716,0.0,0.0,0.0,0.0,0.0,0.0,0.0
raw-L02013,2014,2002,【タカラ】スパロボインパクト166【暴走】,0,-3.543807179413001,-5.288054212068511,2.6390573296152584,0.6931471805599453,2.6390573296152584,2.6390573296152584,0.0,0.0,7.6923076923076925,0.0,0.0,0.0,1.0,0.0,0.0,0.0,0.0,0.0,0.0,0.0,0.7692307692307692,0.15384615384615385,0.0,0.0,0.0,0.0,0.0,7.6923076923076925,0.0,0.0,0.0,0.0,0.0,0.0,7.6923076923076925
raw-L02016,2017,2002,【タカラ】スパロボインパクト166【暴走】,2,-2.4790622797113957,-0.4190396836515974,2.3978952727983707,0.6931471805599453,2.3978952727983707,2.3978952727983707,0.0,0.0,0.0,0.0,0.0,1.0,1.0,0.0,0.0,0.0,0.0,0.0,0.0,0.0,0.4,0.1,0.3,0.0,0.0,0.2,0.0,0.0,0.0,0.0,0.0,0.0,0.0,0.0,0.0
raw-L02019,2020,2002,【タカラ】スパロボインパクト166【暴走】,2,-3.1097497512819836,0.5849868661298824,2.70805020110221,1.0986122886681098,2.0794415416798357,2.3978952727983707,0.0,0.0,0.0,0.0,7.142857142857143,1.0,1.0,0.0,0.0,0.0,0.0,0.0,0.0,0.0,0.7142857142857143,0.14285714285714288,0.14285714285714288,0.0,0.0,0.0,0.0,0.0,7.142857142857143,0.0,0.0,0.0,0.0,0.0,0.0
raw-L02024,2025,2002,【タカラ】スパロボインパクト166【暴走】,2,-1.9351838323671062,-0.9385768741110946,3.1354942159291497,0.6931471805599453,3.1354942159291497,3.1354942159291497,0.0,0.0,0.0,0.0,0.0,1.0,1.0,0.0,0.0,0.0,0.0,0.0,0.0,0.0,0.7272727272727273,0.2727272727272727,0.0,0.0,0.0,0.0,0.0,9.090909090909092,0.0,0.0,0.0,0.0,0.0,0.0,4.545454545454546
raw-L02027,2028,2002,【タカラ】スパロボインパクト166【暴走】,0,-3.749179441828036,-1.889269112934698,2.1972245773362196,0.6931471805599453,2.1972245773362196,2.1972245773362196,0.0,0.0,0.0,0.0,0.0,1.0,1.0,0.0,0.0,0.0,0.0,0.0,0.0,0.0,0.375,0.25,0.0,0.0,0.0,0.375,0.0,0.0,0.0,0.0,0.0,0.0,0.0,0.0,12.5
raw-L02030,2031,2002,【タカラ】スパロボインパクト166【暴走】,2,-2.4119137211093475,0.6084907603705119,2.8903717578961645,1.0986122886681098,2.2512917986064953,2.4849066497880004,0.0,0.0,0.0,0.0,5.882352941176471,1.0,1.0,0.0,0.0,0.0,0.0,0.0,0.0,0.0,0.6470588235294117,0.29411764705882354,0.0,0.0,0.0,0.0,0.0,5.882352941176471,0.0,0.0,0.0,0.0,0.0,0.0,0.0
raw-L02035,2036,2002,【タカラ】スパロボインパクト166【暴走】,0,-2.5043928143105454,-4.276660512286607,2.8903717578961645,0.6931471805599453,2.8903717578961645,2.8903717578961645,0.0,0.0,5.882352941176471,0.0,0.0,0.0,1.0,0.0,0.0,0.0,0.0,0.0,0.0,0.0,0.5294117647058824,0.411764705882353,0.0,0.0,0.0,0.0,0.0,5.882352941176471,0.0,0.0,0.0,0.0,0.0,0.0,5.882352941176471
raw-L02038,2039,2002,【タカラ】スパロボインパクト166【暴走】,2,-1.7212459539937042,-0.029711555813244202,3.4657359027997265,1.0986122886681098,2.803360380906535,2.8903717578961645,0.0,0.0,0.0,0.0,3.225806451612903,1.0,1.0,0.0,0.0,0.0,0.0,0.0,0.0,0.0,0.6451612903225806,0.25806451612903225,0.0,0.0,0.0,0.0967741935483871,0.0,3.225806451612903,3.225806451612903,3.225806451612903,0.0,0.0,0.0,0.0,3.225806451612903
raw-L02042,2043,2002,【タカラ】スパロボインパクト166【暴走】,1,0.08780372432742253,-0.1498443207437051,3.7376696182833684,0.6931471805599453,3.7376696182833684,3.7376696182833684,0.0,0.0,0.0,0.0,0.0,1.0,1.0,0.0,0.0,0.0,0.0,0.0,0.0,0.0,0.36585365853658536,0.12195121951219512,0.4390243902439025,0.0,0.0,0.04878048780487805,0.0,0.0,0.0,0.0,0.0,0.0,0.0,0.0,0.0
raw-L02045,2046,2002,【タカラ】スパロボインパクト166【暴走】,2,-2.7110138071357115,1.099580351782445,3.4657359027997265,1.6094379124341003,2.169053700369523,2.3978952727983707,0.0,0.0,0.0,0.0,9.67741935483871,1.0,1.0,0.0,0.0,0.0,0.0,0.0,0.0,0.0,0.6774193548387096,0.12903225806451613,0.0,0.0,0.0,0.1935483870967742,0.0,3.225806451612903,6.451612903225806,0.0,0.0,0.0,0.0,0.0,0.0
raw-L02051,2052,2002,【タカラ】スパロボインパクト166【暴走】,2,-1.4167346347629717,0.807590270861228,3.1354942159291497,1.0986122886681098,2.4849066497880004,2.772588722239781,0.0,0.0,0.0,0.0,4.545454545454546,1.0,1.0,0.0,0.0,0.0,0.0,0.0,0.0,0.0,0.6363636363636364,0.36363636363636365,0.0,0.0,0.0,0.0,0.0,4.545454545454546,0.0,9.090909090909092,0.0,0.0,0.0,0.0,0.0
raw-L02055,2056,2002,【タカラ】スパロボインパクト166【暴走】,2,-2.063055592683305,1.3862443873038879,3.4011973816621555,1.6094379124341003,2.1102132003465894,2.772588722239781,0.0,0.0,0.0,0.0,10.344827586206897,1.0,1.0,0.0,0.0,0.0,0.0,0.0,0.0,0.0,0.48275862068965514,0.41379310344827586,0.0,0.0,0.0,0.10344827586206896,0.0,3.4482758620689653,3.4482758620689653,0.0,0.0,0.0,0.0,0.0,0.0
raw-L02062,2063,2002,【タカラ】スパロボインパクト166【暴走】,2,-3.1884774938176466,-0.6791321651590494,2.9444389791664403,1.0986122886681098,2.302585092994046,2.3978952727983707,0.0,0.0,0.0,0.0,5.555555555555555,1.0,1.0,0.0,0.0,0.0,0.0,0.0,0.0,0.0,0.5555555555555556,0.16666666666666669,0.2777777777777778,0.0,0.0,0.0,0.0,0.0,5.555555555555555,0.0,0.0,0.0,0.0,0.0,5.555555555555555
raw-L02066,2067,2002,【タカラ】スパロボインパクト166【暴走】,2,-2.1604566821049063,0.7985521952540839,2.833213344056216,1.0986122886681098,2.1972245773362196,2.6390573296152584,0.0,0.0,0.0,0.0,6.25,1.0,1.0,0.0,0.0,0.0,0.0,0.0,0.0,0.0,0.75,0.25,0.0,0.0,0.0,0.0,0.0,0.0,0.0,0.0,0.0,0.0,0.0,0.0,0.0
raw-L02071,2072,2002,【タカラ】スパロボインパクト166【暴走】,2,-2.4235088232046165,1.291011973140567,2.9444389791664403,1.3862943611198906,1.9459101490553132,2.4849066497880004,0.0,0.0,0.0,0.0,11.11111111111111,1.0,1.0,0.0,0.0,0.0,0.0,0.0,0.0,0.0,0.7777777777777777,0.16666666666666669,0.0,0.0,0.0,0.0,0.0,0.0,0.0,0.0,0.0,0.0,0.0,0.0,0.0
raw-L02077,2078,2002,【タカラ】スパロボインパクト166【暴走】,1,0.289437716281971,0.734522048062925,4.499809670330265,1.6094379124341003,3.1463051320333655,3.4657359027997265,0.0,0.0,0.0,0.0,3.3707865168539324,1.0,1.0,0.0,0.0,0.0,0.0,0.0,0.0,0.0,0.4269662921348315,0.14606741573033707,0.3820224719101124,0.0,0.0,0.0,0.0,0.0,0.0,0.0,0.0,0.0,0.0,0.0,0.0
raw-L02083,2084,2002,【タカラ】スパロボインパクト166【暴走】,2,-1.5689622864164963,0.6437637246969101,3.4011973816621555,1.0986122886681098,2.740840023925201,3.044522437723423,0.0,0.0,0.0,0.0,3.4482758620689653,1.0,1.0,0.0,0.0,0.0,0.0,0.0,0.0,0.0,0.896551724137931,0.10344827586206896,0.0,0.0,0.0,0.0,0.0,0.0,6.896551724137931,3.4482758620689653,0.0,0.0,0.0,0.0,0.0
raw-L02088,2089,2002,【タカラ】スパロボインパクト166【暴走】,2,-3.143696138650859,1.1931562877264958,2.9444389791664403,1.3862943611198906,1.9459101490553132,2.1972245773362196,0.0,0.0,0.0,0.0,11.11111111111111,1.0,1.0,0.0,0.0,0.0,0.0,0.0,0.0,0.0,0.8888888888888888,0.1111111111111111,0.0,0.0,0.0,0.0,0.0,0.0,5.555555555555555,0.0,0.0,0.0,0.0,0.0,0.0
raw-L02094,2095,2002,【タカラ】スパロボインパクト166【暴走】,2,-3.143696138650859,1.1931562877264958,2.9444389791664403,1.3862943611198906,1.9459101490553132,2.1972245773362196,0.0,0.0,0.0,0.0,11.11111111111111,1.0,1.0,0.0,0.0,0.0,0.0,0.0,0.0,0.0,0.8888888888888888,0.1111111111111111,0.0,0.0,0.0,0.0,0.0,0.0,5.555555555555555,0.0,0.0,0.0,0.0,0.0,0.0
raw-L02100,2101,2002,【タカラ】スパロボインパクト166【暴走】,2,-1.9625556799274493,-0.4736690394306696,2.5649493574615367,0.6931471805599453,2.5649493574615367,2.5649493574615367,0.0,0.0,0.0,0.0,0.0,1.0,1.0,0.0,0.0,0.0,0.0,0.0,0.0,0.0,0.25,0.08333333333333334,0.5833333333333334,0.0,0.0,0.0,0.0,0.0,0.0,0.0,0.0,0.0,0.0,0.0,0.0
raw-L02103,2104,2002,【タカラ】スパロボインパクト166【暴走】,2,-0.8730566515513043,0.5544917556148405,3.58351893845611,1.0986122886681098,2.917770732084279,3.044522437723423,0.0,0.0,0.0,0.0,2.857142857142857,1.0,1.0,0.0,0.0,0.0,0.0,0.0,0.0,0.0,0.6,0.2571428571428572,0.11428571428571428,0.0,0.0,0.0,0.0,0.0,0.0,0.0,0.0,0.0,0.0,0.0,0.0
raw-L02107,2108,2002,【タカラ】スパロボインパクト166【暴走】,2,-1.0689760342896448,0.8357545638052752,3.367295829986474,1.0986122886681098,2.70805020110221,2.833213344056216,0.0,0.0,0.0,0.0,3.5714285714285716,1.0,1.0,0.0,0.0,0.0,0.0,0.0,0.0,0.0,0.6071428571428572,0.28571428571428575,0.10714285714285714,0.0,0.0,0.0,0.0,0.0,0.0,0.0,0.0,0.0,0.0,3.5714285714285716,0.0
raw-L02111,2112,2002,【タカラ】スパロボインパクト166【暴走】,2,-1.389967837876878,0.5999994394821345,3.4965075614664802,1.0986122886681098,2.833213344056216,3.2188758248682006,0.0,0.0,0.0,0.0,3.125,1.0,1.0,0.0,0.0,0.0,0.0,0.0,0.0,0.0,0.8125,0.1875,0.0,0.0,0.0,0.0,0.0,3.125,6.25,3.125,0.0,0.0,0.0,0.0,0.0
raw-L02116,2117,2002,【タカラ】スパロボインパクト166【暴走】,2,-1.4867058508467719,0.5763005683906242,3.258096538021482,1.0986122886681098,2.6026896854443837,2.772588722239781,0.0,0.0,0.0,0.0,4.0,1.0,1.0,0.0,0.0,0.0,0.0,0.0,0.0,0.0,0.64,0.24,0.12,0.0,0.0,0.0,0.0,0.0,0.0,0.0,0.0,0.0,0.0,0.0,0.0
raw-L02120,2121,2002,【タカラ】スパロボインパクト166【暴走】,2,-2.0273534119009478,0.9326841559356821,3.4965075614664802,1.3862943611198906,2.456735772821304,2.8903717578961645,0.0,0.0,0.0,0.0,6.25,1.0,1.0,0.0,0.0,0.0,0.0,0.0,0.0,0.0,0.84375,0.15625,0.0,0.0,0.0,0.0,0.0,3.125,9.375,3.125,0.0,0.0,0.0,0.0,0.0
raw-L02126,2127,2002,【タカラ】スパロボインパクト166【暴走】,2,-0.6033730472322153,0.20519924700634165,3.1780538303479458,0.6931471805599453,3.1780538303479458,3.1780538303479458,0.0,0.0,0.0,0.0,0.0,1.0,1.0,0.0,0.0,0.0,0.0,0.0,0.0,0.0,0.43478260869565216,0.21739130434782608,0.13043478260869565,0.0,0.17391304347826086,0.0,0.0,0.0,0.0,0.0,0.0,0.0,0.0,0.0,0.0
raw-L02129,2130,2002,【タカラ】スパロボインパクト166【暴走】,2,-2.37778827579431,1.5759473128106694,3.258096538021482,1.6094379124341003,1.9810014688665833,2.3978952727983707,0.0,0.0,0.0,0.0,12.0,1.0,1.0,0.0,0.0,0.0,0.0,0.0,0.0,0.0,0.6,0.4,0.0,0.0,0.0,0.0,0.0,0.0,4.0,0.0,0.0,0.0,0.0,0.0,0.0
raw-L02136,2137,2002,【タカラ】スパロボインパクト166【暴走】,2,-2.768912645307703,-0.05307865457081005,2.1972245773362196,0.6931471805599453,2.1972245773362196,2.1972245773362196,0.0,0.0,0.0,0.0,0.0,1.0,1.0,0.0,0.0,0.0,0.0,0.0,0.0,0.0,0.75,0.25,0.0,0.0,0.0,0.0,0.0,0.0,0.0,0.0,0.0,0.0,0.0,0.0,0.0
raw-L02139,2140,2002,【タカラ】スパロボインパクト166【暴走】,2,-2.2021626688102605,1.0752322194370854,2.772588722239781,1.0986122886681098,2.1400661634962708,2.4849066497880004,0.0,0.0,0.0,0.0,6.666666666666667,1.0,1.0,0.0,0.0,0.0,0.0,0.0,0.0,0.0,0.8,0.2,0.0,0.0,0.0,0.0,0.0,0.0,0.0,0.0,0.0,6.666666666666667,0.0,0.0,0.0
raw-L02156,2157,2002,【ほとんど】スパロボインパクト170【雑談】,0,-2.6935532279542747,-4.400598252611434,2.9444389791664403,0.6931471805599453,2.9444389791664403,2.9444389791664403,0.0,0.0,5.555555555555555,0.0,0.0,0.0,1.0,0.0,0.0,0.0,0.0,0.0,0.0,0.0,0.6111111111111112,0.05555555555555555,0.2222222222222222,0.0,0.0,0.0,0.0,0.0,5.555555555555555,0.0,0.0,0.0,0.0,0.0,5.555555555555555
raw-L02159,2160,2002,【ほとんど】スパロボインパクト170【雑談】,2,-1.2814113117997783,0.5448081775520592,3.5263605246161616,1.0986122886681098,2.8622008809294686,3.044522437723423,0.0,0.0,0.0,0.0,3.0303030303030303,1.0,1.0,0.0,0.0,0.0,0.0,0.0,0.0,0.0,0.7575757575757575,0.18181818181818182,0.06060606060606061,0.0,0.0,0.0,0.0,0.0,3.0303030303030303,0.0,0.0,0.0,0.0,0.0,0.0
raw-L02163,2164,2002,【ほとんど】スパロボインパクト170【雑談】,2,-0.24773823766904465,0.4955973644553736,4.07753744390572,1.0986122886681098,3.4011973816621555,3.5553480614894135,0.0,0.0,0.0,0.0,1.7241379310344827,1.0,1.0,0.0,0.0,0.0,0.0,0.0,0.0,0.0,0.6379310344827587,0.20689655172413793,0.13793103448275862,0.0,0.0,0.0,0.0,0.0,3.4482758620689653,0.0,0.0,0.0,0.0,0.0,0.0
raw-L02167,2168,2002,【ほとんど】スパロボインパクト170【雑談】,0,-2.7214167195592407,-1.783078878384543,2.833213344056216,1.0986122886681098,2.1972245773362196,2.3978952727983707,0.0,0.0,6.25,0.0,6.25,0.5,1.0,0.0,0.0,0.0,0.0,0.0,0.0,0.0,0.75,0.0625,0.125,0.0,0.0,0.0,0.0,0.0,0.0,0.0,0.0,0.0,0.0,0.0,0.0
raw-L02171,2172,2002,【ほとんど】スパロボインパクト170【雑談】,2,-3.23443193875499,0.6972509013019864,2.772588722239781,1.0986122886681098,2.1400661634962708,2.1972245773362196,0.0,0.0,0.0,0.0,6.666666666666667,1.0,1.0,0.0,0.0,0.0,0.0,0.0,0.0,0.0,0.7333333333333333,0.26666666666666666,0.0,0.0,0.0,0.0,0.0,0.0,13.333333333333334,0.0,0.0,0.0,0.0,0.0,0.0
raw-L02176,2177,2002,【ほとんど】スパロボインパクト170【雑談】,2,-1.719648202785443,0.42231039726244385,3.367295829986474,1.0986122886681098,2.70805020110221,2.772588722239781,0.0,0.0,0.0,0.0,3.5714285714285716,1.0,1.0,0.0,0.0,0.0,0.0,0.0,0.0,0.0,0.7142857142857143,0.10714285714285714,0.14285714285714288,0.0,0.0,0.0,0.0,0.0,3.5714285714285716,0.0,0.0,0.0,0.0,0.0,0.0
raw-L02180,2181,2002,【ほとんど】スパロボインパクト170【雑談】,0,-1.3801305180915517,-1.0524672411628817,2.995732273553991,0.6931471805599453,2.995732273553991,2.995732273553991,0.0,0.0,0.0,0.0,0.0,1.0,1.0,0.0,0.0,0.0,0.0,0.0,0.0,0.0,0.2105263157894737,0.15789473684210525,0.368421052631579,0.0,0.2105263157894737,0.0,0.0,0.0,0.0,0.0,0.0,0.0,0.0,0.0,5.2631578947368425
raw-L02183,2184,2002,【ほとんど】スパロボインパクト170【雑談】,2,-1.4488816814140415,1.393023224590831,3.332204510175204,1.3862943611198906,2.302585092994046,2.772588722239781,0.0,0.0,0.0,0.0,7.407407407407407,1.0,1.0,0.0,0.0,0.0,0.0,0.0,0.0,0.0,0.8518518518518519,0.07407407407407407,0.07407407407407407,0.0,0.0,0.0,0.0,0.0,3.7037037037037037,0.0,3.7037037037037037,0.0,0.0,0.0,0.0
raw-L02189,2190,2002,【ほとんど】スパロボインパクト170【雑談】,2,-1.4145105652365557,0.03179832119446894,3.1354942159291497,0.6931471805599453,3.1354942159291497,3.1354942159291497,0.0,0.0,0.0,0.0,0.0,1.0,1.0,0.0,0.0,0.0,0.0,0.0,0.0,0.0,0.5,0.2727272727272727,0.0,0.0,0.0,0.13636363636363635,0.0,0.0,4.545454545454546,0.0,0.0,0.0,0.0,0.0,0.0
raw-L02192,2193,2002,【ほとんど】スパロボインパクト170【雑談】,2,-2.306554034570472,0.9773754290555448,3.258096538021482,1.3862943611198906,2.2335922215070942,2.4849066497880004,0.0,0.0,0.0,0.0,8.0,1.0,1.0,0.0,0.0,0.0,0.0,0.0,0.0,0.0,0.76,0.16,0.08,0.0,0.0,0.0,0.0,0.0,4.0,0.0,0.0,0.0,0.0,0.0,0.0
raw-L02198,2199,2002,【ほとんど】スパロボインパクト170【雑談】,2,-2.1793242670655832,1.0125682350792695,2.833213344056216,1.0986122886681098,2.1972245773362196,2.4849066497880004,0.0,0.0,0.0,0.0,6.25,1.0,1.0,0.0,0.0,0.0,0.0,0.0,0.0,0.0,0.875,0.125,0.0,0.0,0.0,0.0,0.0,0.0,0.0,0.0,0.0,6.25,0.0,0.0,0.0
raw-L02202,2203,2002,【ほとんど】スパロボインパクト170【雑談】,2,-3.8386591139507003,-0.18642417397126146,1.6094379124341003,0.6931471805599453,1.6094379124341003,1.6094379124341003,0.0,0.0,0.0,0.0,0.0,1.0,1.0,0.0,0.0,0.0,0.0,0.0,0.0,0.0,0.75,0.25,0.0,0.0,0.0,0.0,0.0,0.0,0.0,0.0,0.0,0.0,0.0,0.0,0.0
raw-L02214,2215,2002,【大人になれよ】ＳＲＷ１７０【みんな】,2,-2.730244817046566,1.1735467176451737,3.091042453358316,1.3862943611198906,2.0794415416798357,2.1972245773362196,0.0,0.0,0.0,0.0,9.523809523809524,1.0,1.0,0.0,0.0,0.0,0.0,0.0,0.0,0.0,0.7142857142857143,0.28571428571428575,0.0,0.0,0.0,0.0,0.0,0.0,4.761904761904762,0.0,0.0,0.0,0.0,0.0,0.0
raw-L02220,2221,2002,【大人になれよ】ＳＲＷ１７０【みんな】,2,-2.899570658890629,0.6762863561260757,2.5649493574615367,1.0986122886681098,1.9459101490553132,2.1972245773362196,0.0,0.0,0.0,0.0,8.333333333333334,1.0,1.0,0.0,0.0,0.0,0.0,0.0,0.0,0.0,0.75,0.08333333333333334,0.16666666666666669,0.0,0.0,0.0,0.0,0.0,0.0,0.0,0.0,0.0,0.0,0.0,0.0
raw-L02225,2226,2002,【大人になれよ】ＳＲＷ１７０【みんな】,2,-0.9935952936682145,0.7707364194571541,3.5263605246161616,1.0986122886681098,2.8622008809294686,2.8903717578961645,0.0,0.0,0.0,0.0,3.0303030303030303,1.0,1.0,0.0,0.0,0.0,0.0,0.0,0.0,0.0,0.7272727272727273,0.2121212121212121,0.06060606060606061,0.0,0.0,0.0,0.0,0.0,0.0,0.0,0.0,3.0303030303030303,0.0,0.0,0.0
raw-L02230,2231,2002,【大人になれよ】ＳＲＷ１７０【みんな】,2,-2.827499388536794,0.6860900602513587,2.5649493574615367,1.0986122886681098,1.9459101490553132,2.302585092994046,0.0,0.0,0.0,0.0,8.333333333333334,1.0,1.0,0.0,0.0,0.0,0.0,0.0,0.0,0.0,0.75,0.08333333333333334,0.16666666666666669,0.0,0.0,0.0,0.0,0.0,0.0,0.0,0.0,0.0,0.0,0.0,0.0
raw-L02234,2235,2002,【大人になれよ】ＳＲＷ１７０【みんな】,2,-3.4280533727529674,0.7205776654887396,2.6390573296152584,1.0986122886681098,2.0149030205422647,2.1972245773362196,0.0,0.0,0.0,0.0,7.6923076923076925,1.0,1.0,0.0,0.0,0.0,0.0,0.0,0.0,0.0,0.8461538461538461,0.15384615384615385,0.0,0.0,0.0,0.0,0.0,0.0,7.6923076923076925,0.0,0.0,0.0,0.0,0.0,0.0
raw-L02238,2239,2002,【大人になれよ】ＳＲＷ１７０【みんな】,2,-1.057949944821805,0.02982654151607208,3.2188758248682006,0.6931471805599453,3.2188758248682006,3.2188758248682006,0.0,0.0,0.0,0.0,0.0,1.0,1.0,0.0,0.0,0.0,0.0,0.0,0.0,0.0,1.0,0.0,0.0,0.0,0.0,0.0,0.0,0.0,0.0,0.0,0.0,0.0,0.0,0.0,0.0
raw-L02242,2243,2002,【大人になれよ】ＳＲＷ１７０【みんな】,2,-4.5742400464733075,-0.1819174732037637,1.0986122886681098,0.6931471805599453,1.0986122886681098,1.0986122886681098,0.0,0.0,0.0,0.0,0.0,1.0,1.0,0.0,0.0,0.0,0.0,0.0,0.0,0.0,0.5,0.5,0.0,0.0,0.0,0.0,0.0,0.0,0.0,0.0,0.0,0.0,0.0,0.0,0.0
raw-L02246,2247,2002,【大人になれよ】ＳＲＷ１７０【みんな】,2,-2.4119148234809993,0.6911814087860431,2.772588722239781,1.0986122886681098,2.1400661634962708,2.302585092994046,0.0,0.0,0.0,0.0,6.666666666666667,1.0,1.0,0.0,0.0,0.0,0.0,0.0,0.0,0.0,0.6,0.26666666666666666,0.13333333333333333,0.0,0.0,0.0,0.0,0.0,0.0,0.0,0.0,0.0,0.0,0.0,0.0
raw-L02250,2251,2002,【大人になれよ】ＳＲＷ１７０【みんな】,2,-2.5222426405279488,1.158283815185372,3.1354942159291497,1.3862943611198906,2.120263536200091,2.3978952727983707,0.0,0.0,0.0,0.0,9.090909090909092,1.0,1.0,0.0,0.0,0.0,0.0,0.0,0.0,0.0,0.7272727272727273,0.2727272727272727,0.0,0.0,0.0,0.0,0.0,0.0,4.545454545454546,0.0,0.0,0.0,0.0,0.0,0.0
raw-L02255,2256,2002,【大人になれよ】ＳＲＷ１７０【みんな】,0,-4.910469985059868,-3.8794781946891796,2.6390573296152584,1.0986122886681098,2.0149030205422647,2.1972245773362196,0.0,0.0,7.6923076923076925,0.0,7.6923076923076925,0.5,1.0,0.0,0.0,0.0,0.0,0.0,0.0,0.0,0.5384615384615384,0.15384615384615385,0.23076923076923075,0.0,0.0,0.0,0.0,7.6923076923076925,7.6923076923076925,0.0,0.0,0.0,0.0,0.0,7.6923076923076925
raw-L02259,2260,2002,【大人になれよ】ＳＲＷ１７０【みんな】,0,-3.6721221382475004,-2.091831890130523,2.1972245773362196,0.6931471805599453,2.1972245773362196,2.1972245773362196,0.0,0.0,0.0,0.0,0.0,1.0,1.0,0.0,0.0,0.0,0.0,0.0,0.0,0.0,0.375,0.125,0.25,0.0,0.0,0.125,0.0,0.0,0.0,0.0,0.0,0.0,0.0,0.0,12.5
raw-L02262,2263,2002,【大人になれよ】ＳＲＷ１７０【みんな】,2,-1.625552671265849,-0.35909536792013463,3.044522437723423,0.6931471805599453,3.044522437723423,3.044522437723423,0.0,0.0,0.0,0.0,0.0,1.0,1.0,0.0,0.0,0.0,0.0,0.0,0.0,0.0,0.5,0.05,0.4,0.0,0.0,0.0,0.0,0.0,5.0,0.0,0.0,0.0,0.0,0.0,0.0
raw-L02265,2266,2002,【大人になれよ】ＳＲＷ１７０【みんな】,2,-2.583202335332126,1.417813435918789,2.8903717578961645,1.3862943611198906,1.8971199848858813,2.1972245773362196,0.0,0.0,0.0,0.0,11.764705882352942,1.0,1.0,0.0,0.0,0.0,0.0,0.0,0.0,0.0,0.6470588235294117,0.35294117647058826,0.0,0.0,0.0,0.0,0.0,0.0,0.0,0.0,0.0,0.0,0.0,0.0,0.0
raw-L02271,2272,2002,【大人になれよ】ＳＲＷ１７０【みんな】,2,-3.220911353643914,-0.5500594236677704,2.772588722239781,1.0986122886681098,2.1400661634962708,2.1972245773362196,0.0,0.0,0.0,0.0,6.666666666666667,1.0,1.0,0.0,0.0,0.0,0.0,0.0,0.0,0.0,0.8,0.2,0.0,0.0,0.0,0.0,0.0,6.666666666666667,0.0,6.666666666666667,0.0,0.0,0.0,0.0,6.666666666666667
raw-L02276,2277,2002,【大人になれよ】ＳＲＷ１７０【みんな】,2,-2.5124611186434787,0.010954410220849177,2.302585092994046,0.6931471805599453,2.302585092994046,2.302585092994046,0.0,0.0,0.0,0.0,0.0,1.0,1.0,0.0,0.0,0.0,0.0,0.0,0.0,0.0,0.6666666666666667,0.33333333333333337,0.0,0.0,0.0,0.0,0.0,0.0,0.0,0.0,0.0,0.0,0.0,0.0,0.0
raw-L02279,2280,2002,【大人になれよ】ＳＲＷ１７０【みんな】,2,-3.5456616660383506,-0.16914119368676414,1.791759469228055,0.6931471805599453,1.791759469228055,1.791759469228055,0.0,0.0,0.0,0.0,0.0,1.0,1.0,0.0,0.0,0.0,0.0,0.0,0.0,0.0,0.8,0.2,0.0,0.0,0.0,0.0,0.0,0.0,0.0,0.0,0.0,0.0,0.0,0.0,0.0
raw-L02292,2293,2002,【線路は続くよ】ＳＲＷ１７１【どこまでも】,0,-2.9245949897269394,-1.332934335369646,3.367295829986474,1.3862943611198906,2.3353749158170367,2.5649493574615367,0.0,0.0,3.5714285714285716,0.0,7.142857142857143,0.6666666666666666,1.0,0.0,0.0,0.0,0.0,0.0,0.0,0.0,0.75,0.07142857142857144,0.0,0.0,0.0,0.14285714285714288,0.0,3.5714285714285716,3.5714285714285716,0.0,0.0,0.0,0.0,0.0,3.5714285714285716
raw-L02297,2298,2002,【線路は続くよ】ＳＲＷ１７１【どこまでも】,0,-3.58528209971038,-3.138962497811086,2.8903717578961645,1.0986122886681098,2.2512917986064953,2.3978952727983707,0.0,0.0,5.882352941176471,0.0,5.882352941176471,0.5,1.0,0.0,0.0,0.0,0.0,0.0,0.0,0.0,0.411764705882353,0.11764705882352942,0.411764705882353,0.0,0.0,0.0,0.0,0.0,5.882352941176471,0.0,0.0,0.0,0.0,0.0,5.882352941176471
raw-L02302,2303,2002,【線路は続くよ】ＳＲＷ１７１【どこまでも】,0,-2.376233061826398,-2.0164729747005725,3.2188758248682006,1.0986122886681098,2.5649493574615367,2.995732273553991,0.0,0.0,4.166666666666667,0.0,4.166666666666667,0.5,1.0,0.0,0.0,0.0,0.0,0.0,0.0,0.0,0.7083333333333333,0.25,0.0,0.0,0.0,0.0,0.0,0.0,4.166666666666667,0.0,0.0,0.0,0.0,0.0,4.166666666666667
raw-L02307,2308,2002,【線路は続くよ】ＳＲＷ１７１【どこまでも】,2,-1.8903205275101305,-0.730725578466193,3.828641396489095,1.6094379124341003,2.505525936990736,2.772588722239781,0.0,0.0,2.2222222222222223,0.0,6.666666666666667,0.75,1.0,0.0,0.0,0.0,0.0,0.0,0.0,0.0,0.7111111111111111,0.17777777777777778,0.08888888888888889,0.0,0.0,0.0,0.0,0.0,2.2222222222222223,0.0,0.0,0.0,0.0,0.0,4.444444444444445
raw-L02313,2314,2002,【線路は続くよ】ＳＲＷ１７１【どこまでも】,2,-2.945853089387022,0.18431915915809483,2.995732273553991,1.3862943611198906,1.992430164690206,2.302585092994046,0.0,0.0,0.0,0.0,10.526315789473685,1.0,1.0,0.0,0.0,0.0,0.0,0.0,0.0,0.0,0.631578947368421,0.2631578947368421,0.10526315789473685,0.0,0.0,0.0,0.0,0.0,0.0,0.0,0.0,0.0,0.0,0.0,5.2631578947368425
raw-L02318,2319,2002,【線路は続くよ】ＳＲＷ１７１【どこまでも】,2,-2.86283398951497,0.5192559100785026,2.9444389791664403,1.0986122886681098,2.302585092994046,2.4849066497880004,0.0,0.0,0.0,0.0,5.555555555555555,1.0,1.0,0.0,0.0,0.0,0.0,0.0,0.0,0.0,0.7777777777777777,0.2222222222222222,0.0,0.0,0.0,0.0,0.0,5.555555555555555,5.555555555555555,0.0,0.0,0.0,0.0,0.0,0.0
raw-L02323,2324,2002,【線路は続くよ】ＳＲＷ１７１【どこまでも】,2,-2.9442383777178667,1.3070123756853034,2.833213344056216,1.3862943611198906,1.8458266904983307,1.9459101490553132,0.0,0.0,0.0,0.0,12.5,1.0,1.0,0.0,0.0,0.0,0.0,0.0,0.0,0.0,0.8125,0.1875,0.0,0.0,0.0,0.0,0.0,0.0,0.0,0.0,0.0,0.0,0.0,0.0,0.0
raw-L02329,2330,2002,【線路は続くよ】ＳＲＷ１７１【どこまでも】,2,-2.5490112395254942,0.9260644568857311,2.6390573296152584,1.0986122886681098,2.0149030205422647,2.302585092994046,0.0,0.0,0.0,0.0,7.6923076923076925,1.0,1.0,0.0,0.0,0.0,0.0,0.0,0.0,0.0,0.6153846153846154,0.3846153846153846,0.0,0.0,0.0,0.0,0.0,0.0,0.0,0.0,0.0,0.0,0.0,0.0,0.0
raw-L02333,2334,2002,【線路は続くよ】ＳＲＷ１７１【どこまでも】,2,-3.1005628611331395,1.2199102449257875,2.9444389791664403,1.3862943611198906,1.9459101490553132,2.1972245773362196,0.0,0.0,0.0,0.0,11.11111111111111,1.0,1.0,0.0,0.0,0.0,0.0,0.0,0.0,0.0,0.8333333333333333,0.16666666666666669,0.0,0.0,0.0,0.0,0.0,0.0,5.555555555555555,0.0,0.0,0.0,0.0,0.0,0.0
raw-L02339,2340,2002,【線路は続くよ】ＳＲＷ１７１【どこまでも】,2,-3.2909940202420804,-0.15022288273071874,1.9459101490553132,0.6931471805599453,1.9459101490553132,1.9459101490553132,0.0,0.0,0.0,0.0,0.0,1.0,1.0,0.0,0.0,0.0,0.0,0.0,0.0,0.0,0.8333333333333333,0.16666666666666669,0.0,0.0,0.0,0.0,0.0,0.0,0.0,0.0,0.0,0.0,0.0,0.0,0.0
raw-L02343,2344,2002,【線路は続くよ】ＳＲＷ１７１【どこまでも】,2,-1.9846081550403254,1.1788606639307013,3.2188758248682006,1.3862943611198906,2.1972245773362196,2.70805020110221,0.0,0.0,0.0,0.0,8.333333333333334,1.0,1.0,0.0,0.0,0.0,0.0,0.0,0.0,0.0,0.9166666666666667,0.08333333333333334,0.0,0.0,0.0,0.0,0.0,0.0,4.166666666666667,4.166666666666667,0.0,0.0,0.0,0.0,0.0
raw-L02348,2349,2002,【線路は続くよ】ＳＲＷ１７１【どこまでも】,2,-1.2580587084337749,1.239898208926374,3.6635616461296463,1.6094379124341003,2.3513752571634776,2.8903717578961645,0.0,0.0,0.0,0.0,7.894736842105263,1.0,1.0,0.0,0.0,0.0,0.0,0.0,0.0,0.0,0.8157894736842105,0.13157894736842105,0.052631578947368425,0.0,0.0,0.0,0.0,2.6315789473684212,0.0,2.6315789473684212,0.0,0.0,0.0,0.0,0.0
raw-L02354,2355,2002,【線路は続くよ】ＳＲＷ１７１【どこまでも】,0,-1.8941217227123126,-1.6311198133164504,3.5263605246161616,1.0986122886681098,2.8622008809294686,2.8903717578961645,0.0,0.0,3.0303030303030303,0.0,3.0303030303030303,0.5,1.0,0.0,0.0,0.0,0.0,0.0,0.0,0.0,0.6666666666666667,0.30303030303030304,0.0,0.0,0.0,0.0,0.0,3.0303030303030303,3.0303030303030303,0.0,0.0,0.0,0.0,0.0,3.0303030303030303
raw-L02358,2359,2002,【線路は続くよ】ＳＲＷ１７１【どこまでも】,0,-0.8692383997084179,-1.2984720245062644,3.713572066704308,1.0986122886681098,3.044522437723423,3.367295829986474,0.0,0.0,2.5,0.0,2.5,0.5,1.0,0.0,0.0,0.0,0.0,0.0,0.0,0.0,0.775,0.2,0.0,0.0,0.0,0.0,0.0,2.5,0.0,2.5,0.0,0.0,0.0,0.0,2.5
raw-L02362,2363,2002,【線路は続くよ】ＳＲＷ１７１【どこまでも】,2,-2.0498306302239824,-0.12348813128129367,3.332204510175204,1.0986122886681098,2.6741486494265287,2.995732273553991,0.0,0.0,0.0,0.0,3.7037037037037037,1.0,1.0,0.0,0.0,0.0,0.0,0.0,0.0,0.0,0.8518518518518519,0.14814814814814814,0.0,0.0,0.0,0.0,0.0,0.0,3.7037037037037037,0.0,0.0,0.0,0.0,0.0,3.7037037037037037
raw-L02366,2367,2002,【線路は続くよ】ＳＲＷ１７１【どこまでも】,2,-0.9225723048532247,0.680648784231579,3.5263605246161616,1.0986122886681098,2.8622008809294686,3.1354942159291497,0.0,0.0,0.0,0.0,3.0303030303030303,1.0,1.0,0.0,0.0,0.0,0.0,0.0,0.0,0.0,0.7272727272727273,0.2727272727272727,0.0,0.0,0.0,0.0,0.0,0.0,0.0,0.0,0.0,0.0,0.0,0.0,0.0
raw-L02370,2371,2002,【線路は続くよ】ＳＲＷ１７１【どこまでも】,2,-3.0524094053053052,0.9073334172252627,2.4849066497880004,1.0986122886681098,1.8718021769015913,1.9459101490553132,0.0,0.0,0.0,0.0,9.090909090909092,1.0,1.0,0.0,0.0,0.0,0.0,0.0,0.0,0.0,0.6363636363636364,0.2727272727272727,0.0,0.0,0.0,0.0,0.0,0.0,0.0,0.0,0.0,0.0,0.0,0.0,0.0
raw-L02375,2376,2002,【線路は続くよ】ＳＲＷ１７１【どこまでも】,2,-2.9347405019357904,0.7878641367517373,2.70805020110221,1.0986122886681098,2.0794415416798357,2.5649493574615367,0.0,0.0,0.0,0.0,7.142857142857143,1.0,1.0,0.0,0.0,0.0,0.0,0.0,0.0,0.0,0.7142857142857143,0.28571428571428575,0.0,0.0,0.0,0.0,0.0,0.0,7.142857142857143,0.0,0.0,0.0,0.0,0.0,0.0
raw-L02380,2381,2002,【線路は続くよ】ＳＲＷ１７１【どこまでも】,2,-1.7758589284099233,0.05121086660661631,2.995732273553991,0.6931471805599453,2.995732273553991,2.995732273553991,0.0,0.0,0.0,0.0,0.0,1.0,1.0,0.0,0.0,0.0,0.0,0.0,0.0,0.0,0.7894736842105263,0.2105263157894737,0.0,0.0,0.0,0.0,0.0,0.0,5.2631578947368425,0.0,0.0,0.0,0.0,0.0,0.0
raw-L02383,2384,2002,【線路は続くよ】ＳＲＷ１７１【どこまでも】,2,-1.3051474730080173,0.4856905668191034,3.5263605246161616,1.0986122886681098,2.8622008809294686,3.332204510175204,0.0,0.0,0.0,0.0,3.0303030303030303,1.0,1.0,0.0,0.0,0.0,0.0,0.0,0.0,0.0,0.7575757575757575,0.15151515151515152,0.0,0.0,0.0,0.09090909090909091,0.0,3.0303030303030303,3.0303030303030303,0.0,0.0,0.0,0.0,0.0,0.0
raw-L02388,2389,2002,【線路は続くよ】ＳＲＷ１７１【どこまでも】,2,-3.2362518378880814,0.5618414047741502,2.772588722239781,1.0986122886681098,2.1400661634962708,2.1972245773362196,0.0,0.0,0.0,0.0,6.666666666666667,1.0,1.0,0.0,0.0,0.0,0.0,0.0,0.0,0.0,1.0,0.0,0.0,0.0,0.0,0.0,0.0,0.0,6.666666666666667,0.0,0.0,0.0,0.0,0.0,0.0
raw-L02393,2394,2002,【線路は続くよ】ＳＲＷ１７１【どこまでも】,0,-4.279277460160837,-1.964725751662843,2.0794415416798357,0.6931471805599453,2.0794415416798357,2.0794415416798357,0.0,0.0,0.0,0.0,0.0,1.0,1.0,0.0,0.0,0.0,0.0,0.0,0.0,0.0,0.7142857142857143,0.28571428571428575,0.0,0.0,0.0,0.0,0.0,14.285714285714286,0.0,0.0,0.0,0.0,0.0,0.0,14.285714285714286
raw-L02397,2398,2002,【線路は続くよ】ＳＲＷ１７１【どこまでも】,2,-2.2607525325633304,1.3842424288718969,3.295836866004329,1.6094379124341003,2.0149030205422647,2.3978952727983707,0.0,0.0,0.0,0.0,11.538461538461538,1.0,1.0,0.0,0.0,0.0,0.0,0.0,0.0,0.0,0.5,0.3076923076923077,0.0,0.0,0.0,0.11538461538461538,0.0,3.8461538461538463,0.0,0.0,0.0,0.0,0.0,0.0,0.0
raw-L02403,2404,2002,【線路は続くよ】ＳＲＷ１７１【どこまでも】,2,-1.8612426158106021,1.0500908606231676,3.332204510175204,1.3862943611198906,2.302585092994046,2.5649493574615367,0.0,0.0,0.0,0.0,7.407407407407407,1.0,1.0,0.0,0.0,0.0,0.0,0.0,0.0,0.0,0.8518518518518519,0.14814814814814814,0.0,0.0,0.0,0.0,0.0,0.0,0.0,0.0,0.0,0.0,0.0,0.0,0.0
raw-L02409,2410,2002,【線路は続くよ】ＳＲＷ１７１【どこまでも】,2,-2.4942888649652346,0.6656389938253527,2.70805020110221,1.0986122886681098,2.0794415416798357,2.3978952727983707,0.0,0.0,0.0,0.0,7.142857142857143,1.0,1.0,0.0,0.0,0.0,0.0,0.0,0.0,0.0,0.5714285714285715,0.21428571428571427,0.14285714285714288,0.0,0.0,0.07142857142857144,0.0,0.0,0.0,0.0,0.0,0.0,0.0,0.0,0.0
raw-L02413,2414,2002,【線路は続くよ】ＳＲＷ１７１【どこまでも】,2,-3.1000479954342075,0.610519638272515,2.6390573296152584,1.0986122886681098,2.0149030205422647,2.302585092994046,0.0,0.0,0.0,0.0,7.6923076923076925,1.0,1.0,0.0,0.0,0.0,0.0,0.0,0.0,0.0,0.8461538461538461,0.15384615384615385,0.0,0.0,0.0,0.0,0.0,7.6923076923076925,0.0,0.0,0.0,0.0,0.0,0.0,0.0
raw-L02418,2419,2002,【線路は続くよ】ＳＲＷ１７１【どこまでも】,2,-2.1887314753712084,0.7761886524033971,2.8903717578961645,1.0986122886681098,2.2512917986064953,2.3978952727983707,0.0,0.0,0.0,0.0,5.882352941176471,1.0,1.0,0.0,0.0,0.0,0.0,0.0,0.0,0.0,0.5882352941176471,0.35294117647058826,0.0,0.0,0.0,0.05882352941176471,0.0,0.0,0.0,0.0,0.0,0.0,0.0,0.0,0.0
raw-L02422,2423,2002,【線路は続くよ】ＳＲＷ１７１【どこまでも】,2,-0.715451533773276,0.2990863660846291,3.2188758248682006,0.6931471805599453,3.2188758248682006,3.2188758248682006,0.0,0.0,0.0,0.0,0.0,1.0,1.0,0.0,0.0,0.0,0.0,0.0,0.0,0.0,0.5,0.5,0.0,0.0,0.0,0.0,0.0,0.0,0.0,0.0,0.0,0.0,0.0,0.0,0.0
raw-L02425,2426,2002,【線路は続くよ】ＳＲＷ１７１【どこまでも】,2,-4.180070870960524,-0.19691567404505642,1.3862943611198906,0.6931471805599453,1.3862943611198906,1.3862943611198906,0.0,0.0,0.0,0.0,0.0,1.0,1.0,0.0,0.0,0.0,0.0,0.0,0.0,0.0,0.6666666666666667,0.33333333333333337,0.0,0.0,0.0,0.0,0.0,0.0,0.0,0.0,0.0,0.0,0.0,0.0,0.0
raw-L02428,2429,2002,【線路は続くよ】ＳＲＷ１７１【どこまでも】,2,-1.8115034284082527,0.08000642454376251,2.70805020110221,0.6931471805599453,2.70805020110221,2.70805020110221,0.0,0.0,0.0,0.0,0.0,1.0,1.0,0.0,0.0,0.0,0.0,0.0,0.0,0.0,0.7142857142857143,0.28571428571428575,0.0,0.0,0.0,0.0,0.0,0.0,0.0,0.0,0.0,0.0,0.0,0.0,0.0
raw-L02431,2432,2002,【線路は続くよ】ＳＲＷ１７１【どこまでも】,2,-3.6223127885273656,1.0932853227636288,2.1972245773362196,1.0986122886681098,1.6094379124341003,1.791759469228055,0.0,0.0,0.0,0.0,12.5,1.0,1.0,0.0,0.0,0.0,0.0,0.0,0.0,0.0,0.75,0.25,0.0,0.0,0.0,0.0,0.0,0.0,0.0,0.0,0.0,0.0,0.0,0.0,0.0
raw-L02435,2436,2002,【線路は続くよ】ＳＲＷ１７１【どこまでも】,2,-1.8894154572528157,0.9666616840296025,3.295836866004329,1.3862943611198906,2.268683541318364,2.3978952727983707,0.0,0.0,0.0,0.0,7.6923076923076925,1.0,1.0,0.0,0.0,0.0,0.0,0.0,0.0,0.0,0.5384615384615384,0.2692307692307692,0.15384615384615385,0.0,0.0,0.038461538461538464,0.0,0.0,0.0,0.0,0.0,0.0,0.0,0.0,0.0
raw-L02440,2441,2002,【線路は続くよ】ＳＲＷ１７１【どこまでも】,2,-1.7132887547046236,0.330122864022913,3.4965075614664802,1.3862943611198906,2.456735772821304,2.772588722239781,0.0,0.0,0.0,0.0,6.25,1.0,1.0,0.0,0.0,0.0,0.0,0.0,0.0,0.0,0.5625,0.3125,0.0625,0.0,0.0,0.0,0.0,6.25,0.0,3.125,0.0,0.0,0.0,0.0,3.125
raw-L02446,2447,2002,【線路は続くよ】ＳＲＷ１７１【どこまでも】,2,-1.184416138586585,0.4528911869011652,3.6109179126442243,1.0986122886681098,2.9444389791664403,3.091042453358316,0.0,0.0,0.0,0.0,2.7777777777777777,1.0,1.0,0.0,0.0,0.0,0.0,0.0,0.0,0.0,0.8055555555555556,0.08333333333333334,0.1111111111111111,0.0,0.0,0.0,0.0,0.0,2.7777777777777777,0.0,0.0,0.0,0.0,0.0,0.0
raw-L02450,2451,2002,【線路は続くよ】ＳＲＷ１７１【どこまでも】,2,-1.6195894827972388,-0.40274657816928894,2.833213344056216,0.6931471805599453,2.833213344056216,2.833213344056216,0.0,0.0,0.0,0.0,0.0,1.0,1.0,0.0,0.0,0.0,0.0,0.0,0.0,0.0,0.5,0.0,0.4375,0.0,0.0,0.0,0.0,0.0,0.0,0.0,0.0,0.0,0.0,0.0,0.0
raw-L02454,2455,2002,【線路は続くよ】ＳＲＷ１７１【どこまでも】,2,-2.7986635660955623,1.397306981232912,2.833213344056216,1.3862943611198906,1.8458266904983307,1.9459101490553132,0.0,0.0,0.0,0.0,12.5,1.0,1.0,0.0,0.0,0.0,0.0,0.0,0.0,0.0,0.625,0.375,0.0,0.0,0.0,0.0,0.0,0.0,0.0,0.0,0.0,0.0,0.0,0.0,0.0
raw-L02459,2460,2002,【線路は続くよ】ＳＲＷ１７１【どこまでも】,2,-1.5114419713603848,1.2431226829139326,3.4339872044851463,1.3862943611198906,2.3978952727983707,2.995732273553991,0.0,0.0,0.0,0.0,6.666666666666667,1.0,1.0,0.0,0.0,0.0,0.0,0.0,0.0,0.0,0.7333333333333333,0.2333333333333333,0.0,0.0,0.0,0.03333333333333333,0.0,0.0,3.3333333333333335,0.0,0.0,3.3333333333333335,0.0,0.0,0.0
raw-L02464,2465,2002,【線路は続くよ】ＳＲＷ１７１【どこまでも】,2,-2.2236016184504472,1.6230536005870704,2.9444389791664403,1.3862943611198906,1.9459101490553132,2.4849066497880004,0.0,0.0,0.0,0.0,11.11111111111111,1.0,1.0,0.0,0.0,0.0,0.0,0.0,0.0,0.0,0.7777777777777777,0.2222222222222222,0.0,0.0,0.0,0.0,0.0,0.0,0.0,0.0,0.0,5.555555555555555,0.0,0.0,0.0
raw-L02469,2470,2002,【線路は続くよ】ＳＲＷ１７１【どこまでも】,2,-3.8386591139507003,-0.18642417397126146,1.6094379124341003,0.6931471805599453,1.6094379124341003,1.6094379124341003,0.0,0.0,0.0,0.0,0.0,1.0,1.0,0.0,0.0,0.0,0.0,0.0,0.0,0.0,0.75,0.25,0.0,0.0,0.0,0.0,0.0,0.0,0.0,0.0,0.0,0.0,0.0,0.0,0.0
raw-L02482,2483,2002,【ﾌﾟﾙ&ﾌﾟﾙﾂｰに】ｽﾊﾟﾛﾎﾞｲﾝﾊﾟｸﾄ173【ｶｯﾄｲﾝを！】,4,0.4973636913222327,2.8599903095886585,4.859812404361672,2.5649493574615367,2.456735772821304,2.995732273553991,0.0,0.0,0.0,0.0,10.15625,1.0,1.0,0.0,0.0,0.78125,0.0,0.0,0.0,50.0,0.0078125,0.3984375,0.109375,0.0,0.0859375,0.34375,0.0,0.0,0.0,0.0,0.0,0.0,0.0,0.0,0.0
raw-L02498,2499,2002,【ﾌﾟﾙ&ﾌﾟﾙﾂｰに】ｽﾊﾟﾛﾎﾞｲﾝﾊﾟｸﾄ173【ｶｯﾄｲﾝを！】,0,-3.8724100087548856,-3.3249429733952183,2.6390573296152584,1.0986122886681098,2.0149030205422647,2.1972245773362196,0.0,0.0,7.6923076923076925,0.0,7.6923076923076925,0.5,1.0,0.0,0.0,0.0,0.0,0.0,0.0,0.0,0.6153846153846154,0.3076923076923077,0.0,0.0,0.0,0.0,0.0,0.0,0.0,0.0,0.0,0.0,0.0,0.0,7.6923076923076925
raw-L02502,2503,2002,【ﾌﾟﾙ&ﾌﾟﾙﾂｰに】ｽﾊﾟﾛﾎﾞｲﾝﾊﾟｸﾄ173【ｶｯﾄｲﾝを！】,0,-3.766277822689081,-5.414887931602074,2.302585092994046,0.6931471805599453,2.302585092994046,2.302585092994046,0.0,0.0,11.11111111111111,0.0,0.0,0.0,1.0,0.0,0.0,0.0,0.0,0.0,0.0,0.0,0.5555555555555556,0.33333333333333337,0.0,0.0,0.0,0.0,0.0,0.0,0.0,0.0,0.0,0.0,0.0,0.0,11.11111111111111
raw-L02505,2506,2002,【ﾌﾟﾙ&ﾌﾟﾙﾂｰに】ｽﾊﾟﾛﾎﾞｲﾝﾊﾟｸﾄ173【ｶｯﾄｲﾝを！】,2,-2.5026734173880794,-0.3105865515700777,2.302585092994046,0.6931471805599453,2.302585092994046,2.302585092994046,0.0,0.0,0.0,0.0,0.0,1.0,1.0,0.0,0.0,0.0,0.0,0.0,0.0,0.0,0.33333333333333337,0.2222222222222222,0.2222222222222222,0.0,0.0,0.1111111111111111,0.0,0.0,0.0,0.0,0.0,0.0,0.0,0.0,0.0
raw-L02508,2509,2002,【ﾌﾟﾙ&ﾌﾟﾙﾂｰに】ｽﾊﾟﾛﾎﾞｲﾝﾊﾟｸﾄ173【ｶｯﾄｲﾝを！】,4,0.41807154091311627,2.359797512854218,4.543294782270004,2.0794415416798357,2.659260036932778,2.9444389791664403,0.0,0.0,0.0,0.0,6.451612903225806,1.0,1.0,0.0,0.0,1.075268817204301,0.0,0.0,0.0,55.913978494623656,0.0,0.29032258064516125,0.07526881720430108,0.0,0.16129032258064516,0.41935483870967744,0.0,0.0,0.0,0.0,0.0,0.0,0.0,0.0,0.0
raw-L02517,2518,2002,【ﾌﾟﾙ&ﾌﾟﾙﾂｰに】ｽﾊﾟﾛﾎﾞｲﾝﾊﾟｸﾄ173【ｶｯﾄｲﾝを！】,4,1.251252187765028,2.26709926433363,5.831882477283517,3.091042453358316,2.844355520609458,3.091042453358316,0.0,0.0,0.0,0.0,6.176470588235294,1.0,1.0,0.0,0.0,0.29411764705882354,0.0,0.0,0.0,45.0,0.0029411764705882353,0.08235294117647057,0.2676470588235294,0.0,0.10294117647058824,0.3588235294117647,0.0,0.0,0.0,0.0,0.0,0.0,0.0,0.0,0.0
raw-L02541,2542,2002,【ﾌﾟﾙ&ﾌﾟﾙﾂｰに】ｽﾊﾟﾛﾎﾞｲﾝﾊﾟｸﾄ173【ｶｯﾄｲﾝを！】,0,-3.4266817754955996,-1.6660652433240712,2.302585092994046,0.6931471805599453,2.302585092994046,2.302585092994046,0.0,0.0,0.0,0.0,0.0,1.0,1.0,0.0,0.0,0.0,0.0,0.0,0.0,0.0,0.6666666666666667,0.33333333333333337,0.0,0.0,0.0,0.0,0.0,0.0,0.0,0.0,0.0,0.0,0.0,0.0,11.11111111111111
raw-L02561,2562,2002,【ご奉仕】スパロボＩＭＰＡＣＴ178【するにゃん】,0,-0.6905197035557101,-2.454421888962996,3.4011973816621555,0.6931471805599453,3.4011973816621555,3.4011973816621555,0.0,0.0,3.4482758620689653,0.0,0.0,0.0,1.0,0.0,0.0,0.0,0.0,0.0,0.0,0.0,0.7241379310344827,0.1724137931034483,0.06896551724137931,0.0,0.0,0.0,0.0,0.0,0.0,0.0,0.0,0.0,0.0,0.0,0.0
raw-L02564,2565,2002,【ご奉仕】スパロボＩＭＰＡＣＴ178【するにゃん】,0,-1.83088359801541,-4.070077698908402,3.044522437723423,0.6931471805599453,3.044522437723423,3.044522437723423,0.0,0.0,5.0,0.0,0.0,0.0,1.0,0.0,0.0,0.0,0.0,0.0,0.0,0.0,0.4,0.2,0.3,0.0,0.0,0.0,0.0,0.0,0.0,0.0,0.0,0.0,0.0,0.0,5.0
raw-L02567,2568,2002,【ご奉仕】スパロボＩＭＰＡＣＴ178【するにゃん】,0,-1.4125891343430361,-1.613993988885543,3.4965075614664802,1.0986122886681098,2.833213344056216,3.332204510175204,0.0,0.0,3.125,0.0,3.125,0.5,1.0,0.0,0.0,0.0,0.0,0.0,0.0,0.0,0.875,0.09375,0.0,0.0,0.0,0.0,0.0,0.0,0.0,0.0,0.0,0.0,0.0,0.0,3.125
raw-L02572,2573,2002,【ご奉仕】スパロボＩＭＰＡＣＴ178【するにゃん】,0,-2.5500633434469546,-4.304988231674091,2.8903717578961645,0.6931471805599453,2.8903717578961645,2.8903717578961645,0.0,0.0,5.882352941176471,0.0,0.0,0.0,1.0,0.0,0.0,0.0,0.0,0.0,0.0,0.0,0.5882352941176471,0.35294117647058826,0.0,0.0,0.0,0.0,0.0,5.882352941176471,0.0,0.0,0.0,0.0,0.0,0.0,5.882352941176471
raw-L02576,2577,2002,【ご奉仕】スパロボＩＭＰＡＣＴ178【するにゃん】,2,-3.1739136456943036,-0.42680955147143784,1.9459101490553132,0.6931471805599453,1.9459101490553132,1.9459101490553132,0.0,0.0,0.0,0.0,0.0,1.0,1.0,0.0,0.0,0.0,0.0,0.0,0.0,0.0,0.5,0.16666666666666669,0.33333333333333337,0.0,0.0,0.0,0.0,0.0,0.0,0.0,0.0,0.0,0.0,0.0,0.0
raw-L02579,2580,2002,【ご奉仕】スパロボＩＭＰＡＣＴ178【するにゃん】,1,1.355336627067011,-1.7974829697911718,3.5553480614894135,1.0986122886681098,2.8903717578961645,3.1780538303479458,0.0,2.9411764705882355,0.0,2.9411764705882355,2.9411764705882355,0.5,0.5,0.0,0.0,0.0,0.0,0.0,0.0,0.0,0.676470588235294,0.2058823529411765,0.05882352941176471,0.0,0.0,0.0,0.0,0.0,2.9411764705882355,0.0,0.0,2.9411764705882355,0.0,0.0,0.0
raw-L02583,2584,2002,【ご奉仕】スパロボＩＭＰＡＣＴ178【するにゃん】,2,-0.9339701764599345,0.3181768720078928,3.1354942159291497,0.6931471805599453,3.1354942159291497,3.1354942159291497,0.0,0.0,0.0,0.0,0.0,1.0,1.0,0.0,0.0,0.0,0.0,0.0,0.0,0.0,0.7727272727272727,0.13636363636363635,0.09090909090909091,0.0,0.0,0.0,0.0,0.0,0.0,0.0,0.0,4.545454545454546,0.0,0.0,0.0
raw-L02586,2587,2002,【ご奉仕】スパロボＩＭＰＡＣＴ178【するにゃん】,0,-1.438160096983715,-1.327015676924319,3.4339872044851463,1.0986122886681098,2.772588722239781,2.772588722239781,0.0,0.0,3.3333333333333335,0.0,3.3333333333333335,0.5,1.0,0.0,0.0,0.0,0.0,0.0,0.0,0.0,0.5666666666666667,0.1,0.26666666666666666,0.0,0.0,0.0,0.0,0.0,0.0,0.0,0.0,0.0,0.0,0.0,0.0
raw-L02591,2592,2002,【ご奉仕】スパロボＩＭＰＡＣＴ178【するにゃん】,2,-0.3320942254916936,-2.269802971472715,2.1972245773362196,0.6931471805599453,2.1972245773362196,2.1972245773362196,0.0,12.5,0.0,0.0,0.0,1.0,0.0,0.0,0.0,0.0,0.0,0.0,0.0,0.0,0.5,0.375,0.0,0.0,0.0,0.0,0.0,0.0,0.0,0.0,0.0,0.0,0.0,0.0,0.0
raw-L02595,2596,2002,【ご奉仕】スパロボＩＭＰＡＣＴ178【するにゃん】,2,-1.0155904600612833,-0.03245259221468811,3.1780538303479458,0.6931471805599453,3.1780538303479458,3.1780538303479458,0.0,0.0,0.0,0.0,0.0,1.0,1.0,0.0,0.0,0.0,0.0,0.0,0.0,0.0,0.6956521739130435,0.13043478260869565,0.17391304347826086,0.0,0.0,0.0,0.0,0.0,0.0,0.0,0.0,0.0,0.0,0.0,0.0
raw-L02598,2599,2002,【ご奉仕】スパロボＩＭＰＡＣＴ178【するにゃん】,2,-0.8128456143004771,0.17551149374575534,3.1354942159291497,0.6931471805599453,3.1354942159291497,3.1354942159291497,0.0,0.0,0.0,0.0,0.0,1.0,1.0,0.0,0.0,0.0,0.0,0.0,0.0,0.0,0.5,0.18181818181818182,0.2727272727272727,0.0,0.0,0.0,0.0,0.0,0.0,0.0,0.0,4.545454545454546,0.0,0.0,0.0
raw-L02601,2602,2002,【ご奉仕】スパロボＩＭＰＡＣＴ178【するにゃん】,2,-2.4016597080578035,0.2790540363072473,2.0794415416798357,0.6931471805599453,2.0794415416798357,2.0794415416798357,0.0,0.0,0.0,0.0,0.0,1.0,1.0,0.0,0.0,0.0,0.0,0.0,0.0,0.0,0.5714285714285715,0.28571428571428575,0.0,0.0,0.0,0.14285714285714288,0.0,0.0,0.0,14.285714285714286,0.0,0.0,0.0,14.285714285714286,0.0
raw-L02605,2606,2002,【ご奉仕】スパロボＩＭＰＡＣＴ178【するにゃん】,2,-0.4476716827222927,0.3609774662484989,3.4011973816621555,0.6931471805599453,3.4011973816621555,3.4011973816621555,0.0,0.0,0.0,0.0,0.0,1.0,1.0,0.0,0.0,0.0,0.0,0.0,0.0,0.0,0.7241379310344827,0.20689655172413793,0.06896551724137931,0.0,0.0,0.0,0.0,0.0,0.0,0.0,0.0,3.4482758620689653,0.0,0.0,0.0
raw-L02608,2609,2002,【ご奉仕】スパロボＩＭＰＡＣＴ178【するにゃん】,2,-1.273048169354994,0.6425806317053621,3.332204510175204,1.0986122886681098,2.6741486494265287,2.772588722239781,0.0,0.0,0.0,0.0,3.7037037037037037,1.0,1.0,0.0,0.0,0.0,0.0,0.0,0.0,0.0,0.3703703703703704,0.4444444444444444,0.1111111111111111,0.0,0.07407407407407407,0.0,0.0,3.7037037037037037,0.0,0.0,0.0,0.0,0.0,0.0,0.0
raw-L02612,2613,2002,【ご奉仕】スパロボＩＭＰＡＣＴ178【するにゃん】,2,-1.91172932946766,-0.02768792570444146,2.5649493574615367,0.6931471805599453,2.5649493574615367,2.5649493574615367,0.0,0.0,0.0,0.0,0.0,1.0,1.0,0.0,0.0,0.0,0.0,0.0,0.0,0.0,0.41666666666666663,0.41666666666666663,0.16666666666666669,0.0,0.0,0.0,0.0,0.0,0.0,0.0,0.0,0.0,0.0,0.0,0.0
raw-L02616,2617,2002,【ご奉仕】スパロボＩＭＰＡＣＴ178【するにゃん】,2,-1.4344008128452066,1.0626793435312147,3.4011973816621555,1.3862943611198906,2.367123614131617,2.833213344056216,0.0,0.0,0.0,0.0,6.896551724137931,1.0,1.0,0.0,0.0,0.0,0.0,0.0,0.0,0.0,0.6206896551724138,0.3103448275862069,0.06896551724137931,0.0,0.0,0.0,0.0,0.0,0.0,0.0,0.0,0.0,0.0,0.0,0.0
raw-L02623,2624,2002,【ご奉仕】スパロボＩＭＰＡＣＴ178【するにゃん】,2,-0.9537738543106035,-0.05733849269143496,3.1780538303479458,0.6931471805599453,3.1780538303479458,3.1780538303479458,0.0,0.0,0.0,0.0,0.0,1.0,1.0,0.0,0.0,0.0,0.0,0.0,0.0,0.0,0.5217391304347826,0.17391304347826086,0.17391304347826086,0.0,0.0,0.043478260869565216,0.0,0.0,0.0,0.0,0.0,0.0,0.0,0.0,0.0
raw-L02626,2627,2002,【ご奉仕】スパロボＩＭＰＡＣＴ178【するにゃん】,0,-0.8815504076985643,-2.8488352888647896,3.295836866004329,0.6931471805599453,3.295836866004329,3.295836866004329,0.0,0.0,3.8461538461538463,0.0,0.0,0.0,1.0,0.0,0.0,0.0,0.0,0.0,0.0,0.0,0.5384615384615384,0.07692307692307693,0.34615384615384615,0.0,0.0,0.0,0.0,0.0,0.0,0.0,0.0,0.0,0.0,0.0,0.0
raw-L02629,2630,2002,【ご奉仕】スパロボＩＭＰＡＣＴ178【するにゃん】,2,-1.9914838234850516,0.4893298703550252,2.9444389791664403,1.0986122886681098,2.302585092994046,2.6390573296152584,0.0,0.0,0.0,0.0,5.555555555555555,1.0,1.0,0.0,0.0,0.0,0.0,0.0,0.0,0.0,0.5,0.16666666666666669,0.2222222222222222,0.0,0.0,0.05555555555555555,0.0,0.0,0.0,0.0,0.0,0.0,0.0,0.0,0.0
raw-L02634,2635,2002,【ご奉仕】スパロボＩＭＰＡＣＴ178【するにゃん】,2,-2.3877913890283993,-0.27628545654156944,3.2188758248682006,1.0986122886681098,2.5649493574615367,2.772588722239781,0.0,0.0,0.0,0.0,4.166666666666667,1.0,1.0,0.0,0.0,0.0,0.0,0.0,0.0,0.0,0.75,0.16666666666666669,0.08333333333333334,0.0,0.0,0.0,0.0,0.0,4.166666666666667,0.0,0.0,0.0,0.0,0.0,4.166666666666667
raw-L02639,2640,2002,【ご奉仕】スパロボＩＭＰＡＣＴ178【するにゃん】,2,-1.3903362985805299,0.790223296620854,3.1780538303479458,1.0986122886681098,2.5257286443082556,2.995732273553991,0.0,0.0,0.0,0.0,4.3478260869565215,1.0,1.0,0.0,0.0,0.0,0.0,0.0,0.0,0.0,0.8695652173913043,0.043478260869565216,0.08695652173913043,0.0,0.0,0.0,0.0,0.0,0.0,0.0,0.0,0.0,0.0,4.3478260869565215,0.0
raw-L02643,2644,2002,【ご奉仕】スパロボＩＭＰＡＣＴ178【するにゃん】,0,1.2153996074971345,-5.5771680767127245,3.4011973816621555,0.6931471805599453,3.4011973816621555,3.4011973816621555,0.0,3.4482758620689653,3.4482758620689653,0.0,0.0,0.0,0.0,0.0,0.0,0.0,0.0,0.0,0.0,0.0,0.48275862068965514,0.10344827586206896,0.3448275862068966,0.0,0.0,0.0,0.0,0.0,0.0,0.0,0.0,0.0,0.0,0.0,3.4482758620689653
raw-L02646,2647,2002,【ご奉仕】スパロボＩＭＰＡＣＴ178【するにゃん】,0,-2.2133986802424332,-3.5993539284236102,2.70805020110221,0.6931471805599453,2.70805020110221,2.70805020110221,0.0,0.0,7.142857142857143,0.0,0.0,0.0,1.0,0.0,0.0,0.0,0.0,0.0,0.0,0.0,0.7142857142857143,0.07142857142857144,0.14285714285714288,0.0,0.0,0.0,0.0,0.0,0.0,0.0,0.0,0.0,0.0,0.0,0.0
raw-L02649,2650,2002,【ご奉仕】スパロボＩＭＰＡＣＴ178【するにゃん】,0,-4.517956453309028,-5.592796864912845,1.9459101490553132,0.6931471805599453,1.9459101490553132,1.9459101490553132,0.0,0.0,16.666666666666668,0.0,0.0,0.0,1.0,0.0,0.0,0.0,0.0,0.0,0.0,0.0,0.6666666666666667,0.16666666666666669,0.0,0.0,0.0,0.0,0.0,0.0,0.0,0.0,0.0,0.0,0.0,0.0,16.666666666666668
raw-L02652,2653,2002,【ご奉仕】スパロボＩＭＰＡＣＴ178【するにゃん】,2,-1.6042947776820677,-0.29352880612966437,3.044522437723423,0.6931471805599453,3.044522437723423,3.044522437723423,0.0,0.0,0.0,0.0,0.0,1.0,1.0,0.0,0.0,0.0,0.0,0.0,0.0,0.0,0.5,0.1,0.35,0.0,0.0,0.0,0.0,0.0,5.0,0.0,0.0,0.0,0.0,0.0,0.0
raw-L02655,2656,2002,【ご奉仕】スパロボＩＭＰＡＣＴ178【するにゃん】,2,-2.96610370809254,-0.36847016639864155,2.0794415416798357,0.6931471805599453,2.0794415416798357,2.0794415416798357,0.0,0.0,0.0,0.0,0.0,1.0,1.0,0.0,0.0,0.0,0.0,0.0,0.0,0.0,0.5714285714285715,0.14285714285714288,0.28571428571428575,0.0,0.0,0.0,0.0,0.0,0.0,0.0,0.0,0.0,0.0,0.0,0.0
raw-L02658,2659,2002,【ご奉仕】スパロボＩＭＰＡＣＴ178【するにゃん】,0,-4.363723765023679,-3.6034438512709532,2.6390573296152584,1.0986122886681098,2.0149030205422647,2.1972245773362196,0.0,0.0,7.6923076923076925,0.0,7.6923076923076925,0.5,1.0,0.0,0.0,0.0,0.0,0.0,0.0,0.0,0.7692307692307692,0.15384615384615385,0.0,0.0,0.0,0.0,0.0,7.6923076923076925,0.0,0.0,0.0,0.0,0.0,0.0,7.6923076923076925
raw-L02663,2664,2002,【ご奉仕】スパロボＩＭＰＡＣＴ178【するにゃん】,0,0.0512720290805317,-3.0081813095777235,3.5553480614894135,1.0986122886681098,2.8903717578961645,2.8903717578961645,0.0,2.9411764705882355,2.9411764705882355,0.0,2.9411764705882355,0.5,0.5,0.0,0.0,0.0,0.0,0.0,0.0,0.0,0.5,0.23529411764705885,0.11764705882352942,0.0,0.05882352941176471,0.0,0.0,5.882352941176471,0.0,2.9411764705882355,0.0,0.0,0.0,0.0,2.9411764705882355
raw-L02667,2668,2002,【ご奉仕】スパロボＩＭＰＡＣＴ178【するにゃん】,1,0.6632644632287578,-0.8197098963584631,3.6888794541139363,1.0986122886681098,3.0204248861443626,3.4965075614664802,0.0,2.5641025641025643,0.0,0.0,2.5641025641025643,1.0,0.5,0.0,0.0,0.0,0.0,0.0,0.0,0.0,0.7435897435897436,0.12820512820512822,0.10256410256410257,0.0,0.0,0.0,0.0,2.5641025641025643,0.0,0.0,0.0,0.0,0.0,0.0,0.0
raw-L02671,2672,2002,【ご奉仕】スパロボＩＭＰＡＣＴ178【するにゃん】,2,-1.3439740553336788,0.005365914807083642,3.295836866004329,0.6931471805599453,3.295836866004329,3.295836866004329,0.0,0.0,0.0,0.0,0.0,1.0,1.0,0.0,0.0,0.0,0.0,0.0,0.0,0.0,0.8461538461538461,0.15384615384615385,0.0,0.0,0.0,0.0,0.0,3.8461538461538463,3.8461538461538463,0.0,0.0,0.0,0.0,0.0,0.0
raw-L02675,2676,2002,【ご奉仕】スパロボＩＭＰＡＣＴ178【するにゃん】,2,-1.1393754719903455,0.3051422555508298,3.5553480614894135,1.0986122886681098,2.8903717578961645,2.995732273553991,0.0,0.0,0.0,0.0,2.9411764705882355,1.0,1.0,0.0,0.0,0.0,0.0,0.0,0.0,0.0,0.411764705882353,0.29411764705882354,0.23529411764705885,0.0,0.0,0.0,0.0,5.882352941176471,0.0,0.0,0.0,0.0,0.0,0.0,0.0
raw-L02679,2680,2002,【ご奉仕】スパロボＩＭＰＡＣＴ178【するにゃん】,2,-2.1776899714303166,-0.025509735568100496,2.5649493574615367,0.6931471805599453,2.5649493574615367,2.5649493574615367,0.0,0.0,0.0,0.0,0.0,1.0,1.0,0.0,0.0,0.0,0.0,0.0,0.0,0.0,0.5833333333333334,0.25,0.0,0.0,0.16666666666666669,0.0,0.0,8.333333333333334,0.0,0.0,0.0,0.0,0.0,0.0,0.0
raw-L02682,2683,2002,【ご奉仕】スパロボＩＭＰＡＣＴ178【するにゃん】,1,1.6935832913785427,-2.050766839499367,3.4965075614664802,0.6931471805599453,3.4965075614664802,3.4965075614664802,0.0,3.125,0.0,0.0,0.0,1.0,0.0,0.0,0.0,0.0,0.0,0.0,0.0,0.0,0.59375,0.15625,0.125,0.0,0.0625,0.0,0.0,3.125,0.0,0.0,0.0,0.0,0.0,0.0,0.0
raw-L02685,2686,2002,【ご奉仕】スパロボＩＭＰＡＣＴ178【するにゃん】,2,-2.2485833020083823,0.7186376771961684,2.8903717578961645,1.0986122886681098,2.2512917986064953,2.5649493574615367,0.0,0.0,0.0,0.0,5.882352941176471,1.0,1.0,0.0,0.0,0.0,0.0,0.0,0.0,0.0,0.5294117647058824,0.4705882352941177,0.0,0.0,0.0,0.0,0.0,5.882352941176471,0.0,0.0,0.0,0.0,0.0,0.0,0.0
raw-L02689,2690,2002,【ご奉仕】スパロボＩＭＰＡＣＴ178【するにゃん】,0,-0.19387171685790042,-3.5381700283974,3.367295829986474,1.0986122886681098,2.70805020110221,2.9444389791664403,0.0,3.5714285714285716,3.5714285714285716,0.0,3.5714285714285716,0.5,0.5,0.0,0.0,0.0,0.0,0.0,0.0,0.0,0.5714285714285715,0.10714285714285714,0.21428571428571427,0.0,0.0,0.0,0.0,0.0,0.0,0.0,0.0,0.0,0.0,0.0,3.5714285714285716
raw-L02694,2695,2002,【ご奉仕】スパロボＩＭＰＡＣＴ178【するにゃん】,2,-1.0207248147362835,-0.6552540611843297,3.8501476017100584,1.3862943611198906,2.793208009442517,2.9444389791664403,0.0,0.0,2.1739130434782608,0.0,4.3478260869565215,0.6666666666666666,1.0,0.0,0.0,0.0,0.0,0.0,0.0,0.0,0.391304347826087,0.3695652173913044,0.13043478260869565,0.0,0.043478260869565216,0.0,0.0,2.1739130434782608,0.0,0.0,0.0,0.0,0.0,0.0,2.1739130434782608
raw-L02699,2700,2002,【ご奉仕】スパロボＩＭＰＡＣＴ178【するにゃん】,2,-2.612164365744,-0.5063934764389287,2.302585092994046,0.6931471805599453,2.302585092994046,2.302585092994046,0.0,0.0,0.0,0.0,0.0,1.0,1.0,0.0,0.0,0.0,0.0,0.0,0.0,0.0,0.5555555555555556,0.0,0.4444444444444444,0.0,0.0,0.0,0.0,0.0,0.0,0.0,0.0,0.0,0.0,0.0,0.0
raw-L02717,2718,2002,【全裸で】SRWインパクト181【スパロボ】,2,-2.566113283078938,-0.2546343880679357,2.70805020110221,0.6931471805599453,2.70805020110221,2.70805020110221,0.0,0.0,0.0,0.0,0.0,1.0,1.0,0.0,0.0,0.0,0.0,0.0,0.0,0.0,0.8571428571428571,0.0,0.14285714285714288,0.0,0.0,0.0,0.0,0.0,7.142857142857143,0.0,0.0,0.0,0.0,0.0,0.0
raw-L02720,2721,2002,【全裸で】SRWインパクト181【スパロボ】,2,-1.7655223621439182,-0.08936929067244677,2.772588722239781,0.6931471805599453,2.772588722239781,2.772588722239781,0.0,0.0,0.0,0.0,0.0,1.0,1.0,0.0,0.0,0.0,0.0,0.0,0.0,0.0,0.7333333333333333,0.13333333333333333,0.13333333333333333,0.0,0.0,0.0,0.0,0.0,0.0,0.0,0.0,0.0,0.0,0.0,0.0
raw-L02723,2724,2002,【全裸で】SRWインパクト181【スパロボ】,0,-2.557945129873926,-4.40017050882527,2.833213344056216,0.6931471805599453,2.833213344056216,2.833213344056216,0.0,0.0,6.25,0.0,0.0,0.0,1.0,0.0,0.0,0.0,0.0,0.0,0.0,0.0,0.75,0.1875,0.0,0.0,0.0,0.0,0.0,0.0,0.0,0.0,0.0,0.0,0.0,0.0,6.25
raw-L02726,2727,2002,【全裸で】SRWインパクト181【スパロボ】,2,-1.2040642863570978,-0.25640912994677173,3.1780538303479458,0.6931471805599453,3.1780538303479458,3.1780538303479458,0.0,0.0,0.0,0.0,0.0,1.0,1.0,0.0,0.0,0.0,0.0,0.0,0.0,0.0,0.4782608695652174,0.13043478260869565,0.2608695652173913,0.0,0.08695652173913043,0.0,0.0,8.695652173913043,0.0,0.0,0.0,0.0,0.0,0.0,0.0
raw-L02729,2730,2002,【全裸で】SRWインパクト181【スパロボ】,2,-2.531688713359565,0.5695511760935207,2.8903717578961645,1.0986122886681098,2.2512917986064953,2.4849066497880004,0.0,0.0,0.0,0.0,5.882352941176471,1.0,1.0,0.0,0.0,0.0,0.0,0.0,0.0,0.0,0.823529411764706,0.17647058823529413,0.0,0.0,0.0,0.0,0.0,5.882352941176471,0.0,0.0,0.0,0.0,0.0,0.0,0.0
raw-L02734,2735,2002,【全裸で】SRWインパクト181【スパロボ】,0,-2.2157682655916515,-2.0576198657354774,3.332204510175204,1.0986122886681098,2.6741486494265287,2.8903717578961645,0.0,0.0,3.7037037037037037,0.0,3.7037037037037037,0.5,1.0,0.0,0.0,0.0,0.0,0.0,0.0,0.0,0.6296296296296297,0.2592592592592593,0.07407407407407407,0.0,0.0,0.0,0.0,7.407407407407407,0.0,0.0,0.0,0.0,0.0,0.0,3.7037037037037037
raw-L02738,2739,2002,【全裸で】SRWインパクト181【スパロボ】,2,-2.088396234778845,-1.066445222060901,2.833213344056216,0.6931471805599453,2.833213344056216,2.833213344056216,0.0,0.0,0.0,0.0,0.0,1.0,1.0,0.0,0.0,0.0,0.0,0.0,0.0,0.0,0.625,0.375,0.0,0.0,0.0,0.0,0.0,6.25,0.0,6.25,0.0,0.0,0.0,0.0,6.25
raw-L02742,2743,2002,【全裸で】SRWインパクト181【スパロボ】,2,-1.816868722448195,0.6194531611706654,3.2188758248682006,1.0986122886681098,2.5649493574615367,2.5649493574615367,0.0,0.0,0.0,0.0,4.166666666666667,1.0,1.0,0.0,0.0,0.0,0.0,0.0,0.0,0.0,0.625,0.375,0.0,0.0,0.0,0.0,0.0,4.166666666666667,0.0,0.0,0.0,0.0,0.0,0.0,0.0
raw-L02746,2747,2002,【全裸で】SRWインパクト181【スパロボ】,2,-0.4298450951998872,0.7925309534228141,3.6888794541139363,1.0986122886681098,3.0204248861443626,3.1780538303479458,0.0,0.0,0.0,0.0,2.5641025641025643,1.0,1.0,0.0,0.0,0.0,0.0,0.0,0.0,0.0,0.4102564102564103,0.4358974358974359,0.15384615384615385,0.0,0.0,0.0,0.0,2.5641025641025643,0.0,0.0,0.0,0.0,0.0,2.5641025641025643,0.0
raw-L02750,2751,2002,【全裸で】SRWインパクト181【スパロボ】,2,-1.0276825404863987,0.24134979123327974,3.5263605246161616,1.0986122886681098,2.8622008809294686,3.091042453358316,0.0,0.0,0.0,0.0,3.0303030303030303,1.0,1.0,0.0,0.0,0.0,0.0,0.0,0.0,0.0,0.4242424242424242,0.18181818181818182,0.36363636363636365,0.0,0.0,0.0,0.0,3.0303030303030303,0.0,0.0,0.0,0.0,0.0,0.0,0.0
raw-L02754,2755,2002,【全裸で】SRWインパクト181【スパロボ】,0,-4.336057247817752,-5.578948168341383,2.4849066497880004,0.6931471805599453,2.4849066497880004,2.4849066497880004,0.0,0.0,9.090909090909092,0.0,0.0,0.0,1.0,0.0,0.0,0.0,0.0,0.0,0.0,0.0,0.8181818181818181,0.09090909090909091,0.0,0.0,0.0,0.0,0.0,0.0,9.090909090909092,0.0,0.0,0.0,0.0,0.0,9.090909090909092
raw-L02758,2759,2002,【全裸で】SRWインパクト181【スパロボ】,2,-1.6646185790302195,1.001483178865358,3.4011973816621555,1.3862943611198906,2.367123614131617,2.8903717578961645,0.0,0.0,0.0,0.0,6.896551724137931,1.0,1.0,0.0,0.0,0.0,0.0,0.0,0.0,0.0,0.5862068965517241,0.3103448275862069,0.10344827586206896,0.0,0.0,0.0,0.0,0.0,3.4482758620689653,0.0,0.0,0.0,0.0,0.0,0.0
raw-L02763,2764,2002,【全裸で】SRWインパクト181【スパロボ】,1,-0.29644175498647285,0.20280289748904518,3.295836866004329,0.6931471805599453,3.295836866004329,3.295836866004329,0.0,0.0,0.0,0.0,0.0,1.0,1.0,0.0,0.0,0.0,0.0,0.0,0.0,0.0,0.23076923076923075,0.3076923076923077,0.15384615384615385,0.0,0.15384615384615385,0.0,0.0,0.0,0.0,0.0,0.0,0.0,0.0,0.0,0.0
raw-L02766,2767,2002,【全裸で】SRWインパクト181【スパロボ】,0,-1.702191667811304,-1.999628793636326,3.367295829986474,1.0986122886681098,2.70805020110221,2.833213344056216,0.0,0.0,3.5714285714285716,0.0,3.5714285714285716,0.5,1.0,0.0,0.0,0.0,0.0,0.0,0.0,0.0,0.32142857142857145,0.28571428571428575,0.28571428571428575,0.0,0.0,0.0,0.0,0.0,0.0,0.0,0.0,0.0,0.0,0.0,3.5714285714285716
raw-L02770,2771,2002,【全裸で】SRWインパクト181【スパロボ】,2,-0.4227591949823363,0.32443949680746403,3.7376696182833684,1.0986122886681098,3.068052935133617,3.4011973816621555,0.0,0.0,0.0,0.0,2.4390243902439024,1.0,1.0,0.0,0.0,0.0,0.0,0.0,0.0,0.0,0.4390243902439025,0.17073170731707318,0.36585365853658536,0.0,0.0,0.0,0.0,0.0,0.0,0.0,0.0,0.0,0.0,0.0,0.0
raw-L02774,2775,2002,【全裸で】SRWインパクト181【スパロボ】,2,-0.27372310050478565,0.5035305085342745,3.8918202981106265,1.0986122886681098,3.2188758248682006,3.5553480614894135,0.0,0.0,0.0,0.0,2.0833333333333335,1.0,1.0,0.0,0.0,0.0,0.0,0.0,0.0,0.0,0.625,0.22916666666666669,0.125,0.0,0.0,0.0,0.0,2.0833333333333335,0.0,0.0,0.0,0.0,0.0,0.0,0.0
raw-L02778,2779,2002,【全裸で】SRWインパクト181【スパロボ】,2,-2.5928243673751266,1.1145046124956226,3.1354942159291497,1.3862943611198906,2.120263536200091,2.3978952727983707,0.0,0.0,0.0,0.0,9.090909090909092,1.0,1.0,0.0,0.0,0.0,0.0,0.0,0.0,0.0,0.8181818181818181,0.18181818181818182,0.0,0.0,0.0,0.0,0.0,0.0,4.545454545454546,0.0,0.0,0.0,0.0,0.0,0.0
raw-L02784,2785,2002,【全裸で】SRWインパクト181【スパロボ】,0,-1.8045009129178033,-2.0824256405594532,3.4011973816621555,1.0986122886681098,2.740840023925201,2.772588722239781,0.0,0.0,3.4482758620689653,0.0,3.4482758620689653,0.5,1.0,0.0,0.0,0.0,0.0,0.0,0.0,0.0,0.41379310344827586,0.13793103448275862,0.3448275862068966,0.0,0.0,0.034482758620689655,0.0,0.0,0.0,0.0,0.0,0.0,0.0,0.0,3.4482758620689653
raw-L02789,2790,2002,【全裸で】SRWインパクト181【スパロボ】,2,-1.0221999005264117,0.2565340853848966,3.4965075614664802,1.0986122886681098,2.833213344056216,2.8903717578961645,0.0,0.0,0.0,0.0,3.125,1.0,1.0,0.0,0.0,0.0,0.0,0.0,0.0,0.0,0.34375,0.1875,0.4375,0.0,0.0,0.0,0.0,0.0,0.0,0.0,0.0,0.0,0.0,0.0,0.0
raw-L02794,2795,2002,【全裸で】SRWインパクト181【スパロボ】,0,-2.5461458060850815,-2.147859568333876,3.1780538303479458,1.0986122886681098,2.5257286443082556,2.5649493574615367,0.0,0.0,4.3478260869565215,0.0,4.3478260869565215,0.5,1.0,0.0,0.0,0.0,0.0,0.0,0.0,0.0,0.6086956521739131,0.34782608695652173,0.0,0.0,0.0,0.0,0.0,4.3478260869565215,0.0,0.0,0.0,0.0,0.0,0.0,4.3478260869565215
raw-L02799,2800,2002,【全裸で】SRWインパクト181【スパロボ】,4,0.5393071289107996,2.854761065393642,4.867534450455582,2.5649493574615367,2.463853240590168,3.044522437723423,0.0,0.0,0.0,0.0,10.077519379844961,1.0,1.0,0.0,0.0,0.7751937984496124,0.0,0.0,0.0,49.6124031007752,0.007751937984496125,0.3953488372093023,0.10852713178294573,0.0,0.08527131782945735,0.34883720930232553,0.0,0.0,0.0,0.0,0.0,0.0,0.0,0.0,0.0
raw-L02815,2816,2002,【全裸で】SRWインパクト181【スパロボ】,4,1.251252187765028,2.26709926433363,5.831882477283517,3.091042453358316,2.844355520609458,3.091042453358316,0.0,0.0,0.0,0.0,6.176470588235294,1.0,1.0,0.0,0.0,0.29411764705882354,0.0,0.0,0.0,45.0,0.0029411764705882353,0.08235294117647057,0.2676470588235294,0.0,0.10294117647058824,0.3588235294117647,0.0,0.0,0.0,0.0,0.0,0.0,0.0,0.0,0.0
raw-L02839,2840,2002,【全裸で】SRWインパクト181【スパロボ】,0,-2.757532226056421,-4.68692645570989,2.833213344056216,0.6931471805599453,2.833213344056216,2.833213344056216,0.0,0.0,6.25,0.0,0.0,0.0,1.0,0.0,0.0,0.0,0.0,0.0,0.0,0.0,0.4375,0.25,0.125,0.0,0.0,0.0625,0.0,6.25,0.0,0.0,0.0,0.0,0.0,0.0,6.25
raw-L02842,2843,2002,【全裸で】SRWインパクト181【スパロボ】,0,0.3182683191292434,-2.140072040227034,3.7612001156935624,0.6931471805599453,3.7612001156935624,3.7612001156935624,0.0,0.0,2.380952380952381,0.0,0.0,0.0,1.0,0.0,0.0,9.523809523809524,0.0,0.0,0.0,0.0,0.33333333333333337,0.11904761904761905,0.28571428571428575,0.0,0.0,0.023809523809523808,0.0,0.0,0.0,0.0,0.0,0.0,0.0,0.0,2.380952380952381
raw-L02845,2846,2002,【全裸で】SRWインパクト181【スパロボ】,2,-1.4021699817283693,0.31783757633850696,3.332204510175204,1.0986122886681098,2.6741486494265287,2.772588722239781,0.0,0.0,0.0,0.0,3.7037037037037037,1.0,1.0,0.0,0.0,0.0,0.0,0.0,0.0,0.0,0.4444444444444444,0.2222222222222222,0.2962962962962963,0.0,0.0,0.0,0.0,7.407407407407407,0.0,3.7037037037037037,0.0,0.0,0.0,0.0,0.0
raw-L02849,2850,2002,【全裸で】SRWインパクト181【スパロボ】,2,-1.6973621277430326,0.8896804898854098,3.258096538021482,1.3862943611198906,2.2335922215070942,2.833213344056216,0.0,0.0,0.0,0.0,8.0,1.0,1.0,0.0,0.0,0.0,0.0,0.0,0.0,0.0,0.6,0.12,0.24,0.0,0.0,0.0,0.0,0.0,0.0,0.0,0.0,0.0,0.0,0.0,0.0
raw-L02854,2855,2002,【全裸で】SRWインパクト181【スパロボ】,2,-0.462807458091109,-0.41320202383997884,4.02535169073515,1.3862943611198906,2.9618307218783095,3.4011973816621555,0.0,0.0,1.8181818181818181,0.0,3.6363636363636362,0.6666666666666666,1.0,0.0,0.0,0.0,0.0,0.0,0.0,0.0,0.6181818181818182,0.23636363636363636,0.12727272727272726,0.0,0.0,0.0,0.0,0.0,0.0,0.0,0.0,1.8181818181818181,0.0,0.0,1.8181818181818181
raw-L02859,2860,2002,【全裸で】SRWインパクト181【スパロボ】,2,-2.616172031628895,-0.20629792181876092,3.091042453358316,1.0986122886681098,2.4423470353692043,2.6390573296152584,0.0,0.0,0.0,0.0,4.761904761904762,1.0,1.0,0.0,0.0,0.0,0.0,0.0,0.0,0.0,0.6190476190476191,0.38095238095238093,0.0,0.0,0.0,0.0,0.0,0.0,4.761904761904762,0.0,0.0,0.0,0.0,0.0,4.761904761904762
raw-L02864,2865,2002,【全裸で】SRWインパクト181【スパロボ】,2,-0.27913205706340877,0.0862810890571198,3.4657359027997265,0.6931471805599453,3.4657359027997265,3.4657359027997265,0.0,0.0,0.0,0.0,0.0,1.0,1.0,0.0,0.0,0.0,0.0,0.0,0.0,0.0,0.5161290322580645,0.25806451612903225,0.1935483870967742,0.0,0.0,0.0,0.0,3.225806451612903,0.0,3.225806451612903,0.0,0.0,0.0,0.0,0.0
raw-L02868,2869,2002,【全裸で】SRWインパクト181【スパロボ】,2,-2.522553932722398,0.9887988298970204,3.332204510175204,1.3862943611198906,2.302585092994046,2.3978952727983707,0.0,0.0,0.0,0.0,7.407407407407407,1.0,1.0,0.0,0.0,0.0,0.0,0.0,0.0,0.0,0.7777777777777777,0.2222222222222222,0.0,0.0,0.0,0.0,0.0,0.0,7.407407407407407,0.0,0.0,0.0,0.0,0.0,0.0
raw-L02874,2875,2002,【全裸で】SRWインパクト181【スパロボ】,2,-1.171930193278153,0.4249575187506746,3.4657359027997265,1.0986122886681098,2.803360380906535,2.8903717578961645,0.0,0.0,0.0,0.0,3.225806451612903,1.0,1.0,0.0,0.0,0.0,0.0,0.0,0.0,0.0,0.6129032258064516,0.16129032258064516,0.22580645161290325,0.0,0.0,0.0,0.0,0.0,0.0,0.0,0.0,0.0,0.0,0.0,0.0
raw-L02878,2879,2002,【全裸で】SRWインパクト181【スパロボ】,2,-2.086534751835612,0.11068822223770855,2.4849066497880004,0.6931471805599453,2.4849066497880004,2.4849066497880004,0.0,0.0,0.0,0.0,0.0,1.0,1.0,0.0,0.0,0.0,0.0,0.0,0.0,0.0,0.5454545454545454,0.45454545454545453,0.0,0.0,0.0,0.0,0.0,0.0,0.0,0.0,0.0,0.0,0.0,0.0,0.0
raw-L02882,2883,2002,【全裸で】SRWインパクト181【スパロボ】,2,-1.4461243126704886,0.7919518390076699,3.1354942159291497,1.0986122886681098,2.4849066497880004,2.70805020110221,0.0,0.0,0.0,0.0,4.545454545454546,1.0,1.0,0.0,0.0,0.0,0.0,0.0,0.0,0.0,0.5454545454545454,0.40909090909090906,0.0,0.0,0.0,0.0,0.0,4.545454545454546,0.0,4.545454545454546,0.0,0.0,0.0,0.0,0.0
raw-L02887,2888,2002,【全裸で】SRWインパクト181【スパロボ】,2,-2.9977575190392236,0.6383494404247106,2.833213344056216,1.0986122886681098,2.1972245773362196,2.302585092994046,0.0,0.0,0.0,0.0,6.25,1.0,1.0,0.0,0.0,0.0,0.0,0.0,0.0,0.0,0.875,0.125,0.0,0.0,0.0,0.0,0.0,0.0,6.25,0.0,0.0,0.0,0.0,0.0,0.0
raw-L02892,2893,2002,【全裸で】SRWインパクト181【スパロボ】,2,-1.1674628914545622,1.043748327760609,2.995732273553991,1.0986122886681098,2.3513752571634776,2.772588722239781,0.0,0.0,0.0,0.0,5.2631578947368425,1.0,1.0,0.0,0.0,0.0,0.0,0.0,0.0,0.0,0.5263157894736842,0.2631578947368421,0.2105263157894737,0.0,0.0,0.0,0.0,0.0,0.0,0.0,5.2631578947368425,0.0,0.0,0.0,0.0
raw-L02896,2897,2002,【全裸で】SRWインパクト181【スパロボ】,2,-1.849073337772643,-0.1691521454322302,2.9444389791664403,0.6931471805599453,2.9444389791664403,2.9444389791664403,0.0,0.0,0.0,0.0,0.0,1.0,1.0,0.0,0.0,0.0,0.0,0.0,0.0,0.0,0.6111111111111112,0.16666666666666669,0.2222222222222222,0.0,0.0,0.0,0.0,0.0,5.555555555555555,0.0,0.0,0.0,0.0,0.0,0.0
raw-L02899,2900,2002,【全裸で】SRWインパクト181【スパロボ】,2,-3.2903365046668323,0.5973853810236162,2.70805020110221,1.0986122886681098,2.0794415416798357,2.302585092994046,0.0,0.0,0.0,0.0,7.142857142857143,1.0,1.0,0.0,0.0,0.0,0.0,0.0,0.0,0.0,1.0,0.0,0.0,0.0,0.0,0.0,0.0,0.0,7.142857142857143,0.0,0.0,0.0,0.0,0.0,0.0
raw-L02903,2904,2002,【全裸で】SRWインパクト181【スパロボ】,2,-3.3358647721314205,1.1467322402191986,2.302585092994046,1.0986122886681098,1.7047480922384253,1.791759469228055,0.0,0.0,0.0,0.0,11.11111111111111,1.0,1.0,0.0,0.0,0.0,0.0,0.0,0.0,0.0,0.5555555555555556,0.4444444444444444,0.0,0.0,0.0,0.0,0.0,0.0,0.0,0.0,0.0,0.0,0.0,0.0,0.0
raw-L02908,2909,2002,【全裸で】SRWインパクト181【スパロボ】,2,-1.9199578675656652,1.0838693999502627,3.367295829986474,1.3862943611198906,2.3353749158170367,2.6390573296152584,0.0,0.0,0.0,0.0,7.142857142857143,1.0,1.0,0.0,0.0,0.0,0.0,0.0,0.0,0.0,0.6785714285714286,0.32142857142857145,0.0,0.0,0.0,0.0,0.0,0.0,3.5714285714285716,0.0,0.0,0.0,0.0,0.0,0.0
raw-L02914,2915,2002,【全裸で】SRWインパクト181【スパロボ】,2,-3.39038186697456,-0.0728269477693148,1.791759469228055,0.6931471805599453,1.791759469228055,1.791759469228055,0.0,0.0,0.0,0.0,0.0,1.0,1.0,0.0,0.0,0.0,0.0,0.0,0.0,0.0,0.6,0.4,0.0,0.0,0.0,0.0,0.0,0.0,0.0,0.0,0.0,0.0,0.0,0.0,0.0
raw-L02917,2918,2002,【全裸で】SRWインパクト181【スパロボ】,2,-1.4781568033309294,0.04523777088672926,2.995732273553991,0.6931471805599453,2.995732273553991,2.995732273553991,0.0,0.0,0.0,0.0,0.0,1.0,1.0,0.0,0.0,0.0,0.0,0.0,0.0,0.0,0.631578947368421,0.368421052631579,0.0,0.0,0.0,0.0,0.0,5.2631578947368425,0.0,0.0,0.0,0.0,0.0,0.0,0.0
raw-L02920,2921,2002,【全裸で】SRWインパクト181【スパロボ】,2,-3.2329267904258208,1.3742655123098513,2.9444389791664403,1.6094379124341003,1.7047480922384253,2.0794415416798357,0.0,0.0,0.0,0.0,16.666666666666668,1.0,1.0,0.0,0.0,0.0,0.0,0.0,0.0,0.0,0.8333333333333333,0.16666666666666669,0.0,0.0,0.0,0.0,0.0,0.0,5.555555555555555,0.0,0.0,0.0,0.0,0.0,0.0
raw-L02927,2928,2002,【全裸で】SRWインパクト181【スパロボ】,2,-2.2872407545517275,0.06468126461545108,2.3978952727983707,0.6931471805599453,2.3978952727983707,2.3978952727983707,0.0,0.0,0.0,0.0,0.0,1.0,1.0,0.0,0.0,0.0,0.0,0.0,0.0,0.0,0.6,0.4,0.0,0.0,0.0,0.0,0.0,0.0,0.0,0.0,0.0,0.0,0.0,0.0,0.0
raw-L02930,2931,2002,【全裸で】SRWインパクト181【スパロボ】,2,-1.8899155579513853,0.01335077331459223,2.70805020110221,0.6931471805599453,2.70805020110221,2.70805020110221,0.0,0.0,0.0,0.0,0.0,1.0,1.0,0.0,0.0,0.0,0.0,0.0,0.0,0.0,0.7142857142857143,0.21428571428571427,0.0,0.0,0.0,0.07142857142857144,0.0,0.0,0.0,0.0,0.0,0.0,0.0,0.0,0.0
raw-L02933,2934,2002,【全裸で】SRWインパクト181【スパロボ】,2,-2.4496535140942903,-0.3369295111587257,3.2188758248682006,1.0986122886681098,2.5649493574615367,2.70805020110221,0.0,0.0,0.0,0.0,4.166666666666667,1.0,1.0,0.0,0.0,0.0,0.0,0.0,0.0,0.0,0.75,0.125,0.125,0.0,0.0,0.0,0.0,0.0,4.166666666666667,0.0,0.0,0.0,0.0,0.0,4.166666666666667
raw-L02938,2939,2002,【全裸で】SRWインパクト181【スパロボ】,2,-1.8701732913946085,-0.07141833022939216,2.772588722239781,0.6931471805599453,2.772588722239781,2.772588722239781,0.0,0.0,0.0,0.0,0.0,1.0,1.0,0.0,0.0,0.0,0.0,0.0,0.0,0.0,1.0,0.0,0.0,0.0,0.0,0.0,0.0,0.0,0.0,0.0,0.0,0.0,0.0,0.0,0.0
raw-L02941,2942,2002,【全裸で】SRWインパクト181【スパロボ】,2,-3.6207521308221633,0.6272964913004067,2.6390573296152584,1.0986122886681098,2.0149030205422647,2.1972245773362196,0.0,0.0,0.0,0.0,7.6923076923076925,1.0,1.0,0.0,0.0,0.0,0.0,0.0,0.0,0.0,0.6153846153846154,0.3846153846153846,0.0,0.0,0.0,0.0,0.0,7.6923076923076925,7.6923076923076925,0.0,0.0,0.0,0.0,0.0,0.0
raw-L02945,2946,2002,【全裸で】SRWインパクト181【スパロボ】,2,-3.47389492956299,1.15755343722224,2.8903717578961645,1.3862943611198906,1.8971199848858813,2.0794415416798357,0.0,0.0,0.0,0.0,11.764705882352942,1.0,1.0,0.0,0.0,0.0,0.0,0.0,0.0,0.0,0.7058823529411765,0.29411764705882354,0.0,0.0,0.0,0.0,0.0,5.882352941176471,5.882352941176471,0.0,0.0,0.0,0.0,0.0,0.0
raw-L02950,2951,2002,【全裸で】SRWインパクト181【スパロボ】,2,-1.6515693600521737,0.42896732678647753,3.367295829986474,1.0986122886681098,2.70805020110221,2.8903717578961645,0.0,0.0,0.0,0.0,3.5714285714285716,1.0,1.0,0.0,0.0,0.0,0.0,0.0,0.0,0.0,0.6428571428571429,0.14285714285714288,0.14285714285714288,0.0,0.0,0.07142857142857144,0.0,0.0,3.5714285714285716,0.0,0.0,0.0,0.0,0.0,0.0
raw-L02954,2955,2002,【全裸で】SRWインパクト181【スパロボ】,2,-3.644559365120962,-0.06603136657444973,1.6094379124341003,0.6931471805599453,1.6094379124341003,1.6094379124341003,0.0,0.0,0.0,0.0,0.0,1.0,1.0,0.0,0.0,0.0,0.0,0.0,0.0,0.0,0.5,0.5,0.0,0.0,0.0,0.0,0.0,0.0,0.0,0.0,0.0,0.0,0.0,0.0,0.0
raw-L02957,2958,2002,【全裸で】SRWインパクト181【スパロボ】,2,-3.7086250520279442,0.8523759738974743,2.4849066497880004,1.0986122886681098,1.8718021769015913,2.0794415416798357,0.0,0.0,0.0,0.0,9.090909090909092,1.0,1.0,0.0,0.0,0.0,0.0,0.0,0.0,0.0,0.7272727272727273,0.2727272727272727,0.0,0.0,0.0,0.0,0.0,0.0,9.090909090909092,0.0,0.0,0.0,0.0,0.0,0.0
raw-L02961,2962,2002,【全裸で】SRWインパクト181【スパロボ】,2,-2.2021626688102605,1.0752322194370854,2.772588722239781,1.0986122886681098,2.1400661634962708,2.4849066497880004,0.0,0.0,0.0,0.0,6.666666666666667,1.0,1.0,0.0,0.0,0.0,0.0,0.0,0.0,0.0,0.8,0.2,0.0,0.0,0.0,0.0,0.0,0.0,0.0,0.0,0.0,6.666666666666667,0.0,0.0,0.0
raw-L02981,2982,2002,【心機】スパロボインパクト195【一転】,2,-1.9484249180101203,0.602398478522479,3.2188758248682006,1.0986122886681098,2.5649493574615367,2.70805020110221,0.0,0.0,0.0,0.0,4.166666666666667,1.0,1.0,0.0,0.0,0.0,0.0,0.0,0.0,0.0,0.75,0.08333333333333334,0.0,0.0,0.08333333333333334,0.08333333333333334,0.0,0.0,4.166666666666667,0.0,0.0,0.0,0.0,0.0,0.0
raw-L02985,2986,2002,【心機】スパロボインパクト195【一転】,2,-1.7575311306516024,-0.030901037414085765,2.8903717578961645,0.6931471805599453,2.8903717578961645,2.8903717578961645,0.0,0.0,0.0,0.0,0.0,1.0,1.0,0.0,0.0,0.0,0.0,0.0,0.0,0.0,0.7058823529411765,0.29411764705882354,0.0,0.0,0.0,0.0,0.0,5.882352941176471,0.0,0.0,0.0,0.0,0.0,0.0,0.0
raw-L02988,2989,2002,【心機】スパロボインパクト195【一転】,2,-2.6075286387987178,-0.04665654878224552,2.6390573296152584,0.6931471805599453,2.6390573296152584,2.6390573296152584,0.0,0.0,0.0,0.0,0.0,1.0,1.0,0.0,0.0,0.0,0.0,0.0,0.0,0.0,0.7692307692307692,0.23076923076923075,0.0,0.0,0.0,0.0,0.0,0.0,7.6923076923076925,0.0,0.0,0.0,0.0,0.0,0.0
raw-L02992,2993,2002,【心機】スパロボインパクト195【一転】,2,-1.9797267748448382,0.037894716277021546,2.6390573296152584,0.6931471805599453,2.6390573296152584,2.6390573296152584,0.0,0.0,0.0,0.0,0.0,1.0,1.0,0.0,0.0,0.0,0.0,0.0,0.0,0.0,0.7692307692307692,0.23076923076923075,0.0,0.0,0.0,0.0,0.0,0.0,0.0,0.0,0.0,0.0,0.0,0.0,0.0
raw-L02995,2996,2002,【心機】スパロボインパクト195【一転】,0,-2.7882466214331063,-2.5899779781626373,2.995732273553991,1.0986122886681098,2.3513752571634776,2.3978952727983707,0.0,0.0,5.2631578947368425,0.0,5.2631578947368425,0.5,1.0,0.0,0.0,0.0,0.0,0.0,0.0,0.0,0.631578947368421,0.15789473684210525,0.15789473684210525,0.0,0.0,0.0,0.0,5.2631578947368425,0.0,5.2631578947368425,0.0,0.0,0.0,0.0,5.2631578947368425
raw-L03000,3001,2002,【心機】スパロボインパクト195【一転】,2,-2.229731684394877,0.5127009217329157,3.1780538303479458,1.0986122886681098,2.5257286443082556,2.6390573296152584,0.0,0.0,0.0,0.0,4.3478260869565215,1.0,1.0,0.0,0.0,0.0,0.0,0.0,0.0,0.0,0.6956521739130435,0.13043478260869565,0.0,0.0,0.08695652173913043,0.08695652173913043,0.0,4.3478260869565215,4.3478260869565215,0.0,0.0,0.0,0.0,0.0,0.0
raw-L03022,3023,2002,【エロ】スパロボインパクト196【一揆】,2,-1.1900306660678892,-1.9021846033505043,3.295836866004329,1.3862943611198906,2.268683541318364,2.3978952727983707,0.0,3.8461538461538463,3.8461538461538463,0.0,7.6923076923076925,0.6666666666666666,0.6666666666666666,0.0,0.0,0.0,0.0,0.0,0.0,0.0,0.923076923076923,0.0,0.0,0.0,0.0,0.0,0.0,0.0,3.8461538461538463,0.0,0.0,0.0,0.0,0.0,0.0
raw-L03027,3028,2002,【エロ】スパロボインパクト196【一揆】,2,-2.6169750922650103,0.5008809418157126,2.995732273553991,1.0986122886681098,2.3513752571634776,2.3978952727983707,0.0,0.0,0.0,0.0,5.2631578947368425,1.0,1.0,0.0,0.0,0.0,0.0,0.0,0.0,0.0,0.7894736842105263,0.10526315789473685,0.10526315789473685,0.0,0.0,0.0,0.0,0.0,5.2631578947368425,0.0,0.0,0.0,0.0,0.0,0.0
raw-L03031,3032,2002,【エロ】スパロボインパクト196【一揆】,2,-1.8206123885863046,-0.08682400032068945,2.995732273553991,0.6931471805599453,2.995732273553991,2.995732273553991,0.0,0.0,0.0,0.0,0.0,1.0,1.0,0.0,0.0,0.0,0.0,0.0,0.0,0.0,0.7894736842105263,0.10526315789473685,0.10526315789473685,0.0,0.0,0.0,0.0,0.0,5.2631578947368425,0.0,0.0,0.0,0.0,0.0,0.0
raw-L03034,3035,2002,【エロ】スパロボインパクト196【一揆】,2,-1.9975258155114919,0.5951982402108561,3.1354942159291497,1.0986122886681098,2.4849066497880004,2.772588722239781,0.0,0.0,0.0,0.0,4.545454545454546,1.0,1.0,0.0,0.0,0.0,0.0,0.0,0.0,0.0,0.6363636363636364,0.2727272727272727,0.09090909090909091,0.0,0.0,0.0,0.0,0.0,4.545454545454546,0.0,0.0,0.0,0.0,0.0,0.0
raw-L03038,3039,2002,【エロ】スパロボインパクト196【一揆】,2,-0.8535859635605083,0.7536486088303285,3.4339872044851463,1.0986122886681098,2.772588722239781,3.295836866004329,0.0,0.0,0.0,0.0,3.3333333333333335,1.0,1.0,0.0,0.0,0.0,0.0,0.0,0.0,0.0,0.6333333333333333,0.36666666666666664,0.0,0.0,0.0,0.0,0.0,0.0,0.0,0.0,0.0,0.0,0.0,0.0,0.0
raw-L03042,3043,2002,【エロ】スパロボインパクト196【一揆】,2,-0.8335566426890876,0.5341727670308707,3.713572066704308,1.0986122886681098,3.044522437723423,3.4011973816621555,0.0,0.0,0.0,0.0,2.5,1.0,1.0,0.0,0.0,0.0,0.0,0.0,0.0,0.0,0.85,0.1,0.05,0.0,0.0,0.0,0.0,0.0,2.5,0.0,0.0,0.0,0.0,0.0,0.0
raw-L03046,3047,2002,【エロ】スパロボインパクト196【一揆】,0,-3.2038965722659474,-2.4931742955530396,2.995732273553991,1.0986122886681098,2.3513752571634776,2.6390573296152584,0.0,0.0,5.2631578947368425,0.0,5.2631578947368425,0.5,1.0,0.0,0.0,0.0,0.0,0.0,0.0,0.0,0.736842105263158,0.2105263157894737,0.0,0.0,0.0,0.0,0.0,0.0,5.2631578947368425,0.0,0.0,0.0,0.0,0.0,5.2631578947368425
raw-L03051,3052,2002,【エロ】スパロボインパクト196【一揆】,2,-1.1557677414774779,0.9879683933720724,3.5263605246161616,1.3862943611198906,2.4849066497880004,2.9444389791664403,0.0,0.0,0.0,0.0,6.0606060606060606,1.0,1.0,0.0,0.0,0.0,0.0,0.0,0.0,0.0,0.5454545454545454,0.33333333333333337,0.12121212121212122,0.0,0.0,0.0,0.0,0.0,0.0,0.0,0.0,0.0,0.0,0.0,0.0
raw-L03056,3057,2002,【エロ】スパロボインパクト196【一揆】,2,-1.6898312190498677,0.6329828185776442,2.995732273553991,1.0986122886681098,2.3513752571634776,2.772588722239781,0.0,0.0,0.0,0.0,5.2631578947368425,1.0,1.0,0.0,0.0,0.0,0.0,0.0,0.0,0.0,0.4210526315789474,0.368421052631579,0.2105263157894737,0.0,0.0,0.0,0.0,0.0,0.0,0.0,0.0,0.0,0.0,0.0,0.0
raw-L03060,3061,2002,【エロ】スパロボインパクト196【一揆】,2,-3.311610572552456,1.0664849774532108,2.302585092994046,1.0986122886681098,1.7047480922384253,2.0794415416798357,0.0,0.0,0.0,0.0,11.11111111111111,1.0,1.0,0.0,0.0,0.0,0.0,0.0,0.0,0.0,0.7777777777777777,0.2222222222222222,0.0,0.0,0.0,0.0,0.0,0.0,0.0,0.0,0.0,0.0,0.0,0.0,0.0
raw-L03064,3065,2002,【エロ】スパロボインパクト196【一揆】,2,-1.838292916636998,0.7870301278474635,3.295836866004329,1.3862943611198906,2.268683541318364,2.6390573296152584,0.0,0.0,0.0,0.0,7.6923076923076925,1.0,1.0,0.0,0.0,0.0,0.0,0.0,0.0,0.0,0.2692307692307692,0.1923076923076923,0.1923076923076923,0.0,0.0,0.3076923076923077,0.0,0.0,0.0,0.0,0.0,0.0,0.0,0.0,0.0
raw-L03069,3070,2002,【エロ】スパロボインパクト196【一揆】,2,-2.626768413574121,0.7515614264503281,2.6390573296152584,1.0986122886681098,2.0149030205422647,2.1972245773362196,0.0,0.0,0.0,0.0,7.6923076923076925,1.0,1.0,0.0,0.0,0.0,0.0,0.0,0.0,0.0,0.5384615384615384,0.3076923076923077,0.15384615384615385,0.0,0.0,0.0,0.0,0.0,0.0,0.0,0.0,0.0,0.0,0.0,0.0
raw-L03074,3075,2002,【エロ】スパロボインパクト196【一揆】,2,-2.9243902675471367,0.5666436888572661,2.833213344056216,1.0986122886681098,2.1972245773362196,2.4849066497880004,0.0,0.0,0.0,0.0,6.25,1.0,1.0,0.0,0.0,0.0,0.0,0.0,0.0,0.0,1.0,0.0,0.0,0.0,0.0,0.0,0.0,0.0,6.25,0.0,0.0,0.0,0.0,0.0,0.0
raw-L03078,3079,2002,【エロ】スパロボインパクト196【一揆】,2,-1.3629685379049292,0.9105174498045682,3.5553480614894135,1.3862943611198906,2.512305623976115,2.995732273553991,0.0,0.0,0.0,0.0,5.882352941176471,1.0,1.0,0.0,0.0,0.0,0.0,0.0,0.0,0.0,0.5882352941176471,0.2647058823529412,0.11764705882352942,0.0,0.0,0.0,0.0,0.0,2.9411764705882355,0.0,0.0,0.0,0.0,0.0,0.0
raw-L03083,3084,2002,【エロ】スパロボインパクト196【一揆】,2,-3.6223127885273656,1.0932853227636288,2.1972245773362196,1.0986122886681098,1.6094379124341003,1.791759469228055,0.0,0.0,0.0,0.0,12.5,1.0,1.0,0.0,0.0,0.0,0.0,0.0,0.0,0.0,0.75,0.25,0.0,0.0,0.0,0.0,0.0,0.0,0.0,0.0,0.0,0.0,0.0,0.0,0.0
raw-L03088,3089,2002,【エロ】スパロボインパクト196【一揆】,2,-4.123430700452629,1.0730638419713916,2.1972245773362196,1.0986122886681098,1.6094379124341003,1.9459101490553132,0.0,0.0,0.0,0.0,12.5,1.0,1.0,0.0,0.0,0.0,0.0,0.0,0.0,0.0,0.625,0.375,0.0,0.0,0.0,0.0,0.0,0.0,12.5,0.0,0.0,0.0,0.0,0.0,0.0
raw-L03092,3093,2002,【エロ】スパロボインパクト196【一揆】,2,-3.388607923815401,-0.19082288943137812,2.302585092994046,0.6931471805599453,2.302585092994046,2.302585092994046,0.0,0.0,0.0,0.0,0.0,1.0,1.0,0.0,0.0,0.0,0.0,0.0,0.0,0.0,0.8888888888888888,0.1111111111111111,0.0,0.0,0.0,0.0,0.0,0.0,11.11111111111111,0.0,0.0,0.0,0.0,0.0,0.0
raw-L03116,3117,2002,【オニギリ】スパロボスレ215【食べよう】,2,-2.0006329160410625,0.8854078699339168,3.367295829986474,1.3862943611198906,2.3353749158170367,2.833213344056216,0.0,0.0,0.0,0.0,7.142857142857143,1.0,1.0,0.0,0.0,0.0,0.0,0.0,0.0,0.0,0.6785714285714286,0.21428571428571427,0.07142857142857144,0.0,0.0,0.0,0.0,3.5714285714285716,3.5714285714285716,0.0,0.0,0.0,0.0,0.0,0.0
raw-L03121,3122,2002,【オニギリ】スパロボスレ215【食べよう】,2,-1.4716024857528898,0.8604409119793893,3.6375861597263857,1.3862943611198906,2.5902671654458267,2.833213344056216,0.0,0.0,0.0,0.0,5.405405405405405,1.0,1.0,0.0,0.0,0.0,0.0,0.0,0.0,0.0,0.7837837837837838,0.13513513513513514,0.05405405405405405,0.0,0.0,0.0,0.0,0.0,2.7027027027027026,0.0,0.0,0.0,0.0,0.0,0.0
raw-L03126,3127,2002,【オニギリ】スパロボスレ215【食べよう】,2,-1.0960521932499103,0.9848376062858026,3.713572066704308,1.3862943611198906,2.662587827025453,3.4011973816621555,0.0,0.0,0.0,0.0,5.0,1.0,1.0,0.0,0.0,0.0,0.0,0.0,0.0,0.0,0.725,0.275,0.0,0.0,0.0,0.0,0.0,0.0,5.0,0.0,0.0,0.0,0.0,0.0,0.0
raw-L03131,3132,2002,【オニギリ】スパロボスレ215【食べよう】,2,-1.6783618138530851,0.7877358847109454,3.1354942159291497,1.0986122886681098,2.4849066497880004,2.4849066497880004,0.0,0.0,0.0,0.0,4.545454545454546,1.0,1.0,0.0,0.0,0.0,0.0,0.0,0.0,0.0,0.6363636363636364,0.18181818181818182,0.18181818181818182,0.0,0.0,0.0,0.0,0.0,0.0,0.0,0.0,4.545454545454546,0.0,0.0,0.0
raw-L03135,3136,2002,【オニギリ】スパロボスレ215【食べよう】,0,-3.2356589778487606,-4.003427733177261,2.9444389791664403,1.0986122886681098,2.302585092994046,2.3978952727983707,0.0,0.0,11.11111111111111,0.0,5.555555555555555,0.0,1.0,0.0,0.0,0.0,0.0,0.0,0.0,0.0,0.5555555555555556,0.1111111111111111,0.0,0.0,0.2222222222222222,0.0,0.0,0.0,5.555555555555555,0.0,0.0,0.0,0.0,0.0,5.555555555555555
raw-L03140,3141,2002,【オニギリ】スパロボスレ215【食べよう】,2,-2.2067822341560897,0.6294207048384034,3.1354942159291497,1.0986122886681098,2.4849066497880004,2.5649493574615367,0.0,0.0,0.0,0.0,4.545454545454546,1.0,1.0,0.0,0.0,0.0,0.0,0.0,0.0,0.0,0.7727272727272727,0.22727272727272727,0.0,0.0,0.0,0.0,0.0,0.0,4.545454545454546,0.0,0.0,0.0,0.0,0.0,0.0
raw-L03145,3146,2002,【オニギリ】スパロボスレ215【食べよう】,0,-1.9178140765844462,-2.020190870652932,3.332204510175204,1.0986122886681098,2.6741486494265287,2.9444389791664403,0.0,0.0,3.7037037037037037,0.0,3.7037037037037037,0.5,1.0,0.0,0.0,0.0,0.0,0.0,0.0,0.0,0.6296296296296297,0.07407407407407407,0.2592592592592593,0.0,0.0,0.0,0.0,0.0,3.7037037037037037,3.7037037037037037,0.0,0.0,0.0,0.0,3.7037037037037037
raw-L03149,3150,2002,【オニギリ】スパロボスレ215【食べよう】,2,-1.9117955907211113,0.756670008560346,3.044522437723423,1.0986122886681098,2.3978952727983707,2.4849066497880004,0.0,0.0,0.0,0.0,5.0,1.0,1.0,0.0,0.0,0.0,0.0,0.0,0.0,0.0,0.65,0.35,0.0,0.0,0.0,0.0,0.0,0.0,0.0,0.0,0.0,0.0,0.0,0.0,0.0
raw-L03154,3155,2002,【オニギリ】スパロボスレ215【食べよう】,2,-0.94174970425596,1.0054887539967077,3.784189633918261,1.3862943611198906,2.7300291078209855,2.995732273553991,0.0,0.0,0.0,0.0,4.651162790697675,1.0,1.0,0.0,0.0,0.0,0.0,0.0,0.0,0.0,0.6511627906976745,0.34883720930232553,0.0,0.0,0.0,0.0,0.0,2.3255813953488373,2.3255813953488373,2.3255813953488373,0.0,0.0,0.0,0.0,0.0
raw-L03160,3161,2002,【オニギリ】スパロボスレ215【食べよう】,2,-3.143696138650859,1.1931562877264958,2.9444389791664403,1.3862943611198906,1.9459101490553132,2.1972245773362196,0.0,0.0,0.0,0.0,11.11111111111111,1.0,1.0,0.0,0.0,0.0,0.0,0.0,0.0,0.0,0.8888888888888888,0.1111111111111111,0.0,0.0,0.0,0.0,0.0,0.0,5.555555555555555,0.0,0.0,0.0,0.0,0.0,0.0
raw-L03166,3167,2002,【オニギリ】スパロボスレ215【食べよう】,2,-0.7668982727668194,-0.3985711100703267,4.04305126783455,1.3862943611198906,2.9789251552376097,3.295836866004329,0.0,0.0,1.7857142857142858,0.0,3.5714285714285716,0.6666666666666666,1.0,0.0,0.0,0.0,0.0,0.0,0.0,0.0,0.7678571428571429,0.07142857142857144,0.0,0.0,0.14285714285714288,0.0,0.0,0.0,3.5714285714285716,0.0,0.0,0.0,0.0,0.0,1.7857142857142858
raw-L03171,3172,2002,【オニギリ】スパロボスレ215【食べよう】,2,-3.339831039859274,-0.28067967540620076,1.9459101490553132,0.6931471805599453,1.9459101490553132,1.9459101490553132,0.0,0.0,0.0,0.0,0.0,1.0,1.0,0.0,0.0,0.0,0.0,0.0,0.0,0.0,0.8333333333333333,0.0,0.0,0.0,0.0,0.0,0.0,0.0,0.0,0.0,0.0,0.0,0.0,0.0,0.0
raw-L03175,3176,2002,【オニギリ】スパロボスレ215【食べよう】,0,-2.730620239216845,-1.373640657857505,3.367295829986474,1.3862943611198906,2.3353749158170367,2.70805020110221,0.0,0.0,3.5714285714285716,0.0,7.142857142857143,0.6666666666666666,1.0,0.0,0.0,0.0,0.0,0.0,0.0,0.0,0.75,0.07142857142857144,0.14285714285714288,0.0,0.0,0.0,0.0,3.5714285714285716,3.5714285714285716,0.0,0.0,0.0,0.0,0.0,3.5714285714285716
raw-L03181,3182,2002,【オニギリ】スパロボスレ215【食べよう】,2,-3.247000086321331,1.2968273464095246,2.772588722239781,1.3862943611198906,1.791759469228055,2.302585092994046,0.0,0.0,0.0,0.0,13.333333333333334,1.0,1.0,0.0,0.0,0.0,0.0,0.0,0.0,0.0,0.7333333333333333,0.26666666666666666,0.0,0.0,0.0,0.0,0.0,0.0,6.666666666666667,0.0,0.0,0.0,0.0,0.0,0.0
raw-L03187,3188,2002,【オニギリ】スパロボスレ215【食べよう】,2,-3.8316439578162202,0.868118216668255,2.302585092994046,1.0986122886681098,1.7047480922384253,1.791759469228055,0.0,0.0,0.0,0.0,11.11111111111111,1.0,1.0,0.0,0.0,0.0,0.0,0.0,0.0,0.0,0.6666666666666667,0.33333333333333337,0.0,0.0,0.0,0.0,0.0,11.11111111111111,0.0,0.0,0.0,0.0,0.0,0.0,0.0
raw-L03191,3192,2002,【オニギリ】スパロボスレ215【食べよう】,2,-1.977707434703546,0.7192065934438784,2.995732273553991,1.0986122886681098,2.3513752571634776,2.6390573296152584,0.0,0.0,0.0,0.0,5.2631578947368425,1.0,1.0,0.0,0.0,0.0,0.0,0.0,0.0,0.0,0.7894736842105263,0.2105263157894737,0.0,0.0,0.0,0.0,0.0,0.0,0.0,0.0,0.0,0.0,0.0,0.0,0.0
raw-L03195,3196,2002,【オニギリ】スパロボスレ215【食べよう】,2,-2.3751470527605707,-0.11348324753632645,2.833213344056216,0.6931471805599453,2.833213344056216,2.833213344056216,0.0,0.0,0.0,0.0,0.0,1.0,1.0,0.0,0.0,0.0,0.0,0.0,0.0,0.0,0.6875,0.3125,0.0,0.0,0.0,0.0,0.0,6.25,6.25,0.0,0.0,0.0,0.0,0.0,0.0
raw-L03198,3199,2002,【オニギリ】スパロボスレ215【食べよう】,2,-3.010650184442481,-0.4760381094764082,2.772588722239781,1.0986122886681098,2.1400661634962708,2.4849066497880004,0.0,0.0,0.0,0.0,6.666666666666667,1.0,1.0,0.0,0.0,0.0,0.0,0.0,0.0,0.0,0.6,0.33333333333333337,0.0,0.0,0.0,0.06666666666666667,0.0,0.0,0.0,0.0,0.0,0.0,0.0,0.0,6.666666666666667
raw-L03202,3203,2002,【オニギリ】スパロボスレ215【食べよう】,2,-1.9556326490277878,1.456095745035839,3.367295829986474,1.6094379124341003,2.0794415416798357,2.5649493574615367,0.0,0.0,0.0,0.0,10.714285714285714,1.0,1.0,0.0,0.0,0.0,0.0,0.0,0.0,0.0,0.8214285714285714,0.17857142857142858,0.0,0.0,0.0,0.0,0.0,0.0,0.0,0.0,0.0,0.0,0.0,0.0,0.0
raw-L03208,3209,2002,【オニギリ】スパロボスレ215【食べよう】,2,-4.225070576553755,-0.7585063607473133,2.3978952727983707,1.0986122886681098,1.791759469228055,1.9459101490553132,0.0,0.0,0.0,0.0,10.0,1.0,1.0,0.0,0.0,0.0,0.0,0.0,0.0,0.0,0.7,0.2,0.0,0.0,0.0,0.1,0.0,0.0,0.0,0.0,0.0,0.0,0.0,0.0,10.0
raw-L03212,3213,2002,【オニギリ】スパロボスレ215【食べよう】,2,-3.39038186697456,-0.0728269477693148,1.791759469228055,0.6931471805599453,1.791759469228055,1.791759469228055,0.0,0.0,0.0,0.0,0.0,1.0,1.0,0.0,0.0,0.0,0.0,0.0,0.0,0.0,0.6,0.4,0.0,0.0,0.0,0.0,0.0,0.0,0.0,0.0,0.0,0.0,0.0,0.0,0.0
raw-L03215,3216,2002,【オニギリ】スパロボスレ215【食べよう】,2,-2.133349366998819,1.5092411909981756,3.044522437723423,1.3862943611198906,2.03688192726104,2.4849066497880004,0.0,0.0,0.0,0.0,10.0,1.0,1.0,0.0,0.0,0.0,0.0,0.0,0.0,0.0,0.85,0.15,0.0,0.0,0.0,0.0,0.0,0.0,0.0,0.0,0.0,5.0,0.0,0.0,0.0
raw-L03236,3237,2002,【グロンギ語】スパロボ219【意味不明】,2,-1.339552044347958,0.25969655021458615,2.8903717578961645,0.6931471805599453,2.8903717578961645,2.8903717578961645,0.0,0.0,0.0,0.0,0.0,1.0,1.0,0.0,0.0,0.0,0.0,0.0,0.0,0.0,0.7058823529411765,0.17647058823529413,0.11764705882352942,0.0,0.0,0.0,0.0,0.0,0.0,0.0,0.0,5.882352941176471,0.0,0.0,0.0
raw-L03239,3240,2002,【グロンギ語】スパロボ219【意味不明】,2,-2.1263340624547187,-0.8643525345579586,3.044522437723423,0.6931471805599453,3.044522437723423,3.044522437723423,0.0,0.0,0.0,0.0,0.0,1.0,1.0,0.0,0.0,0.0,0.0,0.0,0.0,0.0,0.7,0.3,0.0,0.0,0.0,0.0,0.0,0.0,5.0,0.0,0.0,0.0,0.0,0.0,5.0
raw-L03243,3244,2002,【グロンギ語】スパロボ219【意味不明】,0,-4.437458888786386,-5.594051254670257,2.3978952727983707,0.6931471805599453,2.3978952727983707,2.3978952727983707,0.0,0.0,10.0,0.0,0.0,0.0,1.0,0.0,0.0,0.0,0.0,0.0,0.0,0.0,0.6,0.2,0.0,0.0,0.0,0.1,0.0,0.0,10.0,0.0,0.0,0.0,0.0,0.0,10.0
raw-L03247,3248,2002,【グロンギ語】スパロボ219【意味不明】,2,-1.5301342309075494,0.23129148785471274,2.772588722239781,0.6931471805599453,2.772588722239781,2.772588722239781,0.0,0.0,0.0,0.0,0.0,1.0,1.0,0.0,0.0,0.0,0.0,0.0,0.0,0.0,0.6666666666666667,0.2,0.13333333333333333,0.0,0.0,0.0,0.0,0.0,0.0,0.0,0.0,6.666666666666667,0.0,0.0,0.0
raw-L03250,3251,2002,【グロンギ語】スパロボ219【意味不明】,2,-2.2561629996530823,0.984591497180409,3.258096538021482,1.3862943611198906,2.2335922215070942,2.4849066497880004,0.0,0.0,0.0,0.0,8.0,1.0,1.0,0.0,0.0,0.0,0.0,0.0,0.0,0.0,0.68,0.2,0.08,0.0,0.0,0.0,0.0,0.0,4.0,0.0,0.0,0.0,0.0,0.0,0.0
raw-L03256,3257,2002,【グロンギ語】スパロボ219【意味不明】,2,-1.8449668517708488,-0.050202631986032455,2.9444389791664403,0.6931471805599453,2.9444389791664403,2.9444389791664403,0.0,0.0,0.0,0.0,0.0,1.0,1.0,0.0,0.0,0.0,0.0,0.0,0.0,0.0,0.6666666666666667,0.2222222222222222,0.1111111111111111,0.0,0.0,0.0,0.0,0.0,5.555555555555555,0.0,0.0,0.0,0.0,0.0,0.0
raw-L03259,3260,2002,【グロンギ語】スパロボ219【意味不明】,2,-1.0991793067244988,1.1494554160079313,3.4339872044851463,1.3862943611198906,2.3978952727983707,3.044522437723423,0.0,0.0,0.0,0.0,6.666666666666667,1.0,1.0,0.0,0.0,0.0,0.0,0.0,0.0,0.0,0.5333333333333333,0.26666666666666666,0.2,0.0,0.0,0.0,0.0,0.0,0.0,0.0,0.0,3.3333333333333335,0.0,0.0,0.0
raw-L03264,3265,2002,【グロンギ語】スパロボ219【意味不明】,2,-3.5946644372377383,0.98620849702345,2.302585092994046,1.0986122886681098,1.7047480922384253,1.791759469228055,0.0,0.0,0.0,0.0,11.11111111111111,1.0,1.0,0.0,0.0,0.0,0.0,0.0,0.0,0.0,0.8888888888888888,0.1111111111111111,0.0,0.0,0.0,0.0,0.0,0.0,0.0,0.0,0.0,0.0,0.0,0.0,0.0
raw-L03284,3285,2002,【偽りの】Ｓ.Ｒ.Ｗ. PART.225【平和】,2,-1.555929277845122,0.3092062225917755,3.4965075614664802,1.0986122886681098,2.833213344056216,2.833213344056216,0.0,0.0,0.0,0.0,3.125,1.0,1.0,0.0,0.0,0.0,0.0,0.0,0.0,0.0,0.78125,0.0,0.21875,0.0,0.0,0.0,0.0,0.0,3.125,0.0,0.0,0.0,0.0,0.0,0.0
raw-L03288,3289,2002,【偽りの】Ｓ.Ｒ.Ｗ. PART.225【平和】,2,-2.823320108290686,1.329263828123766,2.772588722239781,1.3862943611198906,1.791759469228055,2.0794415416798357,0.0,0.0,0.0,0.0,13.333333333333334,1.0,1.0,0.0,0.0,0.0,0.0,0.0,0.0,0.0,0.6666666666666667,0.26666666666666666,0.0,0.0,0.0,0.0,0.0,0.0,0.0,0.0,0.0,0.0,0.0,0.0,0.0
raw-L03294,3295,2002,【偽りの】Ｓ.Ｒ.Ｗ. PART.225【平和】,0,-2.8599357475975635,-4.920004399692262,2.70805020110221,0.6931471805599453,2.70805020110221,2.70805020110221,0.0,0.0,7.142857142857143,0.0,0.0,0.0,1.0,0.0,0.0,0.0,0.0,0.0,0.0,0.0,0.5714285714285715,0.21428571428571427,0.14285714285714288,0.0,0.0,0.0,0.0,0.0,0.0,0.0,0.0,0.0,0.0,0.0,7.142857142857143
raw-L03297,3298,2002,【偽りの】Ｓ.Ｒ.Ｗ. PART.225【平和】,2,-2.4660540387997205,0.8508317888005453,2.70805020110221,1.0986122886681098,2.0794415416798357,2.3978952727983707,0.0,0.0,0.0,0.0,7.142857142857143,1.0,1.0,0.0,0.0,0.0,0.0,0.0,0.0,0.0,0.7142857142857143,0.28571428571428575,0.0,0.0,0.0,0.0,0.0,0.0,0.0,0.0,0.0,0.0,0.0,0.0,0.0
raw-L03302,3303,2002,【偽りの】Ｓ.Ｒ.Ｗ. PART.225【平和】,0,-0.40014681546349035,-2.640015123587959,3.5263605246161616,0.6931471805599453,3.5263605246161616,3.5263605246161616,0.0,0.0,3.0303030303030303,0.0,0.0,0.0,1.0,0.0,0.0,0.0,0.0,0.0,0.0,0.0,0.6363636363636364,0.2121212121212121,0.12121212121212122,0.0,0.0,0.0,0.0,6.0606060606060606,0.0,0.0,3.0303030303030303,0.0,0.0,0.0,3.0303030303030303
raw-L03305,3306,2002,【偽りの】Ｓ.Ｒ.Ｗ. PART.225【平和】,2,-2.372272328886852,-0.19758498254642973,2.3978952727983707,0.6931471805599453,2.3978952727983707,2.3978952727983707,0.0,0.0,0.0,0.0,0.0,1.0,1.0,0.0,0.0,0.0,0.0,0.0,0.0,0.0,0.6,0.2,0.2,0.0,0.0,0.0,0.0,0.0,0.0,0.0,0.0,0.0,0.0,0.0,0.0
raw-L03308,3309,2002,【偽りの】Ｓ.Ｒ.Ｗ. PART.225【平和】,0,-3.8058742818552433,-3.136324628732648,2.772588722239781,1.0986122886681098,2.1400661634962708,2.302585092994046,0.0,0.0,6.666666666666667,0.0,6.666666666666667,0.5,1.0,0.0,0.0,0.0,0.0,0.0,0.0,0.0,0.6666666666666667,0.26666666666666666,0.0,0.0,0.0,0.0,0.0,6.666666666666667,0.0,0.0,0.0,0.0,0.0,0.0,6.666666666666667
raw-L03312,3313,2002,【偽りの】Ｓ.Ｒ.Ｗ. PART.225【平和】,2,-1.7479866954342533,-0.7839748611598082,3.6375861597263857,1.3862943611198906,2.5902671654458267,2.9444389791664403,0.0,0.0,2.7027027027027026,0.0,5.405405405405405,0.6666666666666666,1.0,0.0,0.0,0.0,0.0,0.0,0.0,0.0,0.6486486486486487,0.2702702702702703,0.0,0.0,0.05405405405405405,0.0,0.0,2.7027027027027026,2.7027027027027026,0.0,0.0,0.0,0.0,0.0,2.7027027027027026
raw-L03317,3318,2002,【偽りの】Ｓ.Ｒ.Ｗ. PART.225【平和】,2,-0.7733988049853717,0.5201151107557096,3.6888794541139363,1.0986122886681098,3.0204248861443626,3.4011973816621555,0.0,0.0,0.0,0.0,2.5641025641025643,1.0,1.0,0.0,0.0,0.0,0.0,0.0,0.0,0.0,0.5897435897435898,0.23076923076923075,0.10256410256410257,0.0,0.0,0.07692307692307693,0.0,0.0,2.5641025641025643,0.0,0.0,0.0,0.0,0.0,0.0
raw-L03321,3322,2002,【偽りの】Ｓ.Ｒ.Ｗ. PART.225【平和】,0,-2.598369508736542,-1.4523257481841114,3.2188758248682006,1.3862943611198906,2.1972245773362196,2.6390573296152584,0.0,0.0,4.166666666666667,0.0,8.333333333333334,0.6666666666666666,1.0,0.0,0.0,0.0,0.0,0.0,0.0,0.0,0.5416666666666666,0.125,0.125,0.0,0.0,0.125,0.0,0.0,0.0,0.0,0.0,0.0,0.0,0.0,4.166666666666667
raw-L03327,3328,2002,【偽りの】Ｓ.Ｒ.Ｗ. PART.225【平和】,2,-2.75515091585253,1.0634263305856249,3.091042453358316,1.3862943611198906,2.0794415416798357,2.3978952727983707,0.0,0.0,0.0,0.0,9.523809523809524,1.0,1.0,0.0,0.0,0.0,0.0,0.0,0.0,0.0,0.9523809523809524,0.047619047619047616,0.0,0.0,0.0,0.0,0.0,0.0,4.761904761904762,0.0,0.0,0.0,0.0,0.0,0.0
raw-L03333,3334,2002,【偽りの】Ｓ.Ｒ.Ｗ. PART.225【平和】,2,-0.913597798373545,0.6922237972196806,3.4657359027997265,1.0986122886681098,2.803360380906535,3.2188758248682006,0.0,0.0,0.0,0.0,3.225806451612903,1.0,1.0,0.0,0.0,0.0,0.0,0.0,0.0,0.0,0.4838709677419355,0.25806451612903225,0.0967741935483871,0.0,0.12903225806451613,0.0,0.0,0.0,3.225806451612903,0.0,0.0,0.0,0.0,0.0,0.0
raw-L03337,3338,2002,【偽りの】Ｓ.Ｒ.Ｗ. PART.225【平和】,2,-3.339831039859274,-0.28067967540620076,1.9459101490553132,0.6931471805599453,1.9459101490553132,1.9459101490553132,0.0,0.0,0.0,0.0,0.0,1.0,1.0,0.0,0.0,0.0,0.0,0.0,0.0,0.0,0.8333333333333333,0.0,0.0,0.0,0.0,0.0,0.0,0.0,0.0,0.0,0.0,0.0,0.0,0.0,0.0
raw-L03341,3342,2002,【偽りの】Ｓ.Ｒ.Ｗ. PART.225【平和】,2,-1.542927961823144,0.7683897094870786,3.2188758248682006,1.0986122886681098,2.5649493574615367,2.8903717578961645,0.0,0.0,0.0,0.0,4.166666666666667,1.0,1.0,0.0,0.0,0.0,0.0,0.0,0.0,0.0,0.7916666666666667,0.20833333333333331,0.0,0.0,0.0,0.0,0.0,0.0,4.166666666666667,4.166666666666667,0.0,0.0,0.0,0.0,0.0
raw-L03346,3347,2002,【偽りの】Ｓ.Ｒ.Ｗ. PART.225【平和】,2,-1.5411277259911988,0.5898195516909825,3.295836866004329,1.0986122886681098,2.6390573296152584,3.044522437723423,0.0,0.0,0.0,0.0,3.8461538461538463,1.0,1.0,0.0,0.0,0.0,0.0,0.0,0.0,0.0,0.6153846153846154,0.2692307692307692,0.07692307692307693,0.0,0.0,0.0,0.0,0.0,3.8461538461538463,0.0,0.0,0.0,0.0,0.0,0.0
raw-L03350,3351,2002,【偽りの】Ｓ.Ｒ.Ｗ. PART.225【平和】,2,-2.9977575190392236,0.6383494404247106,2.833213344056216,1.0986122886681098,2.1972245773362196,2.302585092994046,0.0,0.0,0.0,0.0,6.25,1.0,1.0,0.0,0.0,0.0,0.0,0.0,0.0,0.0,0.875,0.125,0.0,0.0,0.0,0.0,0.0,0.0,6.25,0.0,0.0,0.0,0.0,0.0,0.0
raw-L03355,3356,2002,【偽りの】Ｓ.Ｒ.Ｗ. PART.225【平和】,0,-2.6241408066845002,-2.353695803873929,3.044522437723423,1.0986122886681098,2.3978952727983707,2.772588722239781,0.0,0.0,5.0,0.0,5.0,0.5,1.0,0.0,0.0,0.0,0.0,0.0,0.0,0.0,0.8,0.15,0.0,0.0,0.0,0.0,0.0,0.0,0.0,0.0,0.0,0.0,0.0,0.0,5.0
raw-L03360,3361,2002,【偽りの】Ｓ.Ｒ.Ｗ. PART.225【平和】,2,-1.5817572738895065,0.38626785194456376,3.295836866004329,1.0986122886681098,2.6390573296152584,3.044522437723423,0.0,0.0,0.0,0.0,3.8461538461538463,1.0,1.0,0.0,0.0,0.0,0.0,0.0,0.0,0.0,0.576923076923077,0.15384615384615385,0.2692307692307692,0.0,0.0,0.0,0.0,0.0,3.8461538461538463,0.0,0.0,0.0,0.0,0.0,0.0
raw-L03365,3366,2002,【偽りの】Ｓ.Ｒ.Ｗ. PART.225【平和】,2,-2.628433458039036,0.855597891728663,2.70805020110221,1.0986122886681098,2.0794415416798357,2.0794415416798357,0.0,0.0,0.0,0.0,7.142857142857143,1.0,1.0,0.0,0.0,0.0,0.0,0.0,0.0,0.0,0.6428571428571429,0.35714285714285715,0.0,0.0,0.0,0.0,0.0,0.0,0.0,0.0,0.0,0.0,0.0,0.0,0.0
raw-L03370,3371,2002,【偽りの】Ｓ.Ｒ.Ｗ. PART.225【平和】,2,-1.976237672135623,-0.8610729660773141,3.6375861597263857,1.3862943611198906,2.5902671654458267,2.70805020110221,0.0,0.0,2.7027027027027026,0.0,5.405405405405405,0.6666666666666666,1.0,0.0,0.0,0.0,0.0,0.0,0.0,0.0,0.8108108108108109,0.13513513513513514,0.0,0.0,0.0,0.0,0.0,0.0,2.7027027027027026,0.0,0.0,0.0,0.0,0.0,2.7027027027027026
raw-L03375,3376,2002,【偽りの】Ｓ.Ｒ.Ｗ. PART.225【平和】,2,-1.8088181541488682,-0.9173957643063702,3.4965075614664802,1.3862943611198906,2.456735772821304,2.995732273553991,0.0,0.0,3.125,0.0,6.25,0.6666666666666666,1.0,0.0,0.0,0.0,0.0,0.0,0.0,0.0,0.8125,0.15625,0.0,0.0,0.0,0.0,0.0,0.0,0.0,0.0,0.0,0.0,0.0,0.0,3.125
raw-L03380,3381,2002,【偽りの】Ｓ.Ｒ.Ｗ. PART.225【平和】,2,-2.1528428850865513,-0.37264748452780433,3.5553480614894135,1.6094379124341003,2.2512917986064953,2.833213344056216,0.0,0.0,2.9411764705882355,0.0,8.823529411764707,0.75,1.0,0.0,0.0,0.0,0.0,0.0,0.0,0.0,0.6470588235294117,0.2647058823529412,0.0,0.0,0.05882352941176471,0.0,0.0,2.9411764705882355,2.9411764705882355,0.0,0.0,0.0,0.0,0.0,2.9411764705882355
raw-L03387,3388,2002,【偽りの】Ｓ.Ｒ.Ｗ. PART.225【平和】,2,-4.298278132338783,0.8914470261683888,2.302585092994046,1.0986122886681098,1.7047480922384253,1.791759469228055,0.0,0.0,0.0,0.0,11.11111111111111,1.0,1.0,0.0,0.0,0.0,0.0,0.0,0.0,0.0,0.8888888888888888,0.1111111111111111,0.0,0.0,0.0,0.0,0.0,0.0,11.11111111111111,0.0,0.0,0.0,0.0,0.0,0.0
raw-L03392,3393,2002,【偽りの】Ｓ.Ｒ.Ｗ. PART.225【平和】,0,-2.756644667052545,-2.242786999544303,3.1780538303479458,1.0986122886681098,2.5257286443082556,2.9444389791664403,0.0,0.0,4.3478260869565215,0.0,4.3478260869565215,0.5,1.0,0.0,0.0,0.0,0.0,0.0,0.0,0.0,0.6956521739130435,0.21739130434782608,0.0,0.0,0.0,0.043478260869565216,0.0,4.3478260869565215,4.3478260869565215,0.0,0.0,0.0,0.0,0.0,4.3478260869565215
raw-L03397,3398,2002,【偽りの】Ｓ.Ｒ.Ｗ. PART.225【平和】,2,-1.4560497800788539,0.0035030096451640846,3.4657359027997265,1.0986122886681098,2.803360380906535,3.091042453358316,0.0,0.0,0.0,0.0,3.225806451612903,1.0,1.0,0.0,0.0,0.0,0.0,0.0,0.0,0.0,0.8387096774193549,0.16129032258064516,0.0,0.0,0.0,0.0,0.0,0.0,0.0,0.0,0.0,0.0,0.0,0.0,3.225806451612903
raw-L03401,3402,2002,【偽りの】Ｓ.Ｒ.Ｗ. PART.225【平和】,2,-1.7574800302914058,0.9120677248952788,3.5553480614894135,1.3862943611198906,2.512305623976115,2.70805020110221,0.0,0.0,0.0,0.0,5.882352941176471,1.0,1.0,0.0,0.0,0.0,0.0,0.0,0.0,0.0,0.7352941176470589,0.2647058823529412,0.0,0.0,0.0,0.0,0.0,2.9411764705882355,2.9411764705882355,0.0,0.0,0.0,0.0,0.0,0.0
raw-L03406,3407,2002,【偽りの】Ｓ.Ｒ.Ｗ. PART.225【平和】,2,-2.683890529133247,0.8211999467581453,2.70805020110221,1.0986122886681098,2.0794415416798357,2.0794415416798357,0.0,0.0,0.0,0.0,7.142857142857143,1.0,1.0,0.0,0.0,0.0,0.0,0.0,0.0,0.0,0.7142857142857143,0.28571428571428575,0.0,0.0,0.0,0.0,0.0,0.0,0.0,0.0,0.0,0.0,0.0,0.0,0.0
raw-L03411,3412,2002,【偽りの】Ｓ.Ｒ.Ｗ. PART.225【平和】,2,-2.8111644399868365,-0.3477382447045946,2.1972245773362196,0.6931471805599453,2.1972245773362196,2.1972245773362196,0.0,0.0,0.0,0.0,0.0,1.0,1.0,0.0,0.0,0.0,0.0,0.0,0.0,0.0,0.25,0.125,0.0,0.0,0.0,0.375,0.0,0.0,0.0,0.0,0.0,0.0,0.0,0.0,0.0
raw-L03430,3431,2002,【まだまだ】スパイン397【続きます】,2,-1.7250284952931219,0.6530688979577965,3.2188758248682006,1.0986122886681098,2.5649493574615367,3.091042453358316,0.0,0.0,0.0,0.0,4.166666666666667,1.0,1.0,0.0,0.0,0.0,0.0,0.0,0.0,0.0,0.7916666666666667,0.20833333333333331,0.0,0.0,0.0,0.0,0.0,0.0,4.166666666666667,0.0,0.0,0.0,0.0,0.0,0.0
raw-L03434,3435,2002,【まだまだ】スパイン397【続きます】,2,-1.003761521387768,0.4856891541309707,3.6375861597263857,1.0986122886681098,2.970414465569701,3.091042453358316,0.0,0.0,0.0,0.0,2.7027027027027026,1.0,1.0,0.0,0.0,0.0,0.0,0.0,0.0,0.0,0.5945945945945946,0.24324324324324323,0.16216216216216217,0.0,0.0,0.0,0.0,0.0,2.7027027027027026,0.0,0.0,0.0,0.0,0.0,0.0
raw-L03438,3439,2002,【まだまだ】スパイン397【続きます】,2,-2.784826797163725,-1.213073144613178,2.9444389791664403,0.6931471805599453,2.9444389791664403,2.9444389791664403,0.0,0.0,0.0,0.0,0.0,1.0,1.0,0.0,0.0,0.0,0.0,0.0,0.0,0.0,0.8333333333333333,0.16666666666666669,0.0,0.0,0.0,0.0,0.0,5.555555555555555,5.555555555555555,0.0,0.0,0.0,0.0,0.0,5.555555555555555
raw-L03441,3442,2002,【まだまだ】スパイン397【続きます】,0,-2.9313974285857793,-1.4510389434361515,3.2188758248682006,1.3862943611198906,2.1972245773362196,2.3978952727983707,0.0,0.0,4.166666666666667,0.0,8.333333333333334,0.6666666666666666,1.0,0.0,0.0,0.0,0.0,0.0,0.0,0.0,0.45833333333333337,0.25,0.16666666666666669,0.0,0.0,0.0,0.0,0.0,4.166666666666667,0.0,0.0,0.0,0.0,0.0,4.166666666666667
raw-L03447,3448,2002,【まだまだ】スパイン397【続きます】,2,-1.7717871774213503,0.023542568566966404,3.4011973816621555,1.0986122886681098,2.740840023925201,2.9444389791664403,0.0,0.0,0.0,0.0,3.4482758620689653,1.0,1.0,0.0,0.0,0.0,0.0,0.0,0.0,0.0,0.6206896551724138,0.3793103448275862,0.0,0.0,0.0,0.0,0.0,0.0,3.4482758620689653,0.0,0.0,0.0,0.0,0.0,3.4482758620689653
raw-L03452,3453,2002,【まだまだ】スパイン397【続きます】,2,-2.23016355174515,0.22870111662118783,3.367295829986474,1.3862943611198906,2.3353749158170367,2.833213344056216,0.0,0.0,0.0,0.0,7.142857142857143,1.0,1.0,0.0,0.0,0.0,0.0,0.0,0.0,0.0,0.6785714285714286,0.28571428571428575,0.0,0.0,0.0,0.0,0.0,7.142857142857143,0.0,0.0,0.0,0.0,0.0,0.0,3.5714285714285716
raw-L03458,3459,2002,【まだまだ】スパイン397【続きます】,2,-3.388607923815401,-0.19082288943137812,2.302585092994046,0.6931471805599453,2.302585092994046,2.302585092994046,0.0,0.0,0.0,0.0,0.0,1.0,1.0,0.0,0.0,0.0,0.0,0.0,0.0,0.0,0.8888888888888888,0.1111111111111111,0.0,0.0,0.0,0.0,0.0,0.0,11.11111111111111,0.0,0.0,0.0,0.0,0.0,0.0
raw-L03461,3462,2002,【まだまだ】スパイン397【続きます】,1,0.5103771435992819,0.8016247003393959,4.356708826689592,1.791759469228055,2.797281334830153,3.6888794541139363,0.0,0.0,1.2987012987012987,0.0,5.194805194805195,0.8,1.0,0.0,0.0,0.0,0.0,0.0,0.0,0.0,0.33766233766233766,0.09090909090909091,0.0,0.0,0.4675324675324676,0.0,0.0,0.0,1.2987012987012987,0.0,0.0,0.0,0.0,0.0,0.0
raw-L03469,3470,2002,【まだまだ】スパイン397【続きます】,2,-1.0136057159405132,-0.06689534541702634,3.332204510175204,0.6931471805599453,3.332204510175204,3.332204510175204,0.0,0.0,0.0,0.0,0.0,1.0,1.0,0.0,0.0,0.0,0.0,0.0,0.0,0.0,0.5925925925925926,0.14814814814814814,0.1851851851851852,0.0,0.0,0.037037037037037035,0.0,0.0,3.7037037037037037,0.0,0.0,0.0,0.0,0.0,0.0
raw-L03472,3473,2002,【まだまだ】スパイン397【続きます】,2,-0.3786225207790281,1.3226479052665825,3.713572066704308,1.3862943611198906,2.662587827025453,3.4339872044851463,0.0,0.0,0.0,0.0,5.0,1.0,1.0,0.0,0.0,0.0,0.0,0.0,0.0,0.0,0.7,0.25,0.0,0.0,0.05,0.0,0.0,0.0,0.0,0.0,0.0,0.0,0.0,2.5,0.0
raw-L03478,3479,2002,【まだまだ】スパイン397【続きます】,2,-0.8800674889643684,0.22905462023925832,3.1354942159291497,0.6931471805599453,3.1354942159291497,3.1354942159291497,0.0,0.0,0.0,0.0,0.0,1.0,1.0,0.0,0.0,0.0,0.0,0.0,0.0,0.0,0.6363636363636364,0.13636363636363635,0.18181818181818182,0.0,0.0,0.0,0.0,0.0,0.0,0.0,0.0,4.545454545454546,0.0,0.0,0.0
raw-L03481,3482,2002,【まだまだ】スパイン397【続きます】,2,-3.1234330388093525,1.05998832747717,2.3978952727983707,1.0986122886681098,1.791759469228055,1.9459101490553132,0.0,0.0,0.0,0.0,10.0,1.0,1.0,0.0,0.0,0.0,0.0,0.0,0.0,0.0,0.6,0.4,0.0,0.0,0.0,0.0,0.0,0.0,0.0,0.0,0.0,0.0,0.0,0.0,0.0
raw-L03486,3487,2002,【まだまだ】スパイン397【続きます】,2,-2.348438721966513,-0.18441597864185053,3.044522437723423,1.0986122886681098,2.3978952727983707,2.5649493574615367,0.0,0.0,0.0,0.0,5.0,1.0,1.0,0.0,0.0,0.0,0.0,0.0,0.0,0.0,0.6,0.4,0.0,0.0,0.0,0.0,0.0,0.0,0.0,0.0,0.0,0.0,0.0,0.0,5.0
raw-L03490,3491,2002,【まだまだ】スパイン397【続きます】,2,-0.3211309567799347,0.3331521587695381,3.970291913552122,1.0986122886681098,3.295836866004329,3.713572066704308,0.0,0.0,0.0,0.0,1.9230769230769231,1.0,1.0,0.0,0.0,0.0,0.0,0.0,0.0,0.0,0.576923076923077,0.17307692307692307,0.23076923076923075,0.0,0.0,0.0,0.0,3.8461538461538463,1.9230769230769231,0.0,0.0,0.0,0.0,0.0,0.0
raw-L03494,3495,2002,【まだまだ】スパイン397【続きます】,2,-2.1937551446263477,0.7140904986177642,2.9444389791664403,1.0986122886681098,2.302585092994046,2.4849066497880004,0.0,0.0,0.0,0.0,5.555555555555555,1.0,1.0,0.0,0.0,0.0,0.0,0.0,0.0,0.0,0.5,0.5,0.0,0.0,0.0,0.0,0.0,5.555555555555555,0.0,0.0,0.0,0.0,0.0,0.0,0.0
raw-L03498,3499,2002,【まだまだ】スパイン397【続きます】,2,-0.625200124109728,-0.17046003198570633,3.6635616461296463,0.6931471805599453,3.6635616461296463,3.6635616461296463,0.0,0.0,0.0,0.0,0.0,1.0,1.0,0.0,0.0,0.0,0.0,0.0,0.0,0.0,0.763157894736842,0.2368421052631579,0.0,0.0,0.0,0.0,0.0,2.6315789473684212,2.6315789473684212,0.0,0.0,2.6315789473684212,0.0,0.0,2.6315789473684212
raw-L03501,3502,2002,【まだまだ】スパイン397【続きます】,2,-2.9551893041214767,1.0222708704652752,2.4849066497880004,1.0986122886681098,1.8718021769015913,1.9459101490553132,0.0,0.0,0.0,0.0,9.090909090909092,1.0,1.0,0.0,0.0,0.0,0.0,0.0,0.0,0.0,0.5454545454545454,0.45454545454545453,0.0,0.0,0.0,0.0,0.0,0.0,0.0,0.0,0.0,0.0,0.0,0.0,0.0
raw-L03505,3506,2002,【まだまだ】スパイン397【続きます】,2,-3.186280577254771,0.7536476665553373,2.70805020110221,1.0986122886681098,2.0794415416798357,2.1972245773362196,0.0,0.0,0.0,0.0,7.142857142857143,1.0,1.0,0.0,0.0,0.0,0.0,0.0,0.0,0.0,0.7142857142857143,0.28571428571428575,0.0,0.0,0.0,0.0,0.0,0.0,7.142857142857143,0.0,0.0,0.0,0.0,0.0,0.0
raw-L03510,3511,2002,【まだまだ】スパイン397【続きます】,2,-3.8270467339103966,0.9652268566221089,2.3978952727983707,1.0986122886681098,1.791759469228055,1.9459101490553132,0.0,0.0,0.0,0.0,10.0,1.0,1.0,0.0,0.0,0.0,0.0,0.0,0.0,0.0,0.6,0.4,0.0,0.0,0.0,0.0,0.0,0.0,10.0,0.0,0.0,0.0,0.0,0.0,0.0
raw-L03515,3516,2002,【まだまだ】スパイン397【続きます】,2,-0.9806902668692626,0.593712656263621,3.6635616461296463,1.0986122886681098,2.995732273553991,3.1780538303479458,0.0,0.0,0.0,0.0,2.6315789473684212,1.0,1.0,0.0,0.0,0.0,0.0,0.0,0.0,0.0,0.7105263157894737,0.2894736842105263,0.0,0.0,0.0,0.0,0.0,5.2631578947368425,2.6315789473684212,2.6315789473684212,0.0,0.0,0.0,0.0,0.0
raw-L03519,3520,2002,【まだまだ】スパイン397【続きます】,2,-1.0247186480990296,0.5359103563640687,3.4339872044851463,1.0986122886681098,2.772588722239781,3.1354942159291497,0.0,0.0,0.0,0.0,3.3333333333333335,1.0,1.0,0.0,0.0,0.0,0.0,0.0,0.0,0.0,0.7666666666666667,0.1,0.1,0.0,0.0,0.0,0.0,3.3333333333333335,0.0,3.3333333333333335,0.0,0.0,0.0,0.0,0.0
raw-L03523,3524,2002,【まだまだ】スパイン397【続きます】,2,-0.9142482152926333,0.27035876564190087,3.6109179126442243,1.0986122886681098,2.9444389791664403,3.091042453358316,0.0,0.0,0.0,0.0,2.7777777777777777,1.0,1.0,0.0,0.0,0.0,0.0,0.0,0.0,0.0,0.4444444444444444,0.19444444444444442,0.33333333333333337,0.0,0.0,0.0,0.0,2.7777777777777777,0.0,0.0,0.0,0.0,0.0,0.0,0.0
raw-L03528,3529,2002,【まだまだ】スパイン397【続きます】,2,-0.8978657485407355,1.1075571388937946,3.58351893845611,1.3862943611198906,2.538973871058276,2.995732273553991,0.0,0.0,0.0,0.0,5.714285714285714,1.0,1.0,0.0,0.0,0.0,0.0,0.0,0.0,0.0,0.5714285714285715,0.3142857142857143,0.0,0.0,0.0,0.08571428571428572,0.0,0.0,0.0,2.857142857142857,0.0,0.0,0.0,0.0,0.0
raw-L03534,3535,2002,【まだまだ】スパイン397【続きます】,2,-2.1191118532783415,1.037716996486911,3.2188758248682006,1.3862943611198906,2.1972245773362196,2.5649493574615367,0.0,0.0,0.0,0.0,8.333333333333334,1.0,1.0,0.0,0.0,0.0,0.0,0.0,0.0,0.0,0.7083333333333333,0.25,0.0,0.0,0.0,0.0,0.0,4.166666666666667,0.0,0.0,0.0,0.0,0.0,0.0,0.0
raw-L03540,3541,2002,【まだまだ】スパイン397【続きます】,2,-2.033773132706545,0.3915593974582987,3.1780538303479458,1.0986122886681098,2.5257286443082556,2.9444389791664403,0.0,0.0,0.0,0.0,4.3478260869565215,1.0,1.0,0.0,0.0,0.0,0.0,0.0,0.0,0.0,0.6086956521739131,0.21739130434782608,0.17391304347826086,0.0,0.0,0.0,0.0,4.3478260869565215,4.3478260869565215,0.0,0.0,0.0,0.0,0.0,0.0
raw-L03544,3545,2002,【まだまだ】スパイン397【続きます】,2,-2.5749430551395243,-0.25821822172801434,3.1780538303479458,1.0986122886681098,2.5257286443082556,2.70805020110221,0.0,0.0,0.0,0.0,4.3478260869565215,1.0,1.0,0.0,0.0,0.0,0.0,0.0,0.0,0.0,0.8695652173913043,0.13043478260869565,0.0,0.0,0.0,0.0,0.0,0.0,4.3478260869565215,0.0,0.0,0.0,0.0,0.0,4.3478260869565215
raw-L03548,3549,2002,【まだまだ】スパイン397【続きます】,2,-3.4280533727529674,0.7205776654887396,2.6390573296152584,1.0986122886681098,2.0149030205422647,2.1972245773362196,0.0,0.0,0.0,0.0,7.6923076923076925,1.0,1.0,0.0,0.0,0.0,0.0,0.0,0.0,0.0,0.8461538461538461,0.15384615384615385,0.0,0.0,0.0,0.0,0.0,0.0,7.6923076923076925,0.0,0.0,0.0,0.0,0.0,0.0
raw-L03552,3553,2002,【まだまだ】スパイン397【続きます】,2,-2.7036464499430513,-0.5469766308113934,3.1780538303479458,1.3862943611198906,2.1594842493533726,2.4849066497880004,0.0,0.0,4.3478260869565215,0.0,8.695652173913043,0.6666666666666666,1.0,0.0,0.0,0.0,0.0,0.0,0.0,0.0,0.826086956521739,0.13043478260869565,0.0,0.0,0.0,0.0,0.0,0.0,4.3478260869565215,0.0,0.0,0.0,0.0,0.0,0.0
raw-L03558,3559,2002,【まだまだ】スパイン397【続きます】,2,-3.436261951054383,0.7817856557427693,2.5649493574615367,1.0986122886681098,1.9459101490553132,2.3978952727983707,0.0,0.0,0.0,0.0,8.333333333333334,1.0,1.0,0.0,0.0,0.0,0.0,0.0,0.0,0.0,0.8333333333333333,0.16666666666666669,0.0,0.0,0.0,0.0,0.0,0.0,8.333333333333334,0.0,0.0,0.0,0.0,0.0,0.0
raw-L03562,3563,2002,【まだまだ】スパイン397【続きます】,2,-2.2021626688102605,1.0752322194370854,2.772588722239781,1.0986122886681098,2.1400661634962708,2.4849066497880004,0.0,0.0,0.0,0.0,6.666666666666667,1.0,1.0,0.0,0.0,0.0,0.0,0.0,0.0,0.0,0.8,0.2,0.0,0.0,0.0,0.0,0.0,0.0,0.0,0.0,0.0,6.666666666666667,0.0,0.0,0.0
raw-L03583,3584,2002,【ハチベェも】インパクト４０５【ついウカーソ】,0,-2.8808428681947116,-2.544674785836828,3.1354942159291497,1.0986122886681098,2.4849066497880004,2.5649493574615367,0.0,0.0,4.545454545454546,0.0,4.545454545454546,0.5,1.0,0.0,0.0,0.0,0.0,0.0,0.0,0.0,0.5454545454545454,0.09090909090909091,0.3181818181818182,0.0,0.0,0.0,0.0,0.0,4.545454545454546,0.0,0.0,0.0,0.0,0.0,4.545454545454546
raw-L03587,3588,2002,【ハチベェも】インパクト４０５【ついウカーソ】,2,-2.5106438706784107,-0.3094333862000606,3.1780538303479458,1.0986122886681098,2.5257286443082556,2.70805020110221,0.0,0.0,0.0,0.0,4.3478260869565215,1.0,1.0,0.0,0.0,0.0,0.0,0.0,0.0,0.0,0.7391304347826088,0.17391304347826086,0.08695652173913043,0.0,0.0,0.0,0.0,0.0,4.3478260869565215,0.0,0.0,0.0,0.0,0.0,4.3478260869565215
raw-L03592,3593,2002,【ハチベェも】インパクト４０５【ついウカーソ】,2,-1.7730742204848629,0.4651055345999076,3.332204510175204,1.0986122886681098,2.6741486494265287,2.70805020110221,0.0,0.0,0.0,0.0,3.7037037037037037,1.0,1.0,0.0,0.0,0.0,0.0,0.0,0.0,0.0,0.6666666666666667,0.1851851851851852,0.14814814814814814,0.0,0.0,0.0,0.0,0.0,3.7037037037037037,0.0,0.0,0.0,0.0,0.0,0.0
raw-L03596,3597,2002,【ハチベェも】インパクト４０５【ついウカーソ】,2,-1.0723548066160913,-0.6170725590847671,3.8501476017100584,1.3862943611198906,2.793208009442517,3.332204510175204,0.0,0.0,2.1739130434782608,0.0,4.3478260869565215,0.6666666666666666,1.0,0.0,0.0,0.0,0.0,0.0,0.0,0.0,0.6956521739130435,0.2391304347826087,0.043478260869565216,0.0,0.0,0.0,2.1739130434782608,2.1739130434782608,2.1739130434782608,0.0,0.0,0.0,0.0,0.0,2.1739130434782608
raw-L03602,3603,2002,【ハチベェも】インパクト４０５【ついウカーソ】,2,-1.7395340947440678,0.598642887237684,3.2188758248682006,1.0986122886681098,2.5649493574615367,2.772588722239781,0.0,0.0,0.0,0.0,4.166666666666667,1.0,1.0,0.0,0.0,0.0,0.0,0.0,0.0,0.0,0.7083333333333333,0.2916666666666667,0.0,0.0,0.0,0.0,0.0,4.166666666666667,0.0,0.0,0.0,0.0,0.0,0.0,0.0
raw-L03606,3607,2002,【ハチベェも】インパクト４０５【ついウカーソ】,2,-0.6928353154122697,0.4605631709451705,3.58351893845611,1.0986122886681098,2.917770732084279,2.9444389791664403,0.0,0.0,0.0,0.0,2.857142857142857,1.0,1.0,0.0,0.0,0.0,0.0,0.0,0.0,0.0,0.37142857142857144,0.2571428571428572,0.3142857142857143,0.0,0.05714285714285714,0.0,0.0,2.857142857142857,0.0,2.857142857142857,0.0,0.0,0.0,0.0,0.0
raw-L03610,3611,2002,【ハチベェも】インパクト４０５【ついウカーソ】,0,-1.1929968361226537,-1.2647150233393671,3.4011973816621555,1.0986122886681098,2.740840023925201,2.8903717578961645,0.0,0.0,3.4482758620689653,0.0,3.4482758620689653,0.5,1.0,0.0,0.0,0.0,0.0,0.0,0.0,0.0,0.7586206896551724,0.20689655172413793,0.0,0.0,0.0,0.0,0.0,0.0,0.0,0.0,3.4482758620689653,0.0,0.0,0.0,3.4482758620689653
raw-L03614,3615,2002,【ハチベェも】インパクト４０５【ついウカーソ】,2,-1.4340356962486887,-0.10209442539217468,3.4965075614664802,1.0986122886681098,2.833213344056216,2.995732273553991,0.0,0.0,0.0,0.0,3.125,1.0,1.0,0.0,0.0,0.0,0.0,0.0,0.0,0.0,0.4375,0.375,0.125,0.0,0.0,0.0625,0.0,3.125,0.0,0.0,0.0,0.0,0.0,0.0,3.125
raw-L03618,3619,2002,【ハチベェも】インパクト４０５【ついウカーソ】,2,-0.6960019250122275,0.2146145286174347,3.784189633918261,1.0986122886681098,3.1135153092103742,3.367295829986474,0.0,0.0,0.0,0.0,2.3255813953488373,1.0,1.0,0.0,0.0,0.0,0.0,0.0,0.0,0.0,0.7209302325581395,0.18604651162790697,0.0,0.0,0.09302325581395349,0.0,0.0,2.3255813953488373,0.0,0.0,0.0,0.0,0.0,0.0,2.3255813953488373
raw-L03622,3623,2002,【ハチベェも】インパクト４０５【ついウカーソ】,2,-3.519553732222683,1.174948498463388,2.833213344056216,1.3862943611198906,1.8458266904983307,2.0794415416798357,0.0,0.0,0.0,0.0,12.5,1.0,1.0,0.0,0.0,0.0,0.0,0.0,0.0,0.0,0.625,0.375,0.0,0.0,0.0,0.0,0.0,6.25,6.25,0.0,0.0,0.0,0.0,0.0,0.0
raw-L03628,3629,2002,【ハチベェも】インパクト４０５【ついウカーソ】,2,-0.5632829412430498,0.5824128284612352,3.9889840465642745,1.3862943611198906,2.9267394020670396,3.091042453358316,0.0,0.0,0.0,0.0,3.7735849056603774,1.0,1.0,0.0,0.0,0.0,0.0,0.0,0.0,0.0,0.3018867924528302,0.5094339622641509,0.09433962264150944,0.0,0.07547169811320754,0.0,0.0,3.7735849056603774,0.0,0.0,0.0,0.0,0.0,0.0,1.8867924528301887
raw-L03633,3634,2002,【ハチベェも】インパクト４０５【ついウカーソ】,2,-0.7418698640203996,0.9118975399614089,3.970291913552122,1.6094379124341003,2.6390573296152584,2.995732273553991,0.0,0.0,0.0,0.0,5.769230769230769,1.0,1.0,0.0,0.0,0.0,0.0,0.0,0.0,0.0,0.5,0.21153846153846154,0.2692307692307692,0.0,0.0,0.0,0.0,3.8461538461538463,0.0,1.9230769230769231,0.0,0.0,0.0,0.0,0.0
raw-L03639,3640,2002,【ハチベェも】インパクト４０５【ついウカーソ】,2,-0.4398885889172545,0.8224235294499673,2.995732273553991,0.6931471805599453,2.995732273553991,2.995732273553991,0.0,0.0,0.0,0.0,0.0,1.0,1.0,0.0,0.0,0.0,0.0,0.0,0.0,0.0,0.5789473684210527,0.3157894736842105,0.10526315789473685,0.0,0.0,0.0,0.0,0.0,0.0,0.0,5.2631578947368425,5.2631578947368425,0.0,0.0,0.0
raw-L03642,3643,2002,【ハチベェも】インパクト４０５【ついウカーソ】,0,-2.662478589916301,-1.1502410284464366,3.295836866004329,1.3862943611198906,2.268683541318364,2.5649493574615367,0.0,0.0,3.8461538461538463,0.0,7.6923076923076925,0.6666666666666666,1.0,0.0,0.0,0.0,0.0,0.0,0.0,0.0,0.6153846153846154,0.1923076923076923,0.0,0.0,0.15384615384615385,0.0,0.0,3.8461538461538463,3.8461538461538463,0.0,0.0,0.0,0.0,0.0,3.8461538461538463
raw-L03648,3649,2002,【ハチベェも】インパクト４０５【ついウカーソ】,2,-2.166530900665024,0.2938415352515961,3.295836866004329,1.3862943611198906,2.268683541318364,2.772588722239781,0.0,0.0,0.0,0.0,7.6923076923076925,1.0,1.0,0.0,0.0,0.0,0.0,0.0,0.0,0.0,0.4615384615384615,0.3846153846153846,0.0,0.0,0.0,0.07692307692307693,0.0,3.8461538461538463,0.0,0.0,0.0,0.0,0.0,0.0,3.8461538461538463
raw-L03653,3654,2002,【ハチベェも】インパクト４０５【ついウカーソ】,2,-3.435509986519516,0.9670888026694633,2.302585092994046,1.0986122886681098,1.7047480922384253,1.9459101490553132,0.0,0.0,0.0,0.0,11.11111111111111,1.0,1.0,0.0,0.0,0.0,0.0,0.0,0.0,0.0,0.7777777777777777,0.1111111111111111,0.0,0.0,0.0,0.0,0.0,0.0,0.0,0.0,0.0,0.0,0.0,0.0,0.0
raw-L03658,3659,2002,【ハチベェも】インパクト４０５【ついウカーソ】,1,0.7960525094849603,0.5769880516136996,4.51085950651685,1.6094379124341003,3.1570004211501135,3.6888794541139363,0.0,0.0,1.1111111111111112,0.0,3.3333333333333335,0.75,1.0,0.0,0.0,0.0,0.0,0.0,0.0,0.0,0.3222222222222222,0.18888888888888888,0.0,0.0,0.4,0.0,0.0,1.1111111111111112,1.1111111111111112,0.0,0.0,0.0,0.0,0.0,0.0
raw-L03664,3665,2002,【ハチベェも】インパクト４０５【ついウカーソ】,2,-0.5474012971794232,-0.234790635867065,3.4011973816621555,0.6931471805599453,3.4011973816621555,3.4011973816621555,0.0,0.0,0.0,0.0,0.0,1.0,1.0,0.0,0.0,0.0,0.0,0.0,0.0,0.0,0.4482758620689655,0.41379310344827586,0.0,0.0,0.13793103448275862,0.0,0.0,0.0,0.0,0.0,0.0,0.0,0.0,0.0,3.4482758620689653
raw-L03667,3668,2002,【ハチベェも】インパクト４０５【ついウカーソ】,2,-1.8744928950154065,0.9257213056645704,3.4011973816621555,1.3862943611198906,2.367123614131617,2.772588722239781,0.0,0.0,0.0,0.0,6.896551724137931,1.0,1.0,0.0,0.0,0.0,0.0,0.0,0.0,0.0,0.7586206896551724,0.13793103448275862,0.06896551724137931,0.0,0.0,0.0,0.0,0.0,3.4482758620689653,0.0,0.0,0.0,0.0,0.0,0.0
raw-L03673,3674,2002,【ハチベェも】インパクト４０５【ついウカーソ】,2,-0.7877325647225556,0.24858161878940238,3.4339872044851463,1.0986122886681098,2.772588722239781,3.1354942159291497,0.0,0.0,0.0,0.0,3.3333333333333335,1.0,1.0,0.0,0.0,0.0,0.0,0.0,0.0,0.0,0.43333333333333335,0.33333333333333337,0.06666666666666667,0.0,0.13333333333333333,0.0,0.0,0.0,0.0,3.3333333333333335,0.0,0.0,0.0,0.0,3.3333333333333335
raw-L03677,3678,2002,【ハチベェも】インパクト４０５【ついウカーソ】,1,0.7752415942659518,0.5147918259463958,4.290459441148391,1.0986122886681098,3.6109179126442243,3.6888794541139363,0.0,0.0,0.0,0.0,1.3888888888888888,1.0,1.0,0.0,0.0,0.0,0.0,0.0,0.0,0.0,0.3194444444444444,0.09722222222222221,0.027777777777777776,0.0,0.4444444444444444,0.0,0.0,0.0,0.0,0.0,0.0,0.0,0.0,0.0,1.3888888888888888
raw-L03681,3682,2002,【ハチベェも】インパクト４０５【ついウカーソ】,2,-1.189614027134337,0.49147722235355085,3.4657359027997265,1.0986122886681098,2.803360380906535,2.995732273553991,0.0,0.0,0.0,0.0,3.225806451612903,1.0,1.0,0.0,0.0,0.0,0.0,0.0,0.0,0.0,0.5806451612903225,0.29032258064516125,0.12903225806451613,0.0,0.0,0.0,0.0,3.225806451612903,0.0,0.0,0.0,0.0,0.0,0.0,0.0
raw-L03685,3686,2002,【ハチベェも】インパクト４０５【ついウカーソ】,2,-3.3719713419465847,0.46246017672379824,2.833213344056216,1.0986122886681098,2.1972245773362196,2.1972245773362196,0.0,0.0,0.0,0.0,6.25,1.0,1.0,0.0,0.0,0.0,0.0,0.0,0.0,0.0,0.875,0.125,0.0,0.0,0.0,0.0,0.0,6.25,6.25,0.0,0.0,0.0,0.0,0.0,0.0
raw-L03690,3691,2002,【ハチベェも】インパクト４０５【ついウカーソ】,2,-1.100898618032455,-0.39938859789267467,3.7612001156935624,1.0986122886681098,3.091042453358316,3.295836866004329,0.0,0.0,0.0,0.0,2.380952380952381,1.0,1.0,0.0,0.0,0.0,0.0,0.0,0.0,0.0,0.5476190476190476,0.30952380952380953,0.09523809523809523,0.0,0.0,0.047619047619047616,0.0,2.380952380952381,0.0,0.0,0.0,0.0,0.0,0.0,4.761904761904762
raw-L03695,3696,2002,【ハチベェも】インパクト４０５【ついウカーソ】,2,-2.7206299385842088,0.9916932389529234,3.258096538021482,1.3862943611198906,2.2335922215070942,2.3978952727983707,0.0,0.0,0.0,0.0,8.0,1.0,1.0,0.0,0.0,0.0,0.0,0.0,0.0,0.0,0.84,0.16,0.0,0.0,0.0,0.0,0.0,0.0,8.0,0.0,0.0,0.0,0.0,0.0,0.0
raw-L03701,3702,2002,【ハチベェも】インパクト４０５【ついウカーソ】,2,-1.007784662803976,0.5594865619722332,3.6375861597263857,1.0986122886681098,2.970414465569701,2.995732273553991,0.0,0.0,0.0,0.0,2.7027027027027026,1.0,1.0,0.0,0.0,0.0,0.0,0.0,0.0,0.0,0.5675675675675675,0.32432432432432434,0.0,0.0,0.0,0.1081081081081081,0.0,2.7027027027027026,0.0,0.0,0.0,0.0,0.0,0.0,0.0
raw-L03705,3706,2002,【ハチベェも】インパクト４０５【ついウカーソ】,2,-1.4832038446872824,0.5893823627490469,3.4657359027997265,1.0986122886681098,2.803360380906535,2.9444389791664403,0.0,0.0,0.0,0.0,3.225806451612903,1.0,1.0,0.0,0.0,0.0,0.0,0.0,0.0,0.0,0.6451612903225806,0.3548387096774194,0.0,0.0,0.0,0.0,0.0,3.225806451612903,3.225806451612903,0.0,0.0,0.0,0.0,0.0,0.0
raw-L03709,3710,2002,【ハチベェも】インパクト４０５【ついウカーソ】,1,-0.02893812389802213,0.05501756457477259,3.6888794541139363,0.6931471805599453,3.6888794541139363,3.6888794541139363,0.0,0.0,0.0,0.0,0.0,1.0,1.0,0.0,0.0,0.0,0.0,0.0,0.0,0.0,0.358974358974359,0.358974358974359,0.23076923076923075,0.0,0.0,0.05128205128205129,0.0,2.5641025641025643,0.0,0.0,0.0,0.0,0.0,0.0,0.0
raw-L03712,3713,2002,【ハチベェも】インパクト４０５【ついウカーソ】,2,-0.6839041270840146,1.1483841419368384,3.828641396489095,1.3862943611198906,2.772588722239781,3.1780538303479458,0.0,0.0,0.0,0.0,4.444444444444445,1.0,1.0,0.0,0.0,0.0,0.0,0.0,0.0,0.0,0.6666666666666667,0.24444444444444444,0.08888888888888889,0.0,0.0,0.0,0.0,0.0,4.444444444444445,2.2222222222222223,0.0,0.0,0.0,2.2222222222222223,0.0
raw-L03717,3718,2002,【ハチベェも】インパクト４０５【ついウカーソ】,2,-1.7575311306516024,-0.030901037414085765,2.8903717578961645,0.6931471805599453,2.8903717578961645,2.8903717578961645,0.0,0.0,0.0,0.0,0.0,1.0,1.0,0.0,0.0,0.0,0.0,0.0,0.0,0.0,0.7058823529411765,0.29411764705882354,0.0,0.0,0.0,0.0,0.0,5.882352941176471,0.0,0.0,0.0,0.0,0.0,0.0,0.0
raw-L03721,3722,2002,【ハチベェも】インパクト４０５【ついウカーソ】,2,-1.123208841644339,0.5999672259467976,3.4339872044851463,1.0986122886681098,2.772588722239781,2.833213344056216,0.0,0.0,0.0,0.0,3.3333333333333335,1.0,1.0,0.0,0.0,0.0,0.0,0.0,0.0,0.0,0.5,0.36666666666666664,0.13333333333333333,0.0,0.0,0.0,0.0,0.0,0.0,0.0,0.0,0.0,0.0,0.0,0.0
raw-L03725,3726,2002,【ハチベェも】インパクト４０５【ついウカーソ】,1,0.5424900871512165,0.49049338787440816,4.174387269895637,1.0986122886681098,3.4965075614664802,3.6888794541139363,0.0,0.0,0.0,0.0,1.5625,1.0,1.0,0.0,0.0,0.0,0.0,0.0,0.0,0.0,0.25,0.140625,0.0,0.0,0.5,0.0,0.0,0.0,1.5625,0.0,0.0,0.0,0.0,0.0,1.5625
raw-L03729,3730,2002,【ハチベェも】インパクト４０５【ついウカーソ】,2,-1.4193085010623567,0.6359698859478645,3.258096538021482,1.0986122886681098,2.6026896854443837,2.772588722239781,0.0,0.0,0.0,0.0,4.0,1.0,1.0,0.0,0.0,0.0,0.0,0.0,0.0,0.0,0.56,0.32,0.08,0.0,0.0,0.0,0.0,0.0,0.0,0.0,0.0,0.0,0.0,0.0,0.0
raw-L03733,3734,2002,【ハチベェも】インパクト４０５【ついウカーソ】,1,1.0637045347635727,0.8795842012980806,4.59511985013459,1.3862943611198906,3.5165082281731497,3.6888794541139363,0.0,0.0,0.0,0.0,2.0408163265306123,1.0,1.0,0.0,0.0,0.0,0.0,0.0,0.0,0.0,0.35714285714285715,0.17346938775510204,0.07142857142857144,0.0,0.326530612244898,0.0,0.0,1.0204081632653061,0.0,1.0204081632653061,0.0,0.0,0.0,0.0,1.0204081632653061
raw-L03738,3739,2002,【ハチベェも】インパクト４０５【ついウカーソ】,2,-1.3345297513831094,-0.18493165381153603,3.6375861597263857,1.0986122886681098,2.970414465569701,3.1780538303479458,0.0,0.0,0.0,0.0,2.7027027027027026,1.0,1.0,0.0,0.0,0.0,0.0,0.0,0.0,0.0,0.6756756756756757,0.16216216216216217,0.16216216216216217,0.0,0.0,0.0,0.0,5.405405405405405,0.0,0.0,0.0,0.0,0.0,0.0,2.7027027027027026
raw-L03743,3744,2002,【ハチベェも】インパクト４０５【ついウカーソ】,2,-1.0396498198420028,0.373165646527262,3.6635616461296463,1.0986122886681098,2.995732273553991,3.2188758248682006,0.0,0.0,0.0,0.0,2.6315789473684212,1.0,1.0,0.0,0.0,0.0,0.0,0.0,0.0,0.0,0.7894736842105263,0.026315789473684213,0.1842105263157895,0.0,0.0,0.0,0.0,0.0,2.6315789473684212,0.0,0.0,0.0,0.0,0.0,0.0
raw-L03763,3764,2002,戦士を語るスレ,2,-1.221396466999358,-0.6123673416119725,3.713572066704308,1.3862943611198906,2.662587827025453,3.044522437723423,0.0,0.0,2.5,0.0,5.0,0.6666666666666666,1.0,0.0,0.0,0.0,0.0,0.0,0.0,0.0,0.6,0.375,0.0,0.0,0.0,0.0,0.0,0.0,0.0,0.0,0.0,0.0,0.0,0.0,2.5
raw-L03770,3771,2002,戦士を語るスレ,2,-1.6270717373903223,0.9348973892839224,3.58351893845611,1.3862943611198906,2.538973871058276,2.772588722239781,0.0,0.0,0.0,0.0,5.714285714285714,1.0,1.0,0.0,0.0,0.0,0.0,0.0,0.0,0.0,0.6857142857142857,0.3142857142857143,0.0,0.0,0.0,0.0,0.0,2.857142857142857,2.857142857142857,0.0,0.0,0.0,0.0,0.0,0.0
raw-L03777,3778,2002,戦士を語るスレ,2,-2.248615722687526,0.4253631131709958,3.091042453358316,1.0986122886681098,2.4423470353692043,2.70805020110221,0.0,0.0,0.0,0.0,4.761904761904762,1.0,1.0,0.0,0.0,0.0,0.0,0.0,0.0,0.0,0.38095238095238093,0.14285714285714288,0.0,0.0,0.0,0.28571428571428575,0.0,0.0,4.761904761904762,0.0,0.0,0.0,0.0,0.0,0.0
raw-L03781,3782,2002,戦士を語るスレ,0,-0.5132020561989601,-0.9680902654140335,3.6109179126442243,1.0986122886681098,2.9444389791664403,3.4011973816621555,0.0,0.0,2.7777777777777777,0.0,2.7777777777777777,0.5,1.0,0.0,0.0,0.0,0.0,0.0,0.0,0.0,0.6388888888888888,0.33333333333333337,0.0,0.0,0.0,0.0,0.0,2.7777777777777777,0.0,0.0,2.7777777777777777,0.0,0.0,0.0,2.7777777777777777
raw-L03785,3786,2002,戦士を語るスレ,2,-0.3421146645297968,0.8373989904435623,3.6375861597263857,1.0986122886681098,2.970414465569701,3.332204510175204,0.0,0.0,0.0,0.0,2.7027027027027026,1.0,1.0,0.0,0.0,0.0,0.0,0.0,0.0,0.0,0.5945945945945946,0.40540540540540543,0.0,0.0,0.0,0.0,0.0,0.0,0.0,2.7027027027027026,0.0,0.0,0.0,0.0,0.0
raw-L03790,3791,2002,戦士を語るスレ,2,-1.268248527651958,0.8544785620113036,3.4339872044851463,1.0986122886681098,2.772588722239781,2.833213344056216,0.0,0.0,0.0,0.0,3.3333333333333335,1.0,1.0,0.0,0.0,0.0,0.0,0.0,0.0,0.0,0.8,0.2,0.0,0.0,0.0,0.0,0.0,3.3333333333333335,3.3333333333333335,3.3333333333333335,0.0,0.0,0.0,3.3333333333333335,0.0
raw-L03794,3795,2002,戦士を語るスレ,2,-1.9292615785171752,0.9094908092483315,3.4011973816621555,1.3862943611198906,2.367123614131617,2.70805020110221,0.0,0.0,0.0,0.0,6.896551724137931,1.0,1.0,0.0,0.0,0.0,0.0,0.0,0.0,0.0,0.5517241379310345,0.3448275862068966,0.10344827586206896,0.0,0.0,0.0,0.0,3.4482758620689653,3.4482758620689653,0.0,0.0,0.0,0.0,0.0,0.0
raw-L03799,3800,2002,戦士を語るスレ,0,-3.489033553330086,-1.6097055007189187,2.1972245773362196,0.6931471805599453,2.1972245773362196,2.1972245773362196,0.0,0.0,0.0,0.0,0.0,1.0,1.0,0.0,0.0,0.0,0.0,0.0,0.0,0.0,0.5,0.5,0.0,0.0,0.0,0.0,0.0,0.0,0.0,0.0,0.0,0.0,0.0,0.0,12.5
raw-L03802,3803,2002,戦士を語るスレ,2,-2.2360682424298504,-0.03305808097833455,2.772588722239781,0.6931471805599453,2.772588722239781,2.772588722239781,0.0,0.0,0.0,0.0,0.0,1.0,1.0,0.0,0.0,0.0,0.0,0.0,0.0,0.0,0.8,0.2,0.0,0.0,0.0,0.0,0.0,6.666666666666667,6.666666666666667,6.666666666666667,0.0,0.0,0.0,0.0,0.0
raw-L03807,3808,2002,戦士を語るスレ,1,-0.3342424111789834,-0.9724011329058612,3.970291913552122,1.0986122886681098,3.295836866004329,3.4339872044851463,0.0,0.0,1.9230769230769231,0.0,1.9230769230769231,0.5,1.0,0.0,0.0,0.0,0.0,0.0,0.0,0.0,0.576923076923077,0.40384615384615385,0.0,0.0,0.0,0.0,0.0,0.0,0.0,0.0,0.0,0.0,0.0,0.0,1.9230769230769231
raw-L03811,3812,2002,戦士を語るスレ,2,-0.7844973540696735,0.04380153230465641,3.6109179126442243,1.0986122886681098,2.9444389791664403,3.367295829986474,0.0,0.0,0.0,0.0,2.7777777777777777,1.0,1.0,0.0,0.0,0.0,0.0,0.0,0.0,0.0,0.38888888888888884,0.25,0.1111111111111111,0.0,0.1111111111111111,0.0,0.0,2.7777777777777777,0.0,0.0,0.0,0.0,0.0,0.0,2.7777777777777777
raw-L03816,3817,2002,戦士を語るスレ,2,-3.339831039859274,-0.28067967540620076,1.9459101490553132,0.6931471805599453,1.9459101490553132,1.9459101490553132,0.0,0.0,0.0,0.0,0.0,1.0,1.0,0.0,0.0,0.0,0.0,0.0,0.0,0.0,0.8333333333333333,0.0,0.0,0.0,0.0,0.0,0.0,0.0,0.0,0.0,0.0,0.0,0.0,0.0,0.0
raw-L03820,3821,2002,戦士を語るスレ,2,-2.2021626688102605,1.0752322194370854,2.772588722239781,1.0986122886681098,2.1400661634962708,2.4849066497880004,0.0,0.0,0.0,0.0,6.666666666666667,1.0,1.0,0.0,0.0,0.0,0.0,0.0,0.0,0.0,0.8,0.2,0.0,0.0,0.0,0.0,0.0,0.0,0.0,0.0,0.0,6.666666666666667,0.0,0.0,0.0
raw-L03824,3825,2002,戦士を語るスレ,2,-1.840262473816245,0.7228058113691076,3.044522437723423,1.0986122886681098,2.3978952727983707,2.772588722239781,0.0,0.0,0.0,0.0,5.0,1.0,1.0,0.0,0.0,0.0,0.0,0.0,0.0,0.0,0.5,0.5,0.0,0.0,0.0,0.0,0.0,5.0,0.0,0.0,0.0,0.0,0.0,0.0,0.0
raw-L03829,3830,2002,戦士を語るスレ,2,-1.5260720623360642,0.626823467145735,3.1354942159291497,1.0986122886681098,2.4849066497880004,2.70805020110221,0.0,0.0,0.0,0.0,4.545454545454546,1.0,1.0,0.0,0.0,0.0,0.0,0.0,0.0,0.0,0.5909090909090909,0.2727272727272727,0.13636363636363635,0.0,0.0,0.0,0.0,4.545454545454546,0.0,4.545454545454546,0.0,0.0,0.0,0.0,0.0
raw-L03834,3835,2002,戦士を語るスレ,1,0.6132843784610866,1.2680975687962075,4.276666119016055,1.6094379124341003,2.9311937524164198,3.713572066704308,0.0,0.0,0.0,0.0,4.225352112676056,1.0,1.0,0.0,0.0,0.0,0.0,0.0,0.0,0.0,0.32394366197183094,0.11267605633802816,0.0,0.0,0.4647887323943662,0.0,0.0,1.408450704225352,0.0,0.0,0.0,0.0,0.0,0.0,0.0
raw-L03841,3842,2002,戦士を語るスレ,2,-2.818288714074078,0.6627622064958276,2.833213344056216,1.0986122886681098,2.1972245773362196,2.5649493574615367,0.0,0.0,0.0,0.0,6.25,1.0,1.0,0.0,0.0,0.0,0.0,0.0,0.0,0.0,0.875,0.125,0.0,0.0,0.0,0.0,0.0,0.0,6.25,0.0,0.0,0.0,0.0,0.0,0.0
raw-L03846,3847,2002,戦士を語るスレ,2,-3.0684943491846672,-0.078237329198335,2.3978952727983707,0.6931471805599453,2.3978952727983707,2.3978952727983707,0.0,0.0,0.0,0.0,0.0,1.0,1.0,0.0,0.0,0.0,0.0,0.0,0.0,0.0,0.7,0.3,0.0,0.0,0.0,0.0,0.0,0.0,10.0,0.0,0.0,0.0,0.0,0.0,0.0
raw-L03850,3851,2002,戦士を語るスレ,0,-1.5668183294429443,-3.022339980153845,3.6635616461296463,1.0986122886681098,2.995732273553991,3.258096538021482,0.0,0.0,5.2631578947368425,0.0,2.6315789473684212,0.0,1.0,0.0,0.0,0.0,0.0,0.0,0.0,0.0,0.736842105263158,0.13157894736842105,0.07894736842105263,0.0,0.0,0.0,0.0,2.6315789473684212,5.2631578947368425,2.6315789473684212,0.0,0.0,0.0,0.0,2.6315789473684212
raw-L03854,3855,2002,戦士を語るスレ,2,-2.4678966665421096,-1.3008465729577963,2.70805020110221,0.6931471805599453,2.70805020110221,2.70805020110221,0.0,0.0,0.0,0.0,0.0,1.0,1.0,0.0,0.0,0.0,0.0,0.0,0.0,0.0,0.6428571428571429,0.35714285714285715,0.0,0.0,0.0,0.0,0.0,7.142857142857143,0.0,7.142857142857143,0.0,0.0,0.0,0.0,7.142857142857143
raw-L03859,3860,2002,戦士を語るスレ,2,-1.1083570076086142,0.8636614535373492,3.6888794541139363,1.3862943611198906,2.6390573296152584,2.8903717578961645,0.0,0.0,0.0,0.0,5.128205128205129,1.0,1.0,0.0,0.0,0.0,0.0,0.0,0.0,0.0,0.48717948717948717,0.358974358974359,0.10256410256410257,0.0,0.0,0.05128205128205129,0.0,2.5641025641025643,0.0,0.0,0.0,0.0,0.0,0.0,0.0
raw-L03865,3866,2002,戦士を語るスレ,0,-1.9120635079410533,-3.666796734297597,3.2188758248682006,0.6931471805599453,3.2188758248682006,3.2188758248682006,0.0,0.0,4.166666666666667,0.0,0.0,0.0,1.0,0.0,0.0,0.0,0.0,0.0,0.0,0.0,0.75,0.04166666666666667,0.16666666666666669,0.0,0.0,0.0,0.0,0.0,4.166666666666667,0.0,0.0,0.0,0.0,0.0,4.166666666666667
raw-L03868,3869,2002,戦士を語るスレ,2,-1.2944126433028575,0.5327875798734455,3.4965075614664802,1.0986122886681098,2.833213344056216,2.9444389791664403,0.0,0.0,0.0,0.0,3.125,1.0,1.0,0.0,0.0,0.0,0.0,0.0,0.0,0.0,0.59375,0.28125,0.125,0.0,0.0,0.0,0.0,0.0,3.125,0.0,0.0,0.0,0.0,0.0,0.0
raw-L03872,3873,2002,戦士を語るスレ,2,-3.1376538027481238,0.5413288136838071,2.833213344056216,1.0986122886681098,2.1972245773362196,2.3978952727983707,0.0,0.0,0.0,0.0,6.25,1.0,1.0,0.0,0.0,0.0,0.0,0.0,0.0,0.0,0.75,0.25,0.0,0.0,0.0,0.0,0.0,6.25,6.25,0.0,0.0,0.0,0.0,0.0,0.0
raw-L03877,3878,2002,戦士を語るスレ,2,-2.162624887989247,0.8217547149040909,2.833213344056216,1.0986122886681098,2.1972245773362196,2.5649493574615367,0.0,0.0,0.0,0.0,6.25,1.0,1.0,0.0,0.0,0.0,0.0,0.0,0.0,0.0,0.6875,0.3125,0.0,0.0,0.0,0.0,0.0,0.0,0.0,0.0,0.0,0.0,0.0,0.0,0.0
raw-L03881,3882,2002,戦士を語るスレ,2,-0.8942108769544768,1.1961990523500707,3.58351893845611,1.3862943611198906,2.538973871058276,3.1354942159291497,0.0,0.0,0.0,0.0,5.714285714285714,1.0,1.0,0.0,0.0,0.0,0.0,0.0,0.0,0.0,0.657142857142857,0.28571428571428575,0.05714285714285714,0.0,0.0,0.0,0.0,0.0,0.0,0.0,0.0,2.857142857142857,0.0,0.0,0.0
raw-L03887,3888,2002,戦士を語るスレ,2,-1.6425163855657705,-0.3422514227838691,2.772588722239781,0.6931471805599453,2.772588722239781,2.772588722239781,0.0,0.0,0.0,0.0,0.0,1.0,1.0,0.0,0.0,0.0,0.0,0.0,0.0,0.0,0.4,0.13333333333333333,0.4666666666666666,0.0,0.0,0.0,0.0,0.0,0.0,0.0,0.0,0.0,0.0,0.0,0.0
raw-L03890,3891,2002,戦士を語るスレ,2,-2.1753580752507586,0.9986997751946465,2.833213344056216,1.0986122886681098,2.1972245773362196,2.1972245773362196,0.0,0.0,0.0,0.0,6.25,1.0,1.0,0.0,0.0,0.0,0.0,0.0,0.0,0.0,0.625,0.375,0.0,0.0,0.0,0.0,0.0,12.5,0.0,6.25,0.0,0.0,0.0,6.25,0.0
raw-L03894,3895,2002,戦士を語るスレ,2,-1.2548996590708699,-0.9747442209920394,3.4965075614664802,1.0986122886681098,2.833213344056216,2.9444389791664403,0.0,0.0,3.125,0.0,3.125,0.5,1.0,0.0,0.0,0.0,0.0,0.0,0.0,0.0,0.5625,0.40625,0.0,0.0,0.0,0.0,0.0,3.125,0.0,0.0,0.0,0.0,0.0,0.0,0.0
raw-L03898,3899,2002,戦士を語るスレ,2,-1.8620958370035925,0.9571153402336576,3.4657359027997265,1.3862943611198906,2.4277482359480516,2.70805020110221,0.0,0.0,0.0,0.0,6.451612903225806,1.0,1.0,0.0,0.0,0.0,0.0,0.0,0.0,0.0,0.8709677419354839,0.12903225806451613,0.0,0.0,0.0,0.0,0.0,0.0,3.225806451612903,0.0,0.0,0.0,0.0,0.0,0.0
raw-L03904,3905,2002,戦士を語るスレ,2,-3.91791051285166,0.8146103022696719,2.302585092994046,1.0986122886681098,1.7047480922384253,1.791759469228055,0.0,0.0,0.0,0.0,11.11111111111111,1.0,1.0,0.0,0.0,0.0,0.0,0.0,0.0,0.0,0.7777777777777777,0.2222222222222222,0.0,0.0,0.0,0.0,0.0,11.11111111111111,0.0,0.0,0.0,0.0,0.0,0.0,0.0
raw-L03909,3910,2002,戦士を語るスレ,2,-3.4280533727529674,0.7205776654887396,2.6390573296152584,1.0986122886681098,2.0149030205422647,2.1972245773362196,0.0,0.0,0.0,0.0,7.6923076923076925,1.0,1.0,0.0,0.0,0.0,0.0,0.0,0.0,0.0,0.8461538461538461,0.15384615384615385,0.0,0.0,0.0,0.0,0.0,0.0,7.6923076923076925,0.0,0.0,0.0,0.0,0.0,0.0
raw-L03913,3914,2002,戦士を語るスレ,2,-0.9757275462721159,0.5980562559645612,3.5263605246161616,1.0986122886681098,2.8622008809294686,3.4011973816621555,0.0,0.0,0.0,0.0,3.0303030303030303,1.0,1.0,0.0,0.0,0.0,0.0,0.0,0.0,0.0,0.6666666666666667,0.24242424242424243,0.06060606060606061,0.0,0.0,0.0,0.0,0.0,3.0303030303030303,0.0,0.0,0.0,0.0,0.0,0.0
raw-L03917,3918,2002,戦士を語るスレ,2,-3.5946644372377383,0.98620849702345,2.302585092994046,1.0986122886681098,1.7047480922384253,1.791759469228055,0.0,0.0,0.0,0.0,11.11111111111111,1.0,1.0,0.0,0.0,0.0,0.0,0.0,0.0,0.0,0.8888888888888888,0.1111111111111111,0.0,0.0,0.0,0.0,0.0,0.0,0.0,0.0,0.0,0.0,0.0,0.0,0.0
raw-L03921,3922,2002,戦士を語るスレ,2,-2.11465173416204,0.2679066440564689,2.4849066497880004,0.6931471805599453,2.4849066497880004,2.4849066497880004,0.0,0.0,0.0,0.0,0.0,1.0,1.0,0.0,0.0,0.0,0.0,0.0,0.0,0.0,0.8181818181818181,0.18181818181818182,0.0,0.0,0.0,0.0,0.0,0.0,0.0,0.0,0.0,9.090909090909092,0.0,0.0,0.0
raw-L03934,3935,2002,【弱さを】シーフスレPart2【愛する】,2,-0.4890334376711471,0.5775481386932928,3.9889840465642745,1.3862943611198906,2.9267394020670396,3.4339872044851463,0.0,0.0,0.0,0.0,3.7735849056603774,1.0,1.0,0.0,0.0,0.0,0.0,0.0,0.0,0.0,0.660377358490566,0.2830188679245283,0.03773584905660377,0.0,0.0,0.0,0.0,0.0,0.0,0.0,0.0,0.0,0.0,0.0,1.8867924528301887
raw-L03940,3941,2002,【弱さを】シーフスレPart2【愛する】,2,-0.8328340563347618,0.572753454535557,4.007333185232471,1.3862943611198906,2.9444389791664403,3.1354942159291497,0.0,0.0,0.0,0.0,3.7037037037037037,1.0,1.0,0.0,0.0,0.0,0.0,0.0,0.0,0.0,0.6481481481481481,0.3148148148148148,0.0,0.0,0.037037037037037035,0.0,0.0,1.8518518518518519,1.8518518518518519,0.0,0.0,0.0,0.0,0.0,1.8518518518518519
raw-L03955,3956,2002,■黒魔道士協会Part1.5■,2,-1.079182165739023,0.7480251826575032,3.4339872044851463,1.0986122886681098,2.772588722239781,2.8903717578961645,0.0,0.0,0.0,0.0,3.3333333333333335,1.0,1.0,0.0,0.0,0.0,0.0,0.0,0.0,0.0,0.5666666666666667,0.43333333333333335,0.0,0.0,0.0,0.0,0.0,0.0,0.0,0.0,0.0,0.0,0.0,0.0,0.0
raw-L03959,3960,2002,■黒魔道士協会Part1.5■,2,-0.8388196585673886,0.9545719351975357,3.8501476017100584,1.3862943611198906,2.793208009442517,2.995732273553991,0.0,0.0,0.0,0.0,4.3478260869565215,1.0,1.0,0.0,0.0,0.0,0.0,0.0,0.0,0.0,0.5217391304347826,0.4130434782608695,0.06521739130434782,0.0,0.0,0.0,0.0,0.0,2.1739130434782608,0.0,0.0,0.0,0.0,0.0,0.0
raw-L03964,3965,2002,■黒魔道士協会Part1.5■,0,-3.489033553330086,-1.6097055007189187,2.1972245773362196,0.6931471805599453,2.1972245773362196,2.1972245773362196,0.0,0.0,0.0,0.0,0.0,1.0,1.0,0.0,0.0,0.0,0.0,0.0,0.0,0.0,0.5,0.5,0.0,0.0,0.0,0.0,0.0,0.0,0.0,0.0,0.0,0.0,0.0,0.0,12.5
raw-L03977,3978,2002,モンクスレ2,0,-1.7280784645380778,-1.9699064617980424,3.332204510175204,1.0986122886681098,2.6741486494265287,2.995732273553991,0.0,0.0,3.7037037037037037,0.0,3.7037037037037037,0.5,1.0,0.0,0.0,0.0,0.0,0.0,0.0,0.0,0.5925925925925926,0.07407407407407407,0.1851851851851852,0.0,0.07407407407407407,0.0,0.0,0.0,0.0,0.0,0.0,0.0,0.0,0.0,3.7037037037037037
raw-L03983,3984,2002,モンクスレ2,2,-1.739968230414979,0.3634044175350454,3.6109179126442243,1.3862943611198906,2.5649493574615367,2.772588722239781,0.0,0.0,0.0,0.0,5.555555555555555,1.0,1.0,0.0,0.0,0.0,0.0,0.0,0.0,0.0,0.7222222222222223,0.1388888888888889,0.08333333333333334,0.0,0.05555555555555555,0.0,0.0,0.0,2.7777777777777777,0.0,0.0,0.0,0.0,0.0,2.7777777777777777
raw-L03989,3990,2002,モンクスレ2,2,-1.881995747551728,1.1938923684485512,3.6109179126442243,1.6094379124341003,2.302585092994046,2.70805020110221,0.0,0.0,0.0,0.0,8.333333333333334,1.0,1.0,0.0,0.0,0.0,0.0,0.0,0.0,0.0,0.8333333333333333,0.16666666666666669,0.0,0.0,0.0,0.0,0.0,2.7777777777777777,2.7777777777777777,0.0,0.0,0.0,0.0,0.0,0.0
raw-L04003,4004,2002,白魔道師を語るスレ２,2,-0.5841081023589622,0.24631988615157785,3.871201010907891,1.0986122886681098,3.1986731175506815,3.4657359027997265,0.0,0.0,0.0,0.0,2.127659574468085,1.0,1.0,0.0,0.0,0.0,0.0,0.0,0.0,0.0,0.574468085106383,0.36170212765957444,0.0425531914893617,0.0,0.0,0.0,0.0,0.0,2.127659574468085,0.0,0.0,0.0,0.0,0.0,2.127659574468085
raw-L04007,4008,2002,白魔道師を語るスレ２,0,-1.920027417862175,-4.1435380046679855,2.8903717578961645,0.6931471805599453,2.8903717578961645,2.8903717578961645,0.0,0.0,5.882352941176471,0.0,0.0,0.0,1.0,0.0,0.0,0.0,0.0,0.0,0.0,0.0,0.411764705882353,0.11764705882352942,0.11764705882352942,0.0,0.23529411764705885,0.0,0.0,0.0,0.0,0.0,0.0,0.0,0.0,0.0,5.882352941176471
raw-L04010,4011,2002,白魔道師を語るスレ２,2,-3.472526340408747,-0.1478401254258713,2.1972245773362196,0.6931471805599453,2.1972245773362196,2.1972245773362196,0.0,0.0,0.0,0.0,0.0,1.0,1.0,0.0,0.0,0.0,0.0,0.0,0.0,0.0,0.75,0.25,0.0,0.0,0.0,0.0,0.0,0.0,12.5,0.0,0.0,0.0,0.0,0.0,0.0
raw-L04026,4027,2002,CM見たんだけど１１やるとヒッキーになっちゃうの？,2,-1.997986566083765,-0.20331623890665165,2.9444389791664403,0.6931471805599453,2.9444389791664403,2.9444389791664403,0.0,0.0,0.0,0.0,0.0,1.0,1.0,0.0,0.0,0.0,0.0,0.0,0.0,0.0,0.8333333333333333,0.0,0.16666666666666669,0.0,0.0,0.0,0.0,0.0,5.555555555555555,0.0,0.0,0.0,0.0,0.0,0.0
raw-L04029,4030,2002,CM見たんだけど１１やるとヒッキーになっちゃうの？,0,-2.3919455437563664,-2.0155720430419195,3.1780538303479458,1.0986122886681098,2.5257286443082556,2.772588722239781,0.0,0.0,4.3478260869565215,0.0,4.3478260869565215,0.5,1.0,0.0,0.0,0.0,0.0,0.0,0.0,0.0,0.5652173913043478,0.391304347826087,0.0,0.0,0.0,0.0,0.0,4.3478260869565215,4.3478260869565215,4.3478260869565215,0.0,0.0,0.0,0.0,4.3478260869565215
raw-L04033,4034,2002,CM見たんだけど１１やるとヒッキーになっちゃうの？,2,-3.1247301787106614,1.0301683866093239,3.044522437723423,1.3862943611198906,2.03688192726104,2.1972245773362196,0.0,0.0,0.0,0.0,10.0,1.0,1.0,0.0,0.0,0.0,0.0,0.0,0.0,0.0,0.8,0.2,0.0,0.0,0.0,0.0,0.0,5.0,5.0,0.0,0.0,0.0,0.0,0.0,0.0
raw-L04048,4049,2002,ヒュームで戦士の奴はリア厨確高いよ～,2,-1.453643272810837,0.7797724976482154,3.58351893845611,1.3862943611198906,2.538973871058276,2.8903717578961645,0.0,0.0,0.0,0.0,5.714285714285714,1.0,1.0,0.0,0.0,0.0,0.0,0.0,0.0,0.0,0.6285714285714286,0.14285714285714288,0.17142857142857143,0.0,0.0,0.0,0.0,0.0,2.857142857142857,0.0,0.0,0.0,0.0,0.0,0.0
raw-L04065,4066,2002,キャラネームの由来を教えてつかぁさい,0,-3.3758793810711363,-2.927222072157013,2.833213344056216,1.0986122886681098,2.1972245773362196,2.1972245773362196,0.0,0.0,6.25,0.0,6.25,0.5,1.0,0.0,0.0,0.0,0.0,0.0,0.0,0.0,0.5625,0.25,0.125,0.0,0.0,0.0,0.0,0.0,0.0,0.0,0.0,0.0,0.0,0.0,6.25
raw-L04069,4070,2002,キャラネームの由来を教えてつかぁさい,2,-1.2347745357127848,-0.20514879636455313,3.6375861597263857,1.0986122886681098,2.970414465569701,3.1780538303479458,0.0,0.0,0.0,0.0,2.7027027027027026,1.0,1.0,0.0,0.0,0.0,0.0,0.0,0.0,0.0,0.6756756756756757,0.08108108108108109,0.2162162162162162,0.0,0.0,0.0,0.0,2.7027027027027026,0.0,0.0,0.0,0.0,0.0,0.0,2.7027027027027026
raw-L04073,4074,2002,キャラネームの由来を教えてつかぁさい,0,-3.489033553330086,-1.6097055007189187,2.1972245773362196,0.6931471805599453,2.1972245773362196,2.1972245773362196,0.0,0.0,0.0,0.0,0.0,1.0,1.0,0.0,0.0,0.0,0.0,0.0,0.0,0.0,0.5,0.5,0.0,0.0,0.0,0.0,0.0,0.0,0.0,0.0,0.0,0.0,0.0,0.0,12.5
raw-L04085,4086,2002,白魔道士組合 Part 15,2,-0.5060776895848998,0.7455341548696424,3.6375861597263857,1.0986122886681098,2.970414465569701,3.258096538021482,0.0,0.0,0.0,0.0,2.7027027027027026,1.0,1.0,0.0,0.0,0.0,0.0,0.0,0.0,0.0,0.6486486486486487,0.2702702702702703,0.08108108108108109,0.0,0.0,0.0,0.0,0.0,2.7027027027027026,5.405405405405405,0.0,0.0,0.0,0.0,0.0
raw-L04097,4098,2002,【最弱】白魔導士のソロは終わってますか？【早死】,2,-0.6215748431240382,-1.1367757563310361,3.7612001156935624,1.0986122886681098,3.091042453358316,3.4339872044851463,0.0,0.0,2.380952380952381,0.0,2.380952380952381,0.5,1.0,0.0,0.0,0.0,0.0,0.0,0.0,0.0,0.5238095238095238,0.4523809523809524,0.0,0.0,0.0,0.0,0.0,0.0,0.0,0.0,0.0,0.0,0.0,0.0,2.380952380952381
raw-L04101,4102,2002,【最弱】白魔導士のソロは終わってますか？【早死】,2,-1.9059725909035916,1.2459800911737828,3.5553480614894135,1.6094379124341003,2.2512917986064953,2.772588722239781,0.0,0.0,0.0,0.0,8.823529411764707,1.0,1.0,0.0,0.0,0.0,0.0,0.0,0.0,0.0,0.7941176470588235,0.2058823529411765,0.0,0.0,0.0,0.0,0.0,2.9411764705882355,2.9411764705882355,0.0,0.0,0.0,0.0,0.0,0.0
raw-L04108,4109,2002,【最弱】白魔導士のソロは終わってますか？【早死】,2,-1.432475056066933,-0.13190260580616364,3.871201010907891,1.6094379124341003,2.545531271604435,2.8903717578961645,0.0,0.0,2.127659574468085,0.0,6.382978723404255,0.75,1.0,0.0,0.0,0.0,0.0,0.0,0.0,0.0,0.6808510638297872,0.2978723404255319,0.0,0.0,0.0,0.0,0.0,0.0,2.127659574468085,0.0,0.0,0.0,0.0,0.0,2.127659574468085
raw-L04126,4127,2002,【Ｄ】武器・防具を語るスレッド Ｌｖ２～【防】,1,0.33216147433033383,-0.6808575856339213,4.23410650459726,1.6094379124341003,2.8903717578961645,3.258096538021482,0.0,0.0,1.4705882352941178,1.4705882352941178,4.411764705882353,0.5,1.0,0.0,0.0,0.0,0.0,0.0,0.0,0.0,0.5735294117647058,0.2058823529411765,0.19117647058823528,0.0,0.0,0.0,0.0,0.0,0.0,0.0,0.0,1.4705882352941178,0.0,0.0,1.4705882352941178
raw-L04132,4133,2002,【Ｄ】武器・防具を語るスレッド Ｌｖ２～【防】,2,-1.4662894743688633,0.6838129946362239,3.5263605246161616,1.3862943611198906,2.4849066497880004,2.833213344056216,0.0,0.0,0.0,0.0,6.0606060606060606,1.0,1.0,0.0,0.0,0.0,0.0,0.0,0.0,0.0,0.5757575757575758,0.15151515151515152,0.2727272727272727,0.0,0.0,0.0,0.0,3.0303030303030303,0.0,0.0,0.0,0.0,0.0,0.0,0.0
raw-L04138,4139,2002,【Ｄ】武器・防具を語るスレッド Ｌｖ２～【防】,1,1.0208731542334173,-0.4685185662284336,3.784189633918261,1.0986122886681098,3.1135153092103742,3.4339872044851463,0.0,2.3255813953488373,0.0,0.0,2.3255813953488373,1.0,0.5,0.0,0.0,0.0,0.0,0.0,0.0,0.0,0.5813953488372092,0.3023255813953488,0.09302325581395349,0.0,0.0,0.0,0.0,0.0,0.0,0.0,0.0,2.3255813953488373,0.0,0.0,0.0
raw-L04142,4143,2002,【Ｄ】武器・防具を語るスレッド Ｌｖ２～【防】,1,0.853558063172438,-0.6283389449798179,3.5263605246161616,1.0986122886681098,2.8622008809294686,3.1354942159291497,0.0,3.0303030303030303,0.0,0.0,3.0303030303030303,1.0,0.5,0.0,0.0,0.0,0.0,0.0,0.0,0.0,0.6666666666666667,0.18181818181818182,0.0,0.0,0.06060606060606061,0.0,0.0,0.0,0.0,3.0303030303030303,0.0,0.0,0.0,0.0,0.0
raw-L04147,4148,2002,【Ｄ】武器・防具を語るスレッド Ｌｖ２～【防】,2,-0.9585199021815203,0.5667644724553541,3.8066624897703196,1.3862943611198906,2.751535313041949,3.091042453358316,0.0,0.0,0.0,0.0,4.545454545454546,1.0,1.0,0.0,0.0,0.0,0.0,0.0,0.0,0.0,0.5909090909090909,0.34090909090909094,0.06818181818181818,0.0,0.0,0.0,0.0,0.0,2.272727272727273,2.272727272727273,0.0,0.0,0.0,0.0,2.272727272727273
raw-L04165,4166,2002,Fenrir(06)フェンリル鯖総合スレ2,1,1.5151911909739177,0.1322175331994354,4.762173934797756,1.6094379124341003,3.4011973816621555,3.713572066704308,0.0,1.7241379310344827,0.0,0.0,2.586206896551724,1.0,0.75,0.0,0.0,0.0,0.0,0.0,0.0,0.0,0.5258620689655172,0.22413793103448276,0.22413793103448276,0.0,0.0,0.0,0.0,0.8620689655172413,0.0,0.0,0.0,0.0,0.0,0.0,0.0
raw-L04172,4173,2002,Fenrir(06)フェンリル鯖総合スレ2,2,-0.4418022337808493,0.5753616792931273,3.912023005428146,1.0986122886681098,3.2386784521643803,3.4657359027997265,0.0,0.0,0.0,0.0,2.0408163265306123,1.0,1.0,0.0,0.0,0.0,0.0,0.0,0.0,0.0,0.7551020408163265,0.1836734693877551,0.04081632653061225,0.0,0.0,0.0,0.0,0.0,2.0408163265306123,0.0,0.0,0.0,0.0,0.0,0.0
raw-L04176,4177,2002,Fenrir(06)フェンリル鯖総合スレ2,1,1.3550985916171447,0.7716169565082582,4.912654885736052,1.791759469228055,3.332204510175204,3.871201010907891,0.0,0.7407407407407407,0.0,0.0,2.962962962962963,1.0,0.8,0.0,0.0,0.0,0.0,0.0,0.0,0.0,0.6962962962962963,0.22962962962962963,0.044444444444444446,0.0,0.014814814814814814,0.007407407407407407,0.0,0.0,0.7407407407407407,0.0,0.0,0.0,0.0,0.0,0.0
raw-L04184,4185,2002,Fenrir(06)フェンリル鯖総合スレ2,2,-1.3993738664995308,0.8145354413040847,3.6635616461296463,1.3862943611198906,2.614959778036198,3.091042453358316,0.0,0.0,0.0,0.0,5.2631578947368425,1.0,1.0,0.0,0.0,0.0,0.0,0.0,0.0,0.0,0.8157894736842105,0.13157894736842105,0.052631578947368425,0.0,0.0,0.0,0.0,2.6315789473684212,2.6315789473684212,0.0,0.0,0.0,0.0,0.0,0.0
raw-L04190,4191,2002,Fenrir(06)フェンリル鯖総合スレ2,2,-1.393630894708899,1.1545214422683097,3.5263605246161616,1.3862943611198906,2.4849066497880004,2.8903717578961645,0.0,0.0,0.0,0.0,6.0606060606060606,1.0,1.0,0.0,0.0,0.0,0.0,0.0,0.0,0.0,0.7878787878787878,0.15151515151515152,0.06060606060606061,0.0,0.0,0.0,0.0,0.0,3.0303030303030303,0.0,0.0,0.0,0.0,3.0303030303030303,0.0
raw-L04196,4197,2002,Fenrir(06)フェンリル鯖総合スレ2,2,-0.9575494437901956,0.8110869664229512,3.9318256327243257,1.3862943611198906,2.8716796248840124,3.258096538021482,0.0,0.0,0.0,0.0,4.0,1.0,1.0,0.0,0.0,0.0,0.0,0.0,0.0,0.0,0.86,0.1,0.04,0.0,0.0,0.0,0.0,0.0,4.0,0.0,0.0,0.0,0.0,0.0,0.0
raw-L04214,4215,2002,【そろそろ】競売所/ｵｰｸｼｮﾝｽﾚ【慣れた？】,1,0.30568203656476806,0.46939353103817677,4.1588830833596715,1.0986122886681098,3.481240089335692,3.828641396489095,0.0,0.0,0.0,0.0,1.5873015873015872,1.0,1.0,0.0,0.0,0.0,0.0,0.0,0.0,0.0,0.5079365079365079,0.25396825396825395,0.2222222222222222,0.0,0.0,0.0,0.0,1.5873015873015872,0.0,0.0,0.0,0.0,0.0,0.0,0.0
raw-L04218,4219,2002,【そろそろ】競売所/ｵｰｸｼｮﾝｽﾚ【慣れた？】,2,-1.1770220739319857,0.49753385459814653,3.4657359027997265,1.0986122886681098,2.803360380906535,3.044522437723423,0.0,0.0,0.0,0.0,3.225806451612903,1.0,1.0,0.0,0.0,0.0,0.0,0.0,0.0,0.0,0.6129032258064516,0.25806451612903225,0.0967741935483871,0.0,0.0,0.0,0.0,3.225806451612903,0.0,0.0,0.0,0.0,0.0,0.0,0.0
raw-L04223,4224,2002,【そろそろ】競売所/ｵｰｸｼｮﾝｽﾚ【慣れた？】,2,-0.7259104901924832,0.030171690761739686,4.219507705176107,1.6094379124341003,2.8763855159214247,3.295836866004329,0.0,0.0,1.492537313432836,0.0,4.477611940298507,0.75,1.0,0.0,0.0,0.0,0.0,0.0,0.0,0.0,0.7313432835820897,0.22388059701492538,0.02985074626865672,0.0,0.0,0.0,0.0,0.0,4.477611940298507,1.492537313432836,0.0,0.0,0.0,0.0,1.492537313432836
raw-L04230,4231,2002,【そろそろ】競売所/ｵｰｸｼｮﾝｽﾚ【慣れた？】,2,-0.4347328842920725,0.7346372651574428,3.6109179126442243,1.0986122886681098,2.9444389791664403,2.995732273553991,0.0,0.0,0.0,0.0,2.7777777777777777,1.0,1.0,0.0,0.0,0.0,0.0,0.0,0.0,0.0,0.5,0.2222222222222222,0.2777777777777778,0.0,0.0,0.0,0.0,0.0,0.0,2.7777777777777777,0.0,0.0,0.0,2.7777777777777777,0.0
raw-L04234,4235,2002,【そろそろ】競売所/ｵｰｸｼｮﾝｽﾚ【慣れた？】,2,-0.9212942644816927,0.9059841151031567,3.7376696182833684,1.3862943611198906,2.6855773452501515,3.091042453358316,0.0,0.0,0.0,0.0,4.878048780487805,1.0,1.0,0.0,0.0,0.0,0.0,0.0,0.0,0.0,0.7560975609756098,0.17073170731707318,0.04878048780487805,0.0,0.0,0.0,0.0,0.0,0.0,0.0,0.0,0.0,0.0,0.0,0.0
raw-L04241,4242,2002,【そろそろ】競売所/ｵｰｸｼｮﾝｽﾚ【慣れた？】,2,-2.1750123313191008,0.3006707184147924,3.4965075614664802,1.3862943611198906,2.456735772821304,2.5649493574615367,0.0,0.0,0.0,0.0,6.25,1.0,1.0,0.0,0.0,0.0,0.0,0.0,0.0,0.0,0.75,0.1875,0.0625,0.0,0.0,0.0,0.0,0.0,3.125,0.0,0.0,0.0,0.0,0.0,3.125
raw-L04260,4261,2002,† 暗 黒 騎 士 Part_3 †,2,-0.7848009262873361,1.021637309891306,3.7612001156935624,1.3862943611198906,2.70805020110221,2.9444389791664403,0.0,0.0,0.0,0.0,4.761904761904762,1.0,1.0,0.0,0.0,0.0,0.0,0.0,0.0,0.0,0.5714285714285715,0.28571428571428575,0.14285714285714288,0.0,0.0,0.0,0.0,0.0,0.0,0.0,0.0,2.380952380952381,0.0,0.0,0.0
raw-L04265,4266,2002,† 暗 黒 騎 士 Part_3 †,2,-0.9845520031368954,-0.5974362569725019,3.970291913552122,1.3862943611198906,2.908720896564361,3.091042453358316,0.0,0.0,1.9230769230769231,0.0,3.8461538461538463,0.6666666666666666,1.0,0.0,0.0,0.0,0.0,0.0,0.0,0.0,0.6153846153846154,0.25,0.11538461538461538,0.0,0.0,0.0,0.0,0.0,1.9230769230769231,0.0,0.0,0.0,0.0,0.0,1.9230769230769231
raw-L04270,4271,2002,† 暗 黒 騎 士 Part_3 †,1,1.0382592608807926,0.8963560773385515,4.330733340286331,1.9459101490553132,2.6026896854443837,2.8903717578961645,0.0,1.3333333333333333,0.0,0.0,6.666666666666667,1.0,0.8333333333333334,0.0,0.0,0.0,5.333333333333333,0.0,0.0,0.0,0.32,0.28,0.06666666666666667,0.0,0.04,0.0,0.0,0.0,1.3333333333333333,0.0,0.0,0.0,0.0,0.0,0.0
raw-L04278,4279,2002,† 暗 黒 騎 士 Part_3 †,1,0.9682650819763639,1.219878917548351,4.204692619390966,1.3862943611198906,3.1354942159291497,3.332204510175204,0.0,0.0,0.0,0.0,3.0303030303030303,1.0,1.0,0.0,1.5151515151515151,0.0,0.0,0.0,0.0,0.0,0.4242424242424242,0.3484848484848485,0.19696969696969696,0.0,0.0,0.0,0.0,0.0,0.0,0.0,0.0,0.0,0.0,0.0,0.0
raw-L04284,4285,2002,† 暗 黒 騎 士 Part_3 †,1,0.16582723896594004,0.8888749706698151,4.30406509320417,1.3862943611198906,3.2321210516182215,3.4011973816621555,0.0,0.0,0.0,0.0,2.73972602739726,1.0,1.0,0.0,0.0,0.0,0.0,0.0,0.0,0.0,0.6575342465753425,0.2465753424657534,0.08219178082191782,0.0,0.0,0.0,0.0,0.0,0.0,1.36986301369863,0.0,0.0,0.0,0.0,0.0
raw-L04289,4290,2002,† 暗 黒 騎 士 Part_3 †,2,-0.12834670881545973,1.0019326342637325,4.110873864173311,1.3862943611198906,3.044522437723423,3.1354942159291497,0.0,0.0,0.0,0.0,3.3333333333333335,1.0,1.0,0.0,0.0,0.0,0.0,0.0,0.0,0.0,0.55,0.4,0.05,0.0,0.0,0.0,0.0,0.0,0.0,1.6666666666666667,0.0,0.0,0.0,0.0,0.0
raw-L04295,4296,2002,† 暗 黒 騎 士 Part_3 †,1,0.1522620718323324,0.9690937377082277,4.574710978503383,1.791759469228055,3.005682604407159,3.091042453358316,0.0,0.0,0.0,0.0,5.208333333333333,1.0,1.0,0.0,0.0,0.0,0.0,0.0,0.0,0.0,0.19791666666666669,0.3125,0.1875,0.0,0.04166666666666667,0.0,0.0,0.0,0.0,0.0,0.0,0.0,0.0,0.0,1.0416666666666667
raw-L04303,4304,2002,† 暗 黒 騎 士 Part_3 †,2,-0.36260398160029306,0.9738544030668542,3.871201010907891,1.3862943611198906,2.8134107167600364,2.995732273553991,0.0,0.0,0.0,0.0,4.25531914893617,1.0,1.0,0.0,0.0,0.0,0.0,0.0,0.0,0.0,0.36170212765957444,0.3404255319148936,0.2978723404255319,0.0,0.0,0.0,0.0,2.127659574468085,0.0,2.127659574468085,0.0,0.0,0.0,2.127659574468085,0.0
raw-L04309,4310,2002,† 暗 黒 騎 士 Part_3 †,2,-0.823718408126879,0.7659747176098883,3.295836866004329,1.0986122886681098,2.6390573296152584,3.091042453358316,0.0,0.0,0.0,0.0,3.8461538461538463,1.0,1.0,0.0,0.0,0.0,0.0,0.0,0.0,0.0,0.7307692307692308,0.15384615384615385,0.11538461538461538,0.0,0.0,0.0,3.8461538461538463,0.0,0.0,3.8461538461538463,0.0,0.0,0.0,0.0,0.0
raw-L04314,4315,2002,† 暗 黒 騎 士 Part_3 †,2,-1.7679456139818237,-0.4335498894695252,3.784189633918261,1.6094379124341003,2.463853240590168,2.772588722239781,0.0,0.0,2.3255813953488373,0.0,6.976744186046512,0.75,1.0,0.0,0.0,0.0,0.0,0.0,0.0,0.0,0.6976744186046511,0.09302325581395349,0.16279069767441862,0.0,0.0,0.0,0.0,0.0,2.3255813953488373,0.0,0.0,0.0,0.0,0.0,2.3255813953488373
raw-L04321,4322,2002,† 暗 黒 騎 士 Part_3 †,1,0.028808706865037118,0.4808964869893099,3.9889840465642745,1.0986122886681098,3.3141860046725258,3.332204510175204,0.0,0.0,0.0,0.0,1.8867924528301887,1.0,1.0,0.0,0.0,0.0,0.0,0.0,0.0,0.0,0.41509433962264153,0.2830188679245283,0.3018867924528302,0.0,0.0,0.0,0.0,0.0,0.0,1.8867924528301887,0.0,0.0,0.0,0.0,0.0
raw-L04325,4326,2002,† 暗 黒 騎 士 Part_3 †,2,-2.2915533863945052,0.9003533982826041,2.772588722239781,1.0986122886681098,2.1400661634962708,2.1972245773362196,0.0,0.0,0.0,0.0,6.666666666666667,1.0,1.0,0.0,0.0,0.0,0.0,0.0,0.0,0.0,0.4,0.5333333333333333,0.0,0.0,0.0,0.0,0.0,0.0,0.0,0.0,0.0,0.0,0.0,0.0,0.0
raw-L04331,4332,2002,† 暗 黒 騎 士 Part_3 †,1,1.5861322392601152,1.0017018314866784,4.736198448394496,1.791759469228055,3.1612467120315646,3.6888794541139363,0.0,0.8849557522123894,0.0,0.0,3.5398230088495577,1.0,0.8,0.0,0.0,0.0,0.0,0.0,0.0,0.0,0.46017699115044247,0.168141592920354,0.0,0.0,0.30088495575221236,0.0,0.0,1.7699115044247788,0.8849557522123894,1.7699115044247788,0.0,0.0,0.0,0.0,0.0
raw-L04340,4341,2002,† 暗 黒 騎 士 Part_3 †,2,-0.7231017867562558,0.8733538076180829,3.912023005428146,1.3862943611198906,2.8526314299133175,3.258096538021482,0.0,0.0,0.0,0.0,4.081632653061225,1.0,1.0,0.0,0.0,0.0,0.0,0.0,0.0,0.0,0.7142857142857143,0.28571428571428575,0.0,0.0,0.0,0.0,0.0,4.081632653061225,0.0,0.0,0.0,0.0,0.0,0.0,0.0
raw-L04345,4346,2002,† 暗 黒 騎 士 Part_3 †,1,0.04027016640464573,1.036396830768598,4.23410650459726,1.3862943611198906,3.164067588373206,3.295836866004329,0.0,0.0,0.0,0.0,2.9411764705882355,1.0,1.0,0.0,0.0,0.0,0.0,0.0,0.0,0.0,0.6176470588235294,0.25,0.07352941176470588,0.0,0.04411764705882353,0.0,0.0,1.4705882352941178,1.4705882352941178,1.4705882352941178,0.0,0.0,0.0,1.4705882352941178,0.0
raw-L04350,4351,2002,† 暗 黒 騎 士 Part_3 †,1,-0.15400610286076236,-0.3487759734404832,4.30406509320417,1.3862943611198906,3.2321210516182215,3.4657359027997265,0.0,0.0,1.36986301369863,0.0,2.73972602739726,0.6666666666666666,1.0,0.0,0.0,0.0,0.0,0.0,0.0,0.0,0.6301369863013698,0.1506849315068493,0.1506849315068493,0.0,0.0273972602739726,0.0,0.0,4.109589041095891,1.36986301369863,1.36986301369863,0.0,0.0,0.0,1.36986301369863,1.36986301369863
raw-L04356,4357,2002,† 暗 黒 騎 士 Part_3 †,2,-1.6336785958200484,-1.1692039634890423,3.4339872044851463,1.0986122886681098,2.772588722239781,2.995732273553991,0.0,0.0,3.3333333333333335,0.0,3.3333333333333335,0.5,1.0,0.0,0.0,0.0,0.0,0.0,0.0,0.0,0.5666666666666667,0.3,0.06666666666666667,0.0,0.0,0.0,0.0,3.3333333333333335,3.3333333333333335,0.0,0.0,0.0,0.0,0.0,0.0
raw-L04361,4362,2002,† 暗 黒 騎 士 Part_3 †,1,-0.34474371588451735,-0.12219012657475747,4.143134726391533,1.3862943611198906,3.0757749812275277,3.2188758248682006,0.0,0.0,1.6129032258064515,0.0,3.225806451612903,0.6666666666666666,1.0,0.0,0.0,0.0,0.0,0.0,0.0,0.0,0.6774193548387096,0.3064516129032258,0.0,0.0,0.0,0.0,0.0,3.225806451612903,1.6129032258064515,0.0,1.6129032258064515,0.0,0.0,0.0,1.6129032258064515
raw-L04366,4367,2002,† 暗 黒 騎 士 Part_3 †,2,-2.1793242670655832,1.0125682350792695,2.833213344056216,1.0986122886681098,2.1972245773362196,2.4849066497880004,0.0,0.0,0.0,0.0,6.25,1.0,1.0,0.0,0.0,0.0,0.0,0.0,0.0,0.0,0.875,0.125,0.0,0.0,0.0,0.0,0.0,0.0,0.0,0.0,0.0,6.25,0.0,0.0,0.0
raw-L04377,4378,2002,【最強房】暗黒騎士 Pat_4【全員集合】,2,-0.6104003238930428,-0.8444465495459351,4.189654742026425,1.6094379124341003,2.847812143477369,3.1780538303479458,0.0,0.0,3.076923076923077,0.0,4.615384615384615,0.5,1.0,0.0,0.0,0.0,0.0,0.0,0.0,0.0,0.5846153846153846,0.24615384615384617,0.13846153846153847,0.0,0.0,0.0,0.0,0.0,1.5384615384615385,1.5384615384615385,0.0,0.0,0.0,0.0,1.5384615384615385
raw-L04383,4384,2002,【最強房】暗黒騎士 Pat_4【全員集合】,1,0.45598436149714006,1.8134896376394098,3.912023005428146,1.791759469228055,2.379546134130174,2.8903717578961645,0.0,0.0,0.0,0.0,8.16326530612245,1.0,1.0,0.0,0.0,2.0408163265306123,10.204081632653061,0.0,0.0,0.0,0.04081632653061225,0.3877551020408163,0.163265306122449,0.0,0.0,0.0,0.0,0.0,0.0,0.0,0.0,0.0,0.0,0.0,0.0
raw-L04390,4391,2002,【最強房】暗黒騎士 Pat_4【全員集合】,1,0.5272839832522218,1.3400762164656552,4.143134726391533,1.0986122886681098,3.4657359027997265,3.4965075614664802,0.0,0.0,0.0,0.0,1.6129032258064515,1.0,1.0,0.0,0.0,3.225806451612903,0.0,0.0,0.0,0.0,0.5645161290322581,0.29032258064516125,0.04838709677419355,0.0,0.03225806451612903,0.0,0.0,1.6129032258064515,0.0,0.0,0.0,0.0,0.0,0.0,0.0
raw-L04394,4395,2002,【最強房】暗黒騎士 Pat_4【全員集合】,2,-1.3967315417859667,0.4546494385123224,3.4339872044851463,1.0986122886681098,2.772588722239781,2.9444389791664403,0.0,0.0,0.0,0.0,3.3333333333333335,1.0,1.0,0.0,0.0,0.0,0.0,0.0,0.0,0.0,0.7666666666666667,0.13333333333333333,0.06666666666666667,0.0,0.0,0.0,0.0,3.3333333333333335,0.0,0.0,0.0,0.0,0.0,0.0,0.0
raw-L04399,4400,2002,【最強房】暗黒騎士 Pat_4【全員集合】,2,-0.5771585149353675,0.8074261568873309,3.970291913552122,1.3862943611198906,2.908720896564361,3.4011973816621555,0.0,0.0,0.0,0.0,3.8461538461538463,1.0,1.0,0.0,0.0,0.0,0.0,0.0,0.0,0.0,0.6153846153846154,0.2692307692307692,0.11538461538461538,0.0,0.0,0.0,0.0,1.9230769230769231,1.9230769230769231,0.0,0.0,0.0,0.0,0.0,0.0
raw-L04405,4406,2002,【最強房】暗黒騎士 Pat_4【全員集合】,2,-0.02871247813625744,0.9546153535462276,3.828641396489095,1.0986122886681098,3.1570004211501135,3.1780538303479458,0.0,0.0,0.0,0.0,2.2222222222222223,1.0,1.0,0.0,0.0,0.0,0.0,0.0,0.0,0.0,0.5111111111111112,0.4,0.06666666666666667,0.0,0.0,0.0,0.0,0.0,0.0,2.2222222222222223,0.0,0.0,0.0,2.2222222222222223,0.0
raw-L04410,4411,2002,【最強房】暗黒騎士 Pat_4【全員集合】,4,0.06157046353218698,2.2670175189298623,4.394449154672439,1.9459101490553132,2.662587827025453,3.044522437723423,0.0,0.0,0.0,0.0,8.75,1.0,1.0,0.0,0.0,2.5,0.0,0.0,0.0,7.5,0.1625,0.3375,0.1125,0.0,0.075,0.2125,0.0,1.25,0.0,0.0,0.0,0.0,0.0,0.0,1.25
raw-L04422,4423,2002,【最強房】暗黒騎士 Pat_4【全員集合】,4,-1.9311898442441937,1.3211192423594487,3.5553480614894135,1.791759469228055,2.0541237336955462,2.3978952727983707,0.0,0.0,0.0,0.0,14.705882352941176,1.0,1.0,0.0,0.0,0.0,0.0,0.0,0.0,5.882352941176471,0.14705882352941177,0.4705882352941177,0.08823529411764706,0.0,0.0,0.23529411764705885,0.0,0.0,0.0,0.0,0.0,0.0,0.0,0.0,2.9411764705882355
raw-L04431,4432,2002,【最強房】暗黒騎士 Pat_4【全員集合】,2,-1.6373543772384453,0.4305973171153232,3.4657359027997265,1.3862943611198906,2.4277482359480516,2.772588722239781,0.0,0.0,0.0,0.0,6.451612903225806,1.0,1.0,0.0,0.0,0.0,0.0,0.0,0.0,0.0,0.4838709677419355,0.41935483870967744,0.0967741935483871,0.0,0.0,0.0,0.0,0.0,0.0,0.0,0.0,0.0,0.0,0.0,3.225806451612903
raw-L04437,4438,2002,【最強房】暗黒騎士 Pat_4【全員集合】,2,-0.8736238986454689,1.402597464107558,3.871201010907891,1.6094379124341003,2.545531271604435,2.8903717578961645,0.0,0.0,0.0,0.0,6.382978723404255,1.0,1.0,0.0,0.0,0.0,0.0,0.0,0.0,0.0,0.6595744680851063,0.23404255319148937,0.06382978723404255,0.0,0.0425531914893617,0.0,0.0,0.0,2.127659574468085,0.0,0.0,0.0,0.0,2.127659574468085,0.0
raw-L04444,4445,2002,【最強房】暗黒騎士 Pat_4【全員集合】,2,-0.238661294136802,1.0893442304757788,4.04305126783455,1.3862943611198906,2.9789251552376097,3.332204510175204,0.0,0.0,0.0,0.0,3.5714285714285716,1.0,1.0,0.0,0.0,0.0,0.0,0.0,0.0,0.0,0.6428571428571429,0.25,0.03571428571428572,0.0,0.05357142857142857,0.0,0.0,3.5714285714285716,1.7857142857142858,1.7857142857142858,0.0,0.0,0.0,1.7857142857142858,0.0
raw-L04449,4450,2002,【最強房】暗黒騎士 Pat_4【全員集合】,2,-1.1494294700138397,-0.6357269804943775,3.8918202981106265,1.3862943611198906,2.833213344056216,3.091042453358316,0.0,0.0,2.0833333333333335,0.0,4.166666666666667,0.6666666666666666,1.0,0.0,0.0,0.0,0.0,0.0,0.0,0.0,0.6666666666666667,0.22916666666666669,0.08333333333333334,0.0,0.0,0.0,0.0,0.0,2.0833333333333335,0.0,0.0,0.0,0.0,0.0,2.0833333333333335
raw-L04454,4455,2002,【最強房】暗黒騎士 Pat_4【全員集合】,2,-1.7041780867559797,0.32593812018544466,3.332204510175204,1.0986122886681098,2.6741486494265287,2.8903717578961645,0.0,0.0,0.0,0.0,3.7037037037037037,1.0,1.0,0.0,0.0,0.0,0.0,0.0,0.0,0.0,0.6666666666666667,0.1851851851851852,0.14814814814814814,0.0,0.0,0.0,0.0,7.407407407407407,0.0,0.0,0.0,0.0,0.0,0.0,0.0
raw-L04458,4459,2002,【最強房】暗黒騎士 Pat_4【全員集合】,2,-0.5612847698377543,-0.3493261999132739,3.5263605246161616,0.6931471805599453,3.5263605246161616,3.5263605246161616,0.0,0.0,0.0,0.0,0.0,1.0,1.0,0.0,0.0,0.0,0.0,0.0,0.0,0.0,0.6666666666666667,0.2121212121212121,0.06060606060606061,0.0,0.06060606060606061,0.0,0.0,0.0,0.0,0.0,0.0,0.0,0.0,0.0,3.0303030303030303
raw-L04461,4462,2002,【最強房】暗黒騎士 Pat_4【全員集合】,2,-0.5779287334181905,-0.05858406576602496,3.5263605246161616,0.6931471805599453,3.5263605246161616,3.5263605246161616,0.0,0.0,0.0,0.0,0.0,1.0,1.0,0.0,0.0,0.0,0.0,0.0,0.0,0.0,0.5757575757575758,0.15151515151515152,0.2727272727272727,0.0,0.0,0.0,0.0,0.0,3.0303030303030303,0.0,0.0,0.0,0.0,0.0,0.0
raw-L04464,4465,2002,【最強房】暗黒騎士 Pat_4【全員集合】,2,-0.4275067229197718,0.4256536815820316,4.127134385045092,1.3862943611198906,3.060270794691562,3.091042453358316,0.0,0.0,0.0,0.0,3.278688524590164,1.0,1.0,0.0,0.0,0.0,0.0,0.0,0.0,0.0,0.42622950819672134,0.32786885245901637,0.2459016393442623,0.0,0.0,0.0,0.0,0.0,0.0,0.0,0.0,0.0,0.0,0.0,1.639344262295082
raw-L04469,4470,2002,【最強房】暗黒騎士 Pat_4【全員集合】,1,0.28806799530481925,0.38727257319431135,4.356708826689592,1.3862943611198906,3.283414346005772,3.6375861597263857,0.0,0.0,0.0,0.0,2.5974025974025974,1.0,1.0,0.0,0.0,0.0,0.0,0.0,0.0,0.0,0.45454545454545453,0.16883116883116883,0.35064935064935066,0.0,0.0,0.0,0.0,0.0,0.0,1.2987012987012987,0.0,0.0,0.0,0.0,1.2987012987012987
raw-L04474,4475,2002,【最強房】暗黒騎士 Pat_4【全員集合】,0,-1.7568377959865271,-1.7878396975217767,3.4965075614664802,1.0986122886681098,2.833213344056216,3.044522437723423,0.0,0.0,3.125,0.0,3.125,0.5,1.0,0.0,0.0,0.0,0.0,0.0,0.0,0.0,0.5625,0.1875,0.15625,0.0,0.0,0.0625,0.0,0.0,3.125,0.0,0.0,0.0,0.0,0.0,3.125
raw-L04479,4480,2002,【最強房】暗黒騎士 Pat_4【全員集合】,1,-0.24951275138557236,1.2783300759635186,3.970291913552122,1.3862943611198906,2.908720896564361,3.1354942159291497,0.0,0.0,0.0,0.0,3.8461538461538463,1.0,1.0,0.0,0.0,3.8461538461538463,0.0,0.0,0.0,0.0,0.4615384615384615,0.11538461538461538,0.3269230769230769,0.0,0.0,0.0,0.0,0.0,1.9230769230769231,0.0,0.0,0.0,0.0,0.0,0.0
raw-L04485,4486,2002,【最強房】暗黒騎士 Pat_4【全員集合】,2,-1.7032036617318556,0.42818403238203784,3.332204510175204,1.0986122886681098,2.6741486494265287,2.833213344056216,0.0,0.0,0.0,0.0,3.7037037037037037,1.0,1.0,0.0,0.0,0.0,0.0,0.0,0.0,0.0,0.6666666666666667,0.14814814814814814,0.1851851851851852,0.0,0.0,0.0,0.0,0.0,3.7037037037037037,0.0,0.0,0.0,0.0,0.0,0.0
raw-L04489,4490,2002,【最強房】暗黒騎士 Pat_4【全員集合】,2,-0.8623677310775664,0.5134236022650119,3.7612001156935624,1.0986122886681098,3.091042453358316,3.091042453358316,0.0,0.0,0.0,0.0,2.380952380952381,1.0,1.0,0.0,0.0,0.0,0.0,0.0,0.0,0.0,0.6666666666666667,0.21428571428571427,0.09523809523809523,0.0,0.0,0.0,0.0,0.0,2.380952380952381,0.0,0.0,0.0,0.0,0.0,0.0
raw-L04493,4494,2002,【最強房】暗黒騎士 Pat_4【全員集合】,1,-0.368664371053199,-0.5043016882765996,3.9512437185814275,1.3862943611198906,2.8903717578961645,3.5553480614894135,0.0,0.0,1.9607843137254901,0.0,3.9215686274509802,0.6666666666666666,1.0,0.0,0.0,0.0,0.0,0.0,0.0,0.0,0.5686274509803921,0.2549019607843137,0.1372549019607843,0.0,0.0,0.0,0.0,0.0,0.0,1.9607843137254901,0.0,0.0,0.0,0.0,1.9607843137254901
raw-L04499,4500,2002,【最強房】暗黒騎士 Pat_4【全員集合】,2,-0.7353416732742889,0.4665075063544731,3.970291913552122,1.3862943611198906,2.908720896564361,3.258096538021482,0.0,0.0,0.0,0.0,3.8461538461538463,1.0,1.0,0.0,0.0,0.0,0.0,0.0,0.0,0.0,0.7115384615384616,0.1346153846153846,0.15384615384615385,0.0,0.0,0.0,0.0,1.9230769230769231,0.0,0.0,0.0,1.9230769230769231,0.0,0.0,1.9230769230769231
raw-L04505,4506,2002,【最強房】暗黒騎士 Pat_4【全員集合】,2,-0.73192011880809,0.49312351850359865,3.970291913552122,1.3862943611198906,2.908720896564361,3.258096538021482,0.0,0.0,0.0,0.0,3.8461538461538463,1.0,1.0,0.0,0.0,0.0,0.0,0.0,0.0,0.0,0.5384615384615384,0.3269230769230769,0.11538461538461538,0.0,0.0,0.0,0.0,0.0,1.9230769230769231,0.0,0.0,0.0,0.0,0.0,1.9230769230769231
raw-L04511,4512,2002,【最強房】暗黒騎士 Pat_4【全員集合】,2,-2.419729902440469,1.1266302900367438,3.1354942159291497,1.3862943611198906,2.120263536200091,2.3978952727983707,0.0,0.0,0.0,0.0,9.090909090909092,1.0,1.0,0.0,0.0,0.0,0.0,0.0,0.0,0.0,0.5454545454545454,0.36363636363636365,0.09090909090909091,0.0,0.0,0.0,0.0,0.0,4.545454545454546,0.0,0.0,0.0,0.0,0.0,0.0
raw-L04517,4518,2002,【最強房】暗黒騎士 Pat_4【全員集合】,2,-2.133349366998819,1.5092411909981756,3.044522437723423,1.3862943611198906,2.03688192726104,2.4849066497880004,0.0,0.0,0.0,0.0,10.0,1.0,1.0,0.0,0.0,0.0,0.0,0.0,0.0,0.0,0.85,0.15,0.0,0.0,0.0,0.0,0.0,0.0,0.0,0.0,0.0,5.0,0.0,0.0,0.0
raw-L04522,4523,2002,【最強房】暗黒騎士 Pat_4【全員集合】,0,0.09772344504987343,-2.7997078127247543,3.367295829986474,1.0986122886681098,2.70805020110221,2.772588722239781,0.0,3.5714285714285716,3.5714285714285716,0.0,3.5714285714285716,0.5,0.5,0.0,0.0,0.0,0.0,0.0,0.0,0.0,0.4642857142857143,0.21428571428571427,0.17857142857142858,0.0,0.0,0.07142857142857144,0.0,0.0,0.0,0.0,0.0,0.0,0.0,0.0,0.0
raw-L04527,4528,2002,【最強房】暗黒騎士 Pat_4【全員集合】,2,-0.7741999632661963,0.6410931113514069,3.4657359027997265,1.0986122886681098,2.803360380906535,3.332204510175204,0.0,0.0,0.0,0.0,3.225806451612903,1.0,1.0,0.0,0.0,0.0,0.0,0.0,0.0,0.0,0.5483870967741935,0.3225806451612903,0.0967741935483871,0.0,0.0,0.0,0.0,0.0,0.0,0.0,0.0,0.0,0.0,0.0,0.0
raw-L04532,4533,2002,【最強房】暗黒騎士 Pat_4【全員集合】,2,-1.860200458786172,0.2958128996524524,3.367295829986474,1.0986122886681098,2.70805020110221,3.044522437723423,0.0,0.0,0.0,0.0,3.5714285714285716,1.0,1.0,0.0,0.0,0.0,0.0,0.0,0.0,0.0,0.7142857142857143,0.03571428571428572,0.25,0.0,0.0,0.0,0.0,0.0,7.142857142857143,0.0,0.0,0.0,0.0,0.0,0.0
raw-L04537,4538,2002,【最強房】暗黒騎士 Pat_4【全員集合】,2,-0.634563776775259,0.5491844111088039,3.7376696182833684,1.0986122886681098,3.068052935133617,3.2188758248682006,0.0,0.0,0.0,0.0,2.4390243902439024,1.0,1.0,0.0,0.0,0.0,0.0,0.0,0.0,0.0,0.7073170731707318,0.1951219512195122,0.0975609756097561,0.0,0.0,0.0,0.0,0.0,0.0,0.0,0.0,0.0,0.0,0.0,0.0
raw-L04542,4543,2002,【最強房】暗黒騎士 Pat_4【全員集合】,2,-2.642164575417898,0.7731673697231901,2.70805020110221,1.0986122886681098,2.0794415416798357,2.302585092994046,0.0,0.0,0.0,0.0,7.142857142857143,1.0,1.0,0.0,0.0,0.0,0.0,0.0,0.0,0.0,0.8571428571428571,0.14285714285714288,0.0,0.0,0.0,0.0,0.0,0.0,0.0,0.0,0.0,0.0,0.0,0.0,0.0
raw-L04546,4547,2002,【最強房】暗黒騎士 Pat_4【全員集合】,2,-0.5292056752733681,0.06654916600137516,3.8501476017100584,1.0986122886681098,3.1780538303479458,3.295836866004329,0.0,0.0,0.0,0.0,2.1739130434782608,1.0,1.0,0.0,0.0,0.0,0.0,0.0,0.0,0.0,0.43478260869565216,0.30434782608695654,0.21739130434782608,0.0,0.0,0.0,0.0,0.0,0.0,0.0,0.0,0.0,0.0,0.0,2.1739130434782608
raw-L04550,4551,2002,【最強房】暗黒騎士 Pat_4【全員集合】,2,-1.3945873045732486,-0.9178793471289923,3.1354942159291497,0.6931471805599453,3.1354942159291497,3.1354942159291497,0.0,0.0,0.0,0.0,0.0,1.0,1.0,0.0,0.0,0.0,0.0,0.0,0.0,0.0,0.40909090909090906,0.3181818181818182,0.2727272727272727,0.0,0.0,0.0,0.0,0.0,0.0,0.0,0.0,0.0,0.0,0.0,4.545454545454546
raw-L04554,4555,2002,【最強房】暗黒騎士 Pat_4【全員集合】,2,-1.230480700064829,-0.27368847110413136,3.7376696182833684,1.3862943611198906,2.6855773452501515,2.995732273553991,0.0,0.0,2.4390243902439024,0.0,4.878048780487805,0.6666666666666666,1.0,0.0,0.0,0.0,0.0,0.0,0.0,0.0,0.6585365853658537,0.24390243902439024,0.07317073170731708,0.0,0.0,0.0,0.0,0.0,2.4390243902439024,0.0,0.0,0.0,0.0,0.0,0.0
raw-L04571,4572,2002,【センチ】ナイト総合スレッド３【ネンタル】,2,-0.5213423226635459,0.5567041718997694,4.0943445622221,1.3862943611198906,3.028522096376982,3.044522437723423,0.0,0.0,0.0,0.0,3.389830508474576,1.0,1.0,0.0,0.0,0.0,0.0,0.0,0.0,0.0,0.5254237288135593,0.3728813559322034,0.10169491525423728,0.0,0.0,0.0,0.0,0.0,0.0,0.0,0.0,0.0,0.0,0.0,1.694915254237288
raw-L04576,4577,2002,【センチ】ナイト総合スレッド３【ネンタル】,1,0.3423680819871907,0.24599225766716837,3.713572066704308,0.6931471805599453,3.713572066704308,3.713572066704308,0.0,0.0,0.0,0.0,0.0,1.0,1.0,0.0,0.0,0.0,0.0,0.0,0.0,0.0,0.425,0.35,0.2,0.0,0.0,0.0,0.0,0.0,0.0,2.5,0.0,0.0,0.0,0.0,0.0
raw-L04580,4581,2002,【センチ】ナイト総合スレッド３【ネンタル】,2,-2.2416443997254034,0.9009260214381035,3.2188758248682006,1.3862943611198906,2.1972245773362196,2.4849066497880004,0.0,0.0,0.0,0.0,8.333333333333334,1.0,1.0,0.0,0.0,0.0,0.0,0.0,0.0,0.0,0.75,0.125,0.08333333333333334,0.0,0.0,0.0,0.0,4.166666666666667,0.0,0.0,0.0,0.0,0.0,0.0,0.0
raw-L04586,4587,2002,【センチ】ナイト総合スレッド３【ネンタル】,1,0.34746881421873677,1.3328651264328666,4.499809670330265,1.791759469228055,2.9338568698359038,3.4011973816621555,0.0,0.0,0.0,0.0,4.49438202247191,1.0,1.0,0.0,0.0,0.0,0.0,0.0,0.0,0.0,0.6404494382022472,0.2584269662921348,0.06741573033707865,0.0,0.022471910112359553,0.0,0.0,0.0,0.0,2.247191011235955,0.0,0.0,0.0,0.0,0.0
raw-L04593,4594,2002,【センチ】ナイト総合スレッド３【ネンタル】,2,-1.2834310752805933,0.3489046114002463,3.6109179126442243,1.0986122886681098,2.9444389791664403,2.9444389791664403,0.0,0.0,0.0,0.0,2.7777777777777777,1.0,1.0,0.0,0.0,0.0,0.0,0.0,0.0,0.0,0.75,0.1388888888888889,0.1111111111111111,0.0,0.0,0.0,0.0,5.555555555555555,0.0,0.0,0.0,0.0,0.0,0.0,0.0
raw-L04597,4598,2002,【センチ】ナイト総合スレッド３【ネンタル】,1,0.7389573054975543,1.6145027228706237,4.564348191467836,2.1972245773362196,2.5552874465497997,2.995732273553991,0.0,0.0,0.0,0.0,10.526315789473685,1.0,1.0,0.0,0.0,0.0,4.2105263157894735,0.0,0.0,0.0,0.06315789473684211,0.2736842105263158,0.4631578947368421,0.0,0.0,0.021052631578947368,0.0,0.0,0.0,0.0,0.0,0.0,0.0,0.0,0.0
raw-L04611,4612,2002,【センチ】ナイト総合スレッド３【ネンタル】,1,0.7094374989787097,1.1029901839939882,4.709530201312334,1.791759469228055,3.1354942159291497,3.6635616461296463,0.0,0.0,0.0,0.0,3.6363636363636362,1.0,1.0,0.0,0.0,0.0,0.0,0.0,0.0,0.0,0.5727272727272728,0.2636363636363636,0.10909090909090909,0.0,0.03636363636363636,0.0,0.0,0.0,0.0,1.8181818181818181,0.0,0.0,0.0,0.0,0.9090909090909091
raw-L04618,4619,2002,【センチ】ナイト総合スレッド３【ネンタル】,2,-3.186280577254771,0.7536476665553373,2.70805020110221,1.0986122886681098,2.0794415416798357,2.1972245773362196,0.0,0.0,0.0,0.0,7.142857142857143,1.0,1.0,0.0,0.0,0.0,0.0,0.0,0.0,0.0,0.7142857142857143,0.28571428571428575,0.0,0.0,0.0,0.0,0.0,0.0,7.142857142857143,0.0,0.0,0.0,0.0,0.0,0.0
raw-L04623,4624,2002,【センチ】ナイト総合スレッド３【ネンタル】,1,0.4116574769220601,2.1537961181288194,4.356708826689592,1.9459101490553132,2.627081138568543,3.58351893845611,0.0,0.0,0.0,0.0,7.792207792207792,1.0,1.0,0.0,0.0,2.5974025974025974,0.0,0.0,0.0,0.0,0.36363636363636365,0.3246753246753247,0.12987012987012986,0.0,0.03896103896103896,0.0,0.0,0.0,1.2987012987012987,0.0,0.0,0.0,0.0,0.0,0.0
raw-L04633,4634,2002,【センチ】ナイト総合スレッド３【ネンタル】,2,0.495540507363218,-0.9624467957943303,3.332204510175204,1.0986122886681098,2.6741486494265287,2.995732273553991,0.0,3.7037037037037037,0.0,0.0,3.7037037037037037,1.0,0.5,0.0,0.0,0.0,0.0,0.0,0.0,0.0,0.6296296296296297,0.2222222222222222,0.1111111111111111,0.0,0.0,0.0,0.0,3.7037037037037037,0.0,3.7037037037037037,0.0,0.0,0.0,0.0,0.0
raw-L04638,4639,2002,【センチ】ナイト総合スレッド３【ネンタル】,1,1.8462924963066922,0.820424296013233,5.2574953720277815,1.791759469228055,3.6686767467964168,3.784189633918261,0.0,0.5235602094240838,0.0,0.0,2.094240837696335,1.0,0.8,0.0,0.0,0.0,0.0,0.0,0.0,0.0,0.4816753926701571,0.4031413612565445,0.09947643979057591,0.0,0.0,0.0,0.0,0.0,0.0,0.0,0.0,0.0,0.0,0.0,0.0
raw-L04645,4646,2002,【センチ】ナイト総合スレッド３【ネンタル】,1,0.10463281609835895,0.33569795027100985,3.6635616461296463,0.6931471805599453,3.6635616461296463,3.6635616461296463,0.0,0.0,0.0,0.0,0.0,1.0,1.0,0.0,0.0,0.0,0.0,0.0,0.0,0.0,0.4473684210526316,0.4736842105263158,0.052631578947368425,0.0,0.0,0.0,0.0,0.0,0.0,0.0,0.0,0.0,0.0,0.0,0.0
raw-L04649,4650,2002,【センチ】ナイト総合スレッド３【ネンタル】,2,-1.7463921073316204,-0.1902773523534819,2.9444389791664403,0.6931471805599453,2.9444389791664403,2.9444389791664403,0.0,0.0,0.0,0.0,0.0,1.0,1.0,0.0,0.0,0.0,0.0,0.0,0.0,0.0,0.7777777777777777,0.1111111111111111,0.1111111111111111,0.0,0.0,0.0,0.0,5.555555555555555,0.0,0.0,0.0,0.0,0.0,0.0,0.0
raw-L04652,4653,2002,【センチ】ナイト総合スレッド３【ネンタル】,4,-0.5595552753971396,1.982022302800966,4.060443010546419,1.9459101490553132,2.3513752571634776,2.70805020110221,0.0,0.0,0.0,0.0,8.771929824561404,1.0,1.0,0.0,0.0,0.0,0.0,0.0,0.0,15.789473684210526,0.03508771929824561,0.12280701754385966,0.15789473684210525,0.0,0.15789473684210525,0.4210526315789474,0.0,0.0,0.0,0.0,0.0,0.0,0.0,0.0,0.0
raw-L04660,4661,2002,【センチ】ナイト総合スレッド３【ネンタル】,2,-0.38666884901446735,0.6158164808286264,3.8918202981106265,1.0986122886681098,3.2188758248682006,3.2188758248682006,0.0,0.0,0.0,0.0,2.0833333333333335,1.0,1.0,0.0,0.0,0.0,0.0,0.0,0.0,0.0,0.6458333333333333,0.2916666666666667,0.0625,0.0,0.0,0.0,0.0,0.0,0.0,0.0,0.0,0.0,0.0,0.0,0.0
raw-L04665,4666,2002,【センチ】ナイト総合スレッド３【ネンタル】,4,0.5130960797714818,2.6020423284514345,4.852030263919617,2.5649493574615367,2.4495672833426916,2.833213344056216,0.0,0.0,0.0,0.0,8.661417322834646,1.0,1.0,0.0,0.0,0.0,0.0,0.0,0.0,14.173228346456693,0.047244094488188976,0.10236220472440945,0.047244094488188976,0.0,0.4094488188976378,0.30708661417322836,0.0,0.0,0.0,0.0,0.0,0.0,0.0,0.0,0.0
raw-L04679,4680,2002,【センチ】ナイト総合スレッド３【ネンタル】,3,4.51956244160393,-0.9325232677626243,5.429345628954441,2.6390573296152584,2.9156895658804545,3.6888794541139363,2.202643171806167,0.44052863436123346,0.0,0.0,6.167400881057269,0.7692307692307693,0.6153846153846154,0.23076923076923078,0.44052863436123346,0.0,0.0,0.44052863436123346,0.0,1.3215859030837005,0.1277533039647577,0.2775330396475771,0.04405286343612334,0.0,0.3392070484581498,0.035242290748898675,0.0,0.0,0.0,0.0,0.0,0.0,0.0,0.0,0.0
raw-L04696,4697,2002,【センチ】ナイト総合スレッド３【ネンタル】,0,-2.0941519632989336,-3.9534197963436384,3.1354942159291497,0.6931471805599453,3.1354942159291497,3.1354942159291497,0.0,0.0,4.545454545454546,0.0,0.0,0.0,1.0,0.0,0.0,0.0,0.0,0.0,0.0,0.0,0.5909090909090909,0.045454545454545456,0.2727272727272727,0.0,0.0,0.0,0.0,0.0,4.545454545454546,0.0,0.0,0.0,0.0,0.0,4.545454545454546
raw-L04699,4700,2002,【センチ】ナイト総合スレッド３【ネンタル】,2,-0.8975923271874305,0.9408360459434894,3.7376696182833684,1.3862943611198906,2.6855773452501515,2.9444389791664403,0.0,0.0,0.0,0.0,4.878048780487805,1.0,1.0,0.0,0.0,0.0,0.0,0.0,0.0,0.0,0.5365853658536586,0.3170731707317073,0.14634146341463417,0.0,0.0,0.0,0.0,0.0,2.4390243902439024,2.4390243902439024,0.0,0.0,0.0,0.0,0.0
raw-L04712,4713,2002,【俺が】勇者さまスレ【最強】,0,-1.6570413574929375,-1.823357133827545,3.4965075614664802,1.0986122886681098,2.833213344056216,3.044522437723423,0.0,0.0,3.125,0.0,3.125,0.5,1.0,0.0,0.0,0.0,0.0,0.0,0.0,0.0,0.65625,0.15625,0.15625,0.0,0.0,0.0,0.0,3.125,0.0,0.0,0.0,0.0,0.0,0.0,3.125
raw-L04717,4718,2002,【俺が】勇者さまスレ【最強】,1,0.38288588502623133,2.1538792717805837,3.8918202981106265,1.791759469228055,2.3608540011180215,2.5649493574615367,0.0,0.0,0.0,0.0,8.333333333333334,1.0,1.0,0.0,0.0,4.166666666666667,10.416666666666666,0.0,0.0,0.0,0.04166666666666667,0.45833333333333337,0.0625,0.0,0.0,0.0,0.0,0.0,0.0,0.0,0.0,0.0,0.0,0.0,0.0
raw-L04724,4725,2002,【俺が】勇者さまスレ【最強】,2,-1.0582138562719612,1.3020116092007437,3.970291913552122,1.791759469228055,2.4336133554004498,2.8903717578961645,0.0,0.0,0.0,0.0,7.6923076923076925,1.0,1.0,0.0,0.0,0.0,0.0,0.0,0.0,0.0,0.576923076923077,0.23076923076923075,0.17307692307692307,0.0,0.0,0.0,0.0,0.0,3.8461538461538463,1.9230769230769231,0.0,0.0,0.0,0.0,0.0
raw-L04732,4733,2002,【俺が】勇者さまスレ【最強】,1,-0.1712549640685007,-1.0293643853892978,3.9889840465642745,1.0986122886681098,3.3141860046725258,3.4339872044851463,0.0,0.0,1.8867924528301887,0.0,1.8867924528301887,0.5,1.0,0.0,0.0,0.0,0.0,0.0,0.0,0.0,0.5849056603773585,0.24528301886792453,0.11320754716981131,0.0,0.03773584905660377,0.0,0.0,0.0,0.0,1.8867924528301887,0.0,0.0,0.0,0.0,1.8867924528301887
raw-L04736,4737,2002,【俺が】勇者さまスレ【最強】,1,0.07196501841508846,1.2461757924539132,4.477336814478207,1.791759469228055,2.91235066461494,3.258096538021482,0.0,0.0,0.0,0.0,4.597701149425287,1.0,1.0,0.0,0.0,0.0,0.0,0.0,0.0,0.0,0.5632183908045977,0.33333333333333337,0.09195402298850575,0.0,0.0,0.0,0.0,0.0,0.0,0.0,0.0,0.0,0.0,0.0,0.0
raw-L04744,4745,2002,【俺が】勇者さまスレ【最強】,2,-0.4926108982200735,0.8798711792920115,4.02535169073515,1.3862943611198906,2.9618307218783095,3.2188758248682006,0.0,0.0,0.0,0.0,3.6363636363636362,1.0,1.0,0.0,0.0,0.0,0.0,0.0,0.0,0.0,0.6545454545454545,0.2727272727272727,0.07272727272727272,0.0,0.0,0.0,0.0,1.8181818181818181,1.8181818181818181,1.8181818181818181,0.0,0.0,0.0,0.0,0.0
raw-L04749,4750,2002,【俺が】勇者さまスレ【最強】,2,-0.48548896535529246,1.1775644395159262,3.8066624897703196,1.3862943611198906,2.751535313041949,2.9444389791664403,0.0,0.0,0.0,0.0,4.545454545454546,1.0,1.0,0.0,0.0,0.0,0.0,0.0,0.0,0.0,0.4318181818181818,0.40909090909090906,0.09090909090909091,0.0,0.0,0.045454545454545456,0.0,2.272727272727273,0.0,2.272727272727273,0.0,0.0,0.0,2.272727272727273,0.0
raw-L04754,4755,2002,【俺が】勇者さまスレ【最強】,0,-0.9363663044014136,-1.3120578783387233,3.6635616461296463,1.0986122886681098,2.995732273553991,2.995732273553991,0.0,0.0,2.6315789473684212,0.0,2.6315789473684212,0.5,1.0,0.0,0.0,0.0,0.0,0.0,0.0,0.0,0.5526315789473685,0.34210526315789475,0.07894736842105263,0.0,0.0,0.0,0.0,0.0,0.0,2.6315789473684212,0.0,0.0,0.0,0.0,2.6315789473684212
raw-L04758,4759,2002,【俺が】勇者さまスレ【最強】,2,-1.3484211169531053,0.03761612775606308,2.9444389791664403,0.6931471805599453,2.9444389791664403,2.9444389791664403,0.0,0.0,0.0,0.0,0.0,1.0,1.0,0.0,0.0,0.0,0.0,0.0,0.0,0.0,0.6111111111111112,0.2777777777777778,0.1111111111111111,0.0,0.0,0.0,0.0,0.0,0.0,0.0,0.0,0.0,0.0,0.0,0.0
raw-L04762,4763,2002,【俺が】勇者さまスレ【最強】,1,0.858385792894953,0.42431847934410716,4.465908118654584,1.791759469228055,2.9014215940827497,3.044522437723423,0.0,0.0,1.1627906976744187,0.0,5.813953488372093,0.8,1.0,0.0,0.0,0.0,4.651162790697675,0.0,0.0,0.0,0.18604651162790697,0.2674418604651163,0.17441860465116277,0.0,0.046511627906976744,0.0,0.0,0.0,0.0,1.1627906976744187,0.0,0.0,0.0,0.0,1.1627906976744187
raw-L04770,4771,2002,【俺が】勇者さまスレ【最強】,2,-0.7533712040214434,0.7645287987455869,3.4339872044851463,1.0986122886681098,2.772588722239781,3.295836866004329,0.0,0.0,0.0,0.0,3.3333333333333335,1.0,1.0,0.0,0.0,0.0,0.0,0.0,0.0,0.0,0.8333333333333333,0.16666666666666669,0.0,0.0,0.0,0.0,0.0,0.0,0.0,3.3333333333333335,0.0,0.0,0.0,0.0,0.0
raw-L04775,4776,2002,【俺が】勇者さまスレ【最強】,2,-1.3585326064227488,-0.6220388457638983,3.8066624897703196,1.3862943611198906,2.751535313041949,3.295836866004329,0.0,0.0,2.272727272727273,0.0,4.545454545454546,0.6666666666666666,1.0,0.0,0.0,0.0,0.0,0.0,0.0,0.0,0.7954545454545454,0.09090909090909091,0.06818181818181818,0.0,0.0,0.0,0.0,0.0,4.545454545454546,0.0,0.0,2.272727272727273,0.0,0.0,2.272727272727273
raw-L04782,4783,2002,【俺が】勇者さまスレ【最強】,2,-1.3671040882155738,1.0177294662901977,3.6375861597263857,1.3862943611198906,2.5902671654458267,2.9444389791664403,0.0,0.0,0.0,0.0,5.405405405405405,1.0,1.0,0.0,0.0,0.0,0.0,0.0,0.0,0.0,0.7297297297297297,0.2162162162162162,0.05405405405405405,0.0,0.0,0.0,0.0,2.7027027027027026,2.7027027027027026,0.0,0.0,2.7027027027027026,0.0,0.0,0.0
raw-L04787,4788,2002,【俺が】勇者さまスレ【最強】,2,-0.8136731918847231,0.6267989060168734,3.871201010907891,1.3862943611198906,2.8134107167600364,3.295836866004329,0.0,0.0,0.0,0.0,4.25531914893617,1.0,1.0,0.0,0.0,0.0,0.0,0.0,0.0,0.0,0.7234042553191489,0.1914893617021277,0.06382978723404255,0.0,0.02127659574468085,0.0,0.0,2.127659574468085,2.127659574468085,2.127659574468085,0.0,2.127659574468085,0.0,0.0,2.127659574468085
raw-L04792,4793,2002,【俺が】勇者さまスレ【最強】,2,-1.1881962794827563,0.5725246578638092,3.5263605246161616,1.0986122886681098,2.8622008809294686,2.995732273553991,0.0,0.0,0.0,0.0,3.0303030303030303,1.0,1.0,0.0,0.0,0.0,0.0,0.0,0.0,0.0,0.7575757575757575,0.24242424242424243,0.0,0.0,0.0,0.0,0.0,3.0303030303030303,0.0,0.0,0.0,0.0,0.0,0.0,0.0
raw-L04796,4797,2002,【俺が】勇者さまスレ【最強】,2,-0.4252140081847095,1.169029108952621,4.30406509320417,1.791759469228055,2.747270914255491,3.1780538303479458,0.0,0.0,0.0,0.0,5.47945205479452,1.0,1.0,0.0,0.0,0.0,0.0,0.0,0.0,0.0,0.6986301369863014,0.1506849315068493,0.1095890410958904,0.0,0.0273972602739726,0.0,0.0,2.73972602739726,1.36986301369863,1.36986301369863,0.0,0.0,0.0,0.0,0.0
raw-L04804,4805,2002,【俺が】勇者さまスレ【最強】,2,-0.8836481374008122,0.35560680562138236,3.5553480614894135,1.0986122886681098,2.8903717578961645,3.044522437723423,0.0,0.0,0.0,0.0,2.9411764705882355,1.0,1.0,0.0,0.0,0.0,0.0,0.0,0.0,0.0,0.38235294117647056,0.23529411764705885,0.32352941176470584,0.0,0.0,0.05882352941176471,0.0,0.0,0.0,0.0,0.0,0.0,0.0,0.0,0.0
raw-L04808,4809,2002,【俺が】勇者さまスレ【最強】,2,-1.462864902959181,1.2941823612347396,3.4011973816621555,1.3862943611198906,2.367123614131617,2.6390573296152584,0.0,0.0,0.0,0.0,6.896551724137931,1.0,1.0,0.0,0.0,0.0,0.0,0.0,0.0,0.0,0.7931034482758621,0.20689655172413793,0.0,0.0,0.0,0.0,0.0,0.0,0.0,0.0,0.0,0.0,0.0,3.4482758620689653,0.0
raw-L04814,4815,2002,【俺が】勇者さまスレ【最強】,2,-1.2929147886076668,0.6095987420422682,3.258096538021482,1.0986122886681098,2.6026896854443837,2.8903717578961645,0.0,0.0,0.0,0.0,4.0,1.0,1.0,0.0,0.0,0.0,0.0,0.0,0.0,0.0,0.64,0.24,0.12,0.0,0.0,0.0,0.0,4.0,0.0,4.0,0.0,0.0,0.0,0.0,0.0
raw-L04819,4820,2002,【俺が】勇者さまスレ【最強】,1,0.6567515536262325,1.5589878592366173,4.454347296253507,1.791759469228055,2.8903717578961645,3.6888794541139363,0.0,0.0,0.0,0.0,5.882352941176471,1.0,1.0,0.0,0.0,0.0,0.0,0.0,0.0,0.0,0.36470588235294116,0.1411764705882353,0.03529411764705882,0.0,0.3764705882352941,0.0,0.0,0.0,1.1764705882352942,0.0,0.0,0.0,0.0,0.0,0.0
raw-L04836,4837,2003,【だまって】暗黒騎士修正要望【修正しろ】,1,1.062398652967737,-0.11468223636996398,4.31748811353631,1.3862943611198906,3.245193133185574,3.4965075614664802,0.0,1.3513513513513513,0.0,0.0,2.7027027027027026,1.0,0.6666666666666666,0.0,0.0,0.0,0.0,0.0,0.0,0.0,0.3918918918918919,0.22972972972972971,0.33783783783783783,0.0,0.027027027027027025,0.0,0.0,0.0,0.0,0.0,0.0,0.0,0.0,0.0,0.0
raw-L04842,4843,2003,【だまって】暗黒騎士修正要望【修正しろ】,1,3.215508404082167,1.1644032010100425,5.43372200355424,2.4849066497880004,3.07856827913314,3.5553480614894135,0.0,0.8771929824561403,0.0,0.0,4.824561403508772,1.0,0.8181818181818182,0.0,0.0,0.8771929824561403,0.43859649122807015,0.0,0.0,0.8771929824561403,0.25438596491228066,0.12280701754385966,0.2368421052631579,0.15789473684210525,0.03508771929824561,0.09210526315789475,0.0,0.0,0.43859649122807015,0.43859649122807015,0.43859649122807015,0.0,0.0,0.0,0.0
raw-L04857,4858,2003,【だまって】暗黒騎士修正要望【修正しろ】,1,0.436813832421541,0.9295855132387947,3.8501476017100584,1.0986122886681098,3.1780538303479458,3.295836866004329,0.0,0.0,0.0,0.0,2.1739130434782608,1.0,1.0,0.0,0.0,0.0,0.0,0.0,0.0,0.0,0.3695652173913044,0.17391304347826086,0.2826086956521739,0.0,0.13043478260869565,0.0,0.0,0.0,0.0,0.0,2.1739130434782608,0.0,0.0,0.0,0.0
raw-L04861,4862,2003,【だまって】暗黒騎士修正要望【修正しろ】,1,0.8064543023686527,-0.8022572341240591,3.7612001156935624,1.3862943611198906,2.70805020110221,3.091042453358316,0.0,2.380952380952381,2.380952380952381,0.0,7.142857142857143,0.6666666666666666,0.6666666666666666,0.0,0.0,0.0,0.0,0.0,0.0,0.0,0.7142857142857143,0.2380952380952381,0.0,0.0,0.0,0.0,0.0,0.0,2.380952380952381,4.761904761904762,0.0,0.0,2.380952380952381,0.0,0.0
raw-L04868,4869,2003,【だまって】暗黒騎士修正要望【修正しろ】,1,1.3621471664529765,0.03970305083898946,4.653960350157523,1.6094379124341003,3.295836866004329,3.6375861597263857,0.0,0.9615384615384616,0.9615384615384616,0.0,2.8846153846153846,0.75,0.75,0.0,0.0,1.9230769230769231,0.0,0.0,0.0,0.0,0.4230769230769231,0.15384615384615385,0.22115384615384617,0.0,0.019230769230769232,0.11538461538461538,0.0,0.0,0.0,0.0,0.0,0.0,0.0,0.0,0.0
raw-L04875,4876,2003,【だまって】暗黒騎士修正要望【修正しろ】,1,1.4426790119965247,0.1490437403127604,4.204692619390966,1.791759469228055,2.653241964607215,3.2188758248682006,0.0,1.5151515151515151,0.0,0.0,6.0606060606060606,1.0,0.8,0.0,0.0,0.0,0.0,0.0,0.0,0.0,0.3939393939393939,0.030303030303030304,0.2121212121212121,0.2727272727272727,0.015151515151515152,0.0,0.0,0.0,0.0,0.0,0.0,0.0,0.0,0.0,0.0
raw-L04882,4883,2003,【だまって】暗黒騎士修正要望【修正しろ】,1,2.853349526185476,-0.19735535895827935,5.030437921392435,2.0794415416798357,3.122994053164918,3.5263605246161616,0.0,2.6315789473684212,0.6578947368421053,0.0,5.921052631578948,1.0,0.42857142857142855,0.0,0.0,0.0,0.0,0.0,0.0,1.3157894736842106,0.24342105263157893,0.19736842105263158,0.1118421052631579,0.09868421052631579,0.04605263157894737,0.19736842105263158,0.0,0.0,0.0,0.0,0.0,0.0,0.0,0.0,0.0
raw-L04895,4896,2003,【だまって】暗黒騎士修正要望【修正しろ】,1,0.1134156484149762,0.8768692275783037,4.394449154672439,1.6094379124341003,3.044522437723423,3.5263605246161616,0.0,0.0,0.0,0.0,3.75,1.0,1.0,0.0,0.0,0.0,0.0,0.0,0.0,0.0,0.55,0.1875,0.225,0.0,0.0,0.0,0.0,1.25,0.0,0.0,0.0,0.0,0.0,0.0,0.0
raw-L04901,4902,2003,【だまって】暗黒騎士修正要望【修正しろ】,1,1.6663791627566618,0.6288580666270718,5.117993812416755,2.1972245773362196,3.079613757534693,3.6109179126442243,0.0,1.2048192771084338,0.6024096385542169,0.0,4.819277108433735,0.875,0.75,0.0,0.0,0.0,0.0,0.0,0.0,0.0,0.5602409638554217,0.22891566265060243,0.0963855421686747,0.0,0.030120481927710843,0.030120481927710843,0.0,0.0,0.0,0.6024096385542169,0.0,0.0,0.0,0.6024096385542169,0.0
raw-L04914,4915,2003,【だまって】暗黒騎士修正要望【修正しろ】,2,-3.0998023601809286,0.8348553530022671,2.3978952727983707,1.0986122886681098,1.791759469228055,1.791759469228055,0.0,0.0,0.0,0.0,10.0,1.0,1.0,0.0,0.0,0.0,0.0,0.0,0.0,0.0,0.0,0.4,0.0,0.0,0.0,0.2,0.0,0.0,0.0,0.0,0.0,0.0,0.0,0.0,0.0
raw-L04918,4919,2003,【だまって】暗黒騎士修正要望【修正しろ】,1,1.5940422706615311,-1.2805995646797286,4.248495242049359,1.3862943611198906,3.1780538303479458,3.367295829986474,0.0,1.4492753623188406,1.4492753623188406,0.0,2.898550724637681,0.6666666666666666,0.6666666666666666,0.0,0.0,0.0,0.0,0.0,0.0,0.0,0.5362318840579711,0.13043478260869565,0.11594202898550725,0.15942028985507245,0.0,0.0,0.0,1.4492753623188406,1.4492753623188406,0.0,0.0,0.0,0.0,0.0,0.0
raw-L04924,4925,2003,【だまって】暗黒騎士修正要望【修正しろ】,1,1.4755992325294707,0.36153612681122727,4.897839799950911,2.0794415416798357,2.995732273553991,3.332204510175204,0.0,2.255639097744361,0.0,0.0,4.511278195488722,1.0,0.7142857142857143,0.0,0.0,0.0,0.0,0.0,0.0,0.0,0.5263157894736842,0.2030075187969925,0.21804511278195488,0.0,0.0,0.0,0.0,0.0,0.7518796992481203,0.7518796992481203,0.0,0.0,0.0,0.0,0.0
raw-L04933,4934,2003,【だまって】暗黒騎士修正要望【修正しろ】,1,1.0760740556095658,0.9151903377333436,4.859812404361672,1.3862943611198906,3.7765850345330416,3.9318256327243257,0.0,0.0,0.0,0.0,1.5625,1.0,1.0,0.0,0.0,0.0,0.0,0.0,0.0,0.0,0.65625,0.1796875,0.1171875,0.0,0.0,0.03125,0.0,0.0,0.78125,0.0,0.0,0.78125,0.0,0.78125,0.0
raw-L04939,4940,2003,【だまって】暗黒騎士修正要望【修正しろ】,1,1.3649274588619686,-1.1279842616747857,4.634728988229636,1.791759469228055,3.0633909220278057,3.2188758248682006,0.9803921568627451,0.0,0.9803921568627451,0.0,4.901960784313726,0.6,0.8,0.2,0.0,0.0,0.0,0.0,0.0,0.0,0.5196078431372549,0.3627450980392157,0.0,0.0,0.0,0.0392156862745098,0.0,0.0,0.0,0.0,0.0,0.0,0.0,0.0,0.0
raw-L04948,4949,2003,【だまって】暗黒騎士修正要望【修正しろ】,1,0.0974761709743042,1.5185105972516848,4.770684624465665,2.1972245773362196,2.7488721956224653,3.258096538021482,0.0,0.0,0.0,0.0,6.837606837606837,1.0,1.0,0.0,0.0,0.0,0.0,0.0,0.0,0.0,0.547008547008547,0.1965811965811966,0.13675213675213674,0.0,0.0,0.06837606837606837,0.0,0.0,0.8547008547008547,0.0,0.0,0.0,0.0,0.0,0.0
raw-L04960,4961,2003,【だまって】暗黒騎士修正要望【修正しろ】,2,-0.6863225976076768,0.5322113828479228,3.6375861597263857,1.0986122886681098,2.970414465569701,3.258096538021482,0.0,0.0,0.0,0.0,2.7027027027027026,1.0,1.0,0.0,0.0,0.0,0.0,0.0,0.0,0.0,0.6216216216216216,0.2162162162162162,0.13513513513513514,0.0,0.0,0.0,0.0,0.0,0.0,0.0,0.0,0.0,0.0,0.0,0.0
raw-L04964,4965,2003,【だまって】暗黒騎士修正要望【修正しろ】,1,0.9475954728044181,0.6592108979970208,4.890349128221754,1.791759469228055,3.3105430133940246,3.7376696182833684,0.0,0.0,0.7575757575757576,0.0,3.787878787878788,0.8,1.0,0.0,0.0,0.0,0.0,0.0,0.0,0.0,0.48484848484848486,0.18939393939393936,0.20454545454545453,0.0,0.030303030303030304,0.03787878787878788,0.0,0.0,0.0,0.7575757575757576,0.0,0.7575757575757576,0.0,0.0,0.0
raw-L04973,4974,2003,【だまって】暗黒騎士修正要望【修正しろ】,1,1.5202507115772563,0.5341884387147781,4.709530201312334,1.791759469228055,3.1354942159291497,3.5263605246161616,0.0,0.9090909090909091,0.9090909090909091,0.0,3.6363636363636362,0.8,0.8,0.0,0.0,0.0,0.0,0.0,0.0,0.0,0.509090909090909,0.2,0.045454545454545456,0.0,0.02727272727272727,0.12727272727272726,0.0,0.0,0.0,0.9090909090909091,1.8181818181818181,0.9090909090909091,0.0,0.0,0.0
raw-L04981,4982,2003,【だまって】暗黒騎士修正要望【修正しろ】,1,1.3045220241252524,-0.6064389670125832,4.430816798843313,1.3862943611198906,3.355735007585398,3.4339872044851463,0.0,1.2048192771084338,1.2048192771084338,0.0,2.4096385542168677,0.6666666666666666,0.6666666666666666,0.0,0.0,0.0,0.0,0.0,0.0,0.0,0.5542168674698795,0.25301204819277107,0.1686746987951807,0.0,0.0,0.0,0.0,0.0,0.0,0.0,1.2048192771084338,0.0,0.0,0.0,0.0
raw-L04986,4987,2003,【だまって】暗黒騎士修正要望【修正しろ】,1,0.9813871156348744,-0.5319300048494771,4.584967478670572,1.791759469228055,3.0155349008501706,3.295836866004329,0.0,1.0309278350515463,2.0618556701030926,0.0,4.123711340206185,0.6,0.8,0.0,0.0,0.0,0.0,0.0,0.0,0.0,0.6082474226804123,0.18556701030927836,0.1134020618556701,0.0,0.0,0.030927835051546393,0.0,0.0,1.0309278350515463,1.0309278350515463,0.0,0.0,1.0309278350515463,0.0,0.0
raw-L04994,4995,2003,【だまって】暗黒騎士修正要望【修正しろ】,2,-0.26570830961087577,0.379101835224763,3.8918202981106265,1.0986122886681098,3.2188758248682006,3.4657359027997265,0.0,0.0,0.0,0.0,2.0833333333333335,1.0,1.0,0.0,0.0,0.0,0.0,0.0,0.0,0.0,0.47916666666666663,0.16666666666666669,0.25,0.0,0.0,0.08333333333333334,0.0,0.0,0.0,0.0,0.0,0.0,0.0,0.0,0.0
raw-L04998,4999,2003,【だまって】暗黒騎士修正要望【修正しろ】,1,1.2777321098186052,-0.4152048027398506,4.276666119016055,1.3862943611198906,3.20545280453606,3.4965075614664802,0.0,2.816901408450704,0.0,0.0,2.816901408450704,1.0,0.6666666666666666,0.0,0.0,0.0,0.0,0.0,0.0,0.0,0.5352112676056339,0.2112676056338028,0.19718309859154928,0.0,0.0,0.0,0.0,2.816901408450704,0.0,1.408450704225352,0.0,0.0,0.0,0.0,0.0
raw-L05004,5005,2003,【だまって】暗黒騎士修正要望【修正しろ】,1,0.17901671009909245,-0.09427878643666297,4.290459441148391,1.791759469228055,2.7343675094195836,3.044522437723423,0.0,1.3888888888888888,1.3888888888888888,0.0,5.555555555555555,0.8,0.8,0.0,0.0,0.0,0.0,0.0,0.0,0.0,0.625,0.1111111111111111,0.1388888888888889,0.0,0.06944444444444445,0.0,0.0,1.3888888888888888,1.3888888888888888,1.3888888888888888,0.0,0.0,0.0,0.0,0.0
raw-L05022,5023,2003,†暗黒騎士Part_32 †,1,2.312264113821465,1.1816739546335364,5.37989735354046,2.4849066497880004,3.0270547446830323,3.5263605246161616,0.0,0.9259259259259259,0.0,0.0,5.092592592592593,1.0,0.8181818181818182,0.0,0.0,0.0,1.3888888888888888,0.0,0.0,0.0,0.47685185185185186,0.12037037037037036,0.19907407407407407,0.0,0.018518518518518517,0.07407407407407407,0.0,0.0,0.0,0.9259259259259259,0.0,0.46296296296296297,0.0,0.0,0.0
raw-L05036,5037,2003,†暗黒騎士Part_32 †,1,0.21780164288940373,1.3833580730221664,4.07753744390572,1.3862943611198906,3.0122615755052013,3.1780538303479458,0.0,0.0,0.0,0.0,5.172413793103448,1.0,1.0,0.0,0.0,0.0,0.0,0.0,0.0,5.172413793103448,0.25862068965517243,0.13793103448275862,0.15517241379310345,0.0,0.4310344827586207,0.0,0.0,0.0,0.0,0.0,0.0,0.0,0.0,0.0,0.0
raw-L05045,5046,2003,†暗黒騎士Part_32 †,1,0.9813871156348744,-0.5319300048494771,4.584967478670572,1.791759469228055,3.0155349008501706,3.295836866004329,0.0,1.0309278350515463,2.0618556701030926,0.0,4.123711340206185,0.6,0.8,0.0,0.0,0.0,0.0,0.0,0.0,0.0,0.6082474226804123,0.18556701030927836,0.1134020618556701,0.0,0.0,0.030927835051546393,0.0,0.0,1.0309278350515463,1.0309278350515463,0.0,0.0,1.0309278350515463,0.0,0.0
raw-L05053,5054,2003,†暗黒騎士Part_32 †,1,1.8419623836500294,0.43375585839380293,4.795790545596741,1.6094379124341003,3.4339872044851463,3.6375861597263857,0.0,0.8333333333333334,0.0,0.0,2.5,1.0,0.75,0.0,0.0,0.0,0.0,0.0,0.0,0.0,0.425,0.1,0.2916666666666667,0.0,0.13333333333333333,0.0,0.0,1.6666666666666667,0.0,0.8333333333333334,0.0,0.8333333333333334,0.8333333333333334,0.0,0.0
raw-L05066,5068,2003,【隔528】バーバリアンサイズはファルカストラより弱い【命中-5】,1,2.7354743608644636,0.8944757615537077,5.988961416889864,2.8903717578961645,3.195065176174482,3.6109179126442243,0.0,1.7587939698492463,0.0,0.0,4.0201005025125625,1.0,0.6470588235294118,0.0,0.0,0.0,0.0,0.0,0.0,0.0,0.5527638190954773,0.1608040201005025,0.1984924623115578,0.0,0.015075376884422112,0.017587939698492462,0.0,0.0,0.0,0.5025125628140703,0.5025125628140703,0.25125628140703515,0.0,0.0,0.0
raw-L05086,5088,2003,【隔528】バーバリアンサイズはファルカストラより弱い【命中-5】,2,-0.5987925531457866,0.9930423179544058,3.970291913552122,1.3862943611198906,2.908720896564361,3.1780538303479458,0.0,0.0,0.0,0.0,3.8461538461538463,1.0,1.0,0.0,0.0,0.0,0.0,0.0,0.0,0.0,0.6923076923076923,0.3076923076923077,0.0,0.0,0.0,0.0,0.0,3.8461538461538463,0.0,0.0,0.0,1.9230769230769231,0.0,0.0,0.0
raw-L05092,5094,2003,【隔528】バーバリアンサイズはファルカストラより弱い【命中-5】,2,-0.5064112717633471,-0.2401066165932643,3.58351893845611,1.3862943611198906,2.538973871058276,2.70805020110221,0.0,2.857142857142857,0.0,0.0,5.714285714285714,1.0,0.6666666666666666,0.0,0.0,0.0,0.0,0.0,0.0,0.0,0.8857142857142857,0.08571428571428572,0.0,0.0,0.0,0.0,0.0,0.0,2.857142857142857,0.0,0.0,0.0,0.0,0.0,0.0
raw-L05099,5101,2003,【隔528】バーバリアンサイズはファルカストラより弱い【命中-5】,1,0.2921993764889167,0.7958166662642939,4.584967478670572,1.6094379124341003,3.228826155721369,3.367295829986474,0.0,0.0,0.0,0.0,3.0927835051546393,1.0,1.0,0.0,0.0,0.0,0.0,0.0,0.0,0.0,0.5051546391752577,0.18556701030927836,0.288659793814433,0.0,0.0,0.0,0.0,2.0618556701030926,0.0,1.0309278350515463,0.0,0.0,0.0,0.0,0.0
raw-L05108,5110,2003,【隔528】バーバリアンサイズはファルカストラより弱い【命中-5】,2,-0.06990769390123,-1.0871521390419607,3.332204510175204,1.0986122886681098,2.6741486494265287,2.8903717578961645,0.0,3.7037037037037037,0.0,0.0,3.7037037037037037,1.0,0.5,0.0,0.0,0.0,0.0,0.0,0.0,0.0,0.7407407407407408,0.1111111111111111,0.1111111111111111,0.0,0.0,0.0,0.0,0.0,3.7037037037037037,0.0,0.0,0.0,0.0,0.0,0.0
raw-L05116,5118,2003,【隔528】バーバリアンサイズはファルカストラより弱い【命中-5】,2,-1.5087363121574542,0.6174638154293982,3.2188758248682006,1.0986122886681098,2.5649493574615367,2.8903717578961645,0.0,0.0,0.0,0.0,4.166666666666667,1.0,1.0,0.0,0.0,0.0,0.0,0.0,0.0,0.0,0.625,0.20833333333333331,0.0,0.0,0.0,0.08333333333333334,0.0,0.0,0.0,0.0,0.0,0.0,0.0,0.0,0.0
raw-L05122,5124,2003,【隔528】バーバリアンサイズはファルカストラより弱い【命中-5】,1,4.721784340533736,-2.683532680603775,5.0238805208462765,1.791759469228055,3.4404180948154366,3.58351893845611,0.0,3.3112582781456954,0.6622516556291391,3.3112582781456954,2.6490066225165565,0.2,0.2,0.0,0.0,0.0,0.0,1.3245033112582782,0.0,1.3245033112582782,0.5496688741721855,0.18543046357615892,0.059602649006622516,0.0,0.039735099337748346,0.04635761589403973,0.0,0.0,0.0,1.3245033112582782,0.0,0.0,0.6622516556291391,0.0,0.0
raw-L05130,5132,2003,【隔528】バーバリアンサイズはファルカストラより弱い【命中-5】,1,1.5016035630929006,-2.4667213164271753,3.1354942159291497,0.6931471805599453,3.1354942159291497,3.1354942159291497,0.0,4.545454545454546,0.0,0.0,0.0,1.0,0.0,0.0,0.0,0.0,0.0,0.0,0.0,0.0,0.22727272727272727,0.09090909090909091,0.45454545454545453,0.0,0.09090909090909091,0.0,0.0,0.0,0.0,0.0,0.0,0.0,0.0,0.0,0.0
raw-L05134,5136,2003,【隔528】バーバリアンサイズはファルカストラより弱い【命中-5】,1,0.5717605578129851,0.5361517714132046,4.61512051684126,1.791759469228055,3.044522437723423,3.091042453358316,0.0,1.0,0.0,0.0,4.0,1.0,0.8,0.0,0.0,0.0,0.0,0.0,0.0,0.0,0.54,0.24,0.18,0.0,0.0,0.01,0.0,1.0,0.0,0.0,0.0,0.0,0.0,0.0,0.0
raw-L05142,5144,2003,【隔528】バーバリアンサイズはファルカストラより弱い【命中-5】,1,0.11441125924203875,-0.8660893768975465,3.912023005428146,1.3862943611198906,2.8526314299133175,3.091042453358316,0.0,0.0,4.081632653061225,0.0,4.081632653061225,0.3333333333333333,1.0,0.0,2.0408163265306123,0.0,0.0,0.0,0.0,0.0,0.653061224489796,0.1836734693877551,0.04081632653061225,0.0,0.0,0.020408163265306124,0.0,0.0,0.0,0.0,0.0,0.0,0.0,0.0,0.0
raw-L05149,5151,2003,【隔528】バーバリアンサイズはファルカストラより弱い【命中-5】,1,0.35158734937507174,0.9551303411426403,4.718498871295094,1.9459101490553132,2.970414465569701,3.1780538303479458,0.0,0.0,0.0,0.0,4.504504504504505,1.0,1.0,0.0,0.0,0.0,0.0,0.0,0.0,0.0,0.3063063063063063,0.12612612612612614,0.47747747747747743,0.0,0.0,0.0,0.0,0.0,0.0,0.9009009009009009,0.0,0.0,0.0,0.0,0.0
raw-L05158,5160,2003,【隔528】バーバリアンサイズはファルカストラより弱い【命中-5】,2,-0.6131436943312233,0.2982272341076282,3.6375861597263857,1.0986122886681098,2.970414465569701,3.332204510175204,0.0,0.0,0.0,0.0,2.7027027027027026,1.0,1.0,0.0,0.0,0.0,0.0,0.0,0.0,0.0,0.45945945945945943,0.13513513513513514,0.3783783783783784,0.0,0.0,0.0,0.0,0.0,0.0,0.0,0.0,0.0,0.0,0.0,0.0
raw-L05164,5166,2003,【隔528】バーバリアンサイズはファルカストラより弱い【命中-5】,1,1.1661420642351434,-3.306728266347128,3.258096538021482,0.6931471805599453,3.258096538021482,3.258096538021482,0.0,4.0,0.0,0.0,0.0,1.0,0.0,0.0,0.0,0.0,0.0,0.0,0.0,0.0,0.24,0.08,0.36,0.0,0.0,0.0,0.0,0.0,0.0,0.0,0.0,0.0,0.0,0.0,4.0
raw-L05168,5170,2003,【隔528】バーバリアンサイズはファルカストラより弱い【命中-5】,1,1.585597221362204,-0.03411970792939382,4.859812404361672,1.791759469228055,3.2809112157876537,3.4011973816621555,0.0,1.5625,0.78125,0.0,3.125,1.0,0.6,0.0,0.0,0.0,0.0,0.0,0.0,0.0,0.4921875,0.25,0.2109375,0.0,0.0,0.0,0.0,0.0,0.0,0.78125,0.0,0.0,0.0,0.0,0.0
raw-L05176,5178,2003,【隔528】バーバリアンサイズはファルカストラより弱い【命中-5】,1,1.5889451891780821,-0.9850243570589816,4.276666119016055,1.3862943611198906,3.20545280453606,3.4965075614664802,0.0,2.816901408450704,0.0,0.0,2.816901408450704,1.0,0.3333333333333333,0.0,0.0,0.0,0.0,0.0,0.0,0.0,0.5211267605633804,0.16901408450704225,0.2535211267605634,0.0,0.0,0.0,0.0,2.816901408450704,0.0,0.0,0.0,0.0,0.0,0.0,0.0
raw-L05183,5185,2003,【隔528】バーバリアンサイズはファルカストラより弱い【命中-5】,1,1.4985082733888215,-0.7706138733356229,4.787491742782046,1.791759469228055,3.2108436531709366,3.6109179126442243,0.0,1.680672268907563,0.8403361344537815,0.0,3.361344537815126,0.8,0.6,0.0,0.0,0.0,0.0,0.0,0.0,0.0,0.4957983193277311,0.19327731092436973,0.2184873949579832,0.0,0.0,0.0,0.0,0.0,0.0,0.8403361344537815,0.0,0.0,0.0,0.0,1.680672268907563
raw-L05192,5194,2003,【隔528】バーバリアンサイズはファルカストラより弱い【命中-5】,3,7.557203297057451,-6.662606437530343,5.081404364984463,1.3862943611198906,3.9951379121386528,4.290459441148391,3.75,1.875,0.0,0.0,1.25,0.0,0.0,1.0,0.0,0.0,1.875,0.0,0.0,0.0,0.325,0.28125,0.20625,0.0,0.0,0.0,0.0,0.0,0.0,0.0,0.625,0.0,0.0,0.0,0.0
raw-L05198,5200,2003,【隔528】バーバリアンサイズはファルカストラより弱い【命中-5】,1,1.5434204257612127,-0.4005751528394329,4.330733340286331,1.6094379124341003,2.9831534913471307,3.6109179126442243,0.0,2.6666666666666665,0.0,0.0,4.0,1.0,0.5,0.0,0.0,0.0,0.0,0.0,0.0,0.0,0.5066666666666666,0.14666666666666667,0.24,0.0,0.026666666666666665,0.013333333333333332,0.0,0.0,0.0,0.0,0.0,0.0,0.0,0.0,0.0
raw-L05206,5208,2003,【隔528】バーバリアンサイズはファルカストラより弱い【命中-5】,1,1.9511190511511758,-2.115249851236299,3.8501476017100584,0.6931471805599453,3.8501476017100584,3.8501476017100584,0.0,2.1739130434782608,0.0,0.0,0.0,1.0,0.0,0.0,0.0,0.0,0.0,0.0,0.0,0.0,0.5652173913043478,0.2391304347826087,0.13043478260869565,0.0,0.0,0.0,0.0,0.0,0.0,0.0,0.0,0.0,0.0,0.0,2.1739130434782608
raw-L05211,5213,2003,【隔528】バーバリアンサイズはファルカストラより弱い【命中-5】,1,1.4701604093224956,-1.7257632919176555,4.61512051684126,1.6094379124341003,3.258096538021482,3.6888794541139363,0.0,2.0,2.0,0.0,4.0,0.5,0.5,0.0,0.0,0.0,0.0,0.0,0.0,0.0,0.62,0.13,0.18,0.0,0.0,0.02,0.0,0.0,0.0,0.0,0.0,0.0,0.0,0.0,1.0
raw-L05219,5221,2003,【隔528】バーバリアンサイズはファルカストラより弱い【命中-5】,2,-0.6406900609179397,0.4350807333440364,3.6635616461296463,1.0986122886681098,2.995732273553991,3.044522437723423,0.0,0.0,0.0,0.0,2.6315789473684212,1.0,1.0,0.0,0.0,0.0,0.0,0.0,0.0,0.0,0.6052631578947368,0.10526315789473685,0.2631578947368421,0.0,0.0,0.0,0.0,0.0,0.0,2.6315789473684212,0.0,0.0,0.0,0.0,0.0
raw-L05224,5226,2003,【隔528】バーバリアンサイズはファルカストラより弱い【命中-5】,1,2.1448774649286078,-0.09830795976659787,5.225746673713202,2.0794415416798357,3.311585222972468,3.713572066704308,0.0,1.6216216216216217,0.5405405405405406,0.0,3.2432432432432434,0.8571428571428571,0.5714285714285714,0.0,0.0,0.0,0.0,0.0,0.0,0.0,0.6648648648648648,0.17297297297297298,0.0918918918918919,0.0,0.0,0.010810810810810811,0.0,0.0,0.5405405405405406,1.0810810810810811,0.5405405405405406,0.0,0.0,0.0,1.0810810810810811
raw-L05234,5236,2003,【隔528】バーバリアンサイズはファルカストラより弱い【命中-5】,1,0.8691507471538638,0.937156404634445,4.820281565605037,1.6094379124341003,3.457892725338701,3.6375861597263857,0.0,0.0,0.8130081300813008,0.0,2.4390243902439024,1.0,1.0,0.0,0.0,0.0,0.0,0.0,0.0,0.0,0.6991869918699187,0.15447154471544716,0.12195121951219512,0.0,0.0,0.0,1.6260162601626016,0.0,0.8130081300813008,0.0,0.8130081300813008,0.0,0.0,0.0,0.0
raw-L05244,5245,2003,【隔528】バーバリアンサイズはファルカストラより弱い【命中-5】,1,1.5113169279848662,1.6282129448857172,5.375278407684165,2.1972245773362196,3.3277302297802827,3.4965075614664802,0.0,0.0,0.0,0.0,3.255813953488372,1.0,1.0,0.0,0.46511627906976744,0.0,0.0,0.0,0.0,0.0,0.6604651162790698,0.21395348837209302,0.08837209302325581,0.0,0.0,0.009302325581395349,0.46511627906976744,0.0,0.0,0.0,0.0,0.9302325581395349,0.0,0.0,0.0
raw-L05256,5258,2003,【隔528】バーバリアンサイズはファルカストラより弱い【命中-5】,3,5.627454399083499,-4.234119210940443,5.602118820879701,2.6390573296152584,3.080497540181701,3.6109179126442243,3.7037037037037037,2.2222222222222223,0.0,0.0,5.185185185185185,0.46153846153846156,0.3076923076923077,0.5384615384615384,0.0,0.37037037037037035,0.0,0.0,0.0,0.0,0.46296296296296297,0.26666666666666666,0.1703703703703704,0.0,0.0,0.0,0.0,0.0,0.0,0.0,0.0,0.0,0.0,0.0,0.0
raw-L05274,5276,2003,【隔528】バーバリアンサイズはファルカストラより弱い【命中-5】,1,2.2671406940471615,-1.0108222233126616,4.553876891600541,1.6094379124341003,3.1986731175506815,3.367295829986474,0.0,4.25531914893617,0.0,0.0,3.1914893617021276,1.0,0.25,0.0,0.0,0.0,0.0,0.0,0.0,0.0,0.5212765957446809,0.2021276595744681,0.2127659574468085,0.0,0.0,0.0,0.0,1.0638297872340425,0.0,1.0638297872340425,0.0,0.0,0.0,0.0,0.0
raw-L05283,5285,2003,【隔528】バーバリアンサイズはファルカストラより弱い【命中-5】,1,1.4064265264136366,0.46077392865885075,4.919980925828125,1.9459101490553132,3.164067588373206,3.4657359027997265,0.0,1.4705882352941178,0.0,0.0,3.676470588235294,1.0,0.6666666666666666,0.0,0.0,0.0,0.0,0.0,0.0,0.0,0.6323529411764706,0.22794117647058823,0.08088235294117646,0.0,0.014705882352941178,0.014705882352941178,0.0,1.4705882352941178,0.7352941176470589,0.7352941176470589,0.0,0.0,0.0,0.0,0.0
raw-L05293,5295,2003,【隔528】バーバリアンサイズはファルカストラより弱い【命中-5】,1,1.4149422851911277,-0.9626720932648132,4.219507705176107,1.3862943611198906,3.1498829533812494,3.2188758248682006,0.0,2.985074626865672,0.0,0.0,2.985074626865672,1.0,0.3333333333333333,0.0,0.0,0.0,0.0,0.0,0.0,0.0,0.582089552238806,0.16417910447761194,0.19402985074626866,0.0,0.0,0.0,0.0,1.492537313432836,0.0,0.0,0.0,0.0,0.0,0.0,0.0
raw-L05299,5301,2003,【隔528】バーバリアンサイズはファルカストラより弱い【命中-5】,2,-1.2239596010597427,0.7797706346859197,3.4339872044851463,1.0986122886681098,2.772588722239781,2.9444389791664403,0.0,0.0,0.0,0.0,3.3333333333333335,1.0,1.0,0.0,0.0,0.0,0.0,0.0,0.0,0.0,0.7666666666666667,0.2333333333333333,0.0,0.0,0.0,0.0,0.0,3.3333333333333335,0.0,0.0,0.0,3.3333333333333335,0.0,0.0,0.0
raw-L05305,5307,2003,【隔528】バーバリアンサイズはファルカストラより弱い【命中-5】,2,-1.3960347733847112,0.48847132592007436,3.332204510175204,1.0986122886681098,2.6741486494265287,2.833213344056216,0.0,0.0,0.0,0.0,3.7037037037037037,1.0,1.0,0.0,0.0,0.0,0.0,0.0,0.0,0.0,0.6666666666666667,0.14814814814814814,0.14814814814814814,0.0,0.0,0.0,0.0,0.0,0.0,0.0,0.0,0.0,0.0,0.0,0.0
raw-L05311,5313,2003,【隔528】バーバリアンサイズはファルカストラより弱い【命中-5】,1,0.8969962682156775,1.7591422362882299,4.983606621708336,2.1972245773362196,2.9509963797125995,3.367295829986474,0.0,0.0,0.0,0.0,4.827586206896552,1.0,1.0,0.0,0.0,0.0,0.0,0.0,0.0,0.0,0.6620689655172414,0.2482758620689655,0.07586206896551724,0.0,0.0,0.0,0.0,2.7586206896551726,0.0,1.3793103448275863,1.3793103448275863,0.0,0.0,0.0,0.0
raw-L05323,5325,2003,【隔528】バーバリアンサイズはファルカストラより弱い【命中-5】,1,0.566222859117575,0.42617230395120476,4.382026634673881,1.6094379124341003,3.0325462466767075,3.258096538021482,0.0,1.2658227848101267,0.0,0.0,3.7974683544303796,1.0,0.75,0.0,0.0,0.0,0.0,0.0,0.0,0.0,0.6329113924050633,0.26582278481012656,0.0759493670886076,0.0,0.0,0.0,0.0,2.5316455696202533,0.0,0.0,0.0,1.2658227848101267,0.0,0.0,0.0
raw-L05330,5332,2003,【隔528】バーバリアンサイズはファルカストラより弱い【命中-5】,1,0.5514822164416611,1.0533335052869717,4.0943445622221,1.3862943611198906,3.028522096376982,3.258096538021482,0.0,0.0,0.0,0.0,3.389830508474576,1.0,1.0,0.0,0.0,0.0,0.0,0.0,0.0,0.0,0.576271186440678,0.2711864406779661,0.13559322033898305,0.0,0.0,0.0,0.0,0.0,0.0,1.694915254237288,0.0,1.694915254237288,1.694915254237288,0.0,0.0
raw-L05338,5340,2003,【隔528】バーバリアンサイズはファルカストラより弱い【命中-5】,1,1.6223021650019254,0.7349154989891766,4.912654885736052,1.9459101490553132,3.1570004211501135,3.332204510175204,0.0,1.4814814814814814,0.0,0.0,3.7037037037037037,1.0,0.6666666666666666,0.0,0.0,0.0,0.0,0.0,0.0,0.0,0.6444444444444444,0.2814814814814815,0.059259259259259255,0.0,0.0,0.0,0.0,1.4814814814814814,0.0,0.7407407407407407,0.7407407407407407,1.4814814814814814,0.0,0.0,0.0
raw-L05348,5350,2003,【隔528】バーバリアンサイズはファルカストラより弱い【命中-5】,1,1.8310186777412114,0.9113426648551893,5.017279836814924,2.0794415416798357,3.1103356562929947,3.713572066704308,0.0,1.3333333333333333,0.0,0.0,4.0,1.0,0.7142857142857143,0.0,0.0,0.0,0.0,0.0,0.0,0.0,0.6333333333333333,0.2333333333333333,0.09333333333333334,0.0,0.013333333333333332,0.0,0.0,2.0,0.6666666666666666,0.0,1.3333333333333333,0.0,0.0,0.0,0.0
raw-L05359,5361,2003,【隔528】バーバリアンサイズはファルカストラより弱い【命中-5】,1,3.346267616418215,0.4786949834864533,5.288267030694535,2.302585092994046,3.1306515914533617,3.4965075614664802,0.0,3.045685279187817,1.015228426395939,0.0,4.060913705583756,1.0,0.5555555555555556,0.0,1.015228426395939,0.0,0.0,0.0,0.0,0.0,0.5532994923857868,0.2182741116751269,0.116751269035533,0.0,0.0,0.02030456852791878,1.015228426395939,0.0,0.5076142131979695,0.0,1.015228426395939,0.5076142131979695,0.0,0.0,0.0
raw-L05371,5373,2003,【隔528】バーバリアンサイズはファルカストラより弱い【命中-5】,1,1.3678372474405953,0.8065328894308933,4.663439094112067,1.791759469228055,3.091042453358316,3.5553480614894135,0.0,0.9523809523809523,0.0,0.0,3.8095238095238093,1.0,0.8,0.0,0.0,0.0,0.0,0.0,0.0,0.0,0.4380952380952381,0.28571428571428575,0.22857142857142856,0.0,0.0,0.0,0.0,0.0,0.0,0.9523809523809523,0.9523809523809523,0.0,0.0,0.0,0.0
raw-L05380,5382,2003,【隔528】バーバリアンサイズはファルカストラより弱い【命中-5】,1,2.4163371129693365,0.7055830213598543,4.997212273764115,1.9459101490553132,3.2386784521643803,3.7376696182833684,0.0,1.3605442176870748,0.6802721088435374,0.0,3.401360544217687,1.0,0.6666666666666666,0.0,0.6802721088435374,0.0,0.0,0.0,0.0,0.0,0.5918367346938775,0.19727891156462588,0.17006802721088435,0.0,0.0,0.0,0.6802721088435374,0.0,0.6802721088435374,0.6802721088435374,0.6802721088435374,0.0,0.0,0.6802721088435374,0.0
raw-L05390,5392,2003,【隔528】バーバリアンサイズはファルカストラより弱い【命中-5】,1,1.198788603210604,-0.9610593869185615,4.276666119016055,1.6094379124341003,2.9311937524164198,3.1780538303479458,0.0,2.816901408450704,1.408450704225352,0.0,4.225352112676056,0.75,0.5,0.0,0.0,0.0,0.0,0.0,0.0,0.0,0.6478873239436619,0.16901408450704225,0.1267605633802817,0.0,0.0,0.0,0.0,2.816901408450704,1.408450704225352,0.0,1.408450704225352,0.0,0.0,0.0,0.0
raw-L05398,5400,2003,【隔528】バーバリアンサイズはファルカストラより弱い【命中-5】,1,0.6645906448877817,0.6744261815589593,4.127134385045092,1.6094379124341003,2.7880929087757464,3.295836866004329,0.0,1.639344262295082,0.0,0.0,4.918032786885246,1.0,0.75,0.0,0.0,0.0,0.0,0.0,0.0,0.0,0.6229508196721312,0.29508196721311475,0.06557377049180328,0.0,0.0,0.0,0.0,1.639344262295082,1.639344262295082,0.0,1.639344262295082,0.0,0.0,0.0,0.0
raw-L05406,5408,2003,【隔528】バーバリアンサイズはファルカストラより弱い【命中-5】,2,-0.6536236831414749,1.0353491485961066,4.02535169073515,1.6094379124341003,2.691243082785829,3.258096538021482,0.0,0.0,0.0,0.0,5.454545454545454,1.0,1.0,0.0,0.0,0.0,0.0,0.0,0.0,0.0,0.6363636363636364,0.2,0.14545454545454545,0.0,0.0,0.0,0.0,0.0,1.8181818181818181,0.0,0.0,0.0,0.0,0.0,0.0
raw-L05414,5416,2003,【隔528】バーバリアンサイズはファルカストラより弱い【命中-5】,1,1.1385167969419974,1.3615798156782302,4.795790545596741,1.791759469228055,3.2188758248682006,3.7376696182833684,0.0,0.0,0.0,0.0,3.3333333333333335,1.0,1.0,0.0,0.8333333333333334,0.0,0.0,0.0,0.0,0.0,0.6166666666666667,0.25,0.09166666666666666,0.0,0.0,0.0,0.0,2.5,0.8333333333333334,0.0,0.0,0.0,0.0,0.0,0.0
raw-L05423,5425,2003,【隔528】バーバリアンサイズはファルカストラより弱い【命中-5】,2,0.11978508282200732,0.47671419307363316,4.07753744390572,1.6094379124341003,2.740840023925201,3.295836866004329,0.0,1.7241379310344827,0.0,0.0,6.896551724137931,1.0,0.75,0.0,0.0,0.0,0.0,0.0,0.0,0.0,0.6379310344827587,0.24137931034482757,0.05172413793103448,0.0,0.017241379310344827,0.017241379310344827,0.0,1.7241379310344827,1.7241379310344827,0.0,0.0,0.0,0.0,0.0,0.0
raw-L05433,5435,2003,【隔528】バーバリアンサイズはファルカストラより弱い【命中-5】,2,-1.1430649383506528,0.5287483120169588,3.58351893845611,1.0986122886681098,2.917770732084279,3.4011973816621555,0.0,0.0,0.0,0.0,2.857142857142857,1.0,1.0,0.0,0.0,0.0,0.0,0.0,0.0,0.0,0.8571428571428571,0.14285714285714288,0.0,0.0,0.0,0.0,0.0,2.857142857142857,2.857142857142857,0.0,0.0,0.0,0.0,0.0,0.0
raw-L05440,5442,2003,【隔528】バーバリアンサイズはファルカストラより弱い【命中-5】,1,2.9981548469557144,1.2055659892250628,5.318119993844216,2.3978952727983707,3.0587070727153796,3.4011973816621555,0.49261083743842365,0.49261083743842365,0.0,0.0,7.389162561576355,0.9,0.8,0.1,1.477832512315271,0.0,0.0,0.0,0.0,0.0,0.6650246305418719,0.21674876847290642,0.059113300492610835,0.0,0.0,0.0,0.49261083743842365,0.9852216748768473,0.0,1.9704433497536946,0.0,0.0,0.49261083743842365,0.49261083743842365,0.0
raw-L05460,5462,2003,【隔528】バーバリアンサイズはファルカストラより弱い【命中-5】,2,-0.8404542094793579,0.9023077086203004,3.8918202981106265,1.3862943611198906,2.833213344056216,3.2188758248682006,0.0,0.0,0.0,0.0,4.166666666666667,1.0,1.0,0.0,0.0,0.0,0.0,0.0,0.0,0.0,0.8333333333333333,0.16666666666666669,0.0,0.0,0.0,0.0,0.0,0.0,2.0833333333333335,0.0,0.0,0.0,0.0,0.0,0.0
raw-L05467,5469,2003,【隔528】バーバリアンサイズはファルカストラより弱い【命中-5】,1,0.17678693643353066,0.9753053994328379,4.31748811353631,1.6094379124341003,2.970414465569701,3.7612001156935624,0.0,0.0,0.0,0.0,4.054054054054054,1.0,1.0,0.0,0.0,0.0,0.0,0.0,0.0,0.0,0.6351351351351352,0.17567567567567569,0.14864864864864866,0.0,0.0,0.0,0.0,2.7027027027027026,0.0,1.3513513513513513,0.0,0.0,0.0,0.0,0.0
raw-L05475,5477,2003,【隔528】バーバリアンサイズはファルカストラより弱い【命中-5】,1,1.0039204381979125,0.8536935064321395,4.394449154672439,1.6094379124341003,3.044522437723423,3.044522437723423,0.0,0.0,0.0,0.0,3.75,1.0,1.0,0.0,0.0,0.0,5.0,0.0,0.0,0.0,0.0,0.4,0.3625,0.0,0.0,0.0,0.0,0.0,0.0,0.0,0.0,0.0,0.0,0.0,0.0
raw-L05483,5485,2003,【隔528】バーバリアンサイズはファルカストラより弱い【命中-5】,1,1.0971042473589532,1.4799174416390464,5.14166355650266,2.0794415416798357,3.230239583518516,3.58351893845611,0.0,0.0,0.0,0.0,4.117647058823529,1.0,1.0,0.0,0.0,0.5882352941176471,0.0,0.0,0.0,0.0,0.5588235294117647,0.21176470588235294,0.18823529411764706,0.0,0.0,0.0,0.0,0.5882352941176471,0.0,1.1764705882352942,0.0,0.0,0.0,0.0,0.0
raw-L05496,5498,2003,【隔528】バーバリアンサイズはファルカストラより弱い【命中-5】,1,1.1241001431426352,1.1089192990319139,5.093750200806762,2.1972245773362196,3.056356895370426,3.5263605246161616,0.0,0.6172839506172839,0.0,0.0,4.320987654320987,1.0,0.875,0.0,0.0,0.0,0.0,0.0,0.0,0.0,0.5987654320987654,0.21604938271604937,0.13580246913580246,0.0,0.0,0.0,0.0,0.6172839506172839,0.6172839506172839,0.6172839506172839,0.0,0.0,0.0,0.0,0.0
raw-L05507,5509,2003,【隔528】バーバリアンサイズはファルカストラより弱い【命中-5】,2,-0.002043937124410733,1.132046477163391,4.110873864173311,1.3862943611198906,3.044522437723423,3.332204510175204,0.0,0.0,0.0,0.0,3.3333333333333335,1.0,1.0,0.0,0.0,0.0,0.0,0.0,0.0,0.0,0.7333333333333333,0.26666666666666666,0.0,0.0,0.0,0.0,0.0,3.3333333333333335,0.0,3.3333333333333335,0.0,0.0,0.0,1.6666666666666667,0.0
raw-L05514,5516,2003,【隔528】バーバリアンサイズはファルカストラより弱い【命中-5】,1,1.1045407639899012,1.441208020391442,4.990432586778736,1.9459101490553132,3.2321210516182215,3.7376696182833684,0.0,0.0,0.0,0.0,3.4246575342465753,1.0,1.0,0.0,0.0,0.0,0.0,0.0,0.0,0.0,0.6232876712328766,0.2808219178082192,0.08219178082191782,0.0,0.0,0.0,0.0,1.36986301369863,0.0,0.684931506849315,0.684931506849315,0.0,0.0,0.0,0.0
raw-L05524,5526,2003,【隔528】バーバリアンサイズはファルカストラより弱い【命中-5】,1,0.20178348151315037,1.5108849712716255,4.430816798843313,1.791759469228055,2.8678989020441064,3.295836866004329,0.0,0.0,0.0,0.0,4.819277108433735,1.0,1.0,0.0,0.0,0.0,0.0,0.0,0.0,0.0,0.8072289156626506,0.1927710843373494,0.0,0.0,0.0,0.0,0.0,0.0,0.0,0.0,1.2048192771084338,0.0,0.0,0.0,0.0
raw-L05533,5535,2003,【隔528】バーバリアンサイズはファルカストラより弱い【命中-5】,2,-0.9835284743366327,1.308142734273589,3.5553480614894135,1.3862943611198906,2.512305623976115,2.9444389791664403,0.0,0.0,0.0,0.0,5.882352941176471,1.0,1.0,0.0,0.0,0.0,0.0,0.0,0.0,0.0,0.676470588235294,0.23529411764705885,0.08823529411764706,0.0,0.0,0.0,0.0,2.9411764705882355,2.9411764705882355,0.0,2.9411764705882355,0.0,0.0,0.0,0.0
raw-L05540,5542,2003,【隔528】バーバリアンサイズはファルカストラより弱い【命中-5】,1,0.6142702778972036,0.08621295361951449,4.248495242049359,1.3862943611198906,3.1780538303479458,3.6109179126442243,0.0,1.4492753623188406,0.0,0.0,2.898550724637681,1.0,0.6666666666666666,0.0,0.0,0.0,0.0,0.0,0.0,0.0,0.6956521739130435,0.2318840579710145,0.057971014492753624,0.0,0.0,0.0,0.0,4.3478260869565215,2.898550724637681,0.0,0.0,0.0,0.0,1.4492753623188406,0.0
raw-L05547,5549,2003,【隔528】バーバリアンサイズはファルカストラより弱い【命中-5】,2,-1.3148370304629604,1.0248156158118804,3.5553480614894135,1.3862943611198906,2.512305623976115,2.70805020110221,0.0,0.0,0.0,0.0,5.882352941176471,1.0,1.0,0.0,0.0,0.0,0.0,0.0,0.0,0.0,0.7647058823529411,0.23529411764705885,0.0,0.0,0.0,0.0,0.0,2.9411764705882355,0.0,2.9411764705882355,0.0,0.0,0.0,0.0,0.0
raw-L05554,5556,2003,【隔528】バーバリアンサイズはファルカストラより弱い【命中-5】,2,-0.15995497005333809,1.0735092118722493,4.330733340286331,1.6094379124341003,2.9831534913471307,3.295836866004329,0.0,0.0,0.0,0.0,4.0,1.0,1.0,0.0,0.0,0.0,0.0,0.0,0.0,0.0,0.6533333333333333,0.26666666666666666,0.05333333333333333,0.0,0.0,0.026666666666666665,0.0,1.3333333333333333,1.3333333333333333,1.3333333333333333,0.0,0.0,0.0,0.0,0.0
raw-L05562,5564,2003,【隔528】バーバリアンサイズはファルカストラより弱い【命中-5】,3,5.700141351752143,-5.002265582386365,5.3230099791384085,2.1972245773362196,3.2771447329921766,3.6375861597263857,2.9411764705882355,0.0,0.0,0.0,3.4313725490196076,0.25,0.25,0.75,0.0,0.0,0.0,1.4705882352941178,0.0,0.9803921568627451,0.6176470588235294,0.19607843137254904,0.0392156862745098,0.0,0.09803921568627452,0.014705882352941178,0.0,1.4705882352941178,0.49019607843137253,0.0,0.0,0.0,0.0,0.0,0.0
raw-L05573,5575,2003,【隔528】バーバリアンサイズはファルカストラより弱い【命中-5】,3,5.458529064254329,-6.388940079510834,4.727387818712341,1.3862943611198906,3.6463198396951406,3.7376696182833684,7.142857142857143,0.8928571428571429,0.0,0.0,3.5714285714285716,0.0,0.0,1.0,0.0,0.0,0.0,0.0,0.0,0.0,0.3482142857142857,0.39285714285714285,0.13392857142857142,0.0,0.0,0.0,0.0,0.0,0.0,0.0,0.0,0.0,0.0,0.0,0.0
raw-L05581,5583,2003,【隔528】バーバリアンサイズはファルカストラより弱い【命中-5】,3,4.335433298769926,-3.108498348223562,5.375278407684165,2.0794415416798357,3.4567672328169663,4.04305126783455,2.3255813953488373,0.0,0.46511627906976744,0.0,3.255813953488372,0.5714285714285714,0.42857142857142855,0.42857142857142855,0.0,0.0,0.0,0.0,0.0,0.9302325581395349,0.6139534883720931,0.1674418604651163,0.14883720930232558,0.0,0.0,0.018604651162790697,0.0,0.9302325581395349,0.0,0.46511627906976744,0.0,0.46511627906976744,0.0,0.0,0.0
raw-L05596,5597,2003,【廃人の証】グラットンソードは最強【ナイトの宝】,2,-1.6860601699642064,-0.21633643482129358,2.70805020110221,0.6931471805599453,2.70805020110221,2.70805020110221,0.0,0.0,0.0,0.0,0.0,1.0,1.0,0.0,0.0,0.0,0.0,0.0,0.0,0.0,0.35714285714285715,0.28571428571428575,0.35714285714285715,0.0,0.0,0.0,0.0,0.0,0.0,0.0,0.0,0.0,0.0,0.0,0.0
raw-L05599,5600,2003,【廃人の証】グラットンソードは最強【ナイトの宝】,1,0.10740322083144782,0.46415739306001663,4.007333185232471,1.0986122886681098,3.332204510175204,3.367295829986474,0.0,0.0,0.0,0.0,1.8518518518518519,1.0,1.0,0.0,0.0,0.0,0.0,0.0,0.0,0.0,0.2037037037037037,0.35185185185185186,0.2962962962962963,0.0,0.037037037037037035,0.0,0.0,0.0,0.0,0.0,0.0,0.0,0.0,0.0,0.0
raw-L05604,5605,2003,【廃人の証】グラットンソードは最強【ナイトの宝】,2,0.20291700142679964,-2.365807845739414,2.6390573296152584,0.6931471805599453,2.6390573296152584,2.6390573296152584,0.0,7.6923076923076925,0.0,0.0,0.0,1.0,0.0,0.0,0.0,0.0,0.0,0.0,0.0,0.0,0.5384615384615384,0.15384615384615385,0.0,0.0,0.0,0.23076923076923075,0.0,0.0,0.0,0.0,0.0,0.0,0.0,0.0,0.0
raw-L05608,5609,2003,【廃人の証】グラットンソードは最強【ナイトの宝】,1,0.8245899812975518,0.03434254331789988,4.343805421853684,1.3862943611198906,3.270835563798912,3.4657359027997265,0.0,1.3157894736842106,0.0,0.0,2.6315789473684212,1.0,0.6666666666666666,0.0,0.0,0.0,0.0,0.0,0.0,0.0,0.6842105263157895,0.2105263157894737,0.06578947368421052,0.0,0.026315789473684213,0.0,0.0,2.6315789473684212,0.0,0.0,0.0,0.0,0.0,0.0,0.0
raw-L05614,5615,2003,【廃人の証】グラットンソードは最強【ナイトの宝】,1,-0.02726474179447504,1.075670659177876,4.330733340286331,1.6094379124341003,2.9831534913471307,3.332204510175204,0.0,0.0,0.0,0.0,4.0,1.0,1.0,0.0,0.0,0.0,0.0,0.0,0.0,0.0,0.68,0.24,0.06666666666666667,0.0,0.0,0.0,0.0,1.3333333333333333,0.0,1.3333333333333333,0.0,0.0,0.0,0.0,0.0
raw-L05620,5621,2003,【廃人の証】グラットンソードは最強【ナイトの宝】,1,0.1014436838140198,1.2185766657952595,3.784189633918261,1.3862943611198906,2.7300291078209855,3.1354942159291497,0.0,0.0,0.0,0.0,4.651162790697675,1.0,1.0,0.0,2.3255813953488373,0.0,0.0,0.0,0.0,0.0,0.7209302325581395,0.11627906976744186,0.11627906976744186,0.0,0.0,0.0,2.3255813953488373,2.3255813953488373,0.0,0.0,0.0,0.0,0.0,0.0,0.0
raw-L05626,5627,2003,【廃人の証】グラットンソードは最強【ナイトの宝】,1,-0.20544397092866915,1.04261621723407,4.02535169073515,1.6094379124341003,2.691243082785829,2.8903717578961645,0.0,0.0,0.0,0.0,5.454545454545454,1.0,1.0,0.0,0.0,0.0,0.0,0.0,0.0,0.0,0.7818181818181819,0.07272727272727272,0.14545454545454545,0.0,0.0,0.0,0.0,1.8181818181818181,0.0,1.8181818181818181,0.0,0.0,1.8181818181818181,0.0,0.0
raw-L05633,5634,2003,【廃人の証】グラットンソードは最強【ナイトの宝】,1,1.9714408710702278,0.5262855589177223,4.394449154672439,1.3862943611198906,3.3202283191284883,3.4657359027997265,0.0,1.25,0.0,0.0,2.5,1.0,0.6666666666666666,0.0,2.5,0.0,0.0,0.0,0.0,0.0,0.5875,0.275,0.0625,0.0,0.0,0.0,0.0,0.0,0.0,0.0,0.0,0.0,0.0,0.0,0.0
raw-L05641,5642,2003,【廃人の証】グラットンソードは最強【ナイトの宝】,1,0.8853671342278663,0.5957294271721182,4.59511985013459,1.791759469228055,3.0252910757955354,3.332204510175204,0.0,1.0204081632653061,0.0,0.0,4.081632653061225,1.0,0.8,0.0,0.0,0.0,0.0,0.0,0.0,0.0,0.4897959183673469,0.1836734693877551,0.29591836734693877,0.0,0.020408163265306124,0.0,0.0,0.0,0.0,0.0,0.0,0.0,0.0,1.0204081632653061,0.0
raw-L05648,5649,2003,【廃人の証】グラットンソードは最強【ナイトの宝】,2,-1.2826054348008007,0.885943432499425,3.58351893845611,1.3862943611198906,2.538973871058276,2.6390573296152584,0.0,0.0,0.0,0.0,5.714285714285714,1.0,1.0,0.0,0.0,0.0,0.0,0.0,0.0,0.0,0.6285714285714286,0.22857142857142856,0.14285714285714288,0.0,0.0,0.0,0.0,2.857142857142857,0.0,2.857142857142857,0.0,0.0,0.0,0.0,0.0
raw-L05654,5655,2003,【廃人の証】グラットンソードは最強【ナイトの宝】,1,1.1660525435110027,1.8252430979909442,4.174387269895637,1.6094379124341003,2.833213344056216,3.2188758248682006,0.0,0.0,0.0,0.0,4.6875,1.0,1.0,0.0,1.5625,0.0,0.0,0.0,0.0,0.0,0.453125,0.34375,0.125,0.0,0.015625,0.0,0.0,0.0,0.0,0.0,1.5625,0.0,0.0,0.0,0.0
raw-L05660,5661,2003,【廃人の証】グラットンソードは最強【ナイトの宝】,2,-0.27000612627222687,0.764943480014344,4.127134385045092,1.3862943611198906,3.060270794691562,3.258096538021482,0.0,0.0,0.0,0.0,3.278688524590164,1.0,1.0,0.0,0.0,0.0,0.0,0.0,0.0,0.0,0.639344262295082,0.19672131147540983,0.16393442622950818,0.0,0.0,0.0,0.0,0.0,0.0,0.0,0.0,0.0,0.0,0.0,0.0
raw-L05670,5671,2003,【廃人の証】グラットンソードは最強【ナイトの宝】,2,-1.1180994225238488,-0.434906230911965,3.8066624897703196,1.3862943611198906,2.751535313041949,2.8903717578961645,0.0,0.0,2.272727272727273,0.0,4.545454545454546,0.6666666666666666,1.0,0.0,0.0,0.0,0.0,0.0,0.0,0.0,0.5909090909090909,0.18181818181818182,0.20454545454545453,0.0,0.0,0.0,0.0,2.272727272727273,0.0,0.0,0.0,0.0,0.0,0.0,0.0
raw-L05676,5677,2003,【廃人の証】グラットンソードは最強【ナイトの宝】,2,-0.9987427972160231,0.8101842058692759,3.784189633918261,1.3862943611198906,2.7300291078209855,3.2188758248682006,0.0,0.0,0.0,0.0,4.651162790697675,1.0,1.0,0.0,0.0,0.0,0.0,0.0,0.0,0.0,0.627906976744186,0.2558139534883721,0.11627906976744186,0.0,0.0,0.0,0.0,2.3255813953488373,2.3255813953488373,0.0,0.0,0.0,0.0,0.0,0.0
raw-L05682,5683,2003,【廃人の証】グラットンソードは最強【ナイトの宝】,2,-0.49835281756583943,0.5201912061715902,3.828641396489095,1.0986122886681098,3.1570004211501135,3.295836866004329,0.0,0.0,0.0,0.0,2.2222222222222223,1.0,1.0,0.0,0.0,0.0,0.0,0.0,0.0,0.0,0.7333333333333333,0.15555555555555556,0.1111111111111111,0.0,0.0,0.0,0.0,0.0,0.0,0.0,0.0,0.0,0.0,0.0,0.0
raw-L05688,5689,2003,【廃人の証】グラットンソードは最強【ナイトの宝】,2,-1.4818787362987846,1.0723867370088467,3.4011973816621555,1.3862943611198906,2.367123614131617,2.70805020110221,0.0,0.0,0.0,0.0,6.896551724137931,1.0,1.0,0.0,0.0,0.0,0.0,0.0,0.0,0.0,0.5172413793103449,0.27586206896551724,0.0,0.0,0.0,0.20689655172413793,3.4482758620689653,0.0,0.0,0.0,0.0,0.0,0.0,0.0,0.0
raw-L05695,5696,2003,【廃人の証】グラットンソードは最強【ナイトの宝】,2,-0.5221430509382474,-0.49288131628264076,3.6635616461296463,1.0986122886681098,2.995732273553991,3.091042453358316,0.0,0.0,2.6315789473684212,0.0,2.6315789473684212,0.5,1.0,0.0,0.0,0.0,0.0,0.0,0.0,0.0,0.6578947368421052,0.2631578947368421,0.0,0.0,0.052631578947368425,0.0,0.0,2.6315789473684212,0.0,2.6315789473684212,0.0,5.2631578947368425,0.0,0.0,0.0
raw-L05701,5702,2003,【廃人の証】グラットンソードは最強【ナイトの宝】,1,2.9463871234817076,-0.5629816813953014,5.25227342804663,2.302585092994046,3.096080247388273,3.5553480614894135,0.0,9.473684210526315,0.5263157894736842,0.0,5.7894736842105265,0.8888888888888888,0.4444444444444444,0.0,0.0,0.0,0.0,0.0,0.0,0.0,0.17368421052631577,0.08947368421052632,0.5263157894736842,0.0,0.026315789473684213,0.005263157894736842,0.0,0.0,0.0,0.0,0.5263157894736842,0.0,0.0,0.0,0.0
raw-L05717,5718,2003,【廃人の証】グラットンソードは最強【ナイトの宝】,2,-0.5896447312168663,0.9544732153792552,3.9318256327243257,1.3862943611198906,2.8716796248840124,3.091042453358316,0.0,0.0,0.0,0.0,4.0,1.0,1.0,0.0,0.0,0.0,0.0,0.0,0.0,0.0,0.48,0.34,0.16,0.0,0.0,0.0,0.0,0.0,2.0,0.0,0.0,2.0,0.0,0.0,0.0
raw-L05723,5724,2003,【廃人の証】グラットンソードは最強【ナイトの宝】,2,-0.6105884870005123,0.897368137093605,3.9512437185814275,1.3862943611198906,2.8903717578961645,3.258096538021482,0.0,0.0,0.0,0.0,3.9215686274509802,1.0,1.0,0.0,0.0,0.0,0.0,0.0,0.0,0.0,0.7647058823529411,0.23529411764705885,0.0,0.0,0.0,0.0,0.0,1.9607843137254901,0.0,0.0,0.0,0.0,0.0,0.0,0.0
raw-L05728,5729,2003,【廃人の証】グラットンソードは最強【ナイトの宝】,1,0.5481217964750418,0.8753557245534789,4.143134726391533,1.3862943611198906,3.0757749812275277,3.258096538021482,0.0,0.0,0.0,0.0,3.225806451612903,1.0,1.0,0.0,0.0,0.0,0.0,0.0,0.0,0.0,0.532258064516129,0.22580645161290325,0.16129032258064516,0.0,0.0,0.04838709677419355,0.0,1.6129032258064515,0.0,3.225806451612903,0.0,0.0,1.6129032258064515,0.0,0.0
raw-L05733,5734,2003,【廃人の証】グラットンソードは最強【ナイトの宝】,1,1.5266877288303105,-0.264351283914359,4.532599493153256,1.6094379124341003,3.1780538303479458,3.4965075614664802,0.0,2.1739130434782608,0.0,0.0,3.260869565217391,1.0,0.5,0.0,0.0,0.0,0.0,0.0,0.0,0.0,0.6086956521739131,0.1956521739130435,0.17391304347826086,0.0,0.0,0.0,1.0869565217391304,1.0869565217391304,0.0,0.0,0.0,0.0,0.0,0.0,0.0
raw-L05740,5741,2003,【廃人の証】グラットンソードは最強【ナイトの宝】,1,0.7278655041713636,0.3689299502501395,4.770684624465665,2.0794415416798357,2.8743714165497236,3.4965075614664802,0.0,0.8547008547008547,1.7094017094017093,0.0,5.982905982905983,0.8571428571428571,0.8571428571428571,0.0,0.0,0.0,0.0,0.0,0.0,0.0,0.5897435897435898,0.1794871794871795,0.16239316239316237,0.0,0.0,0.025641025641025644,0.0,0.8547008547008547,0.0,0.8547008547008547,0.0,0.0,0.0,0.0,0.0
raw-L05752,5753,2003,【廃人の証】グラットンソードは最強【ナイトの宝】,1,1.448791346728747,0.8722111922003264,4.68213122712422,1.791759469228055,3.109060958860994,3.332204510175204,0.0,0.9345794392523364,0.0,0.0,3.7383177570093458,1.0,0.8,0.0,0.9345794392523364,0.0,0.0,0.0,0.0,0.0,0.5420560747663551,0.24299065420560748,0.14018691588785046,0.0,0.018691588785046728,0.0,0.9345794392523364,2.803738317757009,0.0,0.0,0.0,0.0,0.0,0.0,0.0
raw-L05760,5761,2003,【廃人の証】グラットンソードは最強【ナイトの宝】,0,-0.4896042079104655,-1.0967313543962793,3.8501476017100584,1.0986122886681098,3.1780538303479458,3.295836866004329,0.0,0.0,2.1739130434782608,0.0,2.1739130434782608,0.5,1.0,0.0,0.0,0.0,0.0,0.0,0.0,0.0,0.5217391304347826,0.10869565217391304,0.34782608695652173,0.0,0.0,0.0,0.0,0.0,0.0,0.0,0.0,0.0,0.0,0.0,0.0
raw-L05765,5766,2003,【廃人の証】グラットンソードは最強【ナイトの宝】,2,-0.7959402262460888,0.09828981825079912,4.007333185232471,1.6094379124341003,2.6741486494265287,3.2188758248682006,0.0,0.0,1.8518518518518519,0.0,5.555555555555555,0.75,1.0,0.0,0.0,0.0,0.0,0.0,0.0,0.0,0.6111111111111112,0.16666666666666669,0.2037037037037037,0.0,0.0,0.0,0.0,0.0,1.8518518518518519,0.0,0.0,0.0,0.0,0.0,0.0
raw-L05771,5772,2003,【廃人の証】グラットンソードは最強【ナイトの宝】,1,0.9166847859953937,-1.0373634806786933,4.382026634673881,1.3862943611198906,3.3081069585961433,3.5263605246161616,0.0,1.2658227848101267,1.2658227848101267,0.0,2.5316455696202533,0.6666666666666666,0.6666666666666666,0.0,0.0,0.0,0.0,0.0,0.0,0.0,0.5316455696202531,0.1518987341772152,0.27848101265822783,0.0,0.0,0.0,0.0,1.2658227848101267,0.0,0.0,0.0,0.0,0.0,0.0,0.0
raw-L05778,5779,2003,【廃人の証】グラットンソードは最強【ナイトの宝】,1,1.312752751920992,1.8135647452391406,4.356708826689592,1.6094379124341003,3.0081547935525483,3.367295829986474,0.0,0.0,0.0,0.0,3.896103896103896,1.0,1.0,0.0,1.2987012987012987,0.0,0.0,0.0,0.0,0.0,0.7272727272727273,0.24675324675324675,0.0,0.0,0.0,0.0,1.2987012987012987,1.2987012987012987,0.0,1.2987012987012987,1.2987012987012987,0.0,0.0,0.0,0.0
raw-L05786,5787,2003,【廃人の証】グラットンソードは最強【ナイトの宝】,2,-1.1400708244842064,0.7002114756295544,3.4657359027997265,1.0986122886681098,2.803360380906535,2.833213344056216,0.0,0.0,0.0,0.0,3.225806451612903,1.0,1.0,0.0,0.0,0.0,0.0,0.0,0.0,0.0,0.6451612903225806,0.3548387096774194,0.0,0.0,0.0,0.0,0.0,0.0,0.0,0.0,0.0,0.0,0.0,0.0,0.0
raw-L05793,5794,2003,【廃人の証】グラットンソードは最強【ナイトの宝】,1,0.3039597014868133,0.04609958406386056,4.1588830833596715,1.3862943611198906,3.091042453358316,3.367295829986474,0.0,0.0,1.5873015873015872,0.0,3.1746031746031744,0.6666666666666666,1.0,0.0,0.0,0.0,0.0,0.0,0.0,0.0,0.5238095238095238,0.19047619047619047,0.2380952380952381,0.0,0.031746031746031744,0.0,0.0,1.5873015873015872,0.0,4.761904761904762,0.0,0.0,0.0,1.5873015873015872,0.0
raw-L05799,5800,2003,【廃人の証】グラットンソードは最強【ナイトの宝】,1,1.6095885985979508,0.7676888850690927,4.465908118654584,1.6094379124341003,3.1135153092103742,3.258096538021482,0.0,1.1627906976744187,0.0,0.0,3.488372093023256,1.0,0.75,0.0,2.3255813953488373,0.0,0.0,0.0,0.0,0.0,0.686046511627907,0.1511627906976744,0.08139534883720931,0.0,0.023255813953488372,0.0,1.1627906976744187,3.488372093023256,0.0,1.1627906976744187,0.0,0.0,0.0,0.0,0.0
raw-L05806,5807,2003,【廃人の証】グラットンソードは最強【ナイトの宝】,1,0.270243567986974,1.1093448057984345,4.61512051684126,1.791759469228055,3.044522437723423,3.258096538021482,0.0,0.0,0.0,0.0,4.0,1.0,1.0,0.0,0.0,0.0,0.0,0.0,0.0,0.0,0.59,0.19,0.18,0.0,0.01,0.0,0.0,0.0,0.0,1.0,0.0,0.0,0.0,0.0,0.0
raw-L05814,5815,2003,【廃人の証】グラットンソードは最強【ナイトの宝】,1,0.9354730265433633,1.069576231662903,4.897839799950911,1.6094379124341003,3.5336865647082343,3.6635616461296463,0.0,0.0,0.0,0.0,2.255639097744361,1.0,1.0,0.0,0.0,0.0,0.0,0.0,0.0,0.0,0.5864661654135338,0.2932330827067669,0.10526315789473685,0.0,0.0,0.007518796992481203,0.0,0.0,0.0,0.0,0.0,0.7518796992481203,0.0,0.0,0.0
raw-L05822,5823,2003,【廃人の証】グラットンソードは最強【ナイトの宝】,2,-0.24720326669678758,0.9177615410633265,3.7376696182833684,1.0986122886681098,3.068052935133617,3.091042453358316,0.0,0.0,0.0,0.0,2.4390243902439024,1.0,1.0,0.0,0.0,0.0,0.0,0.0,0.0,0.0,0.6097560975609756,0.29268292682926833,0.07317073170731708,0.0,0.0,0.0,0.0,0.0,0.0,2.4390243902439024,0.0,0.0,0.0,2.4390243902439024,0.0
raw-L05827,5828,2003,【廃人の証】グラットンソードは最強【ナイトの宝】,2,-0.2025736919621743,0.7220307121298573,4.110873864173311,1.3862943611198906,3.044522437723423,3.4011973816621555,0.0,0.0,0.0,0.0,3.3333333333333335,1.0,1.0,0.0,0.0,0.0,0.0,0.0,0.0,0.0,0.5166666666666666,0.25,0.2,0.0,0.0,0.0,0.0,1.6666666666666667,0.0,0.0,0.0,0.0,0.0,0.0,0.0
raw-L05833,5834,2003,【廃人の証】グラットンソードは最強【ナイトの宝】,1,1.6438223817187547,0.8191475306438479,4.9344739331306915,1.791759469228055,3.353406717825807,3.828641396489095,0.0,0.7246376811594203,0.0,0.0,2.898550724637681,1.0,0.8,0.0,0.0,0.0,0.0,0.0,0.0,0.0,0.5797101449275363,0.2318840579710145,0.14492753623188406,0.0,0.0,0.0,0.0,0.7246376811594203,0.0,0.7246376811594203,0.7246376811594203,0.0,0.0,0.0,0.0
raw-L05840,5841,2003,【廃人の証】グラットンソードは最強【ナイトの宝】,2,-0.9026494828204201,1.1061260481583912,3.6888794541139363,1.3862943611198906,2.6390573296152584,3.1780538303479458,0.0,0.0,0.0,0.0,5.128205128205129,1.0,1.0,0.0,0.0,0.0,0.0,0.0,0.0,0.0,0.8974358974358974,0.10256410256410257,0.0,0.0,0.0,0.0,0.0,0.0,0.0,0.0,0.0,2.5641025641025643,0.0,0.0,0.0
raw-L05846,5847,2003,【廃人の証】グラットンソードは最強【ナイトの宝】,1,0.955389231515138,0.3589286628436282,4.477336814478207,1.6094379124341003,3.1245651453969594,3.5553480614894135,0.0,1.1494252873563218,0.0,0.0,3.4482758620689653,1.0,0.75,0.0,0.0,0.0,0.0,0.0,0.0,0.0,0.5172413793103449,0.24137931034482757,0.1954022988505747,0.0,0.0,0.0,0.0,0.0,1.1494252873563218,1.1494252873563218,0.0,0.0,0.0,0.0,0.0
raw-L05853,5854,2003,【廃人の証】グラットンソードは最強【ナイトの宝】,1,1.3099412042910255,0.9300988451768429,5.0106352940962555,1.9459101490553132,3.2516656476911914,3.4011973816621555,0.0,0.6711409395973155,0.0,0.0,3.3557046979865772,1.0,0.8333333333333334,0.0,0.0,0.0,0.0,0.0,0.0,0.0,0.6241610738255033,0.20134228187919462,0.16107382550335572,0.0,0.0,0.0,0.0,0.0,0.0,2.0134228187919465,0.0,0.0,0.0,0.6711409395973155,0.0
raw-L05862,5863,2003,【廃人の証】グラットンソードは最強【ナイトの宝】,1,0.16984915446561252,1.2566075055511015,4.51085950651685,1.791759469228055,2.9444389791664403,3.332204510175204,0.0,0.0,0.0,0.0,4.444444444444445,1.0,1.0,0.0,0.0,0.0,0.0,0.0,0.0,0.0,0.5666666666666667,0.26666666666666666,0.1,0.0,0.0,0.022222222222222223,0.0,0.0,0.0,0.0,0.0,1.1111111111111112,0.0,0.0,0.0
raw-L05869,5870,2003,【廃人の証】グラットンソードは最強【ナイトの宝】,2,-0.26387786029607235,0.8104109574720004,3.9512437185814275,1.3862943611198906,2.8903717578961645,3.367295829986474,0.0,0.0,0.0,0.0,3.9215686274509802,1.0,1.0,0.0,0.0,0.0,0.0,0.0,0.0,0.0,0.6078431372549019,0.1568627450980392,0.19607843137254904,0.0,0.0,0.0,0.0,0.0,0.0,1.9607843137254901,0.0,0.0,0.0,0.0,0.0
raw-L05875,5876,2003,【廃人の証】グラットンソードは最強【ナイトの宝】,2,-1.9752149437649382,0.6033715880159278,3.2188758248682006,1.0986122886681098,2.5649493574615367,2.772588722239781,0.0,0.0,0.0,0.0,4.166666666666667,1.0,1.0,0.0,0.0,0.0,0.0,0.0,0.0,0.0,0.8333333333333333,0.16666666666666669,0.0,0.0,0.0,0.0,0.0,0.0,4.166666666666667,0.0,0.0,0.0,0.0,0.0,0.0
raw-L05881,5882,2003,【廃人の証】グラットンソードは最強【ナイトの宝】,1,-0.04404178001999665,0.8477193857832098,4.23410650459726,1.3862943611198906,3.164067588373206,3.2188758248682006,0.0,0.0,0.0,0.0,2.9411764705882355,1.0,1.0,0.0,0.0,0.0,0.0,0.0,0.0,0.0,0.5882352941176471,0.2058823529411765,0.10294117647058824,0.0,0.05882352941176471,0.0,0.0,0.0,0.0,0.0,0.0,0.0,0.0,0.0,0.0
raw-L05887,5888,2003,【廃人の証】グラットンソードは最強【ナイトの宝】,1,-0.03076431572542242,0.8910600175137844,4.454347296253507,1.6094379124341003,3.1023420086122493,3.295836866004329,0.0,0.0,0.0,0.0,3.5294117647058822,1.0,1.0,0.0,0.0,0.0,0.0,0.0,0.0,0.0,0.7294117647058823,0.11764705882352942,0.15294117647058825,0.0,0.0,0.0,0.0,2.3529411764705883,0.0,1.1764705882352942,0.0,0.0,0.0,0.0,0.0
raw-L05893,5894,2003,【廃人の証】グラットンソードは最強【ナイトの宝】,1,0.2982910794470764,1.2078500508727044,4.564348191467836,1.791759469228055,2.995732273553991,3.4339872044851463,0.0,0.0,0.0,0.0,4.2105263157894735,1.0,1.0,0.0,0.0,0.0,0.0,0.0,0.0,0.0,0.6210526315789474,0.15789473684210525,0.15789473684210525,0.0,0.06315789473684211,0.0,0.0,1.0526315789473684,0.0,0.0,0.0,1.0526315789473684,0.0,0.0,0.0
raw-L05900,5901,2003,【廃人の証】グラットンソードは最強【ナイトの宝】,2,-0.4030053872400283,0.9361333841413919,3.8918202981106265,1.3862943611198906,2.833213344056216,3.4011973816621555,0.0,0.0,0.0,0.0,4.166666666666667,1.0,1.0,0.0,0.0,0.0,0.0,0.0,0.0,0.0,0.6666666666666667,0.16666666666666669,0.16666666666666669,0.0,0.0,0.0,0.0,0.0,0.0,0.0,0.0,2.0833333333333335,0.0,0.0,0.0
raw-L05906,5907,2003,【廃人の証】グラットンソードは最強【ナイトの宝】,2,-0.7282469214297885,0.7550280737511669,3.7612001156935624,1.3862943611198906,2.70805020110221,3.4011973816621555,0.0,0.0,0.0,0.0,4.761904761904762,1.0,1.0,0.0,0.0,0.0,0.0,0.0,0.0,0.0,0.5714285714285715,0.16666666666666669,0.19047619047619047,0.0,0.023809523809523808,0.047619047619047616,0.0,2.380952380952381,0.0,0.0,0.0,0.0,0.0,0.0,0.0
raw-L05912,5913,2003,【廃人の証】グラットンソードは最強【ナイトの宝】,1,0.37419774942295997,0.7727761282572284,4.795790545596741,1.9459101490553132,3.044522437723423,3.332204510175204,0.0,0.0,0.8333333333333334,0.0,4.166666666666667,0.8333333333333334,1.0,0.0,0.0,0.0,0.0,0.0,0.0,0.8333333333333334,0.6833333333333332,0.14166666666666666,0.15,0.0,0.016666666666666666,0.0,0.0,0.8333333333333334,0.0,0.8333333333333334,0.0,0.0,0.0,0.0,0.0
raw-L05920,5921,2003,【廃人の証】グラットンソードは最強【ナイトの宝】,1,-0.2221286884070637,1.1487904070824175,4.3694478524670215,1.791759469228055,2.8094026953624978,3.044522437723423,0.0,0.0,0.0,0.0,5.128205128205129,1.0,1.0,0.0,0.0,0.0,0.0,0.0,0.0,0.0,0.6025641025641025,0.20512820512820515,0.1794871794871795,0.0,0.0,0.0,1.2820512820512822,0.0,0.0,0.0,0.0,0.0,0.0,0.0,0.0
raw-L05928,5929,2003,【廃人の証】グラットンソードは最強【ナイトの宝】,2,-1.184032929743284,0.6636272844703053,3.6375861597263857,1.3862943611198906,2.5902671654458267,2.8903717578961645,0.0,0.0,0.0,0.0,5.405405405405405,1.0,1.0,0.0,0.0,0.0,0.0,0.0,0.0,0.0,0.35135135135135137,0.13513513513513514,0.24324324324324323,0.0,0.027027027027027025,0.24324324324324323,0.0,0.0,0.0,0.0,0.0,0.0,0.0,0.0,0.0
raw-L05934,5935,2003,【廃人の証】グラットンソードは最強【ナイトの宝】,1,0.08129458929646338,0.5841311293123327,3.8918202981106265,1.0986122886681098,3.2188758248682006,3.5553480614894135,0.0,0.0,0.0,0.0,2.0833333333333335,1.0,1.0,0.0,0.0,0.0,0.0,0.0,0.0,0.0,0.5,0.10416666666666666,0.22916666666666669,0.0,0.16666666666666669,0.0,0.0,0.0,0.0,0.0,0.0,0.0,0.0,0.0,0.0
raw-L05940,5941,2003,【廃人の証】グラットンソードは最強【ナイトの宝】,1,0.9607571019161463,0.046716771253520174,4.532599493153256,1.6094379124341003,3.1780538303479458,3.4011973816621555,0.0,2.1739130434782608,0.0,0.0,3.260869565217391,1.0,0.75,0.0,0.0,0.0,0.0,0.0,0.0,0.0,0.6630434782608695,0.16304347826086957,0.13043478260869565,0.0,0.0,0.010869565217391304,0.0,1.0869565217391304,1.0869565217391304,0.0,0.0,0.0,0.0,0.0,0.0
raw-L05947,5948,2003,【廃人の証】グラットンソードは最強【ナイトの宝】,1,0.10822497912134331,1.4109230937693165,3.8501476017100584,1.3862943611198906,2.793208009442517,3.1354942159291497,0.0,0.0,0.0,0.0,4.3478260869565215,1.0,1.0,0.0,0.0,0.0,0.0,0.0,0.0,0.0,0.5652173913043478,0.32608695652173914,0.10869565217391304,0.0,0.0,0.0,0.0,0.0,0.0,2.1739130434782608,2.1739130434782608,0.0,0.0,0.0,0.0
raw-L05953,5954,2003,【廃人の証】グラットンソードは最強【ナイトの宝】,1,0.01904619023027203,-0.7298128503207165,4.02535169073515,1.0986122886681098,3.349904087274605,3.4965075614664802,0.0,0.0,1.8181818181818181,0.0,1.8181818181818181,0.5,1.0,0.0,0.0,0.0,0.0,0.0,0.0,0.0,0.6,0.18181818181818182,0.12727272727272726,0.0,0.0,0.05454545454545454,7.2727272727272725,0.0,0.0,0.0,0.0,0.0,0.0,0.0,0.0
raw-L05957,5958,2003,【廃人の証】グラットンソードは最強【ナイトの宝】,1,0.8928094047603422,0.3034646632322987,4.543294782270004,1.6094379124341003,3.188416617383492,3.4011973816621555,0.0,1.075268817204301,0.0,0.0,3.225806451612903,1.0,0.75,0.0,0.0,0.0,0.0,0.0,0.0,0.0,0.4946236559139785,0.25806451612903225,0.22580645161290325,0.0,0.01075268817204301,0.0,0.0,1.075268817204301,0.0,0.0,0.0,0.0,0.0,0.0,0.0
raw-L05964,5965,2003,【廃人の証】グラットンソードは最強【ナイトの宝】,1,0.030601750397674172,1.2185071280009783,3.9318256327243257,1.3862943611198906,2.8716796248840124,3.044522437723423,0.0,0.0,0.0,0.0,4.0,1.0,1.0,0.0,0.0,0.0,0.0,0.0,0.0,0.0,0.38,0.38,0.2,0.0,0.0,0.0,0.0,0.0,0.0,0.0,2.0,0.0,0.0,0.0,0.0
raw-L05970,5971,2003,【廃人の証】グラットンソードは最強【ナイトの宝】,2,-3.253633301838041,-0.0260146035121332,1.791759469228055,0.6931471805599453,1.791759469228055,1.791759469228055,0.0,0.0,0.0,0.0,0.0,1.0,1.0,0.0,0.0,0.0,0.0,0.0,0.0,0.0,0.4,0.6,0.0,0.0,0.0,0.0,0.0,0.0,0.0,0.0,0.0,0.0,0.0,0.0,0.0
raw-L05975,5976,2003,【廃人の証】グラットンソードは最強【ナイトの宝】,2,-0.7926083584364897,0.44379942566690234,3.5263605246161616,1.0986122886681098,2.8622008809294686,3.1354942159291497,0.0,0.0,0.0,0.0,3.0303030303030303,1.0,1.0,0.0,0.0,0.0,0.0,0.0,0.0,0.0,0.3939393939393939,0.30303030303030304,0.30303030303030304,0.0,0.0,0.0,0.0,0.0,0.0,0.0,0.0,0.0,0.0,0.0,0.0
raw-L05979,5980,2003,【廃人の証】グラットンソードは最強【ナイトの宝】,2,-0.3722869628589306,0.4058426381396868,3.8066624897703196,1.0986122886681098,3.1354942159291497,3.295836866004329,0.0,0.0,0.0,0.0,2.272727272727273,1.0,1.0,0.0,0.0,0.0,0.0,0.0,0.0,0.0,0.5227272727272727,0.18181818181818182,0.2727272727272727,0.0,0.0,0.0,0.0,2.272727272727273,0.0,2.272727272727273,0.0,0.0,0.0,0.0,0.0
raw-L05983,5984,2003,【廃人の証】グラットンソードは最強【ナイトの宝】,2,-0.17504794245497704,0.7942584659412242,4.248495242049359,1.3862943611198906,3.1780538303479458,3.367295829986474,0.0,0.0,0.0,0.0,2.898550724637681,1.0,1.0,0.0,0.0,0.0,0.0,0.0,0.0,0.0,0.681159420289855,0.2028985507246377,0.10144927536231885,0.0,0.0,0.0,0.0,0.0,1.4492753623188406,0.0,0.0,0.0,0.0,0.0,0.0
raw-L05989,5990,2003,【廃人の証】グラットンソードは最強【ナイトの宝】,2,-1.9358256748492286,-0.05116463920271289,2.70805020110221,0.6931471805599453,2.70805020110221,2.70805020110221,0.0,0.0,0.0,0.0,0.0,1.0,1.0,0.0,0.0,0.0,0.0,0.0,0.0,0.0,0.5714285714285715,0.21428571428571427,0.0,0.0,0.0,0.21428571428571427,0.0,0.0,0.0,0.0,0.0,0.0,0.0,0.0,0.0
raw-L05994,5995,2003,【廃人の証】グラットンソードは最強【ナイトの宝】,1,1.2031885773922149,1.154146873448508,4.653960350157523,1.6094379124341003,3.295836866004329,3.5553480614894135,0.0,0.0,0.0,0.0,2.8846153846153846,1.0,1.0,0.0,0.0,0.0,0.0,0.0,0.0,0.0,0.5096153846153846,0.2403846153846154,0.22115384615384617,0.0,0.009615384615384616,0.0,0.0,0.9615384615384616,0.0,0.9615384615384616,0.9615384615384616,0.0,0.9615384615384616,0.0,0.0
raw-L06000,6001,2003,【廃人の証】グラットンソードは最強【ナイトの宝】,1,0.8172060675156706,0.8924770663089424,4.727387818712341,1.9459101490553132,2.9789251552376097,3.1780538303479458,0.0,0.8928571428571429,0.0,0.0,4.464285714285714,1.0,0.8333333333333334,0.0,0.0,0.0,0.0,0.0,0.0,0.0,0.625,0.22321428571428573,0.11607142857142858,0.0,0.0,0.026785714285714284,0.8928571428571429,0.0,0.0,1.7857142857142858,0.0,0.0,0.0,0.0,0.0
raw-L06008,6009,2003,【廃人の証】グラットンソードは最強【ナイトの宝】,1,1.3490332489726542,0.09207650070644748,4.61512051684126,1.6094379124341003,3.258096538021482,3.4657359027997265,0.0,1.0,1.0,0.0,3.0,1.0,0.75,0.0,0.0,0.0,0.0,0.0,0.0,0.0,0.49,0.2,0.23,0.0,0.0,0.03,0.0,1.0,0.0,1.0,0.0,0.0,1.0,0.0,0.0
raw-L06015,6016,2003,【廃人の証】グラットンソードは最強【ナイトの宝】,1,0.29442470879450366,0.6441023877055323,4.23410650459726,1.791759469228055,2.681021528714291,3.1780538303479458,0.0,1.4705882352941178,0.0,0.0,5.882352941176471,1.0,0.8,0.0,0.0,0.0,0.0,0.0,0.0,0.0,0.6323529411764706,0.25,0.10294117647058824,0.0,0.0,0.0,0.0,0.0,0.0,0.0,0.0,0.0,0.0,0.0,0.0
raw-L06023,6024,2003,【廃人の証】グラットンソードは最強【ナイトの宝】,1,0.21734869390316622,1.0668083734577032,4.330733340286331,1.6094379124341003,2.9831534913471307,3.044522437723423,0.0,0.0,0.0,0.0,4.0,1.0,1.0,0.0,0.0,0.0,0.0,0.0,0.0,0.0,0.33333333333333337,0.10666666666666666,0.2533333333333333,0.0,0.04,0.16,0.0,0.0,0.0,1.3333333333333333,1.3333333333333333,0.0,0.0,0.0,0.0
raw-L06030,6031,2003,【廃人の証】グラットンソードは最強【ナイトの宝】,1,1.2273235229676351,-1.5601795215954812,4.248495242049359,1.0986122886681098,3.56953269648137,3.6635616461296463,0.0,1.4492753623188406,1.4492753623188406,0.0,1.4492753623188406,0.5,0.5,0.0,0.0,0.0,0.0,0.0,0.0,0.0,0.6666666666666667,0.30434782608695654,0.0,0.0,0.0,0.0,0.0,0.0,1.4492753623188406,0.0,0.0,0.0,0.0,0.0,0.0
raw-L06035,6036,2003,【廃人の証】グラットンソードは最強【ナイトの宝】,1,1.185719307509179,-0.47226866260537514,4.007333185232471,1.0986122886681098,3.332204510175204,3.6375861597263857,0.0,1.8518518518518519,0.0,0.0,1.8518518518518519,1.0,0.5,0.0,0.0,0.0,0.0,0.0,0.0,0.0,0.5925925925925926,0.2777777777777778,0.0925925925925926,0.0,0.0,0.0,0.0,0.0,1.8518518518518519,1.8518518518518519,0.0,0.0,0.0,0.0,0.0
raw-L06042,6043,2003,【廃人の証】グラットンソードは最強【ナイトの宝】,1,0.8603582104155154,0.4621276807900813,4.406719247264253,1.6094379124341003,3.056356895370426,3.367295829986474,0.0,1.2345679012345678,0.0,0.0,4.938271604938271,1.0,0.75,0.0,0.0,0.0,0.0,0.0,0.0,0.0,0.45679012345679015,0.2962962962962963,0.2222222222222222,0.0,0.0,0.0,0.0,0.0,0.0,1.2345679012345678,0.0,0.0,0.0,0.0,0.0
raw-L06052,6053,2003,【廃人の証】グラットンソードは最強【ナイトの宝】,1,1.22755419076214,0.8761874187486434,4.9344739331306915,1.9459101490553132,3.1780538303479458,3.6635616461296463,0.0,0.7246376811594203,0.0,0.0,3.6231884057971016,1.0,0.8333333333333334,0.0,0.0,0.0,0.0,0.0,0.0,0.0,0.5797101449275363,0.2536231884057971,0.15942028985507245,0.0,0.0,0.0,0.0,0.7246376811594203,0.0,0.0,0.0,0.7246376811594203,0.0,0.0,0.0
raw-L06061,6062,2003,【廃人の証】グラットンソードは最強【ナイトの宝】,2,0.17626356788421912,-0.20729769330082035,3.7612001156935624,1.3862943611198906,2.70805020110221,3.1354942159291497,0.0,2.380952380952381,0.0,0.0,4.761904761904762,1.0,0.6666666666666666,0.0,0.0,0.0,0.0,0.0,0.0,0.0,0.5952380952380952,0.2380952380952381,0.11904761904761905,0.0,0.0,0.0,0.0,2.380952380952381,0.0,0.0,0.0,0.0,0.0,0.0,0.0
raw-L06067,6068,2003,【廃人の証】グラットンソードは最強【ナイトの宝】,1,-0.06558288538213339,0.7738301486496417,3.8501476017100584,1.0986122886681098,3.1780538303479458,3.5553480614894135,0.0,0.0,0.0,0.0,2.1739130434782608,1.0,1.0,0.0,0.0,0.0,0.0,0.0,0.0,0.0,0.6956521739130435,0.17391304347826086,0.0,0.0,0.13043478260869565,0.0,0.0,0.0,0.0,0.0,0.0,0.0,0.0,0.0,0.0
raw-L06073,6074,2003,【廃人の証】グラットンソードは最強【ナイトの宝】,2,-0.43100138406572674,0.6962529880975536,3.828641396489095,1.0986122886681098,3.1570004211501135,3.1780538303479458,0.0,0.0,0.0,0.0,2.2222222222222223,1.0,1.0,0.0,0.0,0.0,0.0,0.0,0.0,0.0,0.6666666666666667,0.2,0.0,0.0,0.13333333333333333,0.0,0.0,2.2222222222222223,0.0,0.0,0.0,0.0,0.0,0.0,0.0
raw-L06078,6079,2003,【廃人の証】グラットンソードは最強【ナイトの宝】,2,-0.40985771738239346,-0.5534128771262752,3.7612001156935624,1.0986122886681098,3.091042453358316,3.1780538303479458,0.0,0.0,2.380952380952381,0.0,2.380952380952381,0.5,1.0,0.0,0.0,0.0,0.0,0.0,0.0,0.0,0.6904761904761905,0.14285714285714288,0.0,0.0,0.14285714285714288,0.0,0.0,0.0,0.0,0.0,0.0,2.380952380952381,0.0,0.0,0.0
raw-L06084,6085,2003,【廃人の証】グラットンソードは最強【ナイトの宝】,1,0.9665078221110603,-2.0407986081960776,2.833213344056216,0.6931471805599453,2.833213344056216,2.833213344056216,0.0,6.25,0.0,0.0,0.0,1.0,0.0,0.0,0.0,0.0,0.0,0.0,0.0,0.0,0.625,0.125,0.0,0.0,0.1875,0.0,0.0,0.0,0.0,0.0,0.0,0.0,0.0,0.0,0.0
raw-L06088,6089,2003,【廃人の証】グラットンソードは最強【ナイトの宝】,1,1.394486890585254,0.24033065501725662,4.990432586778736,1.9459101490553132,3.2321210516182215,3.4339872044851463,0.0,0.684931506849315,1.36986301369863,0.0,3.4246575342465753,0.8333333333333334,0.8333333333333334,0.0,0.0,0.0,0.0,0.0,0.0,0.0,0.48630136986301375,0.14383561643835616,0.3150684931506849,0.0,0.03424657534246575,0.0,0.0,0.0,0.0,1.36986301369863,0.684931506849315,0.0,0.0,0.0,0.0
raw-L06097,6098,2003,【廃人の証】グラットンソードは最強【ナイトの宝】,1,1.156062591664068,0.03963503079801616,4.532599493153256,1.3862943611198906,3.455264602932431,3.6635616461296463,0.0,1.0869565217391304,0.0,0.0,2.1739130434782608,1.0,0.6666666666666666,0.0,0.0,0.0,0.0,0.0,0.0,0.0,0.5978260869565217,0.21739130434782608,0.17391304347826086,0.0,0.0,0.0,0.0,0.0,1.0869565217391304,0.0,0.0,0.0,0.0,0.0,0.0
raw-L06103,6104,2003,【廃人の証】グラットンソードは最強【ナイトの宝】,2,-0.26770594147923144,0.794796015512276,4.553876891600541,1.791759469228055,2.9856819377004897,3.1354942159291497,0.0,0.0,1.0638297872340425,0.0,4.25531914893617,1.0,1.0,0.0,0.0,0.0,0.0,0.0,0.0,0.0,0.6276595744680852,0.1702127659574468,0.1595744680851064,0.0,0.0,0.031914893617021274,0.0,0.0,2.127659574468085,0.0,0.0,0.0,0.0,0.0,0.0
raw-L06112,6113,2003,【廃人の証】グラットンソードは最強【ナイトの宝】,2,-0.18862731521755147,1.1727441238175071,4.356708826689592,1.791759469228055,2.797281334830153,3.295836866004329,0.0,0.0,0.0,0.0,5.194805194805195,1.0,1.0,0.0,0.0,0.0,0.0,0.0,0.0,0.0,0.6363636363636364,0.2337662337662338,0.12987012987012986,0.0,0.0,0.0,0.0,1.2987012987012987,0.0,0.0,0.0,0.0,0.0,0.0,0.0
raw-L06121,6122,2003,【廃人の証】グラットンソードは最強【ナイトの宝】,1,-0.12911035219428763,0.9691515876152615,3.6635616461296463,1.0986122886681098,2.995732273553991,3.1780538303479458,0.0,0.0,0.0,0.0,2.6315789473684212,1.0,1.0,0.0,0.0,0.0,0.0,0.0,0.0,0.0,0.5526315789473685,0.2368421052631579,0.13157894736842105,0.0,0.0,0.07894736842105263,0.0,0.0,0.0,0.0,2.6315789473684212,0.0,0.0,0.0,0.0
raw-L06129,6130,2003,【廃人の証】グラットンソードは最強【ナイトの宝】,1,0.6498935534944555,1.2232400084501707,4.736198448394496,1.9459101490553132,2.987364023883474,3.295836866004329,0.0,0.0,0.0,0.0,4.424778761061947,1.0,1.0,0.0,0.0,0.0,0.0,0.0,0.0,0.0,0.584070796460177,0.17699115044247787,0.22123893805309736,0.0,0.0,0.0,0.0,0.8849557522123894,0.8849557522123894,1.7699115044247788,0.0,0.0,0.8849557522123894,0.0,0.0
raw-L06138,6139,2003,【廃人の証】グラットンソードは最強【ナイトの宝】,1,1.7659599969652087,0.27401419911621155,4.189654742026425,1.3862943611198906,3.120895416507997,3.295836866004329,0.0,1.5384615384615385,0.0,0.0,3.076923076923077,1.0,0.6666666666666666,0.0,0.0,0.0,0.0,0.0,0.0,0.0,0.4307692307692308,0.2923076923076923,0.23076923076923075,0.0,0.015384615384615385,0.0,0.0,3.076923076923077,0.0,1.5384615384615385,1.5384615384615385,0.0,1.5384615384615385,0.0,0.0
raw-L06144,6145,2003,【廃人の証】グラットンソードは最強【ナイトの宝】,2,-0.7787375029784621,0.941261432737376,3.258096538021482,1.0986122886681098,2.6026896854443837,2.833213344056216,0.0,0.0,0.0,0.0,4.0,1.0,1.0,0.0,0.0,0.0,0.0,0.0,0.0,0.0,0.44,0.32,0.08,0.0,0.16,0.0,0.0,0.0,0.0,4.0,0.0,0.0,0.0,0.0,0.0
raw-L06150,6151,2003,【廃人の証】グラットンソードは最強【ナイトの宝】,1,0.6757857743024482,0.09827076741354593,3.970291913552122,1.3862943611198906,2.908720896564361,3.332204510175204,0.0,1.9230769230769231,0.0,0.0,3.8461538461538463,1.0,0.6666666666666666,0.0,0.0,0.0,0.0,0.0,0.0,0.0,0.40384615384615385,0.4230769230769231,0.0,0.0,0.05769230769230769,0.05769230769230769,0.0,1.9230769230769231,0.0,0.0,0.0,0.0,0.0,0.0,0.0
raw-L06156,6157,2003,【廃人の証】グラットンソードは最強【ナイトの宝】,1,1.194725620370977,0.18243292006761883,4.3694478524670215,1.3862943611198906,3.295836866004329,3.367295829986474,0.0,1.2820512820512822,0.0,0.0,2.5641025641025643,1.0,0.6666666666666666,0.0,0.0,0.0,0.0,0.0,0.0,0.0,0.39743589743589747,0.39743589743589747,0.1923076923076923,0.0,0.0,0.0,0.0,0.0,0.0,1.2820512820512822,0.0,1.2820512820512822,0.0,0.0,0.0
raw-L06161,6162,2003,【廃人の証】グラットンソードは最強【ナイトの宝】,1,1.1383645380253442,0.8713629680208222,4.6443908991413725,1.791759469228055,3.0726933146901194,3.5553480614894135,0.0,0.970873786407767,0.0,0.0,3.883495145631068,1.0,0.8,0.0,0.0,0.0,0.0,0.0,0.0,0.0,0.7184466019417475,0.1941747572815534,0.07766990291262137,0.0,0.0,0.0,0.0,0.0,0.0,0.0,0.970873786407767,0.0,0.0,0.0,0.0
raw-L06169,6170,2003,【廃人の証】グラットンソードは最強【ナイトの宝】,2,-0.9783365410483394,0.683802642718853,3.5553480614894135,1.0986122886681098,2.8903717578961645,2.9444389791664403,0.0,0.0,0.0,0.0,2.9411764705882355,1.0,1.0,0.0,0.0,0.0,0.0,0.0,0.0,0.0,0.676470588235294,0.32352941176470584,0.0,0.0,0.0,0.0,0.0,0.0,0.0,0.0,0.0,0.0,0.0,0.0,0.0
raw-L06174,6175,2003,【廃人の証】グラットンソードは最強【ナイトの宝】,1,0.8764391730955722,1.0823951561870688,4.477336814478207,1.6094379124341003,3.1245651453969594,3.4965075614664802,0.0,0.0,0.0,0.0,3.4482758620689653,1.0,1.0,0.0,0.0,0.0,0.0,0.0,0.0,0.0,0.5172413793103449,0.1954022988505747,0.24137931034482757,0.0,0.022988505747126436,0.0,0.0,1.1494252873563218,0.0,1.1494252873563218,0.0,0.0,1.1494252873563218,1.1494252873563218,0.0
raw-L06182,6183,2003,【廃人の証】グラットンソードは最強【ナイトの宝】,1,0.11787057722163397,1.0825967149865283,4.290459441148391,1.3862943611198906,3.2188758248682006,3.258096538021482,0.0,0.0,0.0,0.0,2.7777777777777777,1.0,1.0,0.0,0.0,0.0,0.0,0.0,0.0,0.0,0.6944444444444444,0.3055555555555556,0.0,0.0,0.0,0.0,0.0,1.3888888888888888,0.0,1.3888888888888888,0.0,0.0,0.0,1.3888888888888888,0.0
raw-L06189,6190,2003,【廃人の証】グラットンソードは最強【ナイトの宝】,2,-0.5091284188200975,0.3315827089273485,3.828641396489095,1.0986122886681098,3.1570004211501135,3.295836866004329,0.0,0.0,0.0,0.0,2.2222222222222223,1.0,1.0,0.0,0.0,0.0,0.0,0.0,0.0,0.0,0.6222222222222222,0.06666666666666667,0.26666666666666666,0.0,0.0,0.022222222222222223,0.0,0.0,0.0,0.0,0.0,0.0,0.0,0.0,0.0
raw-L06193,6194,2003,【廃人の証】グラットンソードは最強【ナイトの宝】,2,-0.37575654267780045,1.1371833708206827,3.784189633918261,1.3862943611198906,2.7300291078209855,3.1780538303479458,0.0,0.0,0.0,0.0,4.651162790697675,1.0,1.0,0.0,0.0,0.0,0.0,0.0,0.0,0.0,0.46511627906976744,0.27906976744186046,0.046511627906976744,0.0,0.18604651162790697,0.023255813953488372,0.0,0.0,0.0,0.0,0.0,0.0,0.0,0.0,0.0
raw-L06204,6205,2003,【廃人の証】グラットンソードは最強2【内藤の証】,2,0.025609497563970674,-0.8611878514420764,3.091042453358316,1.0986122886681098,2.4423470353692043,2.6390573296152584,0.0,4.761904761904762,0.0,0.0,4.761904761904762,1.0,0.5,0.0,0.0,0.0,0.0,0.0,0.0,0.0,0.6190476190476191,0.2380952380952381,0.09523809523809523,0.0,0.0,0.0,4.761904761904762,0.0,0.0,0.0,0.0,0.0,0.0,0.0,0.0
raw-L06208,6209,2003,【廃人の証】グラットンソードは最強2【内藤の証】,2,-1.8394260660757187,0.20986351461181907,2.3978952727983707,0.6931471805599453,2.3978952727983707,2.3978952727983707,0.0,0.0,0.0,0.0,0.0,1.0,1.0,0.0,0.0,0.0,0.0,0.0,0.0,0.0,0.4,0.2,0.0,0.0,0.4,0.0,0.0,0.0,0.0,0.0,0.0,0.0,0.0,0.0,0.0
raw-L06211,6212,2003,【廃人の証】グラットンソードは最強2【内藤の証】,2,-3.2787128378731434,0.9636740815597207,2.3978952727983707,1.0986122886681098,1.791759469228055,1.9459101490553132,0.0,0.0,0.0,0.0,10.0,1.0,1.0,0.0,0.0,0.0,0.0,0.0,0.0,0.0,0.8,0.2,0.0,0.0,0.0,0.0,0.0,0.0,0.0,0.0,0.0,0.0,0.0,0.0,0.0
raw-L06216,6217,2003,【廃人の証】グラットンソードは最強2【内藤の証】,2,-0.318367944253367,0.9040980839100935,4.0943445622221,1.3862943611198906,3.028522096376982,3.044522437723423,0.0,0.0,0.0,0.0,3.389830508474576,1.0,1.0,0.0,0.0,0.0,0.0,0.0,0.0,0.0,0.6101694915254238,0.11864406779661017,0.06779661016949153,0.0,0.20338983050847456,0.0,0.0,3.389830508474576,0.0,0.0,0.0,0.0,0.0,0.0,0.0
raw-L06223,6224,2003,【廃人の証】グラットンソードは最強2【内藤の証】,3,4.674961827819995,-1.718677579583264,5.545177444479562,2.302585092994046,3.378724525810097,4.3694478524670215,1.1764705882352942,1.1764705882352942,0.39215686274509803,0.0,3.9215686274509802,0.6666666666666666,0.4444444444444444,0.3333333333333333,0.0,0.0,0.0,0.0,0.0,0.39215686274509803,0.40784313725490196,0.11764705882352942,0.09019607843137255,0.00784313725490196,0.21568627450980393,0.06666666666666667,0.0,0.0,0.0,0.39215686274509803,0.0,0.39215686274509803,0.0,0.0,0.0
raw-L06237,6238,2003,【廃人の証】グラットンソードは最強2【内藤の証】,1,1.26223274606955,1.3549022057842512,4.454347296253507,1.3862943611198906,3.378724525810097,3.713572066704308,0.0,0.0,0.0,0.0,2.3529411764705883,1.0,1.0,0.0,0.0,0.0,0.0,0.0,0.0,0.0,0.43529411764705883,0.18823529411764706,0.05882352941176471,0.0,0.3176470588235294,0.0,0.0,0.0,0.0,0.0,1.1764705882352942,0.0,0.0,0.0,0.0
raw-L06244,6245,2003,【廃人の証】グラットンソードは最強2【内藤の証】,1,0.24531780308587509,1.0197954175099964,4.356708826689592,1.3862943611198906,3.283414346005772,3.4965075614664802,0.0,0.0,0.0,0.0,2.5974025974025974,1.0,1.0,0.0,0.0,0.0,0.0,0.0,0.0,0.0,0.5844155844155844,0.2337662337662338,0.025974025974025972,0.0,0.15584415584415584,0.0,0.0,0.0,2.5974025974025974,0.0,0.0,0.0,0.0,0.0,0.0
raw-L06249,6250,2003,【廃人の証】グラットンソードは最強2【内藤の証】,3,5.016189922572122,-3.0838414947841075,5.099866427824199,1.791759469228055,3.5145260669691587,4.219507705176107,1.2269938650306749,1.8404907975460123,0.6134969325153374,0.0,2.4539877300613497,0.6,0.2,0.4,0.0,0.0,0.0,0.0,0.0,0.0,0.2822085889570552,0.09202453987730061,0.08588957055214724,0.012269938650306749,0.3006134969325153,0.08588957055214724,0.0,0.0,0.0,0.6134969325153374,0.0,0.0,0.0,0.0,0.0
raw-L06256,6257,2003,【廃人の証】グラットンソードは最強2【内藤の証】,2,-1.1861229760660608,0.8300375513482545,3.1780538303479458,1.0986122886681098,2.5257286443082556,2.833213344056216,0.0,0.0,0.0,0.0,4.3478260869565215,1.0,1.0,0.0,0.0,0.0,0.0,0.0,0.0,0.0,0.391304347826087,0.391304347826087,0.08695652173913043,0.0,0.13043478260869565,0.0,0.0,0.0,0.0,0.0,0.0,0.0,0.0,0.0,0.0
raw-L06260,6261,2003,【廃人の証】グラットンソードは最強2【内藤の証】,2,-0.17487255942369961,0.6568234696571669,3.828641396489095,1.0986122886681098,3.1570004211501135,3.4657359027997265,0.0,0.0,0.0,0.0,2.2222222222222223,1.0,1.0,0.0,0.0,0.0,0.0,0.0,0.0,0.0,0.5333333333333333,0.26666666666666666,0.2,0.0,0.0,0.0,0.0,0.0,0.0,0.0,0.0,2.2222222222222223,0.0,0.0,0.0
raw-L06265,6266,2003,【廃人の証】グラットンソードは最強2【内藤の証】,1,0.1638113628136003,0.8441625541480956,3.258096538021482,0.6931471805599453,3.258096538021482,3.258096538021482,0.0,0.0,0.0,0.0,0.0,1.0,1.0,0.0,0.0,0.0,0.0,0.0,0.0,0.0,0.6,0.16,0.0,0.0,0.24,0.0,0.0,0.0,0.0,0.0,4.0,0.0,0.0,0.0,0.0
raw-L06270,6271,2003,【廃人の証】グラットンソードは最強2【内藤の証】,2,-2.2468071762496913,0.5535384903016559,3.1354942159291497,1.0986122886681098,2.4849066497880004,2.4849066497880004,0.0,0.0,0.0,0.0,4.545454545454546,1.0,1.0,0.0,0.0,0.0,0.0,0.0,0.0,0.0,0.5909090909090909,0.22727272727272727,0.0,0.0,0.0,0.09090909090909091,0.0,0.0,4.545454545454546,0.0,0.0,0.0,0.0,0.0,0.0
raw-L06276,6277,2003,【廃人の証】グラットンソードは最強2【内藤の証】,2,0.4292475678705839,-0.9713592772255071,3.5263605246161616,1.0986122886681098,2.8622008809294686,2.995732273553991,0.0,3.0303030303030303,0.0,0.0,3.0303030303030303,1.0,0.5,0.0,0.0,0.0,0.0,0.0,0.0,0.0,0.6060606060606061,0.15151515151515152,0.2121212121212121,0.0,0.0,0.0,0.0,0.0,0.0,0.0,0.0,0.0,0.0,0.0,0.0
raw-L06281,6282,2003,【廃人の証】グラットンソードは最強2【内藤の証】,1,0.7333795024283175,1.1512512499627432,4.382026634673881,1.6094379124341003,3.0325462466767075,3.332204510175204,0.0,0.0,0.0,0.0,3.7974683544303796,1.0,1.0,0.0,0.0,0.0,0.0,0.0,0.0,0.0,0.6962025316455696,0.1772151898734177,0.12658227848101267,0.0,0.0,0.0,1.2658227848101267,1.2658227848101267,0.0,3.7974683544303796,0.0,0.0,1.2658227848101267,0.0,0.0
raw-L06289,6290,2003,【廃人の証】グラットンソードは最強2【内藤の証】,1,1.5996677091141684,1.642260274178781,4.442651256490317,1.3862943611198906,3.367295829986474,3.828641396489095,0.0,0.0,0.0,0.0,2.380952380952381,1.0,1.0,0.0,0.0,0.0,0.0,0.0,0.0,0.0,0.42857142857142855,0.25,0.0,0.0,0.32142857142857145,0.0,0.0,1.1904761904761905,0.0,0.0,2.380952380952381,0.0,0.0,0.0,0.0
raw-L06296,6297,2003,【廃人の証】グラットンソードは最強2【内藤の証】,1,-0.1504265071557455,1.0232779454693002,3.4965075614664802,1.0986122886681098,2.833213344056216,3.295836866004329,0.0,0.0,0.0,0.0,3.125,1.0,1.0,0.0,0.0,0.0,0.0,0.0,0.0,0.0,0.46875,0.25,0.0,0.0,0.25,0.03125,0.0,0.0,0.0,3.125,0.0,0.0,0.0,0.0,0.0
raw-L06302,6303,2003,【廃人の証】グラットンソードは最強2【内藤の証】,2,-0.8886319168139107,0.9231701102291514,3.7376696182833684,1.3862943611198906,2.6855773452501515,2.772588722239781,0.0,0.0,0.0,0.0,4.878048780487805,1.0,1.0,0.0,0.0,0.0,0.0,0.0,0.0,0.0,0.5365853658536586,0.21951219512195125,0.14634146341463417,0.0,0.0975609756097561,0.0,0.0,0.0,0.0,0.0,0.0,0.0,0.0,0.0,0.0
raw-L06307,6308,2003,【廃人の証】グラットンソードは最強2【内藤の証】,1,0.9998528550682173,1.5109361477358871,4.912654885736052,2.302585092994046,2.772588722239781,3.4011973816621555,0.0,0.0,1.4814814814814814,0.0,7.407407407407407,0.7777777777777778,1.0,0.0,0.0,0.0,0.0,0.0,0.0,3.7037037037037037,0.5407407407407407,0.1111111111111111,0.08888888888888889,0.0,0.1925925925925926,0.007407407407407407,2.2222222222222223,2.2222222222222223,0.0,1.4814814814814814,0.7407407407407407,0.0,0.0,0.0,0.0
raw-L06322,6323,2003,【廃人の証】グラットンソードは最強2【内藤の証】,2,-0.24991810510953452,-0.08446532887862422,4.23410650459726,1.3862943611198906,3.164067588373206,3.1780538303479458,0.0,0.0,1.4705882352941178,0.0,2.9411764705882355,0.6666666666666666,1.0,0.0,0.0,0.0,0.0,0.0,0.0,0.0,0.6617647058823529,0.23529411764705885,0.029411764705882356,0.0,0.0,0.029411764705882356,0.0,0.0,0.0,0.0,0.0,0.0,0.0,0.0,0.0
raw-L06327,6328,2003,【廃人の証】グラットンソードは最強2【内藤の証】,2,-1.4549616539024064,0.4613140532261767,3.295836866004329,1.0986122886681098,2.6390573296152584,2.8903717578961645,0.0,0.0,0.0,0.0,3.8461538461538463,1.0,1.0,0.0,0.0,0.0,0.0,0.0,0.0,0.0,0.7307692307692308,0.07692307692307693,0.15384615384615385,0.0,0.0,0.0,0.0,0.0,0.0,0.0,0.0,0.0,0.0,0.0,0.0
raw-L06332,6333,2003,【廃人の証】グラットンソードは最強2【内藤の証】,2,-0.3169011865470093,0.910328711748634,4.04305126783455,1.3862943611198906,2.9789251552376097,3.332204510175204,0.0,0.0,0.0,0.0,3.5714285714285716,1.0,1.0,0.0,0.0,0.0,0.0,0.0,0.0,0.0,0.6607142857142857,0.25,0.08928571428571429,0.0,0.0,0.0,0.0,0.0,1.7857142857142858,1.7857142857142858,0.0,0.0,0.0,0.0,0.0
raw-L06338,6339,2003,【廃人の証】グラットンソードは最強2【内藤の証】,2,-3.113136852380709,-0.357918606000996,1.791759469228055,0.6931471805599453,1.791759469228055,1.791759469228055,0.0,0.0,0.0,0.0,0.0,1.0,1.0,0.0,0.0,0.0,0.0,0.0,0.0,0.0,0.0,0.6,0.4,0.0,0.0,0.0,0.0,0.0,0.0,0.0,0.0,0.0,0.0,0.0,0.0
raw-L06341,6342,2003,【廃人の証】グラットンソードは最強2【内藤の証】,2,-4.321780629822366,-0.30373006249156437,1.0986122886681098,0.6931471805599453,1.0986122886681098,1.0986122886681098,0.0,0.0,0.0,0.0,0.0,1.0,1.0,0.0,0.0,0.0,0.0,0.0,0.0,0.0,0.0,1.0,0.0,0.0,0.0,0.0,0.0,0.0,0.0,0.0,0.0,0.0,0.0,0.0,0.0
raw-L06344,6345,2003,【廃人の証】グラットンソードは最強2【内藤の証】,1,0.8469990828632222,1.2714446337862946,4.3694478524670215,1.6094379124341003,3.0204248861443626,3.2188758248682006,0.0,0.0,0.0,0.0,3.8461538461538463,1.0,1.0,0.0,0.0,0.0,0.0,0.0,0.0,0.0,0.6153846153846154,0.12820512820512822,0.25641025641025644,0.0,0.0,0.0,0.0,0.0,0.0,1.2820512820512822,1.2820512820512822,1.2820512820512822,1.2820512820512822,0.0,0.0
raw-L06351,6352,2003,【廃人の証】グラットンソードは最強2【内藤の証】,2,-0.8673927490089431,0.9588778064592727,3.8501476017100584,1.3862943611198906,2.793208009442517,3.1354942159291497,0.0,0.0,0.0,0.0,4.3478260869565215,1.0,1.0,0.0,0.0,0.0,0.0,0.0,0.0,0.0,0.717391304347826,0.2826086956521739,0.0,0.0,0.0,0.0,0.0,0.0,2.1739130434782608,0.0,0.0,0.0,0.0,0.0,0.0
raw-L06357,6358,2003,【廃人の証】グラットンソードは最強2【内藤の証】,2,-0.6057712544540297,0.607816941533602,4.04305126783455,1.3862943611198906,2.9789251552376097,3.1780538303479458,0.0,0.0,0.0,0.0,3.5714285714285716,1.0,1.0,0.0,0.0,0.0,0.0,0.0,0.0,0.0,0.5535714285714285,0.17857142857142858,0.21428571428571427,0.0,0.03571428571428572,0.0,0.0,5.357142857142857,0.0,0.0,0.0,0.0,0.0,0.0,0.0
raw-L06362,6363,2003,【廃人の証】グラットンソードは最強2【内藤の証】,2,-0.8763317117913149,0.8154241549198774,3.4011973816621555,1.0986122886681098,2.740840023925201,3.091042453358316,0.0,0.0,0.0,0.0,3.4482758620689653,1.0,1.0,0.0,0.0,0.0,0.0,0.0,0.0,0.0,0.5862068965517241,0.3103448275862069,0.0,0.0,0.10344827586206896,0.0,0.0,0.0,0.0,0.0,0.0,0.0,0.0,0.0,0.0
raw-L06368,6369,2003,【廃人の証】グラットンソードは最強2【内藤の証】,2,-2.0100031203344675,0.6266369785216738,3.044522437723423,1.0986122886681098,2.3978952727983707,2.3978952727983707,0.0,0.0,0.0,0.0,5.0,1.0,1.0,0.0,0.0,0.0,0.0,0.0,0.0,0.0,0.45,0.3,0.0,0.0,0.0,0.15,0.0,0.0,0.0,0.0,0.0,0.0,0.0,0.0,0.0
raw-L06373,6374,2003,【廃人の証】グラットンソードは最強2【内藤の証】,2,-1.2027603449253552,0.678563261741296,3.4011973816621555,1.0986122886681098,2.740840023925201,2.995732273553991,0.0,0.0,0.0,0.0,3.4482758620689653,1.0,1.0,0.0,0.0,0.0,0.0,0.0,0.0,0.0,0.5517241379310345,0.4482758620689655,0.0,0.0,0.0,0.0,0.0,3.4482758620689653,0.0,0.0,0.0,0.0,0.0,0.0,0.0
raw-L06378,6379,2003,【廃人の証】グラットンソードは最強2【内藤の証】,1,0.5401808782834812,0.9174596739134838,4.442651256490317,1.6094379124341003,3.091042453358316,3.2188758248682006,0.0,0.0,0.0,0.0,3.5714285714285716,1.0,1.0,0.0,0.0,0.0,0.0,0.0,0.0,0.0,0.4642857142857143,0.2261904761904762,0.25,0.0,0.0,0.023809523809523808,0.0,1.1904761904761905,0.0,1.1904761904761905,0.0,0.0,1.1904761904761905,0.0,0.0
raw-L06386,6387,2003,【廃人の証】グラットンソードは最強2【内藤の証】,1,0.6745453244204397,0.5455353230373967,4.143134726391533,1.6094379124341003,2.803360380906535,3.4011973816621555,0.0,0.0,1.6129032258064515,0.0,4.838709677419355,0.75,1.0,0.0,0.0,0.0,0.0,0.0,0.0,0.0,0.5483870967741935,0.20967741935483872,0.06451612903225806,0.0,0.14516129032258063,0.0,0.0,0.0,0.0,1.6129032258064515,0.0,0.0,1.6129032258064515,0.0,0.0
raw-L06392,6393,2003,【廃人の証】グラットンソードは最強2【内藤の証】,1,0.10690217763913627,1.0163924528434152,4.219507705176107,1.3862943611198906,3.1498829533812494,3.6109179126442243,0.0,0.0,0.0,0.0,2.985074626865672,1.0,1.0,0.0,0.0,0.0,0.0,0.0,0.0,0.0,0.7164179104477612,0.1791044776119403,0.0746268656716418,0.0,0.02985074626865672,0.0,0.0,0.0,1.492537313432836,0.0,0.0,0.0,0.0,1.492537313432836,0.0
raw-L06400,6401,2003,【廃人の証】グラットンソードは最強2【内藤の証】,1,1.3921403963650332,1.2282978363107016,4.736198448394496,1.6094379124341003,3.3758795736778655,3.4965075614664802,0.0,0.0,0.0,0.0,2.6548672566371683,1.0,1.0,0.0,0.0,0.0,0.0,0.0,0.0,0.0,0.6548672566371682,0.17699115044247787,0.061946902654867256,0.0,0.10619469026548672,0.0,0.0,0.8849557522123894,0.8849557522123894,2.6548672566371683,0.0,0.0,1.7699115044247788,0.0,0.0
raw-L06407,6408,2003,【廃人の証】グラットンソードは最強2【内藤の証】,2,-0.3958358819883593,0.7536738923650699,4.07753744390572,1.3862943611198906,3.0122615755052013,3.1354942159291497,0.0,0.0,0.0,0.0,3.4482758620689653,1.0,1.0,0.0,0.0,0.0,0.0,0.0,0.0,0.0,0.603448275862069,0.20689655172413793,0.1724137931034483,0.0,0.0,0.0,0.0,0.0,0.0,0.0,0.0,0.0,0.0,0.0,0.0
raw-L06414,6415,2003,【廃人の証】グラットンソードは最強2【内藤の証】,2,-0.5742209831331148,0.6399580141531616,3.5553480614894135,1.0986122886681098,2.8903717578961645,2.8903717578961645,0.0,0.0,0.0,0.0,2.9411764705882355,1.0,1.0,0.0,0.0,0.0,0.0,0.0,0.0,0.0,0.32352941176470584,0.11764705882352942,0.35294117647058826,0.0,0.17647058823529413,0.0,0.0,0.0,0.0,0.0,0.0,2.9411764705882355,0.0,0.0,0.0
raw-L06420,6421,2003,【廃人の証】グラットンソードは最強2【内藤の証】,1,0.35469704333930413,0.9862734917418322,4.127134385045092,1.3862943611198906,3.060270794691562,3.2188758248682006,0.0,0.0,0.0,0.0,3.278688524590164,1.0,1.0,0.0,0.0,0.0,0.0,0.0,0.0,0.0,0.6885245901639344,0.2459016393442623,0.04918032786885246,0.0,0.0,0.0,0.0,1.639344262295082,1.639344262295082,3.278688524590164,0.0,0.0,1.639344262295082,0.0,0.0
raw-L06426,6427,2003,【廃人の証】グラットンソードは最強2【内藤の証】,2,-0.5824866494724895,0.8587386509386303,3.871201010907891,1.3862943611198906,2.8134107167600364,3.332204510175204,0.0,0.0,0.0,0.0,4.25531914893617,1.0,1.0,0.0,0.0,0.0,0.0,0.0,0.0,0.0,0.5957446808510638,0.2978723404255319,0.10638297872340426,0.0,0.0,0.0,0.0,2.127659574468085,0.0,0.0,0.0,0.0,0.0,0.0,0.0
raw-L06433,6434,2003,【廃人の証】グラットンソードは最強2【内藤の証】,1,-0.027387080504647294,0.7239977879534724,4.07753744390572,1.3862943611198906,3.0122615755052013,3.5263605246161616,0.0,0.0,0.0,0.0,3.4482758620689653,1.0,1.0,0.0,0.0,0.0,0.0,0.0,0.0,0.0,0.5344827586206897,0.13793103448275862,0.25862068965517243,0.0,0.034482758620689655,0.0,0.0,1.7241379310344827,0.0,1.7241379310344827,0.0,0.0,0.0,0.0,0.0
raw-L06439,6440,2003,【廃人の証】グラットンソードは最強2【内藤の証】,2,-1.430019971838954,0.9681707917431632,3.4657359027997265,1.3862943611198906,2.4277482359480516,2.6390573296152584,0.0,0.0,0.0,0.0,6.451612903225806,1.0,1.0,0.0,0.0,0.0,0.0,0.0,0.0,0.0,0.5161290322580645,0.22580645161290325,0.12903225806451613,0.0,0.12903225806451613,0.0,0.0,3.225806451612903,0.0,0.0,0.0,0.0,0.0,0.0,0.0
raw-L06444,6445,2003,【廃人の証】グラットンソードは最強2【内藤の証】,2,-3.1615941876889218,-0.06996101113284424,1.9459101490553132,0.6931471805599453,1.9459101490553132,1.9459101490553132,0.0,0.0,0.0,0.0,0.0,1.0,1.0,0.0,0.0,0.0,0.0,0.0,0.0,0.0,0.6666666666666667,0.33333333333333337,0.0,0.0,0.0,0.0,0.0,0.0,0.0,0.0,0.0,0.0,0.0,0.0,0.0
raw-L06447,6448,2003,【廃人の証】グラットンソードは最強2【内藤の証】,2,0.3297172001236778,-0.8663719077182319,3.4011973816621555,1.0986122886681098,2.740840023925201,2.995732273553991,0.0,3.4482758620689653,0.0,0.0,3.4482758620689653,1.0,0.5,0.0,0.0,0.0,0.0,0.0,0.0,0.0,0.7931034482758621,0.1724137931034483,0.0,0.0,0.0,0.0,0.0,0.0,0.0,0.0,0.0,0.0,0.0,0.0,0.0
raw-L06453,6454,2003,【廃人の証】グラットンソードは最強2【内藤の証】,2,-0.49854869982260125,0.8309453843704395,4.04305126783455,1.3862943611198906,2.9789251552376097,3.044522437723423,0.0,0.0,0.0,0.0,3.5714285714285716,1.0,1.0,0.0,0.0,0.0,0.0,0.0,0.0,0.0,0.6428571428571429,0.25,0.10714285714285714,0.0,0.0,0.0,0.0,0.0,0.0,0.0,0.0,0.0,0.0,0.0,0.0
raw-L06460,6461,2003,【廃人の証】グラットンソードは最強2【内藤の証】,1,0.6725512797878341,0.08887438907003242,3.8918202981106265,1.3862943611198906,2.833213344056216,3.091042453358316,0.0,2.0833333333333335,0.0,0.0,4.166666666666667,1.0,0.6666666666666666,0.0,0.0,0.0,0.0,0.0,0.0,0.0,0.75,0.16666666666666669,0.0625,0.0,0.0,0.0,2.0833333333333335,0.0,0.0,4.166666666666667,0.0,0.0,0.0,0.0,0.0
raw-L06467,6468,2003,【廃人の証】グラットンソードは最強2【内藤の証】,2,-1.0084364407600888,0.8474540524886042,3.7612001156935624,1.3862943611198906,2.70805020110221,3.1354942159291497,0.0,0.0,0.0,0.0,4.761904761904762,1.0,1.0,0.0,0.0,0.0,0.0,0.0,0.0,0.0,0.6666666666666667,0.21428571428571427,0.11904761904761905,0.0,0.0,0.0,0.0,0.0,2.380952380952381,0.0,0.0,0.0,0.0,0.0,0.0
raw-L06473,6474,2003,【廃人の証】グラットンソードは最強2【内藤の証】,1,0.03562609329437969,0.9052751750264146,4.248495242049359,1.3862943611198906,3.1780538303479458,3.295836866004329,0.0,0.0,0.0,0.0,2.898550724637681,1.0,1.0,0.0,0.0,0.0,0.0,0.0,0.0,0.0,0.6956521739130435,0.11594202898550725,0.07246376811594203,0.0,0.11594202898550725,0.0,0.0,0.0,0.0,0.0,0.0,0.0,0.0,0.0,0.0
raw-L06480,6481,2003,【廃人の証】グラットンソードは最強2【内藤の証】,1,0.7945204918075596,1.2592741619087935,3.8918202981106265,1.0986122886681098,3.2188758248682006,3.6375861597263857,0.0,0.0,0.0,0.0,2.0833333333333335,1.0,1.0,0.0,0.0,0.0,0.0,0.0,0.0,0.0,0.5416666666666666,0.1875,0.04166666666666667,0.0,0.22916666666666669,0.0,0.0,0.0,0.0,0.0,2.0833333333333335,0.0,0.0,0.0,0.0
raw-L06484,6485,2003,【廃人の証】グラットンソードは最強2【内藤の証】,1,0.6685413338581122,1.4789541202238667,4.127134385045092,1.6094379124341003,2.7880929087757464,3.367295829986474,0.0,0.0,0.0,0.0,4.918032786885246,1.0,1.0,0.0,0.0,0.0,0.0,0.0,0.0,0.0,0.6557377049180327,0.13114754098360656,0.03278688524590164,0.0,0.18032786885245902,0.0,0.0,3.278688524590164,0.0,1.639344262295082,0.0,0.0,1.639344262295082,1.639344262295082,0.0
raw-L06491,6492,2003,【廃人の証】グラットンソードは最強2【内藤の証】,2,-0.7852757385442902,0.9955918447373987,3.8066624897703196,1.3862943611198906,2.751535313041949,3.044522437723423,0.0,0.0,0.0,0.0,4.545454545454546,1.0,1.0,0.0,0.0,0.0,0.0,0.0,0.0,0.0,0.4772727272727273,0.3181818181818182,0.06818181818181818,0.0,0.13636363636363635,0.0,0.0,2.272727272727273,2.272727272727273,0.0,0.0,0.0,0.0,0.0,0.0
raw-L06497,6498,2003,【廃人の証】グラットンソードは最強2【内藤の証】,1,0.4220126360834156,1.1673060689508847,3.784189633918261,1.0986122886681098,3.1135153092103742,3.295836866004329,0.0,0.0,0.0,0.0,2.3255813953488373,1.0,1.0,0.0,0.0,0.0,0.0,0.0,0.0,0.0,0.5581395348837209,0.20930232558139536,0.11627906976744186,0.0,0.11627906976744186,0.0,2.3255813953488373,0.0,0.0,0.0,2.3255813953488373,0.0,0.0,0.0,0.0
raw-L06501,6502,2003,【廃人の証】グラットンソードは最強2【内藤の証】,1,-0.06856232308419319,1.3442573619446272,4.1588830833596715,1.6094379124341003,2.8183982582710754,3.258096538021482,0.0,0.0,0.0,0.0,4.761904761904762,1.0,1.0,0.0,0.0,0.0,0.0,0.0,0.0,0.0,0.6349206349206349,0.19047619047619047,0.0,0.0,0.1746031746031746,0.0,0.0,0.0,1.5873015873015872,1.5873015873015872,0.0,0.0,0.0,0.0,0.0
raw-L06509,6510,2003,【廃人の証】グラットンソードは最強2【内藤の証】,1,0.30852498916082394,1.1227909335851198,3.871201010907891,1.0986122886681098,3.1986731175506815,3.332204510175204,0.0,0.0,0.0,0.0,2.127659574468085,1.0,1.0,0.0,0.0,0.0,0.0,0.0,0.0,0.0,0.46808510638297873,0.2978723404255319,0.0,0.0,0.1276595744680851,0.10638297872340426,0.0,2.127659574468085,0.0,0.0,2.127659574468085,0.0,0.0,0.0,0.0
raw-L06515,6516,2003,【廃人の証】グラットンソードは最強2【内藤の証】,1,-0.0846005475566779,1.0005012926321224,4.143134726391533,1.3862943611198906,3.0757749812275277,3.367295829986474,0.0,0.0,0.0,0.0,3.225806451612903,1.0,1.0,0.0,0.0,0.0,0.0,0.0,0.0,0.0,0.5161290322580645,0.25806451612903225,0.03225806451612903,0.0,0.1935483870967742,0.0,0.0,3.225806451612903,1.6129032258064515,0.0,0.0,0.0,0.0,0.0,0.0
raw-L06521,6522,2003,【廃人の証】グラットンソードは最強2【内藤の証】,1,0.5951832249527236,1.2189074308085202,4.219507705176107,1.3862943611198906,3.1498829533812494,3.5263605246161616,0.0,0.0,0.0,0.0,2.985074626865672,1.0,1.0,0.0,0.0,0.0,0.0,0.0,0.0,0.0,0.6567164179104478,0.1492537313432836,0.10447761194029852,0.0,0.08955223880597014,0.0,1.492537313432836,0.0,0.0,0.0,1.492537313432836,0.0,0.0,0.0,0.0
raw-L06526,6527,2003,【廃人の証】グラットンソードは最強2【内藤の証】,1,0.6393538070433076,1.0424054194614198,4.189654742026425,1.3862943611198906,3.120895416507997,3.4965075614664802,0.0,0.0,0.0,0.0,3.076923076923077,1.0,1.0,0.0,0.0,0.0,0.0,0.0,0.0,0.0,0.7230769230769231,0.24615384615384617,0.0,0.0,0.03076923076923077,0.0,0.0,1.5384615384615385,0.0,1.5384615384615385,0.0,0.0,1.5384615384615385,0.0,0.0
raw-L06532,6533,2003,【廃人の証】グラットンソードは最強2【内藤の証】,1,-0.15932139121380942,0.834436490897717,4.02535169073515,1.3862943611198906,2.9618307218783095,3.367295829986474,0.0,0.0,1.8181818181818181,0.0,3.6363636363636362,1.0,1.0,0.0,0.0,0.0,0.0,0.0,0.0,0.0,0.7818181818181819,0.2,0.0,0.0,0.0,0.0,0.0,0.0,1.8181818181818181,0.0,1.8181818181818181,0.0,0.0,0.0,0.0
raw-L06538,6539,2003,【廃人の証】グラットンソードは最強2【内藤の証】,1,0.3539029689397173,0.865448910641947,4.543294782270004,1.791759469228055,2.975529566236472,3.258096538021482,0.0,0.0,1.075268817204301,0.0,5.376344086021505,0.8,1.0,0.0,0.0,0.0,0.0,0.0,0.0,0.0,0.6021505376344086,0.16129032258064516,0.22580645161290325,0.0,0.0,0.0,0.0,0.0,1.075268817204301,1.075268817204301,1.075268817204301,0.0,0.0,1.075268817204301,0.0
raw-L06548,6549,2003,【廃人の証】グラットンソードは最強2【内藤の証】,2,-2.1183333468430026,1.1180473499432246,2.5649493574615367,1.0986122886681098,1.9459101490553132,2.0794415416798357,0.0,0.0,0.0,0.0,8.333333333333334,1.0,1.0,0.0,0.0,0.0,0.0,0.0,0.0,0.0,0.0,0.5833333333333334,0.16666666666666669,0.0,0.25,0.0,0.0,0.0,0.0,0.0,0.0,0.0,0.0,0.0,0.0
raw-L06553,6554,2003,【廃人の証】グラットンソードは最強2【内藤の証】,2,-1.6554456556676191,0.5417134423359683,3.091042453358316,1.0986122886681098,2.4423470353692043,2.833213344056216,0.0,0.0,0.0,0.0,4.761904761904762,1.0,1.0,0.0,0.0,0.0,0.0,0.0,0.0,0.0,0.5238095238095238,0.28571428571428575,0.19047619047619047,0.0,0.0,0.0,9.523809523809524,4.761904761904762,0.0,0.0,0.0,0.0,0.0,0.0,0.0
raw-L06558,6559,2003,【廃人の証】グラットンソードは最強2【内藤の証】,2,-0.619388096324254,0.23310810895730275,3.044522437723423,0.6931471805599453,3.044522437723423,3.044522437723423,0.0,0.0,0.0,0.0,0.0,1.0,1.0,0.0,0.0,0.0,0.0,0.0,0.0,0.0,0.25,0.1,0.0,0.0,0.65,0.0,0.0,0.0,0.0,0.0,0.0,0.0,0.0,0.0,0.0
raw-L06562,6563,2003,【廃人の証】グラットンソードは最強2【内藤の証】,2,-3.3695980925556968,1.118925050124289,2.0794415416798357,1.0986122886681098,1.5040773967762742,1.791759469228055,0.0,0.0,0.0,0.0,14.285714285714286,1.0,1.0,0.0,0.0,0.0,0.0,0.0,0.0,0.0,0.14285714285714288,0.8571428571428571,0.0,0.0,0.0,0.0,0.0,0.0,0.0,0.0,0.0,0.0,0.0,0.0,0.0
raw-L06566,6567,2003,【廃人の証】グラットンソードは最強2【内藤の証】,1,-0.1689589334929296,0.8642684130187817,3.6375861597263857,1.0986122886681098,2.970414465569701,3.4657359027997265,0.0,0.0,0.0,0.0,2.7027027027027026,1.0,1.0,0.0,0.0,0.0,0.0,0.0,0.0,0.0,0.45945945945945943,0.2162162162162162,0.0,0.0,0.32432432432432434,0.0,0.0,2.7027027027027026,0.0,0.0,0.0,0.0,0.0,0.0,0.0
raw-L06571,6572,2003,【廃人の証】グラットンソードは最強2【内藤の証】,2,-0.10326903139666,1.0255365502232523,4.290459441148391,1.6094379124341003,2.9444389791664403,3.4657359027997265,0.0,0.0,0.0,0.0,4.166666666666667,1.0,1.0,0.0,0.0,0.0,0.0,0.0,0.0,0.0,0.5972222222222222,0.3055555555555556,0.09722222222222221,0.0,0.0,0.0,0.0,2.7777777777777777,0.0,0.0,0.0,0.0,0.0,0.0,0.0
raw-L06578,6579,2003,【廃人の証】グラットンソードは最強2【内藤の証】,2,-2.6806023325671813,0.7286658338849141,2.6390573296152584,1.0986122886681098,2.0149030205422647,2.1972245773362196,0.0,0.0,0.0,0.0,7.6923076923076925,1.0,1.0,0.0,0.0,0.0,0.0,0.0,0.0,0.0,0.3076923076923077,0.3076923076923077,0.0,0.0,0.0,0.23076923076923075,0.0,0.0,0.0,0.0,0.0,0.0,0.0,0.0,0.0
raw-L06582,6583,2003,【廃人の証】グラットンソードは最強2【内藤の証】,2,-1.0043092108009812,0.9652397588220503,3.6888794541139363,1.3862943611198906,2.6390573296152584,2.8903717578961645,0.0,0.0,0.0,0.0,5.128205128205129,1.0,1.0,0.0,0.0,0.0,0.0,0.0,0.0,0.0,0.48717948717948717,0.23076923076923075,0.12820512820512822,0.0,0.0,0.15384615384615385,0.0,0.0,0.0,0.0,0.0,2.5641025641025643,0.0,0.0,0.0
raw-L06587,6588,2003,【廃人の証】グラットンソードは最強2【内藤の証】,2,-0.8290437646538834,-0.10073502910966746,3.9318256327243257,1.3862943611198906,2.8716796248840124,3.091042453358316,0.0,0.0,2.0,0.0,4.0,0.6666666666666666,1.0,0.0,0.0,0.0,0.0,0.0,0.0,0.0,0.54,0.44,0.0,0.0,0.0,0.0,0.0,2.0,2.0,0.0,0.0,0.0,0.0,0.0,0.0
raw-L06595,6596,2003,【廃人の証】グラットンソードは最強2【内藤の証】,1,0.6558491198706333,1.0558689683312683,4.61512051684126,1.6094379124341003,3.258096538021482,3.5553480614894135,0.0,0.0,0.0,0.0,3.0,1.0,1.0,0.0,0.0,0.0,0.0,0.0,0.0,0.0,0.6,0.22,0.16,0.0,0.02,0.0,2.0,0.0,0.0,1.0,0.0,0.0,0.0,0.0,0.0
raw-L06602,6603,2003,【廃人の証】グラットンソードは最強2【内藤の証】,2,-1.2456622263848767,-0.9912437322700924,3.4011973816621555,1.0986122886681098,2.740840023925201,3.044522437723423,0.0,0.0,3.4482758620689653,0.0,3.4482758620689653,0.5,1.0,0.0,0.0,0.0,0.0,0.0,0.0,0.0,0.6551724137931035,0.3103448275862069,0.0,0.0,0.0,0.0,0.0,0.0,0.0,0.0,0.0,0.0,0.0,0.0,0.0
raw-L06607,6608,2003,【廃人の証】グラットンソードは最強2【内藤の証】,1,1.2387349641728496,1.566586021692144,4.127134385045092,1.3862943611198906,3.060270794691562,3.332204510175204,0.0,0.0,0.0,0.0,3.278688524590164,1.0,1.0,0.0,1.639344262295082,0.0,0.0,0.0,0.0,1.639344262295082,0.5245901639344263,0.19672131147540983,0.08196721311475409,0.0,0.14754098360655737,0.0,1.639344262295082,0.0,0.0,1.639344262295082,0.0,0.0,0.0,0.0,0.0
raw-L06612,6613,2003,【廃人の証】グラットンソードは最強2【内藤の証】,1,0.26140079854168996,1.5708745006281666,4.2626798770413155,1.6094379124341003,2.917770732084279,3.1354942159291497,0.0,0.0,0.0,0.0,4.285714285714286,1.0,1.0,0.0,0.0,0.0,0.0,0.0,0.0,0.0,0.7285714285714286,0.22857142857142856,0.0,0.0,0.04285714285714286,0.0,0.0,0.0,0.0,4.285714285714286,0.0,4.285714285714286,0.0,0.0,0.0
raw-L06620,6621,2003,【廃人の証】グラットンソードは最強2【内藤の証】,2,-0.48141713582428286,0.7442324188895194,4.07753744390572,1.3862943611198906,3.0122615755052013,3.295836866004329,0.0,0.0,0.0,0.0,3.4482758620689653,1.0,1.0,0.0,0.0,0.0,0.0,0.0,0.0,0.0,0.6896551724137931,0.15517241379310345,0.15517241379310345,0.0,0.0,0.0,0.0,0.0,1.7241379310344827,0.0,0.0,0.0,0.0,0.0,0.0
raw-L06627,6628,2003,【廃人の証】グラットンソードは最強2【内藤の証】,1,1.520949400972499,0.9203411260985106,4.969813299576001,1.791759469228055,3.3877743613300146,3.828641396489095,0.0,0.6993006993006993,0.0,0.0,3.4965034965034967,1.0,0.8,0.0,0.0,0.0,0.0,0.0,0.0,0.0,0.7272727272727273,0.16783216783216784,0.07692307692307693,0.0,0.02097902097902098,0.0,0.0,0.0,0.6993006993006993,0.0,0.6993006993006993,0.0,0.0,0.0,0.0
raw-L06637,6638,2003,【廃人の証】グラットンソードは最強2【内藤の証】,2,-1.5133005594756674,0.6861453948250716,3.332204510175204,1.0986122886681098,2.6741486494265287,2.995732273553991,0.0,0.0,0.0,0.0,3.7037037037037037,1.0,1.0,0.0,0.0,0.0,0.0,0.0,0.0,0.0,0.6666666666666667,0.33333333333333337,0.0,0.0,0.0,0.0,0.0,0.0,3.7037037037037037,0.0,0.0,0.0,0.0,0.0,0.0
raw-L06643,6644,2003,【廃人の証】グラットンソードは最強2【内藤の証】,1,0.046556102372755495,1.2740709588091592,4.61512051684126,1.791759469228055,3.044522437723423,3.2188758248682006,0.0,0.0,0.0,0.0,4.0,1.0,1.0,0.0,0.0,0.0,0.0,0.0,0.0,0.0,0.72,0.22,0.0,0.0,0.06,0.0,0.0,0.0,2.0,0.0,0.0,0.0,0.0,0.0,0.0
raw-L06652,6653,2003,【廃人の証】グラットンソードは最強2【内藤の証】,1,0.8822608599455799,-0.649090225755098,3.828641396489095,1.0986122886681098,3.1570004211501135,3.367295829986474,0.0,2.2222222222222223,0.0,0.0,2.2222222222222223,1.0,0.5,0.0,0.0,0.0,0.0,0.0,0.0,0.0,0.7333333333333333,0.13333333333333333,0.1111111111111111,0.0,0.0,0.0,2.2222222222222223,0.0,0.0,0.0,0.0,0.0,0.0,0.0,0.0
raw-L06657,6658,2003,【廃人の証】グラットンソードは最強2【内藤の証】,2,-3.001893627478189,-0.11541085668660202,2.4849066497880004,0.6931471805599453,2.4849066497880004,2.4849066497880004,0.0,0.0,0.0,0.0,0.0,1.0,1.0,0.0,0.0,0.0,0.0,0.0,0.0,0.0,0.8181818181818181,0.18181818181818182,0.0,0.0,0.0,0.0,0.0,0.0,9.090909090909092,0.0,0.0,0.0,0.0,0.0,0.0
raw-L06662,6663,2003,【廃人の証】グラットンソードは最強2【内藤の証】,1,0.5229176769738337,1.3481365817800022,4.941642422609304,1.9459101490553132,3.1849742731925192,3.58351893845611,0.0,0.0,0.0,0.0,3.597122302158273,1.0,1.0,0.0,0.0,0.0,0.0,0.0,0.0,0.0,0.712230215827338,0.19424460431654678,0.03597122302158273,0.0,0.05755395683453237,0.0,0.0,1.4388489208633093,2.8776978417266186,0.0,0.0,0.7194244604316546,0.0,0.0,0.0
raw-L06671,6672,2003,【廃人の証】グラットンソードは最強2【内藤の証】,2,-4.321780629822366,-0.30373006249156437,1.0986122886681098,0.6931471805599453,1.0986122886681098,1.0986122886681098,0.0,0.0,0.0,0.0,0.0,1.0,1.0,0.0,0.0,0.0,0.0,0.0,0.0,0.0,0.0,1.0,0.0,0.0,0.0,0.0,0.0,0.0,0.0,0.0,0.0,0.0,0.0,0.0,0.0
raw-L06674,6675,2003,【廃人の証】グラットンソードは最強2【内藤の証】,1,0.17953446919714033,0.9875931777563224,4.204692619390966,1.3862943611198906,3.1354942159291497,3.4965075614664802,0.0,0.0,0.0,0.0,3.0303030303030303,1.0,1.0,0.0,0.0,0.0,0.0,0.0,0.0,0.0,0.5606060606060607,0.22727272727272727,0.16666666666666669,0.0,0.015151515151515152,0.0,0.0,0.0,0.0,0.0,0.0,3.0303030303030303,0.0,0.0,0.0
raw-L06679,6680,2003,【廃人の証】グラットンソードは最強2【内藤の証】,2,-0.501356402132073,0.466326968247444,3.7612001156935624,1.0986122886681098,3.091042453358316,3.332204510175204,0.0,0.0,0.0,0.0,2.380952380952381,1.0,1.0,0.0,0.0,0.0,0.0,0.0,0.0,0.0,0.5,0.2619047619047619,0.19047619047619047,0.0,0.023809523809523808,0.0,0.0,2.380952380952381,0.0,0.0,0.0,0.0,0.0,0.0,0.0
raw-L06686,6687,2003,【廃人の証】グラットンソードは最強2【内藤の証】,1,0.18739344448020834,1.0945761064230775,4.51085950651685,1.791759469228055,2.9444389791664403,3.4011973816621555,0.0,0.0,0.0,0.0,4.444444444444445,1.0,1.0,0.0,0.0,0.0,0.0,0.0,0.0,0.0,0.5222222222222223,0.24444444444444444,0.2333333333333333,0.0,0.0,0.0,0.0,0.0,0.0,0.0,0.0,0.0,0.0,0.0,0.0
raw-L06693,6694,2003,【廃人の証】グラットンソードは最強2【内藤の証】,1,0.045434191883295214,1.3852674727404266,4.499809670330265,1.791759469228055,2.9338568698359038,3.044522437723423,0.0,0.0,0.0,0.0,4.49438202247191,1.0,1.0,0.0,0.0,0.0,0.0,0.0,0.0,0.0,0.6179775280898876,0.17977528089887643,0.0,0.0,0.20224719101123598,0.0,0.0,1.1235955056179776,1.1235955056179776,0.0,0.0,0.0,0.0,0.0,0.0
raw-L06701,6702,2003,【廃人の証】グラットンソードは最強2【内藤の証】,2,-0.3568311678059916,1.102347724452605,3.912023005428146,1.3862943611198906,2.8526314299133175,3.091042453358316,0.0,0.0,0.0,0.0,4.081632653061225,1.0,1.0,0.0,0.0,0.0,0.0,0.0,0.0,0.0,0.653061224489796,0.22448979591836735,0.0,0.0,0.12244897959183673,0.0,2.0408163265306123,0.0,0.0,0.0,0.0,0.0,0.0,0.0,0.0
raw-L06707,6708,2003,【廃人の証】グラットンソードは最強2【内藤の証】,2,-0.5491598557801863,1.0935619832834658,3.828641396489095,1.3862943611198906,2.772588722239781,3.044522437723423,0.0,0.0,0.0,0.0,4.444444444444445,1.0,1.0,0.0,0.0,0.0,0.0,0.0,0.0,0.0,0.6222222222222222,0.24444444444444444,0.0,0.0,0.13333333333333333,0.0,0.0,0.0,0.0,0.0,0.0,0.0,0.0,0.0,0.0
raw-L06714,6715,2003,【廃人の証】グラットンソードは最強2【内藤の証】,1,0.409095378820395,1.0691517668465127,4.574710978503383,1.6094379124341003,3.2188758248682006,3.4339872044851463,0.0,0.0,0.0,0.0,3.125,1.0,1.0,0.0,0.0,0.0,0.0,0.0,0.0,0.0,0.71875,0.13541666666666666,0.125,0.0,0.0,0.010416666666666668,1.0416666666666667,1.0416666666666667,0.0,1.0416666666666667,0.0,0.0,0.0,1.0416666666666667,0.0
raw-L06721,6722,2003,【廃人の証】グラットンソードは最強2【内藤の証】,2,-0.4977333732443007,0.35116225607870555,3.7376696182833684,1.0986122886681098,3.068052935133617,3.367295829986474,0.0,0.0,0.0,0.0,2.4390243902439024,1.0,1.0,0.0,0.0,0.0,0.0,0.0,0.0,0.0,0.5365853658536586,0.12195121951219512,0.29268292682926833,0.0,0.0,0.0,0.0,0.0,0.0,0.0,0.0,0.0,0.0,0.0,0.0
raw-L06726,6727,2003,【廃人の証】グラットンソードは最強2【内藤の証】,2,-1.3855700071974957,0.93578074584723,3.713572066704308,1.3862943611198906,2.662587827025453,2.70805020110221,0.0,0.0,0.0,0.0,5.0,1.0,1.0,0.0,0.0,0.0,0.0,0.0,0.0,0.0,0.75,0.25,0.0,0.0,0.0,0.0,0.0,0.0,2.5,0.0,0.0,0.0,0.0,0.0,0.0
raw-L06732,6733,2003,【廃人の証】グラットンソードは最強2【内藤の証】,1,0.1435653168355952,1.360026616114116,4.624972813284271,1.9459101490553132,2.8810693652338513,3.1354942159291497,0.0,0.0,0.0,0.0,4.9504950495049505,1.0,1.0,0.0,0.0,0.0,0.0,0.0,0.0,0.0,0.5742574257425743,0.20792079207920794,0.13861386138613863,0.0,0.0594059405940594,0.0,0.0,0.0,1.9801980198019802,1.9801980198019802,0.0,0.0,0.0,0.0,0.0
raw-L06741,6742,2003,【廃人の証】グラットンソードは最強2【内藤の証】,1,1.125319315421735,-0.4509085947959247,3.828641396489095,1.0986122886681098,3.1570004211501135,3.5263605246161616,0.0,2.2222222222222223,0.0,0.0,2.2222222222222223,1.0,0.5,0.0,0.0,0.0,0.0,0.0,0.0,0.0,0.6222222222222222,0.17777777777777778,0.0,0.0,0.17777777777777778,0.0,0.0,2.2222222222222223,0.0,0.0,0.0,0.0,0.0,0.0,0.0
raw-L06747,6748,2003,【廃人の証】グラットンソードは最強2【内藤の証】,1,0.7984488295267078,1.1145059011499865,4.23410650459726,1.3862943611198906,3.164067588373206,3.6375861597263857,0.0,0.0,0.0,0.0,4.411764705882353,1.0,1.0,0.0,0.0,0.0,0.0,0.0,0.0,0.0,0.5735294117647058,0.25,0.16176470588235292,0.0,0.014705882352941178,0.0,0.0,1.4705882352941178,0.0,1.4705882352941178,0.0,1.4705882352941178,1.4705882352941178,0.0,0.0
raw-L06755,6756,2003,【廃人の証】グラットンソードは最強2【内藤の証】,1,0.15449255513828428,0.8120904919774508,4.02535169073515,1.0986122886681098,3.349904087274605,3.6375861597263857,0.0,0.0,0.0,0.0,1.8181818181818181,1.0,1.0,0.0,0.0,0.0,0.0,0.0,0.0,0.0,0.6363636363636364,0.2545454545454545,0.0,0.0,0.10909090909090909,0.0,1.8181818181818181,0.0,1.8181818181818181,0.0,0.0,0.0,0.0,0.0,0.0
raw-L06759,6761,2003,【廃人の証】グラットンソードは最強2【内藤の証】,1,4.337853202182372,0.7803274237769416,5.049856007249537,2.302585092994046,2.902641850487979,3.4339872044851463,0.6451612903225806,0.0,0.0,11.612903225806452,5.161290322580645,0.8888888888888888,0.8888888888888888,0.1111111111111111,1.2903225806451613,1.2903225806451613,0.0,1.935483870967742,0.0,2.5806451612903225,0.1806451612903226,0.16129032258064516,0.2129032258064516,0.0,0.2129032258064516,0.03870967741935484,0.0,0.6451612903225806,0.0,0.0,0.0,0.0,0.0,0.0,0.0
raw-L06773,6774,2003,【廃人の証】グラットンソードは最強2【内藤の証】,2,-0.5539590926336927,1.160802366322044,3.258096538021482,1.0986122886681098,2.6026896854443837,3.091042453358316,0.0,0.0,0.0,0.0,4.0,1.0,1.0,0.0,0.0,0.0,0.0,0.0,0.0,0.0,0.64,0.2,0.08,0.0,0.08,0.0,0.0,0.0,0.0,0.0,4.0,0.0,0.0,0.0,0.0
raw-L06778,6779,2003,【廃人の証】グラットンソードは最強2【内藤の証】,2,-1.2260623134947066,0.5637298920124939,3.5263605246161616,1.0986122886681098,2.8622008809294686,3.091042453358316,0.0,0.0,0.0,0.0,3.0303030303030303,1.0,1.0,0.0,0.0,0.0,0.0,0.0,0.0,0.0,0.7272727272727273,0.2121212121212121,0.06060606060606061,0.0,0.0,0.0,0.0,0.0,3.0303030303030303,0.0,0.0,0.0,0.0,0.0,0.0
raw-L06784,6785,2003,【廃人の証】グラットンソードは最強2【内藤の証】,1,-0.0350120639450757,1.045247026450514,4.007333185232471,1.3862943611198906,2.9444389791664403,3.367295829986474,0.0,0.0,0.0,0.0,3.7037037037037037,1.0,1.0,0.0,0.0,0.0,0.0,0.0,0.0,0.0,0.5925925925925926,0.2037037037037037,0.05555555555555555,0.0,0.14814814814814814,0.0,0.0,1.8518518518518519,0.0,1.8518518518518519,0.0,0.0,0.0,0.0,0.0
raw-L06789,6790,2003,【廃人の証】グラットンソードは最強2【内藤の証】,2,-1.5688507716994722,-0.05718719906090861,2.8903717578961645,0.6931471805599453,2.8903717578961645,2.8903717578961645,0.0,0.0,0.0,0.0,0.0,1.0,1.0,0.0,0.0,0.0,0.0,0.0,0.0,0.0,0.7647058823529411,0.11764705882352942,0.11764705882352942,0.0,0.0,0.0,0.0,0.0,0.0,0.0,0.0,0.0,0.0,0.0,0.0
raw-L06795,6796,2003,【廃人の証】グラットンソードは最強2【内藤の証】,2,-2.1361879180190475,0.5130880843859478,2.8903717578961645,1.0986122886681098,2.2512917986064953,2.4849066497880004,0.0,0.0,0.0,0.0,5.882352941176471,1.0,1.0,0.0,0.0,0.0,0.0,0.0,0.0,0.0,0.11764705882352942,0.23529411764705885,0.0,0.0,0.0,0.35294117647058826,0.0,0.0,0.0,0.0,0.0,0.0,0.0,0.0,0.0
raw-L06799,6800,2003,【廃人の証】グラットンソードは最強2【内藤の証】,1,-0.05300739307424732,1.070158646307516,4.060443010546419,1.3862943611198906,2.995732273553991,3.295836866004329,0.0,0.0,0.0,0.0,3.508771929824561,1.0,1.0,0.0,0.0,0.0,0.0,0.0,0.0,0.0,0.5789473684210527,0.1929824561403509,0.0,0.0,0.2105263157894737,0.0,0.0,1.7543859649122806,0.0,0.0,0.0,0.0,0.0,0.0,0.0
raw-L06806,6807,2003,【廃人の証】グラットンソードは最強2【内藤の証】,1,0.2536192727147444,1.0445433061354905,4.61512051684126,1.6094379124341003,3.258096538021482,3.4657359027997265,0.0,0.0,0.0,0.0,3.0,1.0,1.0,0.0,0.0,0.0,0.0,0.0,0.0,0.0,0.76,0.21,0.03,0.0,0.0,0.0,0.0,0.0,1.0,0.0,0.0,0.0,0.0,0.0,0.0
raw-L06812,6813,2003,【廃人の証】グラットンソードは最強2【内藤の証】,1,0.488082858258794,1.4718181887769928,4.634728988229636,1.791759469228055,3.0633909220278057,3.4965075614664802,0.0,0.0,0.0,0.0,3.9215686274509802,1.0,1.0,0.0,0.0,0.0,0.0,0.0,0.0,0.0,0.7549019607843137,0.18627450980392157,0.0,0.0,0.05882352941176471,0.0,0.0,0.0,1.9607843137254901,0.0,0.9803921568627451,0.0,0.0,0.0,0.0
raw-L06821,6822,2003,【廃人の証】グラットンソードは最強2【内藤の証】,2,-1.7627599712358075,-0.5452236281756194,3.5553480614894135,1.3862943611198906,2.512305623976115,2.772588722239781,0.0,0.0,2.9411764705882355,0.0,5.882352941176471,0.6666666666666666,1.0,0.0,0.0,0.0,0.0,0.0,0.0,0.0,0.676470588235294,0.08823529411764706,0.2058823529411765,0.0,0.0,0.0,0.0,0.0,2.9411764705882355,0.0,0.0,0.0,0.0,0.0,0.0
raw-L06826,6827,2003,【廃人の証】グラットンソードは最強2【内藤の証】,1,-0.13371353070665296,0.5736767918444695,3.1780538303479458,0.6931471805599453,3.1780538303479458,3.1780538303479458,0.0,0.0,0.0,0.0,0.0,1.0,1.0,0.0,0.0,0.0,0.0,0.0,0.0,0.0,0.4782608695652174,0.2608695652173913,0.0,0.0,0.2608695652173913,0.0,0.0,0.0,0.0,4.3478260869565215,0.0,0.0,0.0,0.0,0.0
raw-L06832,6833,2003,【廃人の証】グラットンソードは最強2【内藤の証】,1,0.6774251249605786,0.4886288647852668,4.406719247264253,1.6094379124341003,3.056356895370426,3.367295829986474,0.0,1.2345679012345678,0.0,0.0,3.7037037037037037,1.0,0.75,0.0,0.0,0.0,0.0,0.0,0.0,0.0,0.6790123456790124,0.16049382716049382,0.09876543209876543,0.0,0.0,0.0,0.0,0.0,1.2345679012345678,0.0,0.0,2.4691358024691357,0.0,0.0,0.0
raw-L06841,6842,2003,【廃人の証】グラットンソードは最強2【内藤の証】,1,1.1716755937224996,0.41722998093860164,4.204692619390966,1.3862943611198906,3.1354942159291497,3.5553480614894135,0.0,1.5151515151515151,0.0,0.0,3.0303030303030303,1.0,0.6666666666666666,0.0,0.0,0.0,0.0,0.0,0.0,0.0,0.8181818181818181,0.16666666666666669,0.0,0.0,0.0,0.0,0.0,0.0,1.5151515151515151,1.5151515151515151,1.5151515151515151,0.0,0.0,0.0,0.0
raw-L06847,6848,2003,【廃人の証】グラットンソードは最強2【内藤の証】,1,0.5433833410231091,1.324581316693953,3.828641396489095,1.0986122886681098,3.1570004211501135,3.258096538021482,0.0,0.0,0.0,0.0,2.2222222222222223,1.0,1.0,0.0,0.0,0.0,0.0,0.0,0.0,0.0,0.6,0.13333333333333333,0.0,0.0,0.26666666666666666,0.0,0.0,0.0,0.0,0.0,4.444444444444445,0.0,0.0,0.0,0.0
raw-L06853,6854,2003,【廃人の証】グラットンソードは最強2【内藤の証】,2,-0.5238894951649804,1.2677529092903035,4.04305126783455,1.6094379124341003,2.70805020110221,3.1354942159291497,0.0,0.0,0.0,0.0,5.357142857142857,1.0,1.0,0.0,0.0,0.0,0.0,0.0,0.0,0.0,0.6964285714285714,0.16071428571428573,0.0,0.0,0.14285714285714288,0.0,0.0,0.0,1.7857142857142858,0.0,0.0,0.0,0.0,0.0,0.0
raw-L06860,6861,2003,【廃人の証】グラットンソードは最強2【内藤の証】,1,0.35593988785894737,0.9220858747118956,4.290459441148391,1.3862943611198906,3.2188758248682006,3.5263605246161616,0.0,0.0,0.0,0.0,2.7777777777777777,1.0,1.0,0.0,0.0,0.0,0.0,0.0,0.0,0.0,0.6111111111111112,0.18055555555555558,0.125,0.0,0.08333333333333334,0.0,0.0,0.0,0.0,1.3888888888888888,0.0,0.0,0.0,0.0,0.0
raw-L06865,6866,2003,【廃人の証】グラットンソードは最強2【内藤の証】,2,-0.9864648803451658,0.8233877091681855,3.784189633918261,1.3862943611198906,2.7300291078209855,3.1780538303479458,0.0,0.0,0.0,0.0,4.651162790697675,1.0,1.0,0.0,0.0,0.0,0.0,0.0,0.0,0.0,0.7209302325581395,0.16279069767441862,0.11627906976744186,0.0,0.0,0.0,0.0,0.0,2.3255813953488373,0.0,0.0,0.0,0.0,0.0,0.0
raw-L06870,6871,2003,【廃人の証】グラットンソードは最強2【内藤の証】,2,-1.4179766846954778,0.6538047425839952,3.4011973816621555,1.0986122886681098,2.740840023925201,3.044522437723423,0.0,0.0,0.0,0.0,3.4482758620689653,1.0,1.0,0.0,0.0,0.0,0.0,0.0,0.0,0.0,0.7241379310344827,0.27586206896551724,0.0,0.0,0.0,0.0,0.0,0.0,3.4482758620689653,0.0,0.0,0.0,0.0,0.0,0.0
raw-L06874,6875,2003,【廃人の証】グラットンソードは最強2【内藤の証】,2,-1.7560463573140417,0.11440436951428017,2.70805020110221,0.6931471805599453,2.70805020110221,2.70805020110221,0.0,0.0,0.0,0.0,0.0,1.0,1.0,0.0,0.0,0.0,0.0,0.0,0.0,0.0,0.6428571428571429,0.35714285714285715,0.0,0.0,0.0,0.0,0.0,0.0,0.0,0.0,0.0,0.0,0.0,0.0,0.0
raw-L06877,6878,2003,【廃人の証】グラットンソードは最強2【内藤の証】,1,0.8676988441004131,1.3177393954348988,3.9318256327243257,1.0986122886681098,3.258096538021482,3.5263605246161616,0.0,0.0,0.0,0.0,2.0,1.0,1.0,0.0,0.0,0.0,0.0,0.0,0.0,0.0,0.62,0.14,0.0,0.0,0.24,0.0,0.0,0.0,0.0,2.0,2.0,0.0,0.0,0.0,0.0
raw-L06882,6883,2003,【廃人の証】グラットンソードは最強2【内藤の証】,1,-0.18905899124761713,1.149927299728271,3.871201010907891,1.3862943611198906,2.8134107167600364,3.1354942159291497,0.0,0.0,0.0,0.0,4.25531914893617,1.0,1.0,0.0,0.0,0.0,0.0,0.0,0.0,0.0,0.574468085106383,0.2553191489361702,0.0425531914893617,0.0,0.1276595744680851,0.0,4.25531914893617,2.127659574468085,0.0,2.127659574468085,0.0,0.0,0.0,0.0,0.0
raw-L06888,6889,2003,【廃人の証】グラットンソードは最強2【内藤の証】,2,-4.321780629822366,-0.30373006249156437,1.0986122886681098,0.6931471805599453,1.0986122886681098,1.0986122886681098,0.0,0.0,0.0,0.0,0.0,1.0,1.0,0.0,0.0,0.0,0.0,0.0,0.0,0.0,0.0,1.0,0.0,0.0,0.0,0.0,0.0,0.0,0.0,0.0,0.0,0.0,0.0,0.0,0.0
raw-L06891,6892,2003,【廃人の証】グラットンソードは最強2【内藤の証】,2,-2.0523625324493633,1.2182995885141272,2.6390573296152584,1.0986122886681098,2.0149030205422647,2.1972245773362196,0.0,0.0,0.0,0.0,7.6923076923076925,1.0,1.0,0.0,0.0,0.0,0.0,0.0,0.0,0.0,0.23076923076923075,0.5384615384615384,0.0,0.0,0.23076923076923075,0.0,0.0,0.0,0.0,0.0,0.0,0.0,0.0,0.0,0.0
raw-L06895,6896,2003,【廃人の証】グラットンソードは最強2【内藤の証】,1,-0.2573751351537599,0.8903498275755308,4.007333185232471,1.3862943611198906,2.9444389791664403,3.258096538021482,0.0,0.0,0.0,0.0,3.7037037037037037,1.0,1.0,0.0,0.0,0.0,0.0,0.0,0.0,0.0,0.6111111111111112,0.14814814814814814,0.12962962962962965,0.0,0.1111111111111111,0.0,1.8518518518518519,1.8518518518518519,0.0,0.0,0.0,0.0,0.0,0.0,0.0
raw-L06900,6901,2003,【廃人の証】グラットンソードは最強2【内藤の証】,2,-3.3358647721314205,1.1467322402191986,2.302585092994046,1.0986122886681098,1.7047480922384253,1.791759469228055,0.0,0.0,0.0,0.0,11.11111111111111,1.0,1.0,0.0,0.0,0.0,0.0,0.0,0.0,0.0,0.5555555555555556,0.4444444444444444,0.0,0.0,0.0,0.0,0.0,0.0,0.0,0.0,0.0,0.0,0.0,0.0,0.0
raw-L06905,6906,2003,【廃人の証】グラットンソードは最強2【内藤の証】,1,0.6897474274763756,-0.677454290584886,3.1780538303479458,1.0986122886681098,2.5257286443082556,2.9444389791664403,0.0,8.695652173913043,0.0,0.0,4.3478260869565215,1.0,0.5,0.0,0.0,0.0,0.0,0.0,0.0,0.0,0.13043478260869565,0.5652173913043478,0.08695652173913043,0.0,0.13043478260869565,0.0,0.0,0.0,0.0,0.0,0.0,0.0,0.0,0.0,0.0
raw-L06910,6911,2003,【廃人の証】グラットンソードは最強2【内藤の証】,2,-0.6776767960012854,1.1582276416871098,4.04305126783455,1.6094379124341003,2.70805020110221,2.9444389791664403,0.0,0.0,0.0,0.0,5.357142857142857,1.0,1.0,0.0,0.0,0.0,0.0,0.0,0.0,0.0,0.6785714285714286,0.28571428571428575,0.03571428571428572,0.0,0.0,0.0,0.0,0.0,0.0,0.0,0.0,0.0,0.0,0.0,0.0
raw-L06917,6918,2003,【廃人の証】グラットンソードは最強2【内藤の証】,1,0.12187893655017897,1.4251345896615277,3.9512437185814275,1.3862943611198906,2.8903717578961645,3.1780538303479458,0.0,0.0,0.0,0.0,3.9215686274509802,1.0,1.0,0.0,0.0,0.0,0.0,0.0,0.0,0.0,0.6666666666666667,0.17647058823529413,0.0392156862745098,0.0,0.11764705882352942,0.0,0.0,0.0,1.9607843137254901,1.9607843137254901,1.9607843137254901,0.0,0.0,0.0,0.0
raw-L06924,6925,2003,【廃人の証】グラットンソードは最強2【内藤の証】,1,-0.10995386236779436,0.9174357342631867,4.127134385045092,1.3862943611198906,3.060270794691562,3.5553480614894135,0.0,0.0,0.0,0.0,3.278688524590164,1.0,1.0,0.0,0.0,0.0,0.0,0.0,0.0,0.0,0.7213114754098361,0.14754098360655737,0.13114754098360656,0.0,0.0,0.0,1.639344262295082,0.0,1.639344262295082,0.0,0.0,1.639344262295082,0.0,0.0,0.0
raw-L06931,6932,2003,【廃人の証】グラットンソードは最強2【内藤の証】,1,1.89872627905034,-0.02573249785178975,3.9889840465642745,1.0986122886681098,3.3141860046725258,3.6888794541139363,0.0,1.8867924528301887,0.0,0.0,1.8867924528301887,1.0,0.5,0.0,0.0,0.0,0.0,0.0,0.0,0.0,0.5849056603773585,0.169811320754717,0.07547169811320754,0.0,0.1509433962264151,0.0,0.0,0.0,0.0,0.0,1.8867924528301887,0.0,0.0,0.0,0.0
raw-L06936,6937,2003,【廃人の証】グラットンソードは最強2【内藤の証】,1,0.6944896747039463,1.2467304360675937,4.276666119016055,1.3862943611198906,3.20545280453606,3.6888794541139363,0.0,0.0,0.0,0.0,2.816901408450704,1.0,1.0,0.0,0.0,0.0,0.0,0.0,0.0,0.0,0.8028169014084507,0.16901408450704225,0.0,0.0,0.02816901408450704,0.0,1.408450704225352,0.0,0.0,4.225352112676056,0.0,0.0,0.0,1.408450704225352,0.0
raw-L06942,6943,2003,【廃人の証】グラットンソードは最強2【内藤の証】,1,0.49154897057994706,0.9444282084677578,4.394449154672439,1.3862943611198906,3.3202283191284883,3.828641396489095,0.0,0.0,0.0,0.0,2.5,1.0,1.0,0.0,0.0,0.0,0.0,0.0,0.0,0.0,0.6875,0.175,0.075,0.0,0.05,0.0,0.0,1.25,0.0,0.0,0.0,1.25,0.0,0.0,0.0
raw-L06947,6948,2003,【廃人の証】グラットンソードは最強2【内藤の証】,1,0.22144314788203953,1.8935511511817846,4.07753744390572,1.6094379124341003,2.740840023925201,3.1354942159291497,0.0,0.0,0.0,0.0,6.896551724137931,1.0,1.0,0.0,0.0,0.0,0.0,0.0,0.0,0.0,0.5862068965517241,0.27586206896551724,0.034482758620689655,0.0,0.10344827586206896,0.0,1.7241379310344827,0.0,0.0,0.0,1.7241379310344827,1.7241379310344827,0.0,0.0,0.0
raw-L06957,6958,2003,【廃人の証】グラットンソードは最強2【内藤の証】,2,-0.1315032788638388,1.0928219760728093,4.442651256490317,1.6094379124341003,3.091042453358316,3.295836866004329,0.0,0.0,0.0,0.0,3.5714285714285716,1.0,1.0,0.0,0.0,0.0,0.0,0.0,0.0,0.0,0.7380952380952381,0.19047619047619047,0.0,0.0,0.07142857142857144,0.0,0.0,1.1904761904761905,2.380952380952381,0.0,0.0,0.0,0.0,0.0,0.0
raw-L06963,6964,2003,【廃人の証】グラットンソードは最強2【内藤の証】,2,-0.9137865724780642,1.0933613337867205,3.7376696182833684,1.3862943611198906,2.6855773452501515,2.8903717578961645,0.0,0.0,0.0,0.0,4.878048780487805,1.0,1.0,0.0,0.0,0.0,0.0,0.0,0.0,0.0,0.5609756097560975,0.2682926829268293,0.0,0.0,0.14634146341463417,0.0,0.0,0.0,2.4390243902439024,0.0,0.0,0.0,0.0,0.0,0.0
raw-L06970,6971,2003,【廃人の証】グラットンソードは最強2【内藤の証】,2,-1.4318356406780701,1.0071828950256954,3.4657359027997265,1.3862943611198906,2.4277482359480516,2.772588722239781,0.0,0.0,0.0,0.0,6.451612903225806,1.0,1.0,0.0,0.0,0.0,0.0,0.0,0.0,0.0,0.6774193548387096,0.25806451612903225,0.06451612903225806,0.0,0.0,0.0,0.0,0.0,0.0,0.0,0.0,0.0,0.0,0.0,0.0
raw-L06975,6976,2003,【廃人の証】グラットンソードは最強2【内藤の証】,2,-0.30584170847583,1.491675144204564,4.343805421853684,1.791759469228055,2.785011242238338,3.258096538021482,0.0,0.0,0.0,0.0,6.578947368421052,1.0,1.0,0.0,0.0,0.0,0.0,0.0,0.0,0.0,0.75,0.2368421052631579,0.0,0.0,0.0,0.0,0.0,0.0,1.3157894736842106,0.0,0.0,1.3157894736842106,0.0,0.0,0.0
raw-L06985,6986,2003,【廃人の証】グラットンソードは最強2【内藤の証】,2,-3.113136852380709,-0.357918606000996,1.791759469228055,0.6931471805599453,1.791759469228055,1.791759469228055,0.0,0.0,0.0,0.0,0.0,1.0,1.0,0.0,0.0,0.0,0.0,0.0,0.0,0.0,0.0,0.6,0.4,0.0,0.0,0.0,0.0,0.0,0.0,0.0,0.0,0.0,0.0,0.0,0.0
raw-L06988,6989,2003,【廃人の証】グラットンソードは最強2【内藤の証】,2,-0.21979453928309886,1.3320980141683516,4.30406509320417,1.791759469228055,2.747270914255491,3.332204510175204,0.0,0.0,0.0,0.0,5.47945205479452,1.0,1.0,0.0,0.0,0.0,0.0,0.0,0.0,0.0,0.726027397260274,0.2054794520547945,0.0273972602739726,0.0,0.04109589041095891,0.0,0.0,1.36986301369863,1.36986301369863,1.36986301369863,0.0,0.0,0.0,0.0,0.0
raw-L07001,7002,2003,【最狂の証】ｸﾞﾗｯﾄﾝｿｰﾄﾞは最強3【Burontの宝】,0,-2.65727727794097,-1.6411643429879952,2.833213344056216,1.0986122886681098,2.1972245773362196,2.4849066497880004,0.0,0.0,6.25,0.0,6.25,0.5,1.0,0.0,0.0,0.0,0.0,0.0,0.0,0.0,0.8125,0.125,0.0,0.0,0.0,0.0,0.0,0.0,0.0,0.0,0.0,0.0,0.0,0.0,0.0
raw-L07008,7009,2003,【最狂の証】ｸﾞﾗｯﾄﾝｿｰﾄﾞは最強3【Burontの宝】,2,-0.6672469782065248,0.7290497252821382,3.58351893845611,1.0986122886681098,2.917770732084279,3.1354942159291497,0.0,0.0,0.0,0.0,2.857142857142857,1.0,1.0,0.0,0.0,0.0,0.0,0.0,0.0,0.0,0.45714285714285713,0.4857142857142857,0.05714285714285714,0.0,0.0,0.0,0.0,0.0,0.0,0.0,0.0,0.0,0.0,0.0,0.0
raw-L07013,7014,2003,【最狂の証】ｸﾞﾗｯﾄﾝｿｰﾄﾞは最強3【Burontの宝】,2,-0.3041297063853653,0.8540137730440065,3.7612001156935624,1.0986122886681098,3.091042453358316,3.2188758248682006,0.0,0.0,0.0,0.0,2.380952380952381,1.0,1.0,0.0,0.0,0.0,0.0,0.0,0.0,0.0,0.6904761904761905,0.2619047619047619,0.047619047619047616,0.0,0.0,0.0,4.761904761904762,0.0,0.0,0.0,0.0,2.380952380952381,0.0,0.0,0.0
raw-L07017,7018,2003,【最狂の証】ｸﾞﾗｯﾄﾝｿｰﾄﾞは最強3【Burontの宝】,2,0.28397234942299354,-0.7704072146361031,3.2188758248682006,1.0986122886681098,2.5649493574615367,2.833213344056216,0.0,4.166666666666667,0.0,0.0,4.166666666666667,1.0,0.5,0.0,0.0,0.0,0.0,0.0,0.0,0.0,0.5,0.45833333333333337,0.0,0.0,0.0,0.0,0.0,0.0,0.0,0.0,0.0,0.0,0.0,0.0,0.0
raw-L07021,7022,2003,【最狂の証】ｸﾞﾗｯﾄﾝｿｰﾄﾞは最強3【Burontの宝】,1,0.7431572411961163,-0.09017713434922299,4.219507705176107,1.3862943611198906,3.1498829533812494,3.332204510175204,0.0,1.492537313432836,0.0,0.0,2.985074626865672,1.0,0.6666666666666666,0.0,0.0,0.0,0.0,0.0,0.0,0.0,0.582089552238806,0.19402985074626866,0.20895522388059704,0.0,0.0,0.0,0.0,0.0,0.0,0.0,0.0,0.0,0.0,0.0,0.0
raw-L07027,7028,2003,【最狂の証】ｸﾞﾗｯﾄﾝｿｰﾄﾞは最強3【Burontの宝】,1,0.003045421247909555,0.3623918965013412,3.9512437185814275,1.0986122886681098,3.2771447329921766,3.4965075614664802,0.0,0.0,1.9607843137254901,0.0,1.9607843137254901,1.0,1.0,0.0,0.0,0.0,0.0,0.0,0.0,0.0,0.5294117647058824,0.33333333333333337,0.0,0.0,0.11764705882352942,0.0,0.0,0.0,0.0,0.0,0.0,0.0,0.0,0.0,0.0
raw-L07031,7032,2003,【最狂の証】ｸﾞﾗｯﾄﾝｿｰﾄﾞは最強3【Burontの宝】,2,-4.321780629822366,-0.30373006249156437,1.0986122886681098,0.6931471805599453,1.0986122886681098,1.0986122886681098,0.0,0.0,0.0,0.0,0.0,1.0,1.0,0.0,0.0,0.0,0.0,0.0,0.0,0.0,0.0,1.0,0.0,0.0,0.0,0.0,0.0,0.0,0.0,0.0,0.0,0.0,0.0,0.0,0.0
raw-L07034,7035,2003,【最狂の証】ｸﾞﾗｯﾄﾝｿｰﾄﾞは最強3【Burontの宝】,2,-3.113136852380709,-0.357918606000996,1.791759469228055,0.6931471805599453,1.791759469228055,1.791759469228055,0.0,0.0,0.0,0.0,0.0,1.0,1.0,0.0,0.0,0.0,0.0,0.0,0.0,0.0,0.0,0.6,0.4,0.0,0.0,0.0,0.0,0.0,0.0,0.0,0.0,0.0,0.0,0.0,0.0
raw-L07037,7038,2003,【最狂の証】ｸﾞﾗｯﾄﾝｿｰﾄﾞは最強3【Burontの宝】,2,-1.5983459322035758,1.099870443818375,3.4657359027997265,1.3862943611198906,2.4277482359480516,2.70805020110221,0.0,0.0,0.0,0.0,6.451612903225806,1.0,1.0,0.0,0.0,0.0,0.0,0.0,0.0,0.0,0.6774193548387096,0.22580645161290325,0.0,0.0,0.0967741935483871,0.0,0.0,0.0,3.225806451612903,0.0,0.0,0.0,0.0,0.0,0.0
raw-L07043,7044,2003,【最狂の証】ｸﾞﾗｯﾄﾝｿｰﾄﾞは最強3【Burontの宝】,2,-1.4462601290256458,1.1346024715457972,3.4657359027997265,1.3862943611198906,2.4277482359480516,2.5649493574615367,0.0,0.0,0.0,0.0,6.451612903225806,1.0,1.0,0.0,0.0,0.0,0.0,0.0,0.0,0.0,0.5483870967741935,0.4516129032258065,0.0,0.0,0.0,0.0,0.0,0.0,0.0,0.0,0.0,0.0,0.0,0.0,0.0
raw-L07048,7049,2003,【最狂の証】ｸﾞﾗｯﾄﾝｿｰﾄﾞは最強3【Burontの宝】,2,-0.8229076319829027,0.819150177773225,3.784189633918261,1.3862943611198906,2.7300291078209855,3.2188758248682006,0.0,0.0,0.0,0.0,4.651162790697675,1.0,1.0,0.0,0.0,0.0,0.0,0.0,0.0,0.0,0.7906976744186046,0.09302325581395349,0.11627906976744186,0.0,0.0,0.0,0.0,0.0,0.0,0.0,0.0,0.0,0.0,0.0,0.0
raw-L07054,7055,2003,【最狂の証】ｸﾞﾗｯﾄﾝｿｰﾄﾞは最強3【Burontの宝】,2,-0.6041566936492325,1.053901508651566,4.07753744390572,1.6094379124341003,2.740840023925201,3.2188758248682006,0.0,0.0,0.0,0.0,5.172413793103448,1.0,1.0,0.0,0.0,0.0,0.0,0.0,0.0,0.0,0.6551724137931035,0.22413793103448276,0.12068965517241378,0.0,0.0,0.0,0.0,0.0,1.7241379310344827,0.0,0.0,0.0,0.0,0.0,0.0
raw-L07061,7062,2003,【最狂の証】ｸﾞﾗｯﾄﾝｿｰﾄﾞは最強3【Burontの宝】,2,-0.7556706575084804,1.4920665949165597,3.871201010907891,1.6094379124341003,2.545531271604435,2.772588722239781,0.0,0.0,0.0,0.0,6.382978723404255,1.0,1.0,0.0,0.0,0.0,0.0,0.0,0.0,0.0,0.7659574468085107,0.1914893617021277,0.0425531914893617,0.0,0.0,0.0,0.0,0.0,0.0,2.127659574468085,0.0,4.25531914893617,0.0,0.0,0.0
raw-L07069,7070,2003,【最狂の証】ｸﾞﾗｯﾄﾝｿｰﾄﾞは最強3【Burontの宝】,2,-0.6839090224723308,0.6568930965667301,3.58351893845611,1.0986122886681098,2.917770732084279,3.295836866004329,0.0,0.0,0.0,0.0,2.857142857142857,1.0,1.0,0.0,0.0,0.0,0.0,0.0,0.0,0.0,0.5714285714285715,0.28571428571428575,0.05714285714285714,0.0,0.08571428571428572,0.0,0.0,2.857142857142857,0.0,0.0,0.0,0.0,0.0,0.0,0.0
raw-L07075,7076,2003,【最狂の証】ｸﾞﾗｯﾄﾝｿｰﾄﾞは最強3【Burontの宝】,1,0.2083706737255073,1.2852067494239534,4.127134385045092,1.3862943611198906,3.060270794691562,3.4657359027997265,0.0,0.0,0.0,0.0,3.278688524590164,1.0,1.0,0.0,0.0,0.0,0.0,0.0,0.0,0.0,0.639344262295082,0.3114754098360656,0.0,0.0,0.04918032786885246,0.0,0.0,1.639344262295082,1.639344262295082,0.0,1.639344262295082,0.0,0.0,0.0,0.0
raw-L07083,7084,2003,【最狂の証】ｸﾞﾗｯﾄﾝｿｰﾄﾞは最強3【Burontの宝】,2,-0.7030659669456581,-0.09867780439474312,3.970291913552122,1.3862943611198906,2.908720896564361,3.1354942159291497,0.0,0.0,1.9230769230769231,0.0,3.8461538461538463,0.6666666666666666,1.0,0.0,0.0,0.0,0.0,0.0,0.0,0.0,0.8076923076923077,0.17307692307692307,0.0,0.0,0.0,0.0,0.0,0.0,1.9230769230769231,1.9230769230769231,0.0,0.0,0.0,0.0,0.0
raw-L07089,7090,2003,【最狂の証】ｸﾞﾗｯﾄﾝｿｰﾄﾞは最強3【Burontの宝】,1,0.1364461401272554,1.1186528833550877,4.127134385045092,1.3862943611198906,3.060270794691562,3.2188758248682006,0.0,0.0,0.0,0.0,3.278688524590164,1.0,1.0,0.0,0.0,0.0,0.0,0.0,0.0,0.0,0.6229508196721312,0.18032786885245902,0.16393442622950818,0.0,0.03278688524590164,0.0,0.0,1.639344262295082,0.0,3.278688524590164,0.0,1.639344262295082,0.0,1.639344262295082,0.0
raw-L07096,7097,2003,【最狂の証】ｸﾞﾗｯﾄﾝｿｰﾄﾞは最強3【Burontの宝】,1,0.4383624997945719,1.0258944607760743,3.9318256327243257,1.3862943611198906,2.8716796248840124,3.2188758248682006,0.0,0.0,0.0,0.0,4.0,1.0,1.0,0.0,0.0,0.0,0.0,0.0,0.0,0.0,0.62,0.18,0.16,0.0,0.04,0.0,0.0,0.0,0.0,4.0,0.0,0.0,2.0,0.0,0.0
raw-L07102,7103,2003,【最狂の証】ｸﾞﾗｯﾄﾝｿｰﾄﾞは最強3【Burontの宝】,2,-1.3099973958454043,0.5451731336587997,3.258096538021482,1.0986122886681098,2.6026896854443837,2.9444389791664403,0.0,0.0,0.0,0.0,4.0,1.0,1.0,0.0,0.0,0.0,0.0,0.0,0.0,0.0,0.52,0.28,0.2,0.0,0.0,0.0,0.0,0.0,0.0,0.0,0.0,0.0,0.0,0.0,0.0
raw-L07108,7109,2003,【最狂の証】ｸﾞﾗｯﾄﾝｿｰﾄﾞは最強3【Burontの宝】,1,-0.11824259340627666,0.8141719713594903,4.0943445622221,1.3862943611198906,3.028522096376982,3.4965075614664802,0.0,0.0,0.0,0.0,3.389830508474576,1.0,1.0,0.0,0.0,0.0,0.0,0.0,0.0,0.0,0.6101694915254238,0.20338983050847456,0.11864406779661017,0.0,0.0,0.05084745762711864,0.0,1.694915254237288,0.0,1.694915254237288,0.0,0.0,0.0,0.0,0.0
raw-L07114,7115,2003,【最狂の証】ｸﾞﾗｯﾄﾝｿｰﾄﾞは最強3【Burontの宝】,2,-0.4019908579418396,1.244365878000208,4.189654742026425,1.6094379124341003,2.847812143477369,3.367295829986474,0.0,0.0,0.0,0.0,4.615384615384615,1.0,1.0,0.0,0.0,0.0,0.0,0.0,0.0,0.0,0.7076923076923077,0.2923076923076923,0.0,0.0,0.0,0.0,1.5384615384615385,1.5384615384615385,3.076923076923077,0.0,0.0,1.5384615384615385,0.0,0.0,0.0
raw-L07121,7122,2003,【最狂の証】ｸﾞﾗｯﾄﾝｿｰﾄﾞは最強3【Burontの宝】,1,0.9222197319160381,0.03116366639733085,4.1588830833596715,1.3862943611198906,3.091042453358316,3.6635616461296463,0.0,1.5873015873015872,0.0,0.0,3.1746031746031744,1.0,0.6666666666666666,0.0,0.0,0.0,0.0,0.0,0.0,0.0,0.5714285714285715,0.25396825396825395,0.07936507936507936,0.0,0.0,0.047619047619047616,0.0,0.0,0.0,0.0,0.0,0.0,0.0,0.0,0.0
raw-L07127,7128,2003,【最狂の証】ｸﾞﾗｯﾄﾝｿｰﾄﾞは最強3【Burontの宝】,2,-1.5203313957364806,0.6883001158893028,3.295836866004329,1.0986122886681098,2.6390573296152584,2.6390573296152584,0.0,0.0,0.0,0.0,3.8461538461538463,1.0,1.0,0.0,0.0,0.0,0.0,0.0,0.0,0.0,0.6923076923076923,0.3076923076923077,0.0,0.0,0.0,0.0,0.0,0.0,0.0,0.0,0.0,0.0,0.0,0.0,0.0
raw-L07133,7134,2003,【最狂の証】ｸﾞﾗｯﾄﾝｿｰﾄﾞは最強3【Burontの宝】,1,1.0832519769103828,0.826003725062323,4.736198448394496,1.791759469228055,3.1612467120315646,3.4657359027997265,0.0,0.8849557522123894,0.0,0.0,3.5398230088495577,1.0,0.8,0.0,0.0,0.0,0.0,0.0,0.0,0.0,0.6283185840707964,0.22123893805309736,0.08849557522123894,0.0,0.035398230088495575,0.008849557522123894,0.0,1.7699115044247788,0.8849557522123894,0.0,0.8849557522123894,0.0,0.0,0.0,0.0
raw-L07141,7142,2003,【最狂の証】ｸﾞﾗｯﾄﾝｿｰﾄﾞは最強3【Burontの宝】,1,-0.09366614196972253,1.0678397906074182,4.30406509320417,1.6094379124341003,2.9575110607337933,3.4011973816621555,0.0,0.0,1.36986301369863,0.0,4.109589041095891,1.0,1.0,0.0,0.0,0.0,0.0,0.0,0.0,0.0,0.684931506849315,0.3013698630136986,0.0,0.0,0.0,0.0,0.0,0.0,4.109589041095891,0.0,1.36986301369863,0.0,0.0,0.0,0.0
raw-L07149,7150,2003,【最狂の証】ｸﾞﾗｯﾄﾝｿｰﾄﾞは最強3【Burontの宝】,1,0.9168873125258387,1.1658026251434408,4.795790545596741,1.6094379124341003,3.4339872044851463,3.828641396489095,0.0,0.0,0.0,0.0,2.5,1.0,1.0,0.0,0.0,0.0,0.0,0.0,0.0,0.0,0.7,0.19166666666666668,0.1,0.0,0.0,0.0,0.0,1.6666666666666667,0.8333333333333334,0.0,0.8333333333333334,0.8333333333333334,0.0,0.0,0.0
raw-L07156,7157,2003,【最狂の証】ｸﾞﾗｯﾄﾝｿｰﾄﾞは最強3【Burontの宝】,1,0.0949328332581401,0.8393060532510733,4.23410650459726,1.3862943611198906,3.164067588373206,3.4011973816621555,0.0,0.0,0.0,0.0,2.9411764705882355,1.0,1.0,0.0,0.0,0.0,0.0,0.0,0.0,0.0,0.5588235294117647,0.25,0.1323529411764706,0.0,0.0,0.04411764705882353,0.0,0.0,0.0,1.4705882352941178,0.0,0.0,0.0,0.0,0.0
raw-L07162,7163,2003,【最狂の証】ｸﾞﾗｯﾄﾝｿｰﾄﾞは最強3【Burontの宝】,2,-0.5310822615272749,0.17368352734391598,3.4965075614664802,0.6931471805599453,3.4965075614664802,3.4965075614664802,0.0,0.0,0.0,0.0,0.0,1.0,1.0,0.0,0.0,0.0,0.0,0.0,0.0,0.0,0.71875,0.28125,0.0,0.0,0.0,0.0,0.0,3.125,0.0,0.0,0.0,0.0,0.0,0.0,0.0
raw-L07166,7167,2003,【最狂の証】ｸﾞﾗｯﾄﾝｿｰﾄﾞは最強3【Burontの宝】,2,-1.3501840986702915,0.7778995597948061,3.6888794541139363,1.3862943611198906,2.6390573296152584,2.772588722239781,0.0,0.0,0.0,0.0,5.128205128205129,1.0,1.0,0.0,0.0,0.0,0.0,0.0,0.0,0.0,0.6153846153846154,0.20512820512820515,0.1794871794871795,0.0,0.0,0.0,0.0,0.0,2.5641025641025643,0.0,0.0,0.0,0.0,0.0,0.0
raw-L07173,7174,2003,【最狂の証】ｸﾞﾗｯﾄﾝｿｰﾄﾞは最強3【Burontの宝】,1,0.3286325527848952,0.9124202799455918,4.477336814478207,1.3862943611198906,3.4011973816621555,3.784189633918261,0.0,0.0,0.0,0.0,2.2988505747126435,1.0,1.0,0.0,0.0,0.0,0.0,0.0,0.0,0.0,0.7701149425287356,0.22988505747126436,0.0,0.0,0.0,0.0,0.0,1.1494252873563218,2.2988505747126435,1.1494252873563218,0.0,0.0,0.0,0.0,0.0
raw-L07179,7180,2003,【最狂の証】ｸﾞﾗｯﾄﾝｿｰﾄﾞは最強3【Burontの宝】,1,0.5682372889869063,1.5833455639924743,4.543294782270004,1.791759469228055,2.975529566236472,3.4339872044851463,0.0,0.0,0.0,0.0,4.301075268817204,1.0,1.0,0.0,0.0,0.0,0.0,0.0,0.0,0.0,0.6881720430107526,0.24731182795698925,0.0,0.0,0.06451612903225806,0.0,0.0,0.0,1.075268817204301,1.075268817204301,1.075268817204301,0.0,0.0,0.0,0.0
raw-L07188,7189,2003,【最狂の証】ｸﾞﾗｯﾄﾝｿｰﾄﾞは最強3【Burontの宝】,1,-0.054599117780862134,0.6443836283764683,4.1588830833596715,1.3862943611198906,3.091042453358316,3.367295829986474,0.0,0.0,0.0,0.0,3.1746031746031744,1.0,1.0,0.0,0.0,0.0,0.0,0.0,0.0,0.0,0.4761904761904762,0.19047619047619047,0.31746031746031744,0.0,0.0,0.0,0.0,1.5873015873015872,0.0,1.5873015873015872,0.0,0.0,0.0,0.0,0.0
raw-L07194,7195,2003,【最狂の証】ｸﾞﾗｯﾄﾝｿｰﾄﾞは最強3【Burontの宝】,1,0.08384170937120868,0.9195022537444225,4.0943445622221,1.3862943611198906,3.028522096376982,3.5553480614894135,0.0,0.0,0.0,0.0,3.389830508474576,1.0,1.0,0.0,0.0,0.0,0.0,0.0,0.0,0.0,0.576271186440678,0.288135593220339,0.13559322033898305,0.0,0.0,0.0,0.0,0.0,0.0,1.694915254237288,0.0,0.0,0.0,0.0,0.0
raw-L07200,7201,2003,【最狂の証】ｸﾞﾗｯﾄﾝｿｰﾄﾞは最強3【Burontの宝】,2,-0.689977658161517,1.3672934659755707,3.6635616461296463,1.3862943611198906,2.614959778036198,2.8903717578961645,0.0,0.0,0.0,0.0,5.2631578947368425,1.0,1.0,0.0,0.0,0.0,0.0,0.0,0.0,0.0,0.763157894736842,0.1842105263157895,0.052631578947368425,0.0,0.0,0.0,0.0,2.6315789473684212,2.6315789473684212,2.6315789473684212,2.6315789473684212,0.0,0.0,0.0,0.0
raw-L07206,7207,2003,【最狂の証】ｸﾞﾗｯﾄﾝｿｰﾄﾞは最強3【Burontの宝】,1,0.6272092986300143,1.059041101317264,4.624972813284271,1.791759469228055,3.054001181677967,3.332204510175204,0.0,0.0,0.0,0.0,3.9603960396039604,1.0,1.0,0.0,0.0,0.0,0.0,0.0,0.0,0.0,0.5346534653465347,0.16831683168316833,0.21782178217821785,0.0,0.019801980198019802,0.019801980198019802,0.0,1.9801980198019802,0.0,0.9900990099009901,0.0,0.0,0.9900990099009901,0.0,0.0
raw-L07214,7215,2003,【最狂の証】ｸﾞﾗｯﾄﾝｿｰﾄﾞは最強3【Burontの宝】,1,0.13828107943494272,1.0887537532160816,4.406719247264253,1.6094379124341003,3.056356895370426,3.4657359027997265,0.0,0.0,0.0,0.0,3.7037037037037037,1.0,1.0,0.0,0.0,0.0,0.0,0.0,0.0,0.0,0.6296296296296297,0.2592592592592593,0.024691358024691357,0.0,0.024691358024691357,0.037037037037037035,0.0,2.4691358024691357,0.0,1.2345679012345678,0.0,0.0,0.0,0.0,0.0
raw-L07220,7221,2003,【最狂の証】ｸﾞﾗｯﾄﾝｿｰﾄﾞは最強3【Burontの宝】,1,0.11908950561965694,1.1370696547409405,4.454347296253507,1.6094379124341003,3.1023420086122493,3.4339872044851463,0.0,0.0,0.0,0.0,3.5294117647058822,1.0,1.0,0.0,0.0,0.0,0.0,0.0,0.0,0.0,0.7647058823529411,0.23529411764705885,0.0,0.0,0.0,0.0,0.0,0.0,1.1764705882352942,1.1764705882352942,0.0,0.0,0.0,0.0,0.0
raw-L07227,7228,2003,【最狂の証】ｸﾞﾗｯﾄﾝｿｰﾄﾞは最強3【Burontの宝】,2,-0.4425673765574319,0.7689823043807836,3.713572066704308,1.0986122886681098,3.044522437723423,3.4339872044851463,0.0,0.0,0.0,0.0,2.5,1.0,1.0,0.0,0.0,0.0,0.0,0.0,0.0,0.0,0.725,0.225,0.0,0.0,0.05,0.0,0.0,0.0,2.5,2.5,0.0,0.0,0.0,0.0,0.0
raw-L07232,7233,2003,【最狂の証】ｸﾞﾗｯﾄﾝｿｰﾄﾞは最強3【Burontの宝】,2,-0.8534492760360765,1.1178488290040225,3.7612001156935624,1.3862943611198906,2.70805020110221,2.8903717578961645,0.0,0.0,0.0,0.0,4.761904761904762,1.0,1.0,0.0,0.0,0.0,0.0,0.0,0.0,0.0,0.8095238095238095,0.14285714285714288,0.047619047619047616,0.0,0.0,0.0,0.0,0.0,0.0,0.0,0.0,0.0,0.0,2.380952380952381,0.0
raw-L07237,7238,2003,【最狂の証】ｸﾞﾗｯﾄﾝｿｰﾄﾞは最強3【Burontの宝】,1,0.12498291887599584,1.1079100715496648,4.1588830833596715,1.6094379124341003,2.8183982582710754,3.1354942159291497,0.0,0.0,0.0,0.0,4.761904761904762,1.0,1.0,0.0,0.0,0.0,0.0,0.0,0.0,0.0,0.6825396825396826,0.15873015873015872,0.09523809523809523,0.0,0.0,0.031746031746031744,0.0,0.0,1.5873015873015872,1.5873015873015872,0.0,0.0,1.5873015873015872,0.0,0.0
raw-L07245,7246,2003,【最狂の証】ｸﾞﾗｯﾄﾝｿｰﾄﾞは最強3【Burontの宝】,2,-0.5209182802288788,0.9652954212366158,3.9318256327243257,1.3862943611198906,2.8716796248840124,3.258096538021482,0.0,0.0,0.0,0.0,4.0,1.0,1.0,0.0,0.0,0.0,0.0,0.0,0.0,0.0,0.74,0.26,0.0,0.0,0.0,0.0,0.0,0.0,0.0,0.0,0.0,0.0,0.0,0.0,0.0
raw-L07251,7252,2003,【最狂の証】ｸﾞﾗｯﾄﾝｿｰﾄﾞは最強3【Burontの宝】,1,0.16845023172040466,0.9654404570750744,4.248495242049359,1.3862943611198906,3.1780538303479458,3.6635616461296463,0.0,0.0,0.0,0.0,2.898550724637681,1.0,1.0,0.0,0.0,0.0,0.0,0.0,0.0,0.0,0.6666666666666667,0.30434782608695654,0.0,0.0,0.028985507246376812,0.0,0.0,1.4492753623188406,0.0,0.0,0.0,0.0,0.0,0.0,0.0
raw-L07257,7258,2003,【最狂の証】ｸﾞﾗｯﾄﾝｿｰﾄﾞは最強3【Burontの宝】,1,0.22199524865743994,1.237068904345798,4.110873864173311,1.3862943611198906,3.044522437723423,3.258096538021482,0.0,0.0,0.0,0.0,3.3333333333333335,1.0,1.0,0.0,0.0,0.0,0.0,0.0,0.0,0.0,0.7333333333333333,0.16666666666666669,0.0,0.0,0.1,0.0,1.6666666666666667,0.0,0.0,3.3333333333333335,0.0,1.6666666666666667,0.0,0.0,0.0
raw-L07263,7264,2003,【最狂の証】ｸﾞﾗｯﾄﾝｿｰﾄﾞは最強3【Burontの宝】,2,-0.9317951526058633,0.9693458124742503,3.332204510175204,1.0986122886681098,2.6741486494265287,2.9444389791664403,0.0,0.0,0.0,0.0,3.7037037037037037,1.0,1.0,0.0,0.0,0.0,0.0,0.0,0.0,0.0,0.7777777777777777,0.14814814814814814,0.0,0.0,0.07407407407407407,0.0,0.0,3.7037037037037037,0.0,3.7037037037037037,0.0,0.0,0.0,3.7037037037037037,0.0
raw-L07268,7269,2003,【最狂の証】ｸﾞﾗｯﾄﾝｿｰﾄﾞは最強3【Burontの宝】,1,0.16242481749827356,1.0437794611258153,4.189654742026425,1.3862943611198906,3.120895416507997,3.332204510175204,0.0,0.0,0.0,0.0,3.076923076923077,1.0,1.0,0.0,0.0,0.0,0.0,0.0,0.0,0.0,0.6923076923076923,0.27692307692307694,0.03076923076923077,0.0,0.0,0.0,4.615384615384615,0.0,0.0,1.5384615384615385,0.0,0.0,0.0,0.0,0.0
raw-L07274,7275,2003,【最狂の証】ｸﾞﾗｯﾄﾝｿｰﾄﾞは最強3【Burontの宝】,1,-0.08765099408130961,0.9900316815596238,4.51085950651685,1.791759469228055,2.9444389791664403,3.5263605246161616,0.0,0.0,1.1111111111111112,0.0,4.444444444444445,1.0,1.0,0.0,0.0,0.0,0.0,0.0,0.0,0.0,0.7888888888888889,0.2,0.0,0.0,0.0,0.0,0.0,0.0,2.2222222222222223,0.0,0.0,0.0,0.0,0.0,0.0
raw-L07283,7284,2003,【最狂の証】ｸﾞﾗｯﾄﾝｿｰﾄﾞは最強3【Burontの宝】,1,0.2130380948449494,1.055104735105476,4.51085950651685,1.6094379124341003,3.1570004211501135,3.5553480614894135,0.0,0.0,0.0,0.0,3.3333333333333335,1.0,1.0,0.0,0.0,0.0,0.0,0.0,0.0,0.0,0.7666666666666667,0.2111111111111111,0.022222222222222223,0.0,0.0,0.0,0.0,1.1111111111111112,0.0,0.0,0.0,0.0,0.0,0.0,0.0
raw-L07290,7291,2003,【最狂の証】ｸﾞﾗｯﾄﾝｿｰﾄﾞは最強3【Burontの宝】,2,-0.9626016128688598,-0.33839752683303465,3.784189633918261,1.3862943611198906,2.7300291078209855,2.8903717578961645,0.0,0.0,2.3255813953488373,0.0,4.651162790697675,0.6666666666666666,1.0,0.0,0.0,0.0,0.0,0.0,0.0,0.0,0.48837209302325585,0.27906976744186046,0.20930232558139536,0.0,0.0,0.0,0.0,0.0,0.0,0.0,0.0,0.0,0.0,0.0,0.0
raw-L07297,7298,2003,【最狂の証】ｸﾞﾗｯﾄﾝｿｰﾄﾞは最強3【Burontの宝】,1,0.09486545409235189,0.4971422493652509,4.499809670330265,1.791759469228055,2.9338568698359038,3.6109179126442243,0.0,0.0,1.1235955056179776,0.0,4.49438202247191,0.8,1.0,0.0,0.0,0.0,0.0,0.0,0.0,0.0,0.6629213483146067,0.15730337078651685,0.16853932584269665,0.0,0.0,0.0,0.0,0.0,1.1235955056179776,0.0,0.0,0.0,0.0,0.0,0.0
raw-L07304,7305,2003,【最狂の証】ｸﾞﾗｯﾄﾝｿｰﾄﾞは最強3【Burontの宝】,1,0.3081889558168187,1.664215930798494,4.736198448394496,2.0794415416798357,2.841581593726733,3.332204510175204,0.0,0.0,0.0,0.0,6.1946902654867255,1.0,1.0,0.0,0.0,0.0,0.0,0.0,0.0,0.0,0.7256637168141593,0.19469026548672566,0.02654867256637168,0.0,0.05309734513274336,0.0,0.8849557522123894,0.0,1.7699115044247788,1.7699115044247788,0.0,0.0,0.0,0.0,0.0
raw-L07317,7318,2003,【最狂の証】ｸﾞﾗｯﾄﾝｿｰﾄﾞは最強3【Burontの宝】,2,-0.925875417419175,1.0597340125548456,4.007333185232471,1.6094379124341003,2.6741486494265287,3.1354942159291497,0.0,0.0,0.0,0.0,5.555555555555555,1.0,1.0,0.0,0.0,0.0,0.0,0.0,0.0,0.0,0.7962962962962963,0.16666666666666669,0.037037037037037035,0.0,0.0,0.0,0.0,1.8518518518518519,1.8518518518518519,0.0,0.0,0.0,0.0,0.0,0.0
raw-L07324,7325,2003,【最狂の証】ｸﾞﾗｯﾄﾝｿｰﾄﾞは最強3【Burontの宝】,2,-0.37204003637765454,1.1409291948609832,3.713572066704308,1.3862943611198906,2.662587827025453,2.8903717578961645,0.0,0.0,0.0,0.0,5.0,1.0,1.0,0.0,0.0,0.0,0.0,0.0,0.0,0.0,0.625,0.35,0.0,0.0,0.0,0.0,0.0,0.0,2.5,2.5,0.0,0.0,2.5,0.0,0.0
raw-L07330,7331,2003,【最狂の証】ｸﾞﾗｯﾄﾝｿｰﾄﾞは最強3【Burontの宝】,2,-1.2016035894889212,0.8695877069425672,3.1354942159291497,1.0986122886681098,2.4849066497880004,2.772588722239781,0.0,0.0,0.0,0.0,4.545454545454546,1.0,1.0,0.0,0.0,0.0,0.0,0.0,0.0,0.0,0.36363636363636365,0.36363636363636365,0.09090909090909091,0.0,0.18181818181818182,0.0,0.0,0.0,0.0,0.0,0.0,0.0,0.0,0.0,0.0
raw-L07334,7335,2003,【最狂の証】ｸﾞﾗｯﾄﾝｿｰﾄﾞは最強3【Burontの宝】,1,0.11395595939013754,1.1264799262781129,4.23410650459726,1.3862943611198906,3.164067588373206,3.1780538303479458,0.0,0.0,0.0,0.0,2.9411764705882355,1.0,1.0,0.0,0.0,0.0,0.0,0.0,0.0,0.0,0.6176470588235294,0.29411764705882354,0.08823529411764706,0.0,0.0,0.0,0.0,0.0,1.4705882352941178,0.0,1.4705882352941178,0.0,0.0,0.0,0.0
raw-L07340,7341,2003,【最狂の証】ｸﾞﾗｯﾄﾝｿｰﾄﾞは最強3【Burontの宝】,2,-0.7196885288210241,0.8424681282117907,3.970291913552122,1.3862943611198906,2.908720896564361,3.044522437723423,0.0,0.0,0.0,0.0,3.8461538461538463,1.0,1.0,0.0,0.0,0.0,0.0,0.0,0.0,0.0,0.673076923076923,0.1923076923076923,0.09615384615384615,0.0,0.038461538461538464,0.0,0.0,0.0,1.9230769230769231,0.0,0.0,0.0,0.0,0.0,0.0
raw-L07346,7347,2003,【最狂の証】ｸﾞﾗｯﾄﾝｿｰﾄﾞは最強3【Burontの宝】,1,1.041403345082842,1.5379532248117038,5.10594547390058,2.0794415416798357,3.1957534074473464,3.4657359027997265,0.0,0.0,0.0,0.0,3.658536585365854,1.0,1.0,0.0,0.0,0.0,0.0,0.0,0.0,0.0,0.6158536585365854,0.28048780487804875,0.07317073170731708,0.0,0.024390243902439025,0.0,0.0,1.2195121951219512,0.0,0.6097560975609756,0.6097560975609756,0.0,0.0,0.0,0.0
raw-L07355,7356,2003,【最狂の証】ｸﾞﾗｯﾄﾝｿｰﾄﾞは最強3【Burontの宝】,1,-0.18602886501163893,1.1032009966257517,4.189654742026425,1.6094379124341003,2.847812143477369,3.1780538303479458,0.0,0.0,0.0,0.0,4.615384615384615,1.0,1.0,0.0,0.0,0.0,0.0,0.0,0.0,0.0,0.5384615384615384,0.24615384615384617,0.15384615384615385,0.0,0.04615384615384615,0.0,0.0,1.5384615384615385,1.5384615384615385,3.076923076923077,0.0,0.0,0.0,0.0,0.0
raw-L07362,7363,2003,【最狂の証】ｸﾞﾗｯﾄﾝｿｰﾄﾞは最強3【Burontの宝】,2,-0.7512644090433845,0.901764541690982,3.970291913552122,1.3862943611198906,2.908720896564361,3.1354942159291497,0.0,0.0,0.0,0.0,3.8461538461538463,1.0,1.0,0.0,0.0,0.0,0.0,0.0,0.0,0.0,0.7884615384615384,0.21153846153846154,0.0,0.0,0.0,0.0,0.0,0.0,1.9230769230769231,0.0,0.0,0.0,0.0,0.0,0.0
raw-L07368,7369,2003,【最狂の証】ｸﾞﾗｯﾄﾝｿｰﾄﾞは最強3【Burontの宝】,2,-0.6262892151393094,0.7715545653058402,3.6375861597263857,1.0986122886681098,2.970414465569701,3.4657359027997265,0.0,0.0,0.0,0.0,2.7027027027027026,1.0,1.0,0.0,0.0,0.0,0.0,0.0,0.0,0.0,0.7837837837837838,0.2162162162162162,0.0,0.0,0.0,0.0,0.0,2.7027027027027026,0.0,0.0,0.0,2.7027027027027026,0.0,0.0,0.0
raw-L07375,7376,2003,【最狂の証】ｸﾞﾗｯﾄﾝｿｰﾄﾞは最強3【Burontの宝】,2,-0.21957696308240313,1.1805378073629196,4.290459441148391,1.6094379124341003,2.9444389791664403,3.4011973816621555,0.0,0.0,0.0,0.0,4.166666666666667,1.0,1.0,0.0,0.0,0.0,0.0,0.0,0.0,0.0,0.8333333333333333,0.16666666666666669,0.0,0.0,0.0,0.0,1.3888888888888888,0.0,4.166666666666667,2.7777777777777777,0.0,0.0,0.0,0.0,0.0
raw-L07382,7383,2003,【最狂の証】ｸﾞﾗｯﾄﾝｿｰﾄﾞは最強3【Burontの宝】,1,0.5430273859189904,1.6251371715565905,5.0369526024136295,2.1972245773362196,3.001962823304627,3.4011973816621555,0.0,0.0,0.0,0.0,4.57516339869281,1.0,1.0,0.0,0.0,0.0,0.0,0.0,0.0,0.0,0.8300653594771242,0.16993464052287582,0.0,0.0,0.0,0.0,0.0,0.6535947712418301,1.9607843137254901,0.0,0.6535947712418301,0.0,0.0,0.0,0.0
raw-L07393,7394,2003,【最狂の証】ｸﾞﾗｯﾄﾝｿｰﾄﾞは最強3【Burontの宝】,1,0.344260431703298,0.8048424243236768,4.727387818712341,1.9459101490553132,2.9789251552376097,3.4657359027997265,0.0,0.0,0.8928571428571429,0.0,4.464285714285714,0.8333333333333334,1.0,0.0,0.0,0.0,0.0,0.0,0.0,0.0,0.6517857142857143,0.21428571428571427,0.10714285714285714,0.0,0.0,0.00892857142857143,0.0,0.0,0.8928571428571429,0.8928571428571429,0.0,0.0,0.0,0.0,0.0
raw-L07403,7404,2003,【最狂の証】ｸﾞﾗｯﾄﾝｿｰﾄﾞは最強3【Burontの宝】,1,0.7420906634481923,1.17207110248008,5.14166355650266,2.0794415416798357,3.230239583518516,3.5263605246161616,0.0,0.0,0.5882352941176471,0.0,4.117647058823529,0.8571428571428571,1.0,0.0,0.0,0.0,0.0,0.0,0.0,0.0,0.8058823529411765,0.18823529411764706,0.0,0.0,0.0,0.0,0.0,1.1764705882352942,2.9411764705882355,1.1764705882352942,0.5882352941176471,0.0,0.0,0.0,0.0
raw-L07416,7417,2003,【最狂の証】ｸﾞﾗｯﾄﾝｿｰﾄﾞは最強3【Burontの宝】,1,0.39029557080705635,1.210781001548277,4.23410650459726,1.3862943611198906,3.164067588373206,3.4657359027997265,0.0,0.0,0.0,0.0,2.9411764705882355,1.0,1.0,0.0,0.0,0.0,0.0,0.0,0.0,0.0,0.676470588235294,0.2647058823529412,0.05882352941176471,0.0,0.0,0.0,0.0,0.0,1.4705882352941178,1.4705882352941178,1.4705882352941178,0.0,0.0,0.0,0.0
raw-L07422,7423,2003,【最狂の証】ｸﾞﾗｯﾄﾝｿｰﾄﾞは最強3【Burontの宝】,1,-0.1685332257496663,1.0602063236296229,4.343805421853684,1.791759469228055,2.785011242238338,3.332204510175204,0.0,0.0,0.0,0.0,5.2631578947368425,1.0,1.0,0.0,0.0,0.0,0.0,0.0,0.0,0.0,0.5526315789473685,0.14473684210526316,0.2236842105263158,0.0,0.0,0.06578947368421052,0.0,0.0,0.0,0.0,0.0,0.0,0.0,0.0,0.0
raw-L07437,7438,2003,【名誉既存】ﾌﾞﾛｯﾄﾝｿｰﾄﾞは最強4【仏の顔を三度】,1,0.837844925683045,1.208910187805578,4.330733340286331,1.6094379124341003,2.9831534913471307,3.2188758248682006,0.0,0.0,0.0,0.0,4.0,1.0,1.0,0.0,0.0,0.0,0.0,0.0,0.0,0.0,0.5066666666666666,0.18666666666666668,0.18666666666666668,0.0,0.10666666666666666,0.0,1.3333333333333333,0.0,0.0,2.6666666666666665,0.0,0.0,1.3333333333333333,0.0,0.0
raw-L07445,7446,2003,【名誉既存】ﾌﾞﾛｯﾄﾝｿｰﾄﾞは最強4【仏の顔を三度】,1,0.656875116012965,-0.11172409532617934,3.912023005428146,1.3862943611198906,2.8526314299133175,3.5263605246161616,0.0,0.0,4.081632653061225,0.0,4.081632653061225,0.6666666666666666,1.0,0.0,0.0,0.0,0.0,0.0,0.0,0.0,0.5918367346938775,0.22448979591836735,0.10204081632653061,0.0,0.04081632653061225,0.0,0.0,0.0,2.0408163265306123,2.0408163265306123,2.0408163265306123,0.0,2.0408163265306123,0.0,0.0
raw-L07451,7452,2003,【名誉既存】ﾌﾞﾛｯﾄﾝｿｰﾄﾞは最強4【仏の顔を三度】,2,-3.206753668759455,0.21572908211869488,1.791759469228055,0.6931471805599453,1.791759469228055,1.791759469228055,0.0,0.0,0.0,0.0,0.0,1.0,1.0,0.0,0.0,0.0,0.0,0.0,0.0,0.0,0.6,0.4,0.0,0.0,0.0,0.0,0.0,0.0,0.0,0.0,0.0,20.0,0.0,0.0,0.0
raw-L07455,7456,2003,【名誉既存】ﾌﾞﾛｯﾄﾝｿｰﾄﾞは最強4【仏の顔を三度】,2,-0.8468432513468391,-0.14921034862601504,3.9318256327243257,1.3862943611198906,2.8716796248840124,3.1780538303479458,0.0,0.0,2.0,0.0,4.0,0.6666666666666666,1.0,0.0,0.0,0.0,0.0,0.0,0.0,0.0,0.7,0.24,0.0,0.0,0.04,0.0,0.0,2.0,2.0,0.0,0.0,0.0,0.0,0.0,0.0
raw-L07462,7463,2003,【名誉既存】ﾌﾞﾛｯﾄﾝｿｰﾄﾞは最強4【仏の顔を三度】,1,0.9588772015874141,0.9096654670838192,3.6635616461296463,0.6931471805599453,3.6635616461296463,3.6635616461296463,0.0,0.0,0.0,0.0,0.0,1.0,1.0,0.0,0.0,0.0,0.0,0.0,0.0,0.0,0.5526315789473685,0.07894736842105263,0.0,0.0,0.368421052631579,0.0,0.0,0.0,0.0,0.0,5.2631578947368425,0.0,0.0,0.0,0.0
raw-L07465,7466,2003,【名誉既存】ﾌﾞﾛｯﾄﾝｿｰﾄﾞは最強4【仏の顔を三度】,1,0.29295092373344267,0.9486498431706799,4.02535169073515,1.0986122886681098,3.349904087274605,3.4965075614664802,0.0,0.0,0.0,0.0,1.8181818181818181,1.0,1.0,0.0,0.0,0.0,0.0,0.0,0.0,0.0,0.6909090909090909,0.2,0.0,0.0,0.10909090909090909,0.0,0.0,1.8181818181818181,0.0,1.8181818181818181,0.0,0.0,0.0,1.8181818181818181,0.0
raw-L07469,7470,2003,【名誉既存】ﾌﾞﾛｯﾄﾝｿｰﾄﾞは最強4【仏の顔を三度】,1,1.695018047802097,1.8109119858880798,5.10594547390058,1.9459101490553132,3.3440389678222067,3.6109179126442243,0.0,0.0,0.0,0.0,3.048780487804878,1.0,1.0,0.0,0.0,0.0,0.0,0.0,0.0,0.0,0.6585365853658537,0.1951219512195122,0.07317073170731708,0.0,0.07317073170731708,0.0,0.6097560975609756,0.0,0.0,0.0,2.4390243902439024,0.0,0.0,0.0,0.0
raw-L07478,7479,2003,【名誉既存】ﾌﾞﾛｯﾄﾝｿｰﾄﾞは最強4【仏の顔を三度】,1,0.1725967340237242,1.0844861011978628,4.564348191467836,1.6094379124341003,3.2088254890146994,3.4965075614664802,0.0,0.0,0.0,0.0,3.1578947368421053,1.0,1.0,0.0,0.0,0.0,0.0,0.0,0.0,0.0,0.8,0.17894736842105263,0.021052631578947368,0.0,0.0,0.0,0.0,1.0526315789473684,1.0526315789473684,0.0,0.0,1.0526315789473684,0.0,0.0,0.0
raw-L07484,7485,2003,【名誉既存】ﾌﾞﾛｯﾄﾝｿｰﾄﾞは最強4【仏の顔を三度】,1,0.22926583813054233,0.7968252926956988,4.418840607796598,1.3862943611198906,3.3440389678222067,3.6888794541139363,0.0,0.0,0.0,0.0,2.4390243902439024,1.0,1.0,0.0,0.0,0.0,0.0,0.0,0.0,0.0,0.7926829268292682,0.12195121951219512,0.08536585365853659,0.0,0.0,0.0,0.0,1.2195121951219512,1.2195121951219512,1.2195121951219512,0.0,0.0,0.0,0.0,0.0
raw-L07491,7492,2003,【名誉既存】ﾌﾞﾛｯﾄﾝｿｰﾄﾞは最強4【仏の顔を三度】,2,-0.9243835782659192,0.8842395334707708,3.828641396489095,1.3862943611198906,2.772588722239781,2.772588722239781,0.0,0.0,0.0,0.0,4.444444444444445,1.0,1.0,0.0,0.0,0.0,0.0,0.0,0.0,0.0,0.6444444444444444,0.17777777777777778,0.13333333333333333,0.0,0.044444444444444446,0.0,0.0,0.0,2.2222222222222223,2.2222222222222223,0.0,0.0,0.0,0.0,0.0
raw-L07497,7498,2003,【名誉既存】ﾌﾞﾛｯﾄﾝｿｰﾄﾞは最強4【仏の顔を三度】,2,-2.0710969060506863,0.5419224169679733,3.1780538303479458,1.0986122886681098,2.5257286443082556,2.833213344056216,0.0,0.0,0.0,0.0,4.3478260869565215,1.0,1.0,0.0,0.0,0.0,0.0,0.0,0.0,0.0,0.9565217391304348,0.043478260869565216,0.0,0.0,0.0,0.0,0.0,0.0,4.3478260869565215,0.0,0.0,0.0,0.0,0.0,0.0
raw-L07503,7504,2003,【名誉既存】ﾌﾞﾛｯﾄﾝｿｰﾄﾞは最強4【仏の顔を三度】,1,-0.15331477966370916,0.29054081464469383,4.394449154672439,1.6094379124341003,3.044522437723423,3.367295829986474,0.0,0.0,1.25,0.0,3.75,0.75,1.0,0.0,0.0,0.0,0.0,0.0,0.0,0.0,0.7375,0.1875,0.0625,0.0,0.0,0.0,0.0,0.0,1.25,0.0,0.0,0.0,0.0,0.0,0.0
raw-L07510,7511,2003,【名誉既存】ﾌﾞﾛｯﾄﾝｿｰﾄﾞは最強4【仏の顔を三度】,2,-0.3519467390866593,1.4228954158133953,4.204692619390966,1.791759469228055,2.653241964607215,3.1780538303479458,0.0,0.0,0.0,0.0,7.575757575757576,1.0,1.0,0.0,0.0,0.0,0.0,0.0,0.0,0.0,0.6060606060606061,0.18181818181818182,0.10606060606060605,0.0,0.09090909090909091,0.0,0.0,3.0303030303030303,0.0,1.5151515151515151,0.0,0.0,0.0,0.0,0.0
raw-L07520,7521,2003,【名誉既存】ﾌﾞﾛｯﾄﾝｿｰﾄﾞは最強4【仏の顔を三度】,2,-1.6867275846139658,0.8675533632136857,3.6888794541139363,1.3862943611198906,2.6390573296152584,2.772588722239781,0.0,0.0,0.0,0.0,5.128205128205129,1.0,1.0,0.0,0.0,0.0,0.0,0.0,0.0,0.0,0.717948717948718,0.28205128205128205,0.0,0.0,0.0,0.0,0.0,2.5641025641025643,5.128205128205129,0.0,0.0,0.0,0.0,0.0,0.0
raw-L07526,7527,2003,【名誉既存】ﾌﾞﾛｯﾄﾝｿｰﾄﾞは最強4【仏の顔を三度】,1,0.19138404679570872,1.1468537610860787,4.290459441148391,1.3862943611198906,3.2188758248682006,3.5553480614894135,0.0,0.0,0.0,0.0,2.7777777777777777,1.0,1.0,0.0,0.0,0.0,0.0,0.0,0.0,0.0,0.7361111111111112,0.2638888888888889,0.0,0.0,0.0,0.0,0.0,1.3888888888888888,2.7777777777777777,0.0,1.3888888888888888,0.0,0.0,0.0,0.0
raw-L07531,7532,2003,【名誉既存】ﾌﾞﾛｯﾄﾝｿｰﾄﾞは最強4【仏の顔を三度】,2,-1.7975962438001336,0.6745276004951309,3.2188758248682006,1.0986122886681098,2.5649493574615367,2.8903717578961645,0.0,0.0,0.0,0.0,4.166666666666667,1.0,1.0,0.0,0.0,0.0,0.0,0.0,0.0,0.0,0.7083333333333333,0.2916666666666667,0.0,0.0,0.0,0.0,0.0,0.0,4.166666666666667,0.0,0.0,0.0,0.0,0.0,0.0
raw-L07536,7537,2003,【名誉既存】ﾌﾞﾛｯﾄﾝｿｰﾄﾞは最強4【仏の顔を三度】,2,-1.6329049028755032,0.2738688870615406,2.833213344056216,0.6931471805599453,2.833213344056216,2.833213344056216,0.0,0.0,0.0,0.0,0.0,1.0,1.0,0.0,0.0,0.0,0.0,0.0,0.0,0.0,0.625,0.375,0.0,0.0,0.0,0.0,0.0,6.25,0.0,0.0,0.0,6.25,0.0,0.0,0.0
raw-L07541,7542,2003,【名誉既存】ﾌﾞﾛｯﾄﾝｿｰﾄﾞは最強4【仏の顔を三度】,1,-0.044595866552037906,1.3259659198050444,3.912023005428146,1.3862943611198906,2.8526314299133175,3.2188758248682006,0.0,0.0,0.0,0.0,4.081632653061225,1.0,1.0,0.0,0.0,0.0,0.0,0.0,0.0,0.0,0.7142857142857143,0.24489795918367346,0.04081632653061225,0.0,0.0,0.0,0.0,0.0,0.0,0.0,2.0408163265306123,0.0,0.0,0.0,0.0
raw-L07547,7548,2003,【名誉既存】ﾌﾞﾛｯﾄﾝｿｰﾄﾞは最強4【仏の顔を三度】,2,-0.7994872192249876,0.8792878647243405,4.007333185232471,1.3862943611198906,2.9444389791664403,3.2188758248682006,0.0,0.0,0.0,0.0,3.7037037037037037,1.0,1.0,0.0,0.0,0.0,0.0,0.0,0.0,0.0,0.7962962962962963,0.2037037037037037,0.0,0.0,0.0,0.0,0.0,0.0,3.7037037037037037,0.0,0.0,0.0,0.0,0.0,0.0
raw-L07552,7553,2003,【名誉既存】ﾌﾞﾛｯﾄﾝｿｰﾄﾞは最強4【仏の顔を三度】,2,-3.3320067244407525,0.960385311270914,2.1972245773362196,1.0986122886681098,1.6094379124341003,1.9459101490553132,0.0,0.0,0.0,0.0,12.5,1.0,1.0,0.0,0.0,0.0,0.0,0.0,0.0,0.0,0.375,0.375,0.25,0.0,0.0,0.0,0.0,0.0,0.0,0.0,0.0,0.0,0.0,0.0,0.0
raw-L07556,7557,2003,【名誉既存】ﾌﾞﾛｯﾄﾝｿｰﾄﾞは最強4【仏の顔を三度】,2,-2.346886715655623,0.9587791501308772,2.833213344056216,1.0986122886681098,2.1972245773362196,2.3978952727983707,0.0,0.0,0.0,0.0,6.25,1.0,1.0,0.0,0.0,0.0,0.0,0.0,0.0,0.0,0.625,0.375,0.0,0.0,0.0,0.0,0.0,6.25,0.0,0.0,0.0,6.25,0.0,0.0,0.0
raw-L07561,7562,2003,【名誉既存】ﾌﾞﾛｯﾄﾝｿｰﾄﾞは最強4【仏の顔を三度】,2,-4.321780629822366,-0.30373006249156437,1.0986122886681098,0.6931471805599453,1.0986122886681098,1.0986122886681098,0.0,0.0,0.0,0.0,0.0,1.0,1.0,0.0,0.0,0.0,0.0,0.0,0.0,0.0,0.0,1.0,0.0,0.0,0.0,0.0,0.0,0.0,0.0,0.0,0.0,0.0,0.0,0.0,0.0
raw-L07564,7565,2003,【名誉既存】ﾌﾞﾛｯﾄﾝｿｰﾄﾞは最強4【仏の顔を三度】,2,-2.9173113075264943,-0.2019456717425552,2.1972245773362196,0.6931471805599453,2.1972245773362196,2.1972245773362196,0.0,0.0,0.0,0.0,0.0,1.0,1.0,0.0,0.0,0.0,0.0,0.0,0.0,0.0,1.0,0.0,0.0,0.0,0.0,0.0,0.0,0.0,0.0,0.0,0.0,0.0,0.0,0.0,0.0
raw-L07568,7569,2003,【名誉既存】ﾌﾞﾛｯﾄﾝｿｰﾄﾞは最強4【仏の顔を三度】,2,-2.078509436392057,0.5964077508471981,3.044522437723423,1.0986122886681098,2.3978952727983707,2.70805020110221,0.0,0.0,0.0,0.0,5.0,1.0,1.0,0.0,0.0,0.0,0.0,0.0,0.0,0.0,0.75,0.25,0.0,0.0,0.0,0.0,0.0,5.0,0.0,0.0,0.0,0.0,0.0,0.0,0.0
raw-L07572,7573,2003,【名誉既存】ﾌﾞﾛｯﾄﾝｿｰﾄﾞは最強4【仏の顔を三度】,2,-0.9775745088929212,0.5715528209735735,3.6109179126442243,1.0986122886681098,2.9444389791664403,3.295836866004329,0.0,0.0,0.0,0.0,2.7777777777777777,1.0,1.0,0.0,0.0,0.0,0.0,0.0,0.0,0.0,0.75,0.19444444444444442,0.05555555555555555,0.0,0.0,0.0,0.0,0.0,2.7777777777777777,0.0,0.0,0.0,0.0,0.0,0.0
raw-L07577,7578,2003,【名誉既存】ﾌﾞﾛｯﾄﾝｿｰﾄﾞは最強4【仏の顔を三度】,2,-0.27688932239370484,0.8391874602624522,3.6888794541139363,1.0986122886681098,3.0204248861443626,3.258096538021482,0.0,0.0,0.0,0.0,2.5641025641025643,1.0,1.0,0.0,0.0,0.0,0.0,0.0,0.0,0.0,0.6666666666666667,0.23076923076923075,0.0,0.0,0.10256410256410257,0.0,0.0,0.0,0.0,2.5641025641025643,0.0,0.0,0.0,0.0,0.0
raw-L07581,7582,2003,【名誉既存】ﾌﾞﾛｯﾄﾝｿｰﾄﾞは最強4【仏の顔を三度】,2,-0.19956892933238393,0.7400150134077886,4.248495242049359,1.3862943611198906,3.1780538303479458,3.5263605246161616,0.0,0.0,0.0,0.0,2.898550724637681,1.0,1.0,0.0,0.0,0.0,0.0,0.0,0.0,0.0,0.7681159420289855,0.13043478260869565,0.10144927536231885,0.0,0.0,0.0,0.0,1.4492753623188406,1.4492753623188406,0.0,0.0,0.0,0.0,0.0,0.0
raw-L07587,7588,2003,【名誉既存】ﾌﾞﾛｯﾄﾝｿｰﾄﾞは最強4【仏の顔を三度】,1,0.29534650236870785,0.39443531794694303,4.564348191467836,1.6094379124341003,3.2088254890146994,3.7612001156935624,0.0,0.0,1.0526315789473684,0.0,3.1578947368421053,0.75,1.0,0.0,0.0,0.0,0.0,0.0,0.0,0.0,0.7578947368421052,0.1894736842105263,0.021052631578947368,0.0,0.021052631578947368,0.0,0.0,0.0,2.1052631578947367,0.0,0.0,0.0,0.0,0.0,0.0
raw-L07593,7594,2003,【名誉既存】ﾌﾞﾛｯﾄﾝｿｰﾄﾞは最強4【仏の顔を三度】,2,-1.675779707576531,1.0495554616825307,3.367295829986474,1.3862943611198906,2.3353749158170367,2.772588722239781,0.0,0.0,0.0,0.0,7.142857142857143,1.0,1.0,0.0,0.0,0.0,0.0,0.0,0.0,0.0,0.8571428571428571,0.14285714285714288,0.0,0.0,0.0,0.0,0.0,0.0,0.0,0.0,0.0,0.0,0.0,0.0,0.0
raw-L07599,7600,2003,【名誉既存】ﾌﾞﾛｯﾄﾝｿｰﾄﾞは最強4【仏の顔を三度】,2,-0.23043253224034652,1.144207867231675,4.204692619390966,1.6094379124341003,2.8622008809294686,3.295836866004329,0.0,0.0,0.0,0.0,4.545454545454546,1.0,1.0,0.0,0.0,0.0,0.0,0.0,0.0,0.0,0.7272727272727273,0.2121212121212121,0.030303030303030304,0.0,0.030303030303030304,0.0,0.0,0.0,0.0,0.0,0.0,0.0,0.0,0.0,0.0
raw-L07607,7608,2003,【名誉既存】ﾌﾞﾛｯﾄﾝｿｰﾄﾞは最強4【仏の顔を三度】,1,-0.10802082462675777,1.0913219174860769,4.31748811353631,1.6094379124341003,2.970414465569701,3.2188758248682006,0.0,0.0,0.0,0.0,4.054054054054054,1.0,1.0,0.0,0.0,0.0,0.0,0.0,0.0,0.0,0.7162162162162162,0.20270270270270271,0.05405405405405405,0.0,0.027027027027027025,0.0,0.0,1.3513513513513513,0.0,1.3513513513513513,0.0,0.0,0.0,0.0,0.0
raw-L07614,7615,2003,【名誉既存】ﾌﾞﾛｯﾄﾝｿｰﾄﾞは最強4【仏の顔を三度】,2,-0.37449122475029795,0.710384524832791,3.7612001156935624,1.0986122886681098,3.091042453358316,3.4011973816621555,0.0,0.0,0.0,0.0,2.380952380952381,1.0,1.0,0.0,0.0,0.0,0.0,0.0,0.0,0.0,0.6904761904761905,0.16666666666666669,0.0,0.0,0.14285714285714288,0.0,0.0,2.380952380952381,0.0,0.0,0.0,0.0,0.0,0.0,0.0
raw-L07619,7620,2003,【名誉既存】ﾌﾞﾛｯﾄﾝｿｰﾄﾞは最強4【仏の顔を三度】,2,-0.9526619766359078,0.9456006469169221,3.7376696182833684,1.3862943611198906,2.6855773452501515,3.1354942159291497,0.0,0.0,0.0,0.0,4.878048780487805,1.0,1.0,0.0,0.0,0.0,0.0,0.0,0.0,0.0,0.8292682926829268,0.12195121951219512,0.04878048780487805,0.0,0.0,0.0,0.0,0.0,2.4390243902439024,2.4390243902439024,0.0,0.0,0.0,0.0,0.0
raw-L07625,7626,2003,【名誉既存】ﾌﾞﾛｯﾄﾝｿｰﾄﾞは最強4【仏の顔を三度】,1,0.11403550686621451,0.9527815931058872,4.290459441148391,1.3862943611198906,3.2188758248682006,3.58351893845611,0.0,0.0,0.0,0.0,2.7777777777777777,1.0,1.0,0.0,0.0,0.0,0.0,0.0,0.0,0.0,0.7638888888888888,0.2361111111111111,0.0,0.0,0.0,0.0,1.3888888888888888,1.3888888888888888,1.3888888888888888,1.3888888888888888,0.0,0.0,0.0,0.0,0.0
raw-L07632,7633,2003,【名誉既存】ﾌﾞﾛｯﾄﾝｿｰﾄﾞは最強4【仏の顔を三度】,2,-1.491051444327886,0.7018344388638668,3.4339872044851463,1.0986122886681098,2.772588722239781,2.833213344056216,0.0,0.0,0.0,0.0,3.3333333333333335,1.0,1.0,0.0,0.0,0.0,0.0,0.0,0.0,0.0,0.8333333333333333,0.1,0.06666666666666667,0.0,0.0,0.0,0.0,0.0,3.3333333333333335,0.0,0.0,3.3333333333333335,0.0,0.0,0.0
raw-L07636,7637,2003,【名誉既存】ﾌﾞﾛｯﾄﾝｿｰﾄﾞは最強4【仏の顔を三度】,2,-3.5456616660383506,-0.16914119368676414,1.791759469228055,0.6931471805599453,1.791759469228055,1.791759469228055,0.0,0.0,0.0,0.0,0.0,1.0,1.0,0.0,0.0,0.0,0.0,0.0,0.0,0.0,0.8,0.2,0.0,0.0,0.0,0.0,0.0,0.0,0.0,0.0,0.0,0.0,0.0,0.0,0.0
raw-L07639,7640,2003,【名誉既存】ﾌﾞﾛｯﾄﾝｿｰﾄﾞは最強4【仏の顔を三度】,2,-1.7420126387139618,0.9241773672619533,2.9444389791664403,1.0986122886681098,2.302585092994046,2.5649493574615367,0.0,0.0,0.0,0.0,5.555555555555555,1.0,1.0,0.0,0.0,0.0,0.0,0.0,0.0,0.0,0.5555555555555556,0.4444444444444444,0.0,0.0,0.0,0.0,5.555555555555555,0.0,0.0,0.0,0.0,0.0,0.0,0.0,0.0
raw-L07644,7645,2003,【名誉既存】ﾌﾞﾛｯﾄﾝｿｰﾄﾞは最強4【仏の顔を三度】,2,-1.2383229063415777,1.0528505058101523,3.58351893845611,1.3862943611198906,2.538973871058276,2.772588722239781,0.0,0.0,0.0,0.0,5.714285714285714,1.0,1.0,0.0,0.0,0.0,0.0,0.0,0.0,0.0,0.5714285714285715,0.3142857142857143,0.11428571428571428,0.0,0.0,0.0,0.0,2.857142857142857,0.0,0.0,0.0,2.857142857142857,0.0,0.0,0.0
raw-L07649,7650,2003,【名誉既存】ﾌﾞﾛｯﾄﾝｿｰﾄﾞは最強4【仏の顔を三度】,2,-0.5872209505866839,1.0748049336474672,3.8918202981106265,1.3862943611198906,2.833213344056216,3.091042453358316,0.0,0.0,0.0,0.0,4.166666666666667,1.0,1.0,0.0,0.0,0.0,0.0,0.0,0.0,0.0,0.5833333333333334,0.2916666666666667,0.0,0.0,0.125,0.0,0.0,0.0,2.0833333333333335,0.0,0.0,0.0,0.0,0.0,0.0
raw-L07655,7656,2003,【名誉既存】ﾌﾞﾛｯﾄﾝｿｰﾄﾞは最強4【仏の顔を三度】,2,-2.6087342391654134,0.8890205161482506,2.6390573296152584,1.0986122886681098,2.0149030205422647,2.302585092994046,0.0,0.0,0.0,0.0,7.6923076923076925,1.0,1.0,0.0,0.0,0.0,0.0,0.0,0.0,0.0,0.6923076923076923,0.3076923076923077,0.0,0.0,0.0,0.0,0.0,0.0,0.0,0.0,0.0,0.0,0.0,0.0,0.0
raw-L07660,7661,2003,【名誉既存】ﾌﾞﾛｯﾄﾝｿｰﾄﾞは最強4【仏の顔を三度】,1,0.3286020328958767,1.1474005005834598,4.204692619390966,1.3862943611198906,3.1354942159291497,3.367295829986474,0.0,0.0,0.0,0.0,3.0303030303030303,1.0,1.0,0.0,0.0,0.0,0.0,0.0,0.0,0.0,0.6212121212121212,0.2727272727272727,0.10606060606060605,0.0,0.0,0.0,0.0,0.0,0.0,0.0,1.5151515151515151,0.0,0.0,0.0,0.0
raw-L07665,7666,2003,【名誉既存】ﾌﾞﾛｯﾄﾝｿｰﾄﾞは最強4【仏の顔を三度】,1,-0.11608358960855708,1.2421330487857658,3.9889840465642745,1.3862943611198906,2.9267394020670396,3.044522437723423,0.0,0.0,0.0,0.0,3.7735849056603774,1.0,1.0,0.0,0.0,0.0,0.0,0.0,0.0,0.0,0.7169811320754716,0.22641509433962262,0.056603773584905655,0.0,0.0,0.0,0.0,0.0,0.0,0.0,1.8867924528301887,0.0,0.0,0.0,0.0
raw-L07671,7672,2003,【名誉既存】ﾌﾞﾛｯﾄﾝｿｰﾄﾞは最強4【仏の顔を三度】,2,-0.7409785801217137,0.4782695246556626,3.784189633918261,1.0986122886681098,3.1135153092103742,3.295836866004329,0.0,0.0,0.0,0.0,2.3255813953488373,1.0,1.0,0.0,0.0,0.0,0.0,0.0,0.0,0.0,0.7209302325581395,0.13953488372093023,0.11627906976744186,0.0,0.0,0.0,0.0,0.0,2.3255813953488373,0.0,0.0,0.0,0.0,0.0,0.0
raw-L07678,7679,2003,【名誉既存】ﾌﾞﾛｯﾄﾝｿｰﾄﾞは最強4【仏の顔を三度】,1,0.9387390670223434,1.20268777512227,4.343805421853684,1.3862943611198906,3.270835563798912,3.784189633918261,0.0,0.0,0.0,0.0,2.6315789473684212,1.0,1.0,0.0,0.0,0.0,0.0,0.0,0.0,0.0,0.5921052631578947,0.19736842105263158,0.11842105263157895,0.0,0.07894736842105263,0.0,0.0,0.0,0.0,1.3157894736842106,1.3157894736842106,0.0,0.0,0.0,0.0
raw-L07683,7684,2003,【名誉既存】ﾌﾞﾛｯﾄﾝｿｰﾄﾞは最強4【仏の顔を三度】,1,0.11290092079245508,0.9588300609886019,4.290459441148391,1.3862943611198906,3.2188758248682006,3.4339872044851463,0.0,0.0,0.0,0.0,2.7777777777777777,1.0,1.0,0.0,0.0,0.0,0.0,0.0,0.0,0.0,0.75,0.1388888888888889,0.027777777777777776,0.0,0.08333333333333334,0.0,0.0,0.0,1.3888888888888888,1.3888888888888888,0.0,0.0,0.0,0.0,0.0
raw-L07688,7689,2003,【名誉既存】ﾌﾞﾛｯﾄﾝｿｰﾄﾞは最強4【仏の顔を三度】,2,-0.7443422056050616,0.8889567815386612,3.871201010907891,1.3862943611198906,2.8134107167600364,3.4965075614664802,0.0,0.0,0.0,0.0,4.25531914893617,1.0,1.0,0.0,0.0,0.0,0.0,0.0,0.0,0.0,0.7234042553191489,0.23404255319148937,0.0,0.0,0.0,0.0425531914893617,0.0,2.127659574468085,2.127659574468085,0.0,0.0,0.0,0.0,0.0,0.0
raw-L07694,7695,2003,【名誉既存】ﾌﾞﾛｯﾄﾝｿｰﾄﾞは最強4【仏の顔を三度】,1,0.8140407271100178,1.7514259064879296,4.852030263919617,2.0794415416798357,2.951929650895598,3.367295829986474,0.0,0.0,0.0,0.0,4.724409448818897,1.0,1.0,0.0,0.0,0.0,0.0,0.0,0.0,0.0,0.6535433070866142,0.24409448818897636,0.03937007874015748,0.0,0.0,0.05511811023622047,0.0,2.3622047244094486,0.7874015748031497,2.3622047244094486,1.5748031496062993,0.0,0.0,0.0,0.0
raw-L07704,7705,2003,【名誉既存】ﾌﾞﾛｯﾄﾝｿｰﾄﾞは最強4【仏の顔を三度】,2,-0.5335947288290546,1.0287633038301058,4.204692619390966,1.6094379124341003,2.8622008809294686,3.258096538021482,0.0,0.0,0.0,0.0,4.545454545454546,1.0,1.0,0.0,0.0,0.0,0.0,0.0,0.0,0.0,0.6818181818181819,0.16666666666666669,0.0,0.0,0.0,0.15151515151515152,0.0,0.0,1.5151515151515151,0.0,0.0,0.0,0.0,0.0,0.0
raw-L07712,7713,2003,【名誉既存】ﾌﾞﾛｯﾄﾝｿｰﾄﾞは最強4【仏の顔を三度】,2,-0.8560253474042996,0.678306326319455,3.6109179126442243,1.0986122886681098,2.9444389791664403,3.044522437723423,0.0,0.0,0.0,0.0,2.7777777777777777,1.0,1.0,0.0,0.0,0.0,0.0,0.0,0.0,0.0,0.6944444444444444,0.3055555555555556,0.0,0.0,0.0,0.0,0.0,0.0,0.0,0.0,0.0,0.0,0.0,0.0,0.0
raw-L07717,7718,2003,【名誉既存】ﾌﾞﾛｯﾄﾝｿｰﾄﾞは最強4【仏の顔を三度】,2,-0.221241586517499,1.0582376982712707,4.382026634673881,1.6094379124341003,3.0325462466767075,3.2188758248682006,0.0,0.0,0.0,0.0,3.7974683544303796,1.0,1.0,0.0,0.0,0.0,0.0,0.0,0.0,0.0,0.7341772151898733,0.16455696202531644,0.05063291139240507,0.0,0.05063291139240507,0.0,0.0,1.2658227848101267,2.5316455696202533,1.2658227848101267,0.0,0.0,0.0,0.0,0.0
raw-L07723,7724,2003,【名誉既存】ﾌﾞﾛｯﾄﾝｿｰﾄﾞは最強4【仏の顔を三度】,2,-1.8063496819601992,0.7710135949247642,3.044522437723423,1.0986122886681098,2.3978952727983707,2.6390573296152584,0.0,0.0,0.0,0.0,5.0,1.0,1.0,0.0,0.0,0.0,0.0,0.0,0.0,0.0,0.65,0.35,0.0,0.0,0.0,0.0,0.0,0.0,0.0,0.0,0.0,0.0,0.0,0.0,0.0
raw-L07728,7729,2003,【名誉既存】ﾌﾞﾛｯﾄﾝｿｰﾄﾞは最強4【仏の顔を三度】,2,-3.113136852380709,-0.357918606000996,1.791759469228055,0.6931471805599453,1.791759469228055,1.791759469228055,0.0,0.0,0.0,0.0,0.0,1.0,1.0,0.0,0.0,0.0,0.0,0.0,0.0,0.0,0.0,0.6,0.4,0.0,0.0,0.0,0.0,0.0,0.0,0.0,0.0,0.0,0.0,0.0,0.0
raw-L07731,7732,2003,【名誉既存】ﾌﾞﾛｯﾄﾝｿｰﾄﾞは最強4【仏の顔を三度】,2,-1.212218959050847,0.988835851679179,3.6109179126442243,1.3862943611198906,2.5649493574615367,2.772588722239781,0.0,0.0,0.0,0.0,5.555555555555555,1.0,1.0,0.0,0.0,0.0,0.0,0.0,0.0,0.0,0.4722222222222222,0.4722222222222222,0.05555555555555555,0.0,0.0,0.0,0.0,2.7777777777777777,0.0,0.0,0.0,0.0,0.0,0.0,0.0
raw-L07737,7738,2003,【名誉既存】ﾌﾞﾛｯﾄﾝｿｰﾄﾞは最強4【仏の顔を三度】,1,-0.12312301676994031,1.685814537572554,3.713572066704308,1.3862943611198906,2.662587827025453,2.9444389791664403,0.0,0.0,0.0,0.0,5.0,1.0,1.0,0.0,0.0,0.0,0.0,0.0,0.0,0.0,0.75,0.25,0.0,0.0,0.0,0.0,0.0,0.0,0.0,2.5,2.5,2.5,0.0,0.0,0.0
raw-L07744,7745,2003,【名誉既存】ﾌﾞﾛｯﾄﾝｿｰﾄﾞは最強4【仏の顔を三度】,2,-3.39038186697456,-0.0728269477693148,1.791759469228055,0.6931471805599453,1.791759469228055,1.791759469228055,0.0,0.0,0.0,0.0,0.0,1.0,1.0,0.0,0.0,0.0,0.0,0.0,0.0,0.0,0.6,0.4,0.0,0.0,0.0,0.0,0.0,0.0,0.0,0.0,0.0,0.0,0.0,0.0,0.0
raw-L07758,7759,2003,【時代は】ｸﾞﾗｯﾄﾝｿｰﾄﾞは最凶５【セイブザクイーン】,2,-1.3816940520255852,0.800286601056787,3.6635616461296463,1.3862943611198906,2.614959778036198,2.8903717578961645,0.0,0.0,0.0,0.0,5.2631578947368425,1.0,1.0,0.0,0.0,0.0,0.0,0.0,0.0,0.0,0.736842105263158,0.13157894736842105,0.13157894736842105,0.0,0.0,0.0,0.0,0.0,2.6315789473684212,0.0,0.0,0.0,0.0,0.0,0.0
raw-L07763,7764,2003,【時代は】ｸﾞﾗｯﾄﾝｿｰﾄﾞは最凶５【セイブザクイーン】,1,-0.2051963771242826,-0.07765485230692797,4.143134726391533,1.3862943611198906,3.0757749812275277,3.5553480614894135,0.0,0.0,1.6129032258064515,0.0,3.225806451612903,0.6666666666666666,1.0,0.0,0.0,0.0,0.0,0.0,0.0,0.0,0.6451612903225806,0.27419354838709675,0.06451612903225806,0.0,0.0,0.0,0.0,0.0,1.6129032258064515,0.0,0.0,0.0,0.0,0.0,0.0
raw-L07770,7771,2003,【時代は】ｸﾞﾗｯﾄﾝｿｰﾄﾞは最凶５【セイブザクイーン】,2,-0.5252153936290613,0.8435113005627226,4.060443010546419,1.3862943611198906,2.995732273553991,3.1354942159291497,0.0,0.0,0.0,0.0,3.508771929824561,1.0,1.0,0.0,0.0,0.0,0.0,0.0,0.0,0.0,0.8245614035087719,0.14035087719298245,0.03508771929824561,0.0,0.0,0.0,0.0,0.0,0.0,0.0,0.0,0.0,0.0,0.0,0.0
raw-L07777,7778,2003,【時代は】ｸﾞﾗｯﾄﾝｿｰﾄﾞは最凶５【セイブザクイーン】,1,0.2148380983987248,1.1776942933552668,4.189654742026425,1.3862943611198906,3.120895416507997,3.4011973816621555,0.0,0.0,0.0,0.0,3.076923076923077,1.0,1.0,0.0,0.0,0.0,0.0,0.0,0.0,0.0,0.8,0.2,0.0,0.0,0.0,0.0,0.0,3.076923076923077,0.0,1.5384615384615385,1.5384615384615385,0.0,0.0,0.0,0.0
raw-L07783,7784,2003,【時代は】ｸﾞﾗｯﾄﾝｿｰﾄﾞは最凶５【セイブザクイーン】,2,-1.6849753929627065,0.9637072526624952,3.091042453358316,1.0986122886681098,2.4423470353692043,2.70805020110221,0.0,0.0,0.0,0.0,4.761904761904762,1.0,1.0,0.0,0.0,0.0,0.0,0.0,0.0,0.0,0.5714285714285715,0.42857142857142855,0.0,0.0,0.0,0.0,0.0,4.761904761904762,0.0,0.0,0.0,4.761904761904762,0.0,0.0,0.0
raw-L07790,7791,2003,【時代は】ｸﾞﾗｯﾄﾝｿｰﾄﾞは最凶５【セイブザクイーン】,1,0.7190673083503814,0.7338924934830785,4.77912349311153,1.791759469228055,3.202746442938317,3.4657359027997265,0.0,0.0,0.847457627118644,0.0,3.389830508474576,0.8,1.0,0.0,0.0,0.0,0.0,0.0,0.0,0.0,0.6440677966101696,0.1864406779661017,0.1271186440677966,0.0,0.01694915254237288,0.0,0.0,0.0,0.0,0.0,0.847457627118644,0.0,0.0,0.0,0.0
raw-L07797,7798,2003,【時代は】ｸﾞﾗｯﾄﾝｿｰﾄﾞは最凶５【セイブザクイーン】,1,0.23808464992621103,1.0315233756420592,3.8918202981106265,1.0986122886681098,3.2188758248682006,3.367295829986474,0.0,0.0,0.0,0.0,2.0833333333333335,1.0,1.0,0.0,0.0,0.0,0.0,0.0,0.0,0.0,0.7291666666666667,0.16666666666666669,0.04166666666666667,0.0,0.04166666666666667,0.0,0.0,0.0,0.0,0.0,2.0833333333333335,0.0,0.0,0.0,0.0
raw-L07802,7803,2003,【時代は】ｸﾞﾗｯﾄﾝｿｰﾄﾞは最凶５【セイブザクイーン】,2,-0.16159253597418366,1.1106334897686192,4.110873864173311,1.3862943611198906,3.044522437723423,3.367295829986474,0.0,0.0,0.0,0.0,3.3333333333333335,1.0,1.0,0.0,0.0,0.0,0.0,0.0,0.0,0.0,0.8333333333333333,0.16666666666666669,0.0,0.0,0.0,0.0,0.0,0.0,0.0,0.0,0.0,3.3333333333333335,0.0,0.0,0.0
raw-L07808,7809,2003,【時代は】ｸﾞﾗｯﾄﾝｿｰﾄﾞは最凶５【セイブザクイーン】,1,0.4021808940027035,1.3175018655518693,4.07753744390572,1.6094379124341003,2.740840023925201,3.1780538303479458,0.0,0.0,0.0,0.0,5.172413793103448,1.0,1.0,0.0,0.0,0.0,0.0,0.0,0.0,0.0,0.5862068965517241,0.20689655172413793,0.06896551724137931,0.0,0.13793103448275862,0.0,0.0,1.7241379310344827,0.0,1.7241379310344827,0.0,0.0,1.7241379310344827,0.0,0.0
raw-L07815,7816,2003,【時代は】ｸﾞﾗｯﾄﾝｿｰﾄﾞは最凶５【セイブザクイーン】,1,0.022619393975121627,0.7228688722212161,4.04305126783455,1.0986122886681098,3.367295829986474,3.5263605246161616,0.0,0.0,0.0,0.0,1.7857142857142858,1.0,1.0,0.0,0.0,0.0,0.0,0.0,0.0,0.0,0.625,0.3392857142857143,0.03571428571428572,0.0,0.0,0.0,0.0,0.0,1.7857142857142858,1.7857142857142858,0.0,0.0,0.0,0.0,0.0
raw-L07820,7821,2003,【時代は】ｸﾞﾗｯﾄﾝｿｰﾄﾞは最凶５【セイブザクイーン】,1,0.45883287342211876,1.1872815667285328,4.2626798770413155,1.3862943611198906,3.1918471524802814,3.4339872044851463,0.0,0.0,0.0,0.0,2.857142857142857,1.0,1.0,0.0,0.0,0.0,0.0,0.0,0.0,0.0,0.7428571428571429,0.2,0.0,0.0,0.05714285714285714,0.0,0.0,0.0,0.0,4.285714285714286,0.0,1.4285714285714286,0.0,0.0,0.0
raw-L07825,7826,2003,【時代は】ｸﾞﾗｯﾄﾝｿｰﾄﾞは最凶５【セイブザクイーン】,1,0.16156361817081677,0.9910767824718714,4.204692619390966,1.3862943611198906,3.1354942159291497,3.367295829986474,0.0,0.0,0.0,0.0,3.0303030303030303,1.0,1.0,0.0,0.0,0.0,0.0,0.0,0.0,0.0,0.5454545454545454,0.22727272727272727,0.18181818181818182,0.0,0.030303030303030304,0.0,0.0,1.5151515151515151,0.0,1.5151515151515151,0.0,3.0303030303030303,0.0,0.0,0.0
raw-L07831,7832,2003,【時代は】ｸﾞﾗｯﾄﾝｿｰﾄﾞは最凶５【セイブザクイーン】,2,-0.5443061126261534,0.9768252587975765,3.828641396489095,1.3862943611198906,2.772588722239781,3.258096538021482,0.0,0.0,0.0,0.0,4.444444444444445,1.0,1.0,0.0,0.0,0.0,0.0,0.0,0.0,0.0,0.7111111111111111,0.17777777777777778,0.0,0.0,0.0,0.06666666666666667,0.0,0.0,0.0,2.2222222222222223,0.0,0.0,0.0,0.0,0.0
raw-L07838,7839,2003,【時代は】ｸﾞﾗｯﾄﾝｿｰﾄﾞは最凶５【セイブザクイーン】,2,-0.87494540941694,0.7226923921602622,3.4965075614664802,1.0986122886681098,2.833213344056216,3.1780538303479458,0.0,0.0,0.0,0.0,3.125,1.0,1.0,0.0,0.0,0.0,0.0,0.0,0.0,0.0,0.65625,0.34375,0.0,0.0,0.0,0.0,0.0,0.0,0.0,0.0,0.0,0.0,0.0,0.0,0.0
raw-L07844,7845,2003,【時代は】ｸﾞﾗｯﾄﾝｿｰﾄﾞは最凶５【セイブザクイーン】,1,0.19129179296291035,1.206224587432894,4.605170185988092,1.791759469228055,3.0349529867072724,3.1354942159291497,0.0,0.0,0.0,0.0,4.040404040404041,1.0,1.0,0.0,0.0,0.0,0.0,0.0,0.0,0.0,0.6666666666666667,0.1919191919191919,0.09090909090909091,0.0,0.04040404040404041,0.0,1.0101010101010102,1.0101010101010102,0.0,1.0101010101010102,0.0,0.0,0.0,0.0,0.0
raw-L07853,7854,2003,【時代は】ｸﾞﾗｯﾄﾝｿｰﾄﾞは最凶５【セイブザクイーン】,1,-0.17295994050305777,0.9068743918164205,4.343805421853684,1.6094379124341003,2.995732273553991,3.1354942159291497,0.0,0.0,0.0,0.0,3.9473684210526314,1.0,1.0,0.0,0.0,0.0,0.0,0.0,0.0,0.0,0.5394736842105263,0.2105263157894737,0.19736842105263158,0.0,0.0,0.039473684210526314,0.0,0.0,0.0,0.0,0.0,0.0,0.0,0.0,0.0
raw-L07859,7860,2003,【時代は】ｸﾞﾗｯﾄﾝｿｰﾄﾞは最凶５【セイブザクイーン】,2,-1.8875587379792909,0.8737626407152536,2.9444389791664403,1.0986122886681098,2.302585092994046,2.4849066497880004,0.0,0.0,0.0,0.0,5.555555555555555,1.0,1.0,0.0,0.0,0.0,0.0,0.0,0.0,0.0,0.4444444444444444,0.5555555555555556,0.0,0.0,0.0,0.0,0.0,0.0,0.0,0.0,0.0,0.0,0.0,0.0,0.0
raw-L07865,7866,2003,【時代は】ｸﾞﾗｯﾄﾝｿｰﾄﾞは最凶５【セイブザクイーン】,2,-0.546371120142863,0.820625361432297,3.912023005428146,1.3862943611198906,2.8526314299133175,3.4339872044851463,0.0,0.0,0.0,0.0,4.081632653061225,1.0,1.0,0.0,0.0,0.0,0.0,0.0,0.0,0.0,0.5918367346938775,0.24489795918367346,0.163265306122449,0.0,0.0,0.0,0.0,0.0,2.0408163265306123,0.0,0.0,0.0,0.0,0.0,0.0
raw-L07872,7873,2003,【時代は】ｸﾞﾗｯﾄﾝｿｰﾄﾞは最凶５【セイブザクイーン】,1,0.5179425138302093,1.0153536205910512,4.276666119016055,1.3862943611198906,3.20545280453606,3.5263605246161616,0.0,0.0,0.0,0.0,2.816901408450704,1.0,1.0,0.0,0.0,0.0,0.0,0.0,0.0,0.0,0.619718309859155,0.1267605633802817,0.08450704225352113,0.0,0.11267605633802816,0.02816901408450704,1.408450704225352,0.0,0.0,2.816901408450704,0.0,0.0,0.0,0.0,0.0
raw-L07879,7880,2003,【時代は】ｸﾞﾗｯﾄﾝｿｰﾄﾞは最凶５【セイブザクイーン】,1,0.7070035419373557,0.696516227329178,4.812184355372417,2.0794415416798357,2.913902255306359,3.4339872044851463,0.0,0.0,1.639344262295082,0.0,5.737704918032787,0.7142857142857143,1.0,0.0,0.0,0.0,0.0,0.0,0.0,0.0,0.47540983606557374,0.16393442622950818,0.13934426229508198,0.0,0.14754098360655737,0.0,3.278688524590164,2.459016393442623,0.0,0.819672131147541,0.0,0.0,0.0,0.0,0.0
raw-L07889,7890,2003,【時代は】ｸﾞﾗｯﾄﾝｿｰﾄﾞは最凶５【セイブザクイーン】,2,-1.7104454569985572,0.08859978825189083,2.70805020110221,0.6931471805599453,2.70805020110221,2.70805020110221,0.0,0.0,0.0,0.0,0.0,1.0,1.0,0.0,0.0,0.0,0.0,0.0,0.0,0.0,0.6428571428571429,0.35714285714285715,0.0,0.0,0.0,0.0,0.0,7.142857142857143,0.0,7.142857142857143,0.0,0.0,0.0,0.0,0.0
raw-L07893,7894,2003,【時代は】ｸﾞﾗｯﾄﾝｿｰﾄﾞは最凶５【セイブザクイーン】,2,-0.8806590558072457,0.5837885072837182,3.5263605246161616,1.0986122886681098,2.8622008809294686,3.2188758248682006,0.0,0.0,0.0,0.0,3.0303030303030303,1.0,1.0,0.0,0.0,0.0,0.0,0.0,0.0,0.0,0.696969696969697,0.2121212121212121,0.09090909090909091,0.0,0.0,0.0,0.0,0.0,0.0,0.0,0.0,0.0,0.0,0.0,0.0
raw-L07898,7899,2003,【時代は】ｸﾞﾗｯﾄﾝｿｰﾄﾞは最凶５【セイブザクイーン】,1,0.5213729964864878,0.9798954870892502,4.04305126783455,1.0986122886681098,3.367295829986474,3.58351893845611,0.0,0.0,0.0,0.0,1.7857142857142858,1.0,1.0,0.0,0.0,0.0,0.0,0.0,0.0,0.0,0.6071428571428572,0.3035714285714286,0.08928571428571429,0.0,0.0,0.0,0.0,0.0,0.0,0.0,1.7857142857142858,0.0,0.0,0.0,0.0
raw-L07904,7905,2003,【時代は】ｸﾞﾗｯﾄﾝｿｰﾄﾞは最凶５【セイブザクイーン】,1,0.7113357452254591,1.2511115796551993,4.736198448394496,1.9459101490553132,2.987364023883474,3.1780538303479458,0.0,0.0,0.0,0.0,4.424778761061947,1.0,1.0,0.0,0.0,0.0,0.0,0.0,0.0,0.0,0.48672566371681414,0.23008849557522124,0.22123893805309736,0.0,0.0,0.04424778761061947,0.0,0.0,0.0,1.7699115044247788,0.0,0.0,0.8849557522123894,0.0,0.0
raw-L07912,7913,2003,【時代は】ｸﾞﾗｯﾄﾝｿｰﾄﾞは最凶５【セイブザクイーン】,1,1.2470322581935815,1.2894411706926345,4.465908118654584,1.3862943611198906,3.39002408106403,3.6635616461296463,0.0,0.0,0.0,0.0,2.3255813953488373,1.0,1.0,0.0,0.0,0.0,0.0,0.0,0.0,0.0,0.7441860465116279,0.22093023255813954,0.0,0.0,0.0,0.03488372093023256,0.0,0.0,0.0,1.1627906976744187,1.1627906976744187,1.1627906976744187,1.1627906976744187,0.0,0.0
raw-L07919,7920,2003,【時代は】ｸﾞﾗｯﾄﾝｿｰﾄﾞは最凶５【セイブザクイーン】,2,-0.8796452291640564,0.6054545909967102,3.6109179126442243,1.0986122886681098,2.9444389791664403,3.044522437723423,0.0,0.0,0.0,0.0,2.7777777777777777,1.0,1.0,0.0,0.0,0.0,0.0,0.0,0.0,0.0,0.6944444444444444,0.25,0.05555555555555555,0.0,0.0,0.0,0.0,0.0,0.0,0.0,0.0,0.0,0.0,0.0,0.0
raw-L07924,7925,2003,【時代は】ｸﾞﾗｯﾄﾝｿｰﾄﾞは最凶５【セイブザクイーン】,1,1.4298874194095812,1.8014870199630295,5.003946305945459,2.0794415416798357,3.0975149678639333,3.5553480614894135,0.0,0.0,0.0,0.0,4.054054054054054,1.0,1.0,0.0,0.0,0.0,0.0,0.0,0.0,0.0,0.6081081081081081,0.22972972972972971,0.14864864864864866,0.0,0.0,0.0,0.6756756756756757,0.0,0.0,1.3513513513513513,2.027027027027027,0.0,0.0,0.0,0.0
raw-L07936,7937,2003,【時代は】ｸﾞﾗｯﾄﾝｿｰﾄﾞは最凶５【セイブザクイーン】,1,-0.0959691130911644,1.2137290012218964,4.007333185232471,1.3862943611198906,2.9444389791664403,3.2188758248682006,0.0,0.0,0.0,0.0,3.7037037037037037,1.0,1.0,0.0,0.0,0.0,0.0,0.0,0.0,0.0,0.6481481481481481,0.2592592592592593,0.0925925925925926,0.0,0.0,0.0,0.0,0.0,1.8518518518518519,0.0,1.8518518518518519,0.0,0.0,0.0,0.0
raw-L07942,7943,2003,【時代は】ｸﾞﾗｯﾄﾝｿｰﾄﾞは最凶５【セイブザクイーン】,2,-0.33375255795652353,1.1263313222504794,4.276666119016055,1.6094379124341003,2.9311937524164198,3.2188758248682006,0.0,0.0,0.0,0.0,4.225352112676056,1.0,1.0,0.0,0.0,0.0,0.0,0.0,0.0,0.0,0.732394366197183,0.26760563380281693,0.0,0.0,0.0,0.0,0.0,0.0,1.408450704225352,0.0,0.0,0.0,0.0,0.0,0.0
raw-L07948,7949,2003,【時代は】ｸﾞﾗｯﾄﾝｿｰﾄﾞは最凶５【セイブザクイーン】,1,0.29733484618841144,1.0068071892504307,4.2626798770413155,1.3862943611198906,3.1918471524802814,3.4011973816621555,0.0,0.0,0.0,0.0,2.857142857142857,1.0,1.0,0.0,0.0,0.0,0.0,0.0,0.0,0.0,0.4714285714285715,0.2714285714285714,0.2,0.0,0.0,0.05714285714285714,0.0,0.0,1.4285714285714286,0.0,1.4285714285714286,0.0,0.0,0.0,0.0
raw-L07955,7956,2003,【時代は】ｸﾞﾗｯﾄﾝｿｰﾄﾞは最凶５【セイブザクイーン】,2,-0.3866947879426631,0.9342689141741077,4.23410650459726,1.6094379124341003,2.8903717578961645,3.295836866004329,0.0,0.0,0.0,0.0,4.411764705882353,1.0,1.0,0.0,0.0,0.0,0.0,0.0,0.0,0.0,0.5294117647058824,0.25,0.16176470588235292,0.0,0.0,0.05882352941176471,0.0,1.4705882352941178,1.4705882352941178,0.0,0.0,0.0,0.0,0.0,0.0
raw-L07963,7964,2003,【時代は】ｸﾞﾗｯﾄﾝｿｰﾄﾞは最凶５【セイブザクイーン】,1,0.014013788138890699,0.6255699626774266,3.912023005428146,1.0986122886681098,3.2386784521643803,3.4965075614664802,0.0,0.0,0.0,0.0,2.0408163265306123,1.0,1.0,0.0,0.0,0.0,0.0,0.0,0.0,0.0,0.5510204081632653,0.2653061224489796,0.12244897959183673,0.0,0.0,0.0,0.0,0.0,0.0,2.0408163265306123,0.0,0.0,0.0,0.0,0.0
raw-L07967,7968,2003,【時代は】ｸﾞﾗｯﾄﾝｿｰﾄﾞは最凶５【セイブザクイーン】,1,1.1448507976524902,1.5005765232844033,5.0106352940962555,2.0794415416798357,3.1039458581942236,3.713572066704308,0.0,0.0,0.0,0.0,4.026845637583893,1.0,1.0,0.0,0.0,0.0,0.0,0.0,0.0,0.0,0.6308724832214765,0.24161073825503354,0.11409395973154363,0.0,0.0,0.0,0.0,0.0,0.0,3.3557046979865772,0.0,0.0,0.0,0.0,0.0
raw-L07976,7977,2003,【時代は】ｸﾞﾗｯﾄﾝｿｰﾄﾞは最凶５【セイブザクイーン】,2,-0.39571796651744806,0.8108496916764316,4.060443010546419,1.3862943611198906,2.995732273553991,3.1354942159291497,0.0,0.0,0.0,0.0,3.508771929824561,1.0,1.0,0.0,0.0,0.0,0.0,0.0,0.0,0.0,0.5964912280701754,0.2456140350877193,0.12280701754385966,0.0,0.0,0.0,0.0,0.0,0.0,0.0,0.0,0.0,0.0,0.0,0.0
raw-L07981,7982,2003,【時代は】ｸﾞﾗｯﾄﾝｿｰﾄﾞは最凶５【セイブザクイーン】,2,-0.26839195434011354,0.07245362451746355,4.174387269895637,1.3862943611198906,3.106080330722856,3.367295829986474,0.0,0.0,1.5625,0.0,3.125,0.6666666666666666,1.0,0.0,0.0,0.0,0.0,0.0,0.0,0.0,0.734375,0.25,0.0,0.0,0.0,0.0,0.0,1.5625,1.5625,0.0,0.0,0.0,0.0,1.5625,0.0
raw-L07987,7988,2003,【時代は】ｸﾞﾗｯﾄﾝｿｰﾄﾞは最凶５【セイブザクイーン】,2,-0.8635858831687815,0.6784039820407983,3.4011973816621555,1.0986122886681098,2.740840023925201,2.8903717578961645,0.0,0.0,0.0,0.0,3.4482758620689653,1.0,1.0,0.0,0.0,0.0,0.0,0.0,0.0,0.0,0.48275862068965514,0.3448275862068966,0.1724137931034483,0.0,0.0,0.0,0.0,0.0,0.0,3.4482758620689653,0.0,0.0,0.0,0.0,0.0
raw-L07992,7993,2003,【時代は】ｸﾞﾗｯﾄﾝｿｰﾄﾞは最凶５【セイブザクイーン】,2,-1.378984605014116,1.09627107812269,3.8501476017100584,1.6094379124341003,2.5257286443082556,2.772588722239781,0.0,0.0,0.0,0.0,6.521739130434782,1.0,1.0,0.0,0.0,0.0,0.0,0.0,0.0,0.0,0.6521739130434783,0.2391304347826087,0.0,0.0,0.0,0.06521739130434782,0.0,2.1739130434782608,2.1739130434782608,0.0,0.0,0.0,0.0,0.0,0.0
raw-L07999,8000,2003,【時代は】ｸﾞﾗｯﾄﾝｿｰﾄﾞは最凶５【セイブザクイーン】,2,-0.9990312518178438,0.6018046560258233,3.4657359027997265,1.0986122886681098,2.803360380906535,2.995732273553991,0.0,0.0,0.0,0.0,3.225806451612903,1.0,1.0,0.0,0.0,0.0,0.0,0.0,0.0,0.0,0.6451612903225806,0.06451612903225806,0.0967741935483871,0.0,0.1935483870967742,0.0,0.0,3.225806451612903,0.0,0.0,0.0,0.0,0.0,0.0,0.0
raw-L08003,8004,2003,【時代は】ｸﾞﾗｯﾄﾝｿｰﾄﾞは最凶５【セイブザクイーン】,2,-0.18604313499066702,0.8495967853277455,4.04305126783455,1.3862943611198906,2.9789251552376097,3.4339872044851463,0.0,0.0,0.0,0.0,3.5714285714285716,1.0,1.0,0.0,0.0,0.0,0.0,0.0,0.0,0.0,0.75,0.125,0.125,0.0,0.0,0.0,0.0,0.0,0.0,1.7857142857142858,0.0,0.0,0.0,0.0,0.0
raw-L08009,8010,2003,【時代は】ｸﾞﾗｯﾄﾝｿｰﾄﾞは最凶５【セイブザクイーン】,2,-0.21169641872432257,0.7627974548346463,4.204692619390966,1.3862943611198906,3.1354942159291497,3.4965075614664802,0.0,0.0,0.0,0.0,3.0303030303030303,1.0,1.0,0.0,0.0,0.0,0.0,0.0,0.0,0.0,0.6666666666666667,0.2121212121212121,0.12121212121212122,0.0,0.0,0.0,0.0,1.5151515151515151,1.5151515151515151,0.0,0.0,0.0,0.0,0.0,0.0
raw-L08015,8016,2003,【時代は】ｸﾞﾗｯﾄﾝｿｰﾄﾞは最凶５【セイブザクイーン】,2,-0.7198737625175077,0.27725150666220244,3.6109179126442243,1.3862943611198906,2.5649493574615367,2.70805020110221,0.0,0.0,2.7777777777777777,0.0,5.555555555555555,0.6666666666666666,1.0,0.0,0.0,0.0,0.0,0.0,0.0,0.0,0.5833333333333334,0.38888888888888884,0.0,0.0,0.0,0.0,0.0,0.0,0.0,0.0,2.7777777777777777,0.0,0.0,0.0,0.0
raw-L08021,8022,2003,【時代は】ｸﾞﾗｯﾄﾝｿｰﾄﾞは最凶５【セイブザクイーン】,2,-3.0321943551357626,0.01030086046503021,1.9459101490553132,0.6931471805599453,1.9459101490553132,1.9459101490553132,0.0,0.0,0.0,0.0,0.0,1.0,1.0,0.0,0.0,0.0,0.0,0.0,0.0,0.0,0.5,0.5,0.0,0.0,0.0,0.0,0.0,0.0,0.0,0.0,0.0,0.0,0.0,0.0,0.0
raw-L08025,8026,2003,【時代は】ｸﾞﾗｯﾄﾝｿｰﾄﾞは最凶５【セイブザクイーン】,2,-0.893835415279303,0.6946639659504485,3.58351893845611,1.0986122886681098,2.917770732084279,2.995732273553991,0.0,0.0,0.0,0.0,2.857142857142857,1.0,1.0,0.0,0.0,0.0,0.0,0.0,0.0,0.0,0.657142857142857,0.34285714285714286,0.0,0.0,0.0,0.0,0.0,0.0,0.0,0.0,0.0,0.0,0.0,0.0,0.0
raw-L08030,8031,2003,【時代は】ｸﾞﾗｯﾄﾝｿｰﾄﾞは最凶５【セイブザクイーン】,0,-1.377398406442555,-2.6794883134524285,3.044522437723423,0.6931471805599453,3.044522437723423,3.044522437723423,0.0,0.0,5.0,0.0,0.0,0.0,1.0,0.0,0.0,0.0,0.0,0.0,0.0,0.0,0.65,0.3,0.0,0.0,0.0,0.0,0.0,0.0,5.0,5.0,0.0,0.0,0.0,0.0,0.0
raw-L08036,8037,2003,【時代は】ｸﾞﾗｯﾄﾝｿｰﾄﾞは最凶５【セイブザクイーン】,2,-0.6031316747466985,1.1997190752764224,3.970291913552122,1.6094379124341003,2.6390573296152584,3.044522437723423,0.0,0.0,0.0,0.0,5.769230769230769,1.0,1.0,0.0,0.0,0.0,0.0,0.0,0.0,0.0,0.5192307692307692,0.3846153846153846,0.07692307692307693,0.0,0.0,0.0,0.0,0.0,0.0,0.0,0.0,0.0,0.0,0.0,0.0
raw-L08043,8044,2003,【時代は】ｸﾞﾗｯﾄﾝｿｰﾄﾞは最凶５【セイブザクイーン】,2,-1.54834125963607,1.4837417249371176,2.772588722239781,1.0986122886681098,2.1400661634962708,2.302585092994046,0.0,0.0,0.0,0.0,6.666666666666667,1.0,1.0,0.0,0.0,0.0,0.0,0.0,0.0,0.0,0.2,0.5333333333333333,0.0,0.0,0.26666666666666666,0.0,0.0,0.0,0.0,0.0,0.0,6.666666666666667,0.0,0.0,0.0
raw-L08048,8049,2003,【時代は】ｸﾞﾗｯﾄﾝｿｰﾄﾞは最凶５【セイブザクイーン】,2,-3.113136852380709,-0.357918606000996,1.791759469228055,0.6931471805599453,1.791759469228055,1.791759469228055,0.0,0.0,0.0,0.0,0.0,1.0,1.0,0.0,0.0,0.0,0.0,0.0,0.0,0.0,0.0,0.6,0.4,0.0,0.0,0.0,0.0,0.0,0.0,0.0,0.0,0.0,0.0,0.0,0.0
raw-L08052,8053,2003,【時代は】ｸﾞﾗｯﾄﾝｿｰﾄﾞは最凶５【セイブザクイーン】,1,1.2369080111692043,1.2583742279879395,4.406719247264253,1.3862943611198906,3.332204510175204,3.6375861597263857,0.0,0.0,0.0,0.0,2.4691358024691357,1.0,1.0,0.0,0.0,0.0,0.0,0.0,0.0,0.0,0.6419753086419753,0.2592592592592593,0.024691358024691357,0.0,0.07407407407407407,0.0,0.0,2.4691358024691357,0.0,1.2345679012345678,1.2345679012345678,0.0,1.2345679012345678,0.0,0.0
raw-L08057,8058,2003,【時代は】ｸﾞﾗｯﾄﾝｿｰﾄﾞは最凶５【セイブザクイーン】,2,-0.6973335313834713,0.7345962388645271,3.6109179126442243,1.0986122886681098,2.9444389791664403,3.295836866004329,0.0,0.0,0.0,0.0,2.7777777777777777,1.0,1.0,0.0,0.0,0.0,0.0,0.0,0.0,0.0,0.75,0.25,0.0,0.0,0.0,0.0,0.0,2.7777777777777777,2.7777777777777777,5.555555555555555,0.0,0.0,0.0,0.0,0.0
raw-L08062,8063,2003,【時代は】ｸﾞﾗｯﾄﾝｿｰﾄﾞは最凶５【セイブザクイーン】,2,-1.6418072252336628,0.5847930845928138,3.367295829986474,1.0986122886681098,2.70805020110221,2.9444389791664403,0.0,0.0,0.0,0.0,3.5714285714285716,1.0,1.0,0.0,0.0,0.0,0.0,0.0,0.0,0.0,0.8571428571428571,0.14285714285714288,0.0,0.0,0.0,0.0,0.0,0.0,3.5714285714285716,0.0,0.0,0.0,0.0,0.0,0.0
raw-L08067,8068,2003,【時代は】ｸﾞﾗｯﾄﾝｿｰﾄﾞは最凶５【セイブザクイーン】,1,1.2181504599059898,1.2171707919357946,4.406719247264253,1.3862943611198906,3.332204510175204,3.4965075614664802,0.0,0.0,0.0,0.0,2.4691358024691357,1.0,1.0,0.0,0.0,0.0,0.0,0.0,0.0,0.0,0.5802469135802469,0.24691358024691357,0.08641975308641975,0.0,0.07407407407407407,0.0,0.0,1.2345679012345678,0.0,1.2345679012345678,1.2345679012345678,0.0,1.2345679012345678,0.0,0.0
raw-L08072,8073,2003,【時代は】ｸﾞﾗｯﾄﾝｿｰﾄﾞは最凶５【セイブザクイーン】,2,-2.200223280346016,0.6111247263748074,2.9444389791664403,1.0986122886681098,2.302585092994046,2.3978952727983707,0.0,0.0,0.0,0.0,5.555555555555555,1.0,1.0,0.0,0.0,0.0,0.0,0.0,0.0,0.0,0.5,0.2222222222222222,0.0,0.0,0.0,0.16666666666666669,0.0,0.0,0.0,0.0,0.0,0.0,0.0,0.0,0.0
raw-L08076,8077,2003,【時代は】ｸﾞﾗｯﾄﾝｿｰﾄﾞは最凶５【セイブザクイーン】,2,-0.6342424274119202,1.1501637612929207,3.367295829986474,1.0986122886681098,2.70805020110221,2.995732273553991,0.0,0.0,0.0,0.0,3.5714285714285716,1.0,1.0,0.0,0.0,0.0,0.0,0.0,0.0,0.0,0.5357142857142857,0.4642857142857143,0.0,0.0,0.0,0.0,0.0,3.5714285714285716,0.0,0.0,3.5714285714285716,0.0,0.0,0.0,0.0
raw-L08081,8082,2003,【時代は】ｸﾞﾗｯﾄﾝｿｰﾄﾞは最凶５【セイブザクイーン】,2,-0.8857984267808816,1.1273405566401264,3.6375861597263857,1.3862943611198906,2.5902671654458267,3.2188758248682006,0.0,0.0,0.0,0.0,5.405405405405405,1.0,1.0,0.0,0.0,0.0,0.0,0.0,0.0,0.0,0.6756756756756757,0.32432432432432434,0.0,0.0,0.0,0.0,0.0,0.0,2.7027027027027026,2.7027027027027026,0.0,0.0,0.0,0.0,0.0
raw-L08087,8088,2003,【時代は】ｸﾞﾗｯﾄﾝｿｰﾄﾞは最凶５【セイブザクイーン】,2,-0.656627372864698,0.3680370295713549,3.6888794541139363,1.0986122886681098,3.0204248861443626,3.1354942159291497,0.0,0.0,0.0,0.0,2.5641025641025643,1.0,1.0,0.0,0.0,0.0,0.0,0.0,0.0,0.0,0.4615384615384615,0.20512820512820515,0.3076923076923077,0.0,0.0,0.0,0.0,0.0,0.0,0.0,0.0,0.0,0.0,0.0,0.0
raw-L08091,8092,2003,【時代は】ｸﾞﾗｯﾄﾝｿｰﾄﾞは最凶５【セイブザクイーン】,1,0.4210364076243257,0.8061835690634276,4.007333185232471,1.0986122886681098,3.332204510175204,3.4965075614664802,0.0,0.0,0.0,0.0,1.8518518518518519,1.0,1.0,0.0,0.0,0.0,0.0,0.0,0.0,0.0,0.537037037037037,0.2037037037037037,0.24074074074074073,0.0,0.0,0.0,0.0,0.0,0.0,0.0,1.8518518518518519,0.0,0.0,0.0,0.0
raw-L08095,8096,2003,【時代は】ｸﾞﾗｯﾄﾝｿｰﾄﾞは最凶５【セイブザクイーン】,1,0.022474943844972745,0.49779732849618097,3.970291913552122,1.0986122886681098,3.295836866004329,3.4339872044851463,0.0,0.0,0.0,0.0,1.9230769230769231,1.0,1.0,0.0,0.0,0.0,0.0,0.0,0.0,0.0,0.576923076923077,0.1346153846153846,0.23076923076923075,0.0,0.0,0.038461538461538464,1.9230769230769231,0.0,0.0,1.9230769230769231,0.0,0.0,0.0,0.0,0.0
raw-L08101,8102,2003,【時代は】ｸﾞﾗｯﾄﾝｿｰﾄﾞは最凶５【セイブザクイーン】,4,0.7916811104708705,1.8297846736718946,4.8283137373023015,2.302585092994046,2.6931245508855346,3.332204510175204,0.0,0.0,0.0,0.0,7.258064516129032,1.0,1.0,0.0,0.0,0.0,0.0,0.0,0.0,6.451612903225806,0.0967741935483871,0.1774193548387097,0.4112903225806452,0.0,0.0967741935483871,0.008064516129032258,0.0,0.0,0.0,0.8064516129032258,0.0,0.0,0.0,0.0,0.0
raw-L08114,8115,2003,【時代は】ｸﾞﾗｯﾄﾝｿｰﾄﾞは最凶５【セイブザクイーン】,4,0.9257285401593001,1.9502781285546786,4.962844630259907,2.302585092994046,2.820055259478705,3.258096538021482,0.0,0.0,0.0,0.0,6.338028169014085,1.0,1.0,0.0,0.0,0.0,0.0,0.0,0.0,8.450704225352112,0.1267605633802817,0.21830985915492956,0.32394366197183094,0.0,0.11267605633802816,0.00704225352112676,0.0,0.0,0.0,0.0,0.0,0.0,0.0,0.0,0.0
raw-L08127,8128,2003,【時代は】ｸﾞﾗｯﾄﾝｿｰﾄﾞは最凶５【セイブザクイーン】,1,-0.05497308200918397,1.2182110973562497,4.110873864173311,1.3862943611198906,3.044522437723423,3.258096538021482,0.0,0.0,0.0,0.0,3.3333333333333335,1.0,1.0,0.0,0.0,0.0,0.0,0.0,0.0,0.0,0.7,0.3,0.0,0.0,0.0,0.0,0.0,1.6666666666666667,1.6666666666666667,0.0,1.6666666666666667,0.0,0.0,0.0,0.0
raw-L08132,8133,2003,【時代は】ｸﾞﾗｯﾄﾝｿｰﾄﾞは最凶５【セイブザクイーン】,2,-0.5068197929235577,0.18873262826851744,3.4965075614664802,0.6931471805599453,3.4965075614664802,3.4965075614664802,0.0,0.0,0.0,0.0,0.0,1.0,1.0,0.0,0.0,0.0,0.0,0.0,0.0,0.0,0.6875,0.3125,0.0,0.0,0.0,0.0,0.0,3.125,0.0,0.0,0.0,0.0,0.0,0.0,0.0
raw-L08135,8136,2003,【時代は】ｸﾞﾗｯﾄﾝｿｰﾄﾞは最凶５【セイブザクイーン】,1,0.19734169845422678,1.1101481064284429,3.7376696182833684,1.0986122886681098,3.068052935133617,3.091042453358316,0.0,0.0,0.0,0.0,2.4390243902439024,1.0,1.0,0.0,0.0,0.0,0.0,0.0,0.0,0.0,0.7073170731707318,0.14634146341463417,0.12195121951219512,0.0,0.024390243902439025,0.0,2.4390243902439024,0.0,0.0,2.4390243902439024,2.4390243902439024,0.0,0.0,0.0,0.0
raw-L08141,8142,2003,【時代は】ｸﾞﾗｯﾄﾝｿｰﾄﾞは最凶５【セイブザクイーン】,2,-0.389443133768358,0.848645811083789,4.189654742026425,1.3862943611198906,3.120895416507997,3.295836866004329,0.0,0.0,0.0,0.0,3.076923076923077,1.0,1.0,0.0,0.0,0.0,0.0,0.0,0.0,0.0,0.6923076923076923,0.26153846153846155,0.0,0.0,0.0,0.04615384615384615,0.0,1.5384615384615385,1.5384615384615385,0.0,0.0,0.0,0.0,0.0,0.0
raw-L08147,8148,2003,【時代は】ｸﾞﾗｯﾄﾝｿｰﾄﾞは最凶５【セイブザクイーン】,4,1.5959276952852766,2.350266923550398,5.313205979041787,2.5649493574615367,2.8810693652338513,3.4011973816621555,0.0,0.0,0.0,0.0,5.9405940594059405,1.0,1.0,0.0,0.0,0.0,0.0,0.0,0.0,9.900990099009901,0.10891089108910892,0.26732673267326734,0.28217821782178215,0.0,0.12376237623762376,0.0049504950495049506,0.0,0.0,0.0,0.0,0.49504950495049505,0.0,0.0,0.0,0.0
raw-L08163,8164,2003,【時代は】ｸﾞﾗｯﾄﾝｿｰﾄﾞは最凶５【セイブザクイーン】,2,-0.46412792363928207,0.21392634148268652,3.8501476017100584,1.0986122886681098,3.1780538303479458,3.4011973816621555,0.0,0.0,2.1739130434782608,0.0,2.1739130434782608,1.0,1.0,0.0,0.0,0.0,0.0,0.0,0.0,0.0,0.5652173913043478,0.30434782608695654,0.0,0.0,0.0,0.06521739130434782,0.0,2.1739130434782608,0.0,0.0,0.0,2.1739130434782608,0.0,0.0,0.0
raw-L08168,8169,2003,【時代は】ｸﾞﾗｯﾄﾝｿｰﾄﾞは最凶５【セイブザクイーン】,2,-1.9704238244711247,0.6863022702229856,3.044522437723423,1.0986122886681098,2.3978952727983707,2.6390573296152584,0.0,0.0,0.0,0.0,5.0,1.0,1.0,0.0,0.0,0.0,0.0,0.0,0.0,0.0,0.55,0.45,0.0,0.0,0.0,0.0,0.0,5.0,0.0,0.0,0.0,0.0,0.0,0.0,0.0
raw-L08172,8173,2003,【時代は】ｸﾞﾗｯﾄﾝｿｰﾄﾞは最凶５【セイブザクイーン】,1,0.7435946955929771,1.087855832422819,4.653960350157523,1.791759469228055,3.0819099697950434,3.784189633918261,0.0,0.0,0.0,0.0,4.8076923076923075,1.0,1.0,0.0,0.0,0.0,0.0,0.0,0.0,0.0,0.2980769230769231,0.11538461538461538,0.4230769230769231,0.0,0.0,0.019230769230769232,0.0,0.0,0.9615384615384616,0.9615384615384616,0.0,0.9615384615384616,0.0,0.9615384615384616,0.0
raw-L08180,8181,2003,【時代は】ｸﾞﾗｯﾄﾝｿｰﾄﾞは最凶５【セイブザクイーン】,2,-1.793380984410889,1.1551133021819204,2.9444389791664403,1.0986122886681098,2.302585092994046,2.772588722239781,0.0,0.0,0.0,0.0,5.555555555555555,1.0,1.0,0.0,0.0,0.0,0.0,0.0,0.0,0.0,0.7777777777777777,0.2222222222222222,0.0,0.0,0.0,0.0,0.0,0.0,5.555555555555555,0.0,5.555555555555555,0.0,0.0,0.0,0.0
raw-L08185,8186,2003,【時代は】ｸﾞﾗｯﾄﾝｿｰﾄﾞは最凶５【セイブザクイーン】,2,0.2852352798946205,-2.1164341974505443,2.70805020110221,0.6931471805599453,2.70805020110221,2.70805020110221,0.0,7.142857142857143,0.0,0.0,0.0,1.0,0.0,0.0,0.0,0.0,0.0,0.0,0.0,0.0,0.7142857142857143,0.21428571428571427,0.0,0.0,0.0,0.0,0.0,7.142857142857143,0.0,0.0,0.0,7.142857142857143,0.0,0.0,0.0
raw-L08189,8190,2003,【時代は】ｸﾞﾗｯﾄﾝｿｰﾄﾞは最凶５【セイブザクイーン】,4,0.8586358034690794,1.7927686587862601,4.61512051684126,1.9459101490553132,2.8716796248840124,3.332204510175204,0.0,0.0,0.0,0.0,5.0,1.0,1.0,0.0,0.0,0.0,0.0,0.0,0.0,12.0,0.0,0.21,0.35,0.0,0.15,0.0,0.0,0.0,0.0,0.0,0.0,0.0,0.0,0.0,0.0
raw-L08205,8206,2003,そろそろ竜騎士の時代だろ,1,0.4415012006692031,1.6178097449678788,4.709530201312334,2.0794415416798357,2.816263785742443,3.295836866004329,0.0,0.0,0.0,0.0,5.454545454545454,1.0,1.0,0.0,0.0,0.9090909090909091,0.0,0.0,0.0,0.0,0.4818181818181818,0.2636363636363636,0.21818181818181817,0.0,0.0,0.0,0.0,0.0,0.0,0.0,0.0,0.9090909090909091,0.0,0.0,0.0
raw-L08214,8215,2003,そろそろ竜騎士の時代だろ,1,0.5087986527339603,1.72582093975119,4.5217885770490405,1.791759469228055,2.954910279033736,3.367295829986474,0.0,0.0,0.0,0.0,4.395604395604396,1.0,1.0,0.0,0.0,2.197802197802198,0.0,0.0,0.0,0.0,0.5604395604395604,0.1648351648351648,0.13186813186813187,0.0,0.08791208791208792,0.0,0.0,2.197802197802198,0.0,0.0,0.0,1.098901098901099,0.0,0.0,0.0
raw-L08221,8222,2003,そろそろ竜騎士の時代だろ,2,-0.5517037152134063,1.1243412016352807,4.07753744390572,1.6094379124341003,2.740840023925201,2.8903717578961645,0.0,0.0,0.0,0.0,5.172413793103448,1.0,1.0,0.0,0.0,0.0,0.0,0.0,0.0,0.0,0.5517241379310345,0.3448275862068966,0.10344827586206896,0.0,0.0,0.0,0.0,1.7241379310344827,0.0,1.7241379310344827,0.0,0.0,0.0,0.0,0.0
raw-L08228,8229,2003,そろそろ竜騎士の時代だろ,1,-0.11154293684235944,1.191115341649128,4.2626798770413155,1.6094379124341003,2.917770732084279,3.332204510175204,0.0,0.0,0.0,0.0,4.285714285714286,1.0,1.0,0.0,0.0,1.4285714285714286,0.0,0.0,0.0,0.0,0.5571428571428572,0.15714285714285714,0.22857142857142856,0.0,0.014285714285714285,0.0,0.0,1.4285714285714286,1.4285714285714286,0.0,0.0,0.0,0.0,0.0,0.0
raw-L08234,8235,2003,そろそろ竜騎士の時代だろ,2,-0.9391008413849974,1.142779152980181,3.9318256327243257,1.6094379124341003,2.6026896854443837,3.1354942159291497,0.0,0.0,0.0,0.0,6.0,1.0,1.0,0.0,0.0,0.0,0.0,0.0,0.0,0.0,0.66,0.3,0.04,0.0,0.0,0.0,0.0,2.0,2.0,0.0,0.0,0.0,0.0,0.0,0.0
raw-L08241,8242,2003,そろそろ竜騎士の時代だろ,2,-0.8246182207415144,0.7577927498593967,3.8918202981106265,1.3862943611198906,2.833213344056216,2.9444389791664403,0.0,0.0,0.0,0.0,4.166666666666667,1.0,1.0,0.0,0.0,0.0,0.0,0.0,0.0,0.0,0.6041666666666666,0.20833333333333331,0.14583333333333334,0.0,0.020833333333333336,0.0,0.0,2.0833333333333335,0.0,0.0,0.0,0.0,0.0,0.0,0.0
raw-L08246,8247,2003,そろそろ竜騎士の時代だろ,1,0.05427003953428887,1.4354354269066365,4.770684624465665,2.1972245773362196,2.7488721956224653,3.295836866004329,0.0,0.0,0.0,0.0,5.982905982905983,1.0,1.0,0.0,0.0,0.0,0.0,0.0,0.0,0.0,0.6666666666666667,0.16239316239316237,0.13675213675213674,0.0,0.025641025641025644,0.0,0.0,2.5641025641025643,0.8547008547008547,0.0,0.0,0.0,0.0,0.0,0.0
raw-L08259,8260,2003,そろそろ竜騎士の時代だろ,2,-0.21337286017683085,1.4848377416099905,4.59511985013459,2.0794415416798357,2.70805020110221,3.1354942159291497,0.0,0.0,0.0,0.0,6.122448979591836,1.0,1.0,0.0,0.0,0.0,0.0,0.0,0.0,0.0,0.653061224489796,0.24489795918367346,0.061224489795918366,0.0,0.030612244897959183,0.0,0.0,1.0204081632653061,2.0408163265306123,0.0,0.0,0.0,0.0,0.0,0.0
raw-L08268,8269,2003,そろそろ竜騎士の時代だろ,1,0.7217643597015024,1.2776248693371852,4.543294782270004,1.791759469228055,2.975529566236472,3.4339872044851463,0.0,0.0,0.0,0.0,4.301075268817204,1.0,1.0,0.0,0.0,0.0,0.0,0.0,0.0,0.0,0.5376344086021505,0.3118279569892473,0.06451612903225806,0.05376344086021505,0.03225806451612903,0.0,0.0,0.0,0.0,0.0,0.0,1.075268817204301,0.0,0.0,0.0
raw-L08276,8277,2003,そろそろ竜騎士の時代だろ,1,-0.09595566622221155,0.9537121184165572,3.7612001156935624,1.0986122886681098,3.091042453358316,3.1354942159291497,0.0,0.0,0.0,0.0,2.380952380952381,1.0,1.0,0.0,0.0,0.0,0.0,0.0,0.0,0.0,0.6666666666666667,0.16666666666666669,0.11904761904761905,0.0,0.047619047619047616,0.0,0.0,2.380952380952381,0.0,0.0,2.380952380952381,0.0,0.0,0.0,0.0
raw-L08282,8283,2003,そろそろ竜騎士の時代だろ,1,-0.006778360691231339,1.6650669301283647,4.465908118654584,1.791759469228055,2.9014215940827497,3.1354942159291497,0.0,0.0,0.0,0.0,4.651162790697675,1.0,1.0,0.0,0.0,2.3255813953488373,0.0,0.0,0.0,0.0,0.6744186046511628,0.22093023255813954,0.05813953488372093,0.0,0.0,0.0,0.0,2.3255813953488373,1.1627906976744187,0.0,0.0,0.0,0.0,0.0,0.0
raw-L08289,8290,2003,そろそろ竜騎士の時代だろ,2,-0.620471607655568,1.2591636941946325,4.0943445622221,1.791759469228055,2.5494451709255714,2.8903717578961645,0.0,0.0,0.0,0.0,6.779661016949152,1.0,1.0,0.0,0.0,0.0,0.0,0.0,0.0,0.0,0.6101694915254238,0.20338983050847456,0.1864406779661017,0.0,0.0,0.0,0.0,0.0,0.0,1.694915254237288,0.0,0.0,0.0,0.0,0.0
raw-L08297,8298,2003,そろそろ竜騎士の時代だろ,1,0.7494339767546645,1.4008405330424407,4.890349128221754,1.9459101490553132,3.1354942159291497,3.6109179126442243,0.0,0.0,0.0,0.0,3.787878787878788,1.0,1.0,0.0,0.0,0.7575757575757576,0.0,0.0,0.0,0.0,0.6363636363636364,0.19696969696969696,0.13636363636363635,0.0,0.007575757575757576,0.0,0.0,2.272727272727273,0.7575757575757576,1.5151515151515151,0.0,0.0,0.0,0.0,0.0
raw-L08306,8307,2003,そろそろ竜騎士の時代だろ,2,-0.22013910820739221,1.9854608590113838,4.634728988229636,2.4849066497880004,2.32949254591397,3.044522437723423,0.0,0.0,0.0,0.0,9.803921568627452,1.0,1.0,0.0,0.0,0.0,0.0,0.0,0.0,0.0,0.5294117647058824,0.32352941176470584,0.1372549019607843,0.0,0.00980392156862745,0.0,0.0,0.0,0.9803921568627451,0.0,0.0,0.0,0.0,0.0,0.0
raw-L08319,8320,2003,そろそろ竜騎士の時代だろ,2,-0.23365924521312084,0.9730280385242692,4.248495242049359,1.6094379124341003,2.9041650800285006,3.091042453358316,0.0,0.0,0.0,0.0,4.3478260869565215,1.0,1.0,0.0,0.0,0.0,0.0,0.0,0.0,0.0,0.5652173913043478,0.13043478260869565,0.2318840579710145,0.0,0.0,0.0,0.0,2.898550724637681,0.0,1.4492753623188406,0.0,0.0,0.0,1.4492753623188406,0.0
raw-L08327,8328,2003,そろそろ竜騎士の時代だろ,1,0.39634511393800087,1.6464160754912645,4.820281565605037,2.0794415416798357,2.921624301400269,3.367295829986474,0.0,0.0,0.0,0.0,4.878048780487805,1.0,1.0,0.0,0.0,0.8130081300813008,0.0,0.0,0.0,0.0,0.5934959349593496,0.25203252032520324,0.11382113821138212,0.0,0.016260162601626015,0.0,0.0,0.8130081300813008,2.4390243902439024,0.0,0.0,0.0,0.0,0.8130081300813008,0.0
raw-L08339,8340,2003,そろそろ竜騎士の時代だろ,1,0.36540671701574756,1.6182613486086512,4.919980925828125,2.1972245773362196,2.8903717578961645,3.258096538021482,0.0,0.0,0.0,0.0,5.147058823529412,1.0,1.0,0.0,0.0,0.7352941176470589,0.0,0.0,0.0,0.0,0.5735294117647058,0.21323529411764708,0.17647058823529413,0.0,0.014705882352941178,0.0,0.0,1.4705882352941178,2.2058823529411766,0.0,0.0,0.0,0.0,0.7352941176470589,0.0
raw-L08353,8354,2003,そろそろ竜騎士の時代だろ,1,0.9434774670634916,1.6279260992846503,5.153291594497779,2.1972245773362196,3.1135153092103742,3.6109179126442243,0.0,0.0,0.0,0.0,4.069767441860465,1.0,1.0,0.0,0.0,0.5813953488372093,0.0,0.0,0.0,0.0,0.6395348837209303,0.24418604651162792,0.09883720930232558,0.0,0.005813953488372093,0.0,0.0,0.5813953488372093,1.1627906976744187,0.0,0.0,0.5813953488372093,0.0,0.0,0.0
raw-L08367,8368,2003,そろそろ竜騎士の時代だろ,1,0.30186051415893667,0.8418061491896079,4.543294782270004,1.791759469228055,2.975529566236472,3.1354942159291497,0.0,0.0,0.0,1.075268817204301,4.301075268817204,1.0,1.0,0.0,0.0,0.0,0.0,0.0,0.0,0.0,0.46236559139784944,0.29032258064516125,0.22580645161290325,0.0,0.0,0.0,0.0,2.150537634408602,2.150537634408602,0.0,0.0,0.0,0.0,0.0,0.0
raw-L08376,8377,2003,そろそろ竜騎士の時代だろ,1,0.764822188565013,1.6847782118982102,5.220355825078324,2.3978952727983707,2.9652730660692823,3.4011973816621555,0.0,0.0,0.0,0.0,4.891304347826087,1.0,1.0,0.0,0.0,0.0,0.0,0.0,0.0,0.0,0.6793478260869565,0.2608695652173913,0.016304347826086956,0.010869565217391304,0.03260869565217391,0.0,0.0,1.0869565217391304,1.6304347826086956,0.0,0.0,0.0,0.0,0.0,0.0
raw-L08389,8390,2003,そろそろ竜騎士の時代だろ,1,0.23578399539226924,1.3163276712797574,4.68213122712422,1.9459101490553132,2.9356283494842854,3.4339872044851463,0.0,0.0,0.0,0.0,4.672897196261682,1.0,1.0,0.0,0.0,0.0,0.0,0.0,0.0,0.0,0.6074766355140188,0.28971962616822433,0.09345794392523364,0.0,0.0,0.0,0.0,0.9345794392523364,0.9345794392523364,0.0,0.0,0.0,0.0,0.0,0.0
raw-L08397,8398,2003,そろそろ竜騎士の時代だろ,1,0.8024944307690808,0.18764478182759764,3.912023005428146,1.6094379124341003,2.583997552432231,3.1780538303479458,0.0,0.0,0.0,2.0408163265306123,6.122448979591836,0.75,1.0,0.0,0.0,0.0,0.0,0.0,0.0,0.0,0.5102040816326531,0.22448979591836735,0.10204081632653061,0.10204081632653061,0.0,0.0,0.0,2.0408163265306123,0.0,0.0,0.0,0.0,0.0,0.0,0.0
raw-L08404,8405,2003,そろそろ竜騎士の時代だろ,1,-0.014683954169366372,1.6127956901369036,4.912654885736052,2.302585092994046,2.772588722239781,2.9444389791664403,0.0,0.0,0.0,0.0,5.925925925925926,1.0,1.0,0.0,0.0,0.0,0.0,0.0,0.0,1.4814814814814814,0.7185185185185184,0.1851851851851852,0.08888888888888889,0.0,0.0,0.007407407407407407,0.7407407407407407,2.2222222222222223,1.4814814814814814,0.7407407407407407,0.0,0.0,0.0,0.0,0.0
raw-L08417,8418,2003,そろそろ竜騎士の時代だろ,1,1.1523967272336282,0.6602274265424598,4.672828834461906,1.791759469228055,3.100092288878234,3.367295829986474,0.0,0.9433962264150944,0.0,0.0,3.7735849056603774,1.0,0.8,0.0,0.0,0.0,0.0,0.0,0.0,0.0,0.7169811320754716,0.169811320754717,0.056603773584905655,0.04716981132075472,0.0,0.0,0.0,0.9433962264150944,0.0,0.9433962264150944,0.0,0.9433962264150944,0.0,0.0,0.0
raw-L08424,8425,2003,そろそろ竜騎士の時代だろ,2,-0.27714204108726304,1.008882681770746,4.174387269895637,1.6094379124341003,2.833213344056216,3.4339872044851463,0.0,0.0,0.0,0.0,4.6875,1.0,1.0,0.0,0.0,0.0,0.0,0.0,0.0,1.5625,0.5625,0.171875,0.21875,0.0,0.0,0.0,0.0,0.0,1.5625,0.0,0.0,0.0,0.0,0.0,0.0
raw-L08431,8432,2003,そろそろ竜騎士の時代だろ,2,-0.07298137569493593,1.3406891050695904,4.663439094112067,1.9459101490553132,2.917770732084279,3.1780538303479458,0.0,0.0,0.0,0.0,4.761904761904762,1.0,1.0,0.0,0.0,0.0,0.0,0.0,0.0,0.9523809523809523,0.7428571428571429,0.21904761904761905,0.02857142857142857,0.0,0.0,0.0,0.0,1.9047619047619047,0.9523809523809523,0.0,0.0,0.0,0.0,0.0,0.0
raw-L08439,8440,2003,そろそろ竜騎士の時代だろ,1,-0.16699518292136759,1.483032442369335,4.0943445622221,1.6094379124341003,2.7568403652716422,3.091042453358316,0.0,0.0,0.0,0.0,5.084745762711864,1.0,1.0,0.0,0.0,0.0,0.0,0.0,0.0,1.694915254237288,0.6101694915254238,0.2711864406779661,0.11864406779661017,0.0,0.0,0.0,0.0,0.0,1.694915254237288,0.0,1.694915254237288,0.0,0.0,0.0,0.0
raw-L08445,8446,2003,そろそろ竜騎士の時代だろ,1,0.48457331701981593,1.5666503613273108,4.74493212836325,1.9459101490553132,2.995732273553991,3.4339872044851463,0.0,0.0,0.0,0.0,4.385964912280702,1.0,1.0,0.0,0.0,0.8771929824561403,0.0,0.0,0.0,0.8771929824561403,0.631578947368421,0.25438596491228066,0.07894736842105263,0.0,0.017543859649122806,0.0,0.0,1.7543859649122806,0.8771929824561403,0.8771929824561403,0.0,0.0,0.0,0.0,0.0
raw-L08454,8455,2003,そろそろ竜騎士の時代だろ,1,0.9303327740561864,0.21752513437558527,4.1588830833596715,1.6094379124341003,2.8183982582710754,3.091042453358316,0.0,0.0,0.0,3.1746031746031744,4.761904761904762,0.75,1.0,0.0,0.0,0.0,0.0,1.5873015873015872,0.0,0.0,0.6984126984126984,0.1746031746031746,0.047619047619047616,0.0,0.015873015873015872,0.0,0.0,1.5873015873015872,1.5873015873015872,0.0,0.0,0.0,0.0,1.5873015873015872,0.0
raw-L08461,8462,2003,そろそろ竜騎士の時代だろ,2,-1.068869372318569,1.6975405030611797,3.4011973816621555,1.3862943611198906,2.367123614131617,2.772588722239781,0.0,0.0,0.0,0.0,6.896551724137931,1.0,1.0,0.0,0.0,3.4482758620689653,0.0,0.0,0.0,0.0,0.5862068965517241,0.24137931034482757,0.10344827586206896,0.0,0.0,0.0,0.0,0.0,0.0,0.0,0.0,0.0,0.0,0.0,0.0
raw-L08467,8468,2003,そろそろ竜騎士の時代だろ,2,-0.7129965929215689,1.2132643838935246,4.23410650459726,1.791759469228055,2.681021528714291,3.091042453358316,0.0,0.0,0.0,0.0,5.882352941176471,1.0,1.0,0.0,0.0,0.0,0.0,0.0,0.0,0.0,0.6911764705882354,0.23529411764705885,0.07352941176470588,0.0,0.0,0.0,0.0,2.9411764705882355,2.9411764705882355,1.4705882352941178,0.0,0.0,0.0,0.0,0.0
raw-L08475,8476,2003,そろそろ竜騎士の時代だろ,1,0.4648863818438659,1.1123803660326512,4.174387269895637,1.6094379124341003,2.833213344056216,2.8903717578961645,0.0,0.0,0.0,0.0,4.6875,1.0,1.0,0.0,0.0,1.5625,0.0,0.0,0.0,0.0,0.5625,0.140625,0.140625,0.125,0.0,0.0,0.0,0.0,0.0,0.0,0.0,0.0,0.0,0.0,0.0
raw-L08488,8489,2003,【正直】ナイトはゴミジョブpart3【寄生虫】,1,0.12155059316962706,1.0813524234397847,4.499809670330265,1.791759469228055,2.9338568698359038,3.258096538021482,0.0,0.0,0.0,0.0,4.49438202247191,1.0,1.0,0.0,0.0,0.0,0.0,0.0,0.0,0.0,0.48314606741573035,0.2359550561797753,0.2584269662921348,0.0,0.022471910112359553,0.0,0.0,0.0,0.0,0.0,0.0,0.0,0.0,0.0,0.0
raw-L08495,8496,2003,【正直】ナイトはゴミジョブpart3【寄生虫】,2,-0.5146999668280758,0.1405727174014376,4.189654742026425,1.6094379124341003,2.847812143477369,3.258096538021482,0.0,0.0,1.5384615384615385,0.0,4.615384615384615,0.75,1.0,0.0,0.0,0.0,0.0,0.0,0.0,0.0,0.7538461538461538,0.1076923076923077,0.12307692307692308,0.0,0.0,0.0,0.0,1.5384615384615385,0.0,0.0,0.0,0.0,0.0,0.0,0.0
raw-L08510,8511,2003,【合法】天下一武装会【ＭＰＫ】,1,1.1661641613251996,2.0877274415760394,5.19295685089021,2.3978952727983707,2.9391619220655967,3.332204510175204,0.0,0.0,0.0,0.0,5.027932960893855,1.0,1.0,0.0,0.0,1.675977653631285,0.0,0.0,0.0,0.0,0.46368715083798884,0.3296089385474861,0.14525139664804468,0.0,0.01675977653631285,0.005586592178770949,0.0,0.0,0.0,0.5586592178770949,0.0,0.5586592178770949,0.0,0.0,0.0
raw-L08524,8525,2003,【合法】天下一武装会【ＭＰＫ】,2,-3.097846977562342,-0.023958943690396313,1.791759469228055,0.6931471805599453,1.791759469228055,1.791759469228055,0.0,0.0,0.0,0.0,0.0,1.0,1.0,0.0,0.0,0.0,0.0,0.0,0.0,0.0,0.6,0.0,0.0,0.0,0.4,0.0,0.0,0.0,0.0,0.0,0.0,0.0,0.0,0.0,0.0
raw-L08529,8530,2003,【合法】天下一武装会【ＭＰＫ】,1,0.812793863964261,1.976194954128711,5.056245805348308,2.302585092994046,2.908720896564361,3.295836866004329,0.0,0.0,0.0,0.0,5.128205128205129,1.0,1.0,0.0,0.0,1.9230769230769231,0.0,0.0,0.0,0.0,0.532051282051282,0.27564102564102566,0.1346153846153846,0.0,0.006410256410256411,0.012820512820512822,0.0,0.6410256410256411,0.6410256410256411,0.0,0.0,0.0,0.0,0.0,0.0
raw-L08540,8541,2003,【合法】天下一武装会【ＭＰＫ】,1,0.9942845174880707,1.7384561257172018,4.962844630259907,1.9459101490553132,3.20545280453606,3.4011973816621555,0.0,0.0,0.0,0.0,3.5211267605633805,1.0,1.0,0.0,0.0,2.112676056338028,0.0,0.0,0.0,0.0,0.5633802816901409,0.2535211267605634,0.1267605633802817,0.0,0.01408450704225352,0.0,0.0,0.0,0.0,0.0,0.0,0.0,0.0,0.0,0.0
raw-L08548,8549,2003,【合法】天下一武装会【ＭＰＫ】,1,0.9982701529346584,1.9337143948220334,5.049856007249537,2.1972245773362196,3.0143086591269266,3.367295829986474,0.0,0.0,0.0,0.0,4.516129032258065,1.0,1.0,0.0,0.0,1.935483870967742,0.0,0.0,0.0,0.0,0.47096774193548385,0.3612903225806452,0.12903225806451613,0.0,0.0,0.0,0.0,0.6451612903225806,0.0,0.0,0.0,0.0,0.0,0.0,0.0
raw-L08558,8559,2003,【合法】天下一武装会【ＭＰＫ】,1,0.9896678739391663,2.079429798941293,4.852030263919617,2.0794415416798357,2.951929650895598,3.258096538021482,0.0,0.0,0.0,0.0,4.724409448818897,1.0,1.0,0.0,0.0,2.3622047244094486,0.0,0.0,0.0,0.0,0.47244094488188976,0.2913385826771654,0.14960629921259844,0.0,0.015748031496062992,0.015748031496062992,0.0,0.0,0.0,0.0,0.7874015748031497,0.0,0.0,0.0,0.0
raw-L08568,8569,2003,【合法】天下一武装会【ＭＰＫ】,1,0.8295848881815672,1.7175332425129874,4.77912349311153,1.9459101490553132,3.028522096376982,3.4657359027997265,0.0,0.0,0.0,0.0,4.237288135593221,1.0,1.0,0.0,0.0,1.694915254237288,0.0,0.0,0.0,0.0,0.5677966101694916,0.23728813559322035,0.11864406779661017,0.0,0.02542372881355932,0.0,0.0,0.0,0.0,0.847457627118644,0.0,0.0,0.0,0.0,0.0
raw-L08577,8578,2003,【合法】天下一武装会【ＭＰＫ】,2,-1.8664801633869417,0.8315544671480513,3.295836866004329,1.3862943611198906,2.268683541318364,2.5649493574615367,0.0,0.0,0.0,0.0,7.6923076923076925,1.0,1.0,0.0,0.0,0.0,0.0,0.0,0.0,0.0,0.6538461538461539,0.07692307692307693,0.23076923076923075,0.0,0.0,0.0,0.0,0.0,0.0,0.0,0.0,0.0,0.0,0.0,0.0
raw-L08593,8594,2003,【取るな】天然素材【ころすぞ】,1,0.8918187325356843,2.079263037013601,5.181783550292085,2.3978952727983707,2.928523523860541,3.1780538303479458,0.0,0.0,0.0,0.0,5.084745762711864,1.0,1.0,0.0,0.0,2.2598870056497176,0.0,0.0,0.0,0.0,0.615819209039548,0.1864406779661017,0.14124293785310735,0.0,0.0,0.0,0.0,1.1299435028248588,0.0,0.0,0.0,0.5649717514124294,0.0,0.0,0.0
raw-L08605,8606,2003,【取るな】天然素材【ころすぞ】,2,-0.42433807279440366,0.9726160094895948,4.143134726391533,1.6094379124341003,2.803360380906535,3.091042453358316,0.0,0.0,0.0,0.0,4.838709677419355,1.0,1.0,0.0,0.0,0.0,0.0,0.0,0.0,0.0,0.5483870967741935,0.22580645161290325,0.1935483870967742,0.0,0.0,0.0,0.0,0.0,0.0,0.0,0.0,0.0,0.0,0.0,0.0
raw-L08611,8612,2003,【取るな】天然素材【ころすぞ】,1,-0.21289163486206145,1.6124030273674244,4.110873864173311,1.6094379124341003,2.772588722239781,2.995732273553991,0.0,0.0,0.0,0.0,5.0,1.0,1.0,0.0,0.0,1.6666666666666667,0.0,0.0,0.0,0.0,0.65,0.26666666666666666,0.05,0.0,0.0,0.0,0.0,1.6666666666666667,0.0,1.6666666666666667,0.0,1.6666666666666667,0.0,0.0,0.0
raw-L08617,8618,2003,【取るな】天然素材【ころすぞ】,1,0.38734782660319445,1.8111328783774305,4.465908118654584,1.791759469228055,2.9014215940827497,3.1780538303479458,0.0,0.0,0.0,0.0,4.651162790697675,1.0,1.0,0.0,0.0,2.3255813953488373,0.0,0.0,0.0,0.0,0.5581395348837209,0.2558139534883721,0.13953488372093023,0.0,0.0,0.0,0.0,0.0,0.0,0.0,0.0,0.0,0.0,1.1627906976744187,0.0
raw-L08624,8625,2003,【取るな】天然素材【ころすぞ】,1,0.6614371414552146,1.6842941619396423,4.9344739331306915,2.1972245773362196,2.9041650800285006,3.258096538021482,0.0,0.0,0.0,0.0,5.072463768115942,1.0,1.0,0.0,0.0,0.7246376811594203,0.0,0.0,0.0,0.0,0.6666666666666667,0.2028985507246377,0.08695652173913043,0.028985507246376812,0.0,0.0,0.0,1.4492753623188406,0.7246376811594203,0.0,0.0,0.7246376811594203,0.0,0.7246376811594203,0.0
raw-L08637,8638,2003,【取るな】天然素材【ころすぞ】,1,0.8022069533023889,1.9105436463315348,4.7535901911063645,1.9459101490553132,3.004031076368686,3.4965075614664802,0.0,0.0,0.0,0.0,4.3478260869565215,1.0,1.0,0.0,0.0,1.7391304347826086,0.0,0.0,0.0,0.0,0.7217391304347827,0.24347826086956523,0.0,0.0,0.0,0.0,0.8695652173913043,2.608695652173913,0.0,0.0,0.8695652173913043,0.0,0.0,0.0,0.0
raw-L08645,8646,2003,【取るな】天然素材【ころすぞ】,1,0.6494937571509598,1.5608543716116339,4.543294782270004,1.6094379124341003,3.188416617383492,3.367295829986474,0.0,0.0,0.0,0.0,3.225806451612903,1.0,1.0,0.0,0.0,2.150537634408602,0.0,0.0,0.0,0.0,0.5806451612903225,0.24731182795698925,0.08602150537634408,0.0,0.04301075268817204,0.0,0.0,1.075268817204301,0.0,1.075268817204301,0.0,0.0,0.0,0.0,0.0
raw-L08651,8652,2003,【取るな】天然素材【ころすぞ】,2,-0.07333741377193698,1.3691175145303145,4.61512051684126,1.9459101490553132,2.8716796248840124,3.2188758248682006,0.0,0.0,0.0,0.0,5.0,1.0,1.0,0.0,0.0,0.0,0.0,0.0,0.0,0.0,0.78,0.2,0.0,0.0,0.02,0.0,0.0,1.0,1.0,0.0,0.0,0.0,0.0,0.0,0.0
raw-L08661,8662,2003,【取るな】天然素材【ころすぞ】,1,0.2653716542086742,1.6862538727072924,4.59511985013459,1.791759469228055,3.0252910757955354,3.332204510175204,0.0,0.0,0.0,0.0,4.081632653061225,1.0,1.0,0.0,0.0,2.0408163265306123,0.0,0.0,0.0,0.0,0.7448979591836735,0.21428571428571427,0.0,0.0,0.0,0.0,0.0,0.0,2.0408163265306123,0.0,0.0,0.0,0.0,0.0,0.0
raw-L08670,8671,2003,【取るな】天然素材【ころすぞ】,1,0.16292978478699785,1.6737688235620038,4.406719247264253,1.6094379124341003,3.056356895370426,3.1354942159291497,0.0,0.0,0.0,0.0,3.7037037037037037,1.0,1.0,0.0,0.0,2.4691358024691357,0.0,0.0,0.0,0.0,0.691358024691358,0.2592592592592593,0.0,0.0,0.0,0.0,0.0,2.4691358024691357,0.0,0.0,0.0,1.2345679012345678,0.0,0.0,0.0
raw-L08677,8678,2003,【取るな】天然素材【ころすぞ】,1,0.5559357391270161,1.36481479203608,4.584967478670572,1.6094379124341003,3.228826155721369,3.4011973816621555,0.0,0.0,0.0,0.0,3.0927835051546393,1.0,1.0,0.0,0.0,1.0309278350515463,0.0,0.0,0.0,0.0,0.6082474226804123,0.29896907216494845,0.07216494845360825,0.0,0.0,0.0,0.0,1.0309278350515463,0.0,1.0309278350515463,0.0,1.0309278350515463,0.0,0.0,0.0
raw-L08685,8686,2003,【取るな】天然素材【ころすぞ】,1,0.6621151071190255,1.907707667229539,4.59511985013459,1.791759469228055,3.0252910757955354,3.2188758248682006,0.0,0.0,0.0,0.0,4.081632653061225,1.0,1.0,0.0,0.0,3.061224489795918,0.0,0.0,0.0,0.0,0.5408163265306123,0.22448979591836735,0.12244897959183673,0.0,0.0,0.04081632653061225,0.0,0.0,0.0,1.0204081632653061,0.0,1.0204081632653061,0.0,0.0,0.0
raw-L08692,8693,2003,【取るな】天然素材【ころすぞ】,1,1.056900077341817,1.5242044147272804,4.605170185988092,1.9459101490553132,2.8622008809294686,3.2188758248682006,0.0,0.0,0.0,1.0101010101010102,5.05050505050505,0.8333333333333334,1.0,0.0,0.0,2.0202020202020203,0.0,0.0,0.0,0.0,0.6161616161616162,0.2828282828282828,0.050505050505050504,0.0,0.0,0.0,0.0,0.0,0.0,2.0202020202020203,0.0,1.0101010101010102,0.0,0.0,0.0
raw-L08702,8703,2003,【取るな】天然素材【ころすぞ】,1,-0.5841134201852457,1.376966360286974,3.713572066704308,1.3862943611198906,2.662587827025453,2.9444389791664403,0.0,0.0,0.0,0.0,5.0,1.0,1.0,0.0,0.0,2.5,0.0,0.0,0.0,0.0,0.5,0.125,0.1,0.0,0.0,0.1,2.5,0.0,0.0,0.0,0.0,0.0,0.0,0.0,0.0
raw-L08707,8708,2003,【取るな】天然素材【ころすぞ】,2,-0.23417837141340483,1.7225496903795476,4.3694478524670215,1.9459101490553132,2.6390573296152584,2.995732273553991,0.0,0.0,0.0,0.0,6.410256410256411,1.0,1.0,0.0,0.0,1.2820512820512822,0.0,0.0,0.0,0.0,0.7051282051282051,0.23076923076923075,0.038461538461538464,0.0,0.0,0.0,0.0,0.0,0.0,0.0,0.0,0.0,0.0,0.0,0.0
raw-L08716,8717,2003,【取るな】天然素材【ころすぞ】,1,0.19356749653422117,0.69915567941233,4.532599493153256,1.791759469228055,2.9652730660692823,3.367295829986474,0.0,0.0,1.0869565217391304,0.0,4.3478260869565215,0.8,1.0,0.0,0.0,0.0,0.0,0.0,0.0,0.0,0.6521739130434783,0.25,0.03260869565217391,0.0,0.05434782608695652,0.0,0.0,0.0,0.0,0.0,0.0,0.0,0.0,0.0,0.0
raw-L08724,8725,2003,【取るな】天然素材【ころすぞ】,2,-1.5190199083477165,0.019891916697926733,2.995732273553991,0.6931471805599453,2.995732273553991,2.995732273553991,0.0,0.0,0.0,0.0,0.0,1.0,1.0,0.0,0.0,0.0,0.0,0.0,0.0,0.0,0.6842105263157895,0.3157894736842105,0.0,0.0,0.0,0.0,0.0,5.2631578947368425,0.0,0.0,0.0,0.0,0.0,0.0,0.0
raw-L08728,8729,2003,【取るな】天然素材【ころすぞ】,2,-1.402162091396846,0.49183705468765926,3.367295829986474,1.0986122886681098,2.70805020110221,2.9444389791664403,0.0,0.0,0.0,0.0,3.5714285714285716,1.0,1.0,0.0,0.0,0.0,0.0,0.0,0.0,0.0,0.6428571428571429,0.25,0.10714285714285714,0.0,0.0,0.0,0.0,3.5714285714285716,0.0,0.0,0.0,0.0,0.0,0.0,0.0
raw-L08733,8734,2003,【取るな】天然素材【ころすぞ】,1,0.7558165309577802,1.390075686796344,4.343805421853684,1.3862943611198906,3.270835563798912,3.4657359027997265,0.0,0.0,0.0,0.0,2.6315789473684212,1.0,1.0,0.0,0.0,1.3157894736842106,0.0,0.0,0.0,0.0,0.5657894736842105,0.2236842105263158,0.13157894736842105,0.0,0.039473684210526314,0.0,0.0,0.0,0.0,0.0,1.3157894736842106,0.0,0.0,0.0,0.0
raw-L08739,8740,2003,【取るな】天然素材【ころすぞ】,1,-0.19654282760369376,1.333825181589018,3.7612001156935624,1.0986122886681098,3.091042453358316,3.1780538303479458,0.0,0.0,0.0,0.0,2.380952380952381,1.0,1.0,0.0,0.0,4.761904761904762,0.0,0.0,0.0,0.0,0.5476190476190476,0.35714285714285715,0.0,0.0,0.0,0.0,0.0,2.380952380952381,0.0,0.0,0.0,0.0,0.0,0.0,0.0
raw-L08744,8745,2003,【取るな】天然素材【ころすぞ】,1,-0.11431262728614808,0.9475228974888142,4.007333185232471,1.3862943611198906,2.9444389791664403,3.4011973816621555,0.0,0.0,1.8518518518518519,0.0,3.7037037037037037,1.0,1.0,0.0,0.0,1.8518518518518519,0.0,0.0,0.0,0.0,0.7962962962962963,0.14814814814814814,0.0,0.0,0.0,0.0,0.0,0.0,0.0,1.8518518518518519,0.0,0.0,0.0,0.0,0.0
raw-L08751,8752,2003,【取るな】天然素材【ころすぞ】,1,0.10169488225510215,2.0950676634664407,3.912023005428146,1.6094379124341003,2.583997552432231,3.091042453358316,0.0,0.0,0.0,0.0,6.122448979591836,1.0,1.0,0.0,0.0,2.0408163265306123,0.0,0.0,0.0,0.0,0.5918367346938775,0.326530612244898,0.04081632653061225,0.0,0.0,0.0,0.0,0.0,0.0,0.0,2.0408163265306123,0.0,0.0,0.0,0.0
raw-L08757,8758,2003,【取るな】天然素材【ころすぞ】,2,-0.8382850985351309,1.4334103699552059,3.1780538303479458,1.0986122886681098,2.5257286443082556,2.995732273553991,0.0,0.0,0.0,0.0,4.3478260869565215,1.0,1.0,0.0,0.0,4.3478260869565215,0.0,0.0,0.0,0.0,0.391304347826087,0.43478260869565216,0.08695652173913043,0.0,0.0,0.0,0.0,0.0,0.0,0.0,0.0,0.0,0.0,0.0,0.0
raw-L08762,8763,2003,【取るな】天然素材【ころすぞ】,1,-0.2454135280762393,1.2117620960066302,4.07753744390572,1.3862943611198906,3.0122615755052013,3.258096538021482,0.0,0.0,0.0,0.0,3.4482758620689653,1.0,1.0,0.0,0.0,1.7241379310344827,0.0,0.0,0.0,0.0,0.6724137931034483,0.20689655172413793,0.08620689655172414,0.0,0.0,0.0,0.0,0.0,1.7241379310344827,0.0,0.0,0.0,0.0,0.0,0.0
raw-L08768,8769,2003,【取るな】天然素材【ころすぞ】,1,1.8090622474862355,2.221443269055743,5.488937726156687,2.302585092994046,3.324236340526027,3.6109179126442243,0.0,0.0,0.0,0.0,3.319502074688797,1.0,1.0,0.0,0.0,2.074688796680498,0.0,0.0,0.0,0.0,0.6929460580912863,0.23236514522821575,0.03319502074688797,0.0,0.0,0.0,0.0,2.074688796680498,0.0,0.8298755186721992,0.8298755186721992,0.8298755186721992,0.0,0.0,0.0
raw-L08780,8781,2003,【取るな】天然素材【ころすぞ】,1,0.8672434952113587,1.8926225511752375,4.897839799950911,1.9459101490553132,3.142714463902637,3.295836866004329,0.0,0.0,0.0,0.0,3.7593984962406015,1.0,1.0,0.0,0.0,3.007518796992481,0.0,0.0,0.0,0.0,0.5413533834586466,0.2631578947368421,0.12030075187969924,0.0,0.015037593984962405,0.0,0.0,2.255639097744361,0.0,0.0,0.0,0.0,0.0,0.0,0.0
raw-L08788,8789,2003,【取るな】天然素材【ころすぞ】,1,1.392000844762084,2.059206492028791,5.375278407684165,2.302585092994046,3.2144214745188204,3.6375861597263857,0.0,0.0,0.0,0.0,3.7209302325581395,1.0,1.0,0.0,0.0,1.8604651162790697,0.0,0.0,0.0,0.0,0.6697674418604652,0.23720930232558138,0.041860465116279076,0.0,0.013953488372093023,0.0,0.0,2.3255813953488373,1.3953488372093024,0.0,0.46511627906976744,0.46511627906976744,0.0,0.0,0.0
raw-L08800,8801,2003,【取るな】天然素材【ころすぞ】,1,1.3645784420714904,2.0121079018839985,5.3706380281276624,2.3978952727983707,3.109060958860994,3.5263605246161616,0.0,0.0,0.4672897196261682,0.0,4.205607476635514,1.0,1.0,0.0,0.0,2.336448598130841,0.0,0.0,0.0,0.4672897196261682,0.5607476635514018,0.26635514018691586,0.11682242990654207,0.0,0.0,0.0,0.0,2.336448598130841,0.4672897196261682,0.9345794392523364,0.0,0.0,0.0,0.0,0.0
raw-L08815,8816,2003,【取るな】天然素材【ころすぞ】,1,1.3220134625160331,2.0114836091233093,4.820281565605037,1.791759469228055,3.242592351485517,3.5263605246161616,0.0,0.0,0.0,0.0,3.252032520325203,1.0,1.0,0.0,0.0,2.4390243902439024,0.0,0.0,0.0,1.6260162601626016,0.6991869918699187,0.21951219512195125,0.016260162601626015,0.016260162601626015,0.0,0.0,0.0,0.0,0.0,0.8130081300813008,0.8130081300813008,0.0,0.0,0.0,0.0
raw-L08823,8824,2003,【取るな】天然素材【ころすぞ】,1,1.102601743306618,1.6793754263223875,5.087596335232384,2.1972245773362196,3.0504571732432377,3.4339872044851463,0.0,0.0,0.0,0.0,4.3478260869565215,1.0,1.0,0.0,0.0,1.2422360248447204,0.0,0.0,0.0,0.0,0.5341614906832298,0.2608695652173913,0.14285714285714288,0.024844720496894408,0.006211180124223602,0.006211180124223602,0.0,0.6211180124223602,0.0,0.0,0.0,0.0,0.0,0.0,0.0
raw-L08833,8834,2003,【取るな】天然素材【ころすぞ】,1,0.7608042439250751,1.6571997049697726,4.718498871295094,1.791759469228055,3.1441522786722644,3.4339872044851463,0.0,0.0,0.0,0.0,3.6036036036036037,1.0,1.0,0.0,0.0,2.7027027027027026,0.0,0.0,0.0,0.0,0.5225225225225225,0.2072072072072072,0.17117117117117117,0.0,0.0,0.027027027027027025,0.0,0.9009009009009009,0.0,0.0,0.0,0.0,0.0,0.0,0.0
raw-L08840,8841,2003,【取るな】天然素材【ころすぞ】,1,0.2782058103706366,2.0488725579039,4.499809670330265,1.9459101490553132,2.762117422372486,3.091042453358316,0.0,0.0,0.0,0.0,5.617977528089888,1.0,1.0,0.0,0.0,3.3707865168539324,0.0,0.0,0.0,0.0,0.5842696629213483,0.2359550561797753,0.08988764044943821,0.0,0.022471910112359553,0.0,0.0,1.1235955056179776,0.0,0.0,0.0,0.0,0.0,0.0,0.0
raw-L08848,8849,2003,【取るな】天然素材【ころすぞ】,1,1.0362142561328151,2.0552502137958113,4.820281565605037,1.9459101490553132,3.068052935133617,3.4965075614664802,0.0,0.0,0.0,0.0,4.065040650406504,1.0,1.0,0.0,0.0,3.252032520325203,0.0,0.0,0.0,0.0,0.5772357723577236,0.23577235772357724,0.12195121951219512,0.0,0.0,0.0,0.0,0.8130081300813008,0.8130081300813008,1.6260162601626016,0.0,0.8130081300813008,0.0,0.0,0.0
raw-L08857,8858,2003,【取るな】天然素材【ころすぞ】,1,0.5494750940245711,1.342884203815294,4.23410650459726,1.791759469228055,2.681021528714291,2.995732273553991,0.0,1.4705882352941178,0.0,0.0,5.882352941176471,1.0,0.8,0.0,0.0,2.9411764705882355,0.0,0.0,0.0,0.0,0.6176470588235294,0.22058823529411764,0.08823529411764706,0.0,0.0,0.0,0.0,1.4705882352941178,0.0,0.0,0.0,1.4705882352941178,0.0,0.0,0.0
raw-L08864,8865,2003,【取るな】天然素材【ころすぞ】,1,0.679527220304662,1.8914855331825404,4.356708826689592,1.6094379124341003,3.0081547935525483,3.332204510175204,0.0,0.0,0.0,0.0,3.896103896103896,1.0,1.0,0.0,0.0,2.5974025974025974,0.0,0.0,0.0,0.0,0.6103896103896104,0.24675324675324675,0.09090909090909091,0.0,0.0,0.0,0.0,0.0,0.0,0.0,1.2987012987012987,0.0,0.0,0.0,0.0
raw-L08872,8873,2003,【取るな】天然素材【ころすぞ】,1,0.30250376467033374,1.9307363693493769,4.430816798843313,1.791759469228055,2.8678989020441064,3.091042453358316,0.0,0.0,0.0,0.0,4.819277108433735,1.0,1.0,0.0,0.0,2.4096385542168677,0.0,0.0,0.0,0.0,0.6987951807228916,0.18072289156626506,0.060240963855421686,0.0,0.0,0.0,0.0,0.0,0.0,1.2048192771084338,0.0,2.4096385542168677,0.0,0.0,0.0
raw-L08880,8881,2003,【取るな】天然素材【ころすぞ】,1,-0.18167287233068025,1.8009785071768571,4.356708826689592,1.791759469228055,2.797281334830153,2.833213344056216,0.0,0.0,0.0,0.0,5.194805194805195,1.0,1.0,0.0,0.0,2.5974025974025974,0.0,0.0,0.0,0.0,0.6623376623376623,0.20779220779220778,0.06493506493506493,0.0,0.0,0.0,0.0,2.5974025974025974,0.0,0.0,0.0,1.2987012987012987,0.0,0.0,0.0
raw-L08888,8889,2003,【取るな】天然素材【ころすぞ】,1,0.27129662107528385,1.6316835265845853,4.343805421853684,1.6094379124341003,2.995732273553991,3.4011973816621555,0.0,0.0,0.0,0.0,3.9473684210526314,1.0,1.0,0.0,0.0,2.6315789473684212,0.0,0.0,0.0,0.0,0.631578947368421,0.19736842105263158,0.09210526315789475,0.0,0.0,0.013157894736842106,0.0,2.6315789473684212,0.0,0.0,0.0,1.3157894736842106,0.0,0.0,0.0
raw-L08896,8897,2003,【取るな】天然素材【ころすぞ】,1,0.8363639814554307,2.1919828899789477,4.836281906951478,2.1972245773362196,2.810907586541918,3.332204510175204,0.0,0.0,0.0,0.0,5.6,1.0,1.0,0.0,0.0,2.4,0.0,0.0,0.0,0.0,0.536,0.29600000000000004,0.10400000000000001,0.0,0.0,0.0,0.0,2.4,0.0,0.0,0.8,0.0,0.0,0.0,0.0
raw-L08906,8907,2003,【取るな】天然素材【ころすぞ】,1,0.5948175833957873,2.279507778292248,4.812184355372417,2.1972245773362196,2.7880929087757464,3.1354942159291497,0.0,0.0,0.0,0.0,5.737704918032787,1.0,1.0,0.0,0.0,3.278688524590164,0.0,0.0,0.0,0.0,0.5245901639344263,0.3442622950819672,0.06557377049180328,0.0,0.0,0.0,0.0,0.819672131147541,0.819672131147541,0.0,0.0,0.0,0.0,0.0,0.0
raw-L08918,8919,2003,【取るな】天然素材【ころすぞ】,1,0.5741339909900545,1.4125458615794098,4.663439094112067,1.9459101490553132,2.917770732084279,3.2188758248682006,0.0,0.0,0.9523809523809523,0.0,4.761904761904762,0.8333333333333334,1.0,0.0,0.0,2.857142857142857,0.0,0.0,0.0,0.0,0.5333333333333333,0.2571428571428572,0.14285714285714288,0.0,0.0,0.0,0.0,0.9523809523809523,0.0,0.9523809523809523,0.0,0.0,0.0,0.0,0.0
raw-L08928,8929,2003,【取るな】天然素材【ころすぞ】,1,1.3968152807367817,2.336675482375089,4.852030263919617,1.9459101490553132,3.0985896589936988,3.4657359027997265,0.0,0.0,0.0,0.0,3.937007874015748,1.0,1.0,0.0,0.0,3.1496062992125986,0.0,0.0,0.0,0.0,0.5748031496062992,0.26771653543307083,0.06299212598425197,0.0,0.031496062992125984,0.0,0.0,1.5748031496062993,0.0,0.0,1.5748031496062993,0.0,0.0,0.0,0.0
raw-L08937,8938,2003,【取るな】天然素材【ころすぞ】,1,0.32246301315379394,1.9095893106529307,4.5217885770490405,1.791759469228055,2.954910279033736,3.1780538303479458,0.0,0.0,0.0,0.0,4.395604395604396,1.0,1.0,0.0,0.0,4.395604395604396,0.0,0.0,0.0,0.0,0.5934065934065934,0.31868131868131866,0.0,0.0,0.0,0.0,0.0,3.2967032967032965,0.0,0.0,0.0,0.0,0.0,0.0,0.0
raw-L08944,8945,2003,【取るな】天然素材【ころすぞ】,2,-0.7522461591490509,1.5146793799671676,3.9512437185814275,1.6094379124341003,2.6210388241125804,3.044522437723423,0.0,0.0,0.0,0.0,5.882352941176471,1.0,1.0,0.0,0.0,3.9215686274509802,0.0,0.0,0.0,0.0,0.5490196078431372,0.09803921568627452,0.2745098039215686,0.0,0.0,0.0,0.0,1.9607843137254901,3.9215686274509802,0.0,0.0,0.0,0.0,0.0,0.0
raw-L08951,8952,2003,【取るな】天然素材【ころすぞ】,1,2.3574395867088045,2.033896749945638,5.472270673671475,2.4849066497880004,3.115533473366612,3.713572066704308,0.0,0.0,0.0,0.8438818565400844,4.219409282700422,1.0,1.0,0.0,0.0,2.109704641350211,0.0,0.4219409282700422,0.0,0.0,0.46413502109704646,0.3037974683544304,0.10970464135021096,0.0,0.0379746835443038,0.008438818565400845,0.0,0.0,0.0,0.0,0.0,0.4219409282700422,0.0,0.0,0.0
raw-L08965,8966,2003,【取るな】天然素材【ころすぞ】,1,3.0978711140787274,2.61767314968221,5.739792912179234,2.5649493574615367,3.289644895756408,3.7376696182833684,0.0,0.0,0.0,0.0,3.5483870967741935,1.0,1.0,0.0,1.2903225806451613,1.6129032258064515,0.0,0.0,0.0,0.0,0.5548387096774193,0.23870967741935484,0.11612903225806452,0.0,0.0064516129032258064,0.0,1.2903225806451613,0.6451612903225806,0.0,0.967741935483871,0.6451612903225806,0.0,0.0,0.0,0.0
raw-L08979,8980,2003,【取るな】天然素材【ころすぞ】,1,0.3476756025270253,2.0883302728344506,4.465908118654584,1.9459101490553132,2.7300291078209855,2.995732273553991,0.0,0.0,0.0,0.0,5.813953488372093,1.0,1.0,0.0,0.0,2.3255813953488373,0.0,0.0,0.0,0.0,0.48837209302325585,0.22093023255813954,0.03488372093023256,0.0,0.16279069767441862,0.023255813953488372,0.0,0.0,1.1627906976744187,1.1627906976744187,0.0,0.0,0.0,0.0,0.0
raw-L08987,8988,2003,【取るな】天然素材【ころすぞ】,1,1.3366172177607492,1.9503097105103253,5.204006687076795,2.1972245773362196,3.1623054733798064,3.4657359027997265,0.0,0.0,0.0,0.0,3.867403314917127,1.0,1.0,0.0,0.0,2.2099447513812156,0.0,0.0,0.0,0.0,0.47513812154696133,0.26519337016574585,0.15469613259668508,0.0,0.03867403314917127,0.016574585635359115,0.0,0.0,0.0,0.0,0.0,0.0,0.0,0.0,0.0
raw-L08997,8998,2003,【取るな】天然素材【ころすぞ】,1,1.4754831990963313,2.3108240528901147,5.225746673713202,2.302585092994046,3.0706335817271087,3.4965075614664802,0.0,0.0,0.0,0.0,4.324324324324325,1.0,1.0,0.0,0.0,3.2432432432432434,0.0,0.0,0.0,0.0,0.47567567567567565,0.34054054054054056,0.10270270270270271,0.0,0.010810810810810811,0.0,0.0,0.0,0.0,0.0,0.0,0.0,0.0,0.0,0.0
raw-L09009,9010,2003,【取るな】天然素材【ころすぞ】,1,1.383648603456345,1.653840774709855,4.941642422609304,2.0794415416798357,3.0376964726530233,3.4339872044851463,0.0,0.0,0.7194244604316546,0.7194244604316546,4.316546762589928,0.8571428571428571,1.0,0.0,0.0,2.8776978417266186,0.0,0.0,0.0,0.0,0.6115107913669064,0.21582733812949642,0.09352517985611511,0.0,0.0,0.0,0.0,2.158273381294964,0.7194244604316546,0.0,0.7194244604316546,0.0,0.0,0.7194244604316546,0.0
raw-L09021,9022,2003,【取るな】天然素材【ころすぞ】,1,0.12257920873494328,1.8686246766828396,4.406719247264253,1.791759469228055,2.8449093838194073,3.1354942159291497,0.0,0.0,0.0,0.0,4.938271604938271,1.0,1.0,0.0,0.0,2.4691358024691357,0.0,0.0,0.0,0.0,0.7037037037037037,0.2222222222222222,0.024691358024691357,0.0,0.0,0.0,0.0,0.0,2.4691358024691357,2.4691358024691357,0.0,0.0,0.0,0.0,0.0
raw-L09029,9030,2003,【取るな】天然素材【ころすぞ】,1,1.0531928171727167,2.2600637882687664,4.867534450455582,2.0794415416798357,2.9667447366807385,3.332204510175204,0.0,0.0,0.0,0.0,4.651162790697675,1.0,1.0,0.0,0.0,3.875968992248062,0.0,0.0,0.0,0.0,0.5038759689922481,0.2713178294573643,0.13178294573643412,0.0,0.0,0.007751937984496125,0.0,0.7751937984496124,0.7751937984496124,0.0,0.7751937984496124,0.7751937984496124,0.0,0.0,0.0
raw-L09039,9040,2003,【取るな】天然素材【ころすぞ】,1,1.5382927162749243,2.0434214165410856,5.342334251964811,2.302585092994046,3.18267277620424,3.6109179126442243,0.0,0.0,0.0,0.0,3.8461538461538463,1.0,1.0,0.0,0.0,2.4038461538461537,0.0,0.0,0.0,0.0,0.5192307692307692,0.2644230769230769,0.15384615384615385,0.0,0.0,0.0,0.0,0.0,0.0,0.0,0.0,0.0,0.0,0.0,0.0
raw-L09050,9051,2003,【取るな】天然素材【ころすぞ】,1,1.025056448070463,2.0256165733948577,4.6913478822291435,2.0794415416798357,2.7990219793079367,3.091042453358316,0.0,0.0,0.0,0.0,5.555555555555555,1.0,1.0,0.0,0.0,3.7037037037037037,0.0,0.0,0.0,0.9259259259259259,0.33333333333333337,0.2685185185185185,0.10185185185185185,0.07407407407407407,0.009259259259259259,0.12962962962962965,0.0,0.0,0.0,0.0,0.0,0.0,0.0,0.0,0.0
raw-L09059,9060,2003,【取るな】天然素材【ころすぞ】,1,0.877000578671183,2.162909895383791,4.812184355372417,2.0794415416798357,2.913902255306359,3.367295829986474,0.0,0.0,0.0,0.0,4.918032786885246,1.0,1.0,0.0,0.0,4.098360655737705,0.0,0.0,0.0,0.0,0.5409836065573771,0.27049180327868855,0.09836065573770492,0.0,0.00819672131147541,0.0,0.0,0.0,0.819672131147541,0.819672131147541,0.0,0.0,0.0,0.0,0.0
raw-L09070,9071,2003,【取るな】天然素材【ころすぞ】,1,0.5961457978084906,1.7270749280161635,4.718498871295094,1.791759469228055,3.1441522786722644,3.332204510175204,0.0,0.0,0.0,0.0,3.6036036036036037,1.0,1.0,0.0,0.0,2.7027027027027026,0.0,0.0,0.0,0.0,0.6396396396396397,0.2162162162162162,0.0900900900900901,0.0,0.0,0.0,0.0,0.9009009009009009,0.9009009009009009,0.0,0.0,0.0,0.0,0.0,0.0
raw-L09078,9079,2003,【取るな】天然素材【ころすぞ】,1,1.0430522990060687,2.0910838372175227,5.225746673713202,2.1972245773362196,3.1832486472250494,3.4657359027997265,0.0,0.0,0.0,0.0,3.7837837837837838,1.0,1.0,0.0,0.0,2.7027027027027026,0.0,0.0,0.0,0.0,0.5945945945945946,0.31891891891891894,0.032432432432432434,0.0,0.0,0.0,0.0,1.0810810810810811,3.2432432432432434,0.0,0.0,0.0,0.0,0.0,0.0
raw-L09091,9092,2003,【取るな】天然素材【ころすぞ】,1,-0.10129202900111955,1.6000104966987574,4.2626798770413155,1.6094379124341003,2.917770732084279,3.332204510175204,0.0,0.0,0.0,0.0,4.285714285714286,1.0,1.0,0.0,0.0,4.285714285714286,0.0,0.0,0.0,0.0,0.6142857142857143,0.17142857142857143,0.11428571428571428,0.0,0.0,0.0,0.0,2.857142857142857,2.857142857142857,0.0,0.0,0.0,0.0,0.0,0.0
raw-L09099,9100,2003,【取るな】天然素材【ころすぞ】,1,0.8761116834411754,1.623846341389113,4.812184355372417,2.0794415416798357,2.913902255306359,3.258096538021482,0.0,0.0,0.0,0.819672131147541,4.918032786885246,0.8571428571428571,1.0,0.0,0.0,2.459016393442623,0.0,0.0,0.0,0.0,0.6557377049180327,0.26229508196721313,0.02459016393442623,0.0,0.0,0.0,0.0,0.819672131147541,1.639344262295082,0.0,0.0,0.0,0.0,0.0,0.0
raw-L09110,9111,2003,【取るな】天然素材【ころすぞ】,1,1.468658127563841,2.1291015381038076,5.153291594497779,2.0794415416798357,3.241475656785442,3.4011973816621555,0.0,0.0,0.0,0.0,3.488372093023256,1.0,1.0,0.0,0.0,2.9069767441860463,0.0,0.0,0.0,0.0,0.48837209302325585,0.27906976744186046,0.11046511627906977,0.0,0.040697674418604654,0.005813953488372093,0.0,0.0,0.0,0.5813953488372093,0.0,0.0,0.0,0.5813953488372093,0.0
raw-L09120,9121,2003,【取るな】天然素材【ころすぞ】,2,-0.6146015088232514,1.5060803144355364,3.7612001156935624,1.3862943611198906,2.70805020110221,2.995732273553991,0.0,0.0,0.0,0.0,4.761904761904762,1.0,1.0,0.0,0.0,2.380952380952381,0.0,0.0,0.0,0.0,0.5238095238095238,0.2619047619047619,0.16666666666666669,0.0,0.0,0.0,0.0,0.0,2.380952380952381,0.0,0.0,2.380952380952381,0.0,0.0,0.0
raw-L09126,9127,2003,【取るな】天然素材【ころすぞ】,1,0.16447295367994613,1.8741438500895127,4.110873864173311,1.6094379124341003,2.772588722239781,3.1780538303479458,0.0,0.0,0.0,0.0,5.0,1.0,1.0,0.0,0.0,3.3333333333333335,0.0,0.0,0.0,0.0,0.45,0.38333333333333336,0.08333333333333334,0.0,0.0,0.0,0.0,1.6666666666666667,0.0,1.6666666666666667,0.0,0.0,0.0,0.0,0.0
raw-L09133,9134,2003,【取るな】天然素材【ころすぞ】,2,-0.9253695043600111,1.4106401526910017,3.713572066704308,1.3862943611198906,2.662587827025453,2.995732273553991,0.0,0.0,0.0,0.0,5.0,1.0,1.0,0.0,0.0,2.5,0.0,0.0,0.0,0.0,0.475,0.325,0.15,0.0,0.0,0.0,0.0,0.0,5.0,0.0,0.0,0.0,0.0,0.0,0.0
raw-L09139,9140,2003,【取るな】天然素材【ころすぞ】,1,0.12580315001112855,2.090805726369786,3.784189633918261,1.3862943611198906,2.7300291078209855,3.044522437723423,0.0,0.0,0.0,0.0,4.651162790697675,1.0,1.0,0.0,0.0,4.651162790697675,0.0,0.0,0.0,0.0,0.6046511627906976,0.3023255813953488,0.0,0.0,0.0,0.0,0.0,2.3255813953488373,0.0,0.0,2.3255813953488373,0.0,0.0,0.0,0.0
raw-L09144,9145,2003,【取るな】天然素材【ころすぞ】,1,0.8916789519557746,1.88215802303561,4.6913478822291435,1.791759469228055,3.1179499062782403,3.5263605246161616,0.0,0.0,0.0,0.0,3.7037037037037037,1.0,1.0,0.0,0.0,2.7777777777777777,0.0,0.0,0.0,0.0,0.5648148148148148,0.25,0.12962962962962965,0.0,0.0,0.0,0.0,2.7777777777777777,0.9259259259259259,0.0,0.9259259259259259,0.0,0.0,0.0,0.0
raw-L09151,9152,2003,【取るな】天然素材【ころすぞ】,1,1.0714732749460847,2.0995743210831175,4.74493212836325,1.9459101490553132,2.995732273553991,3.332204510175204,0.0,0.0,0.0,0.0,4.385964912280702,1.0,1.0,0.0,0.0,3.508771929824561,0.0,0.0,0.0,0.0,0.4736842105263158,0.2456140350877193,0.1929824561403509,0.0,0.0,0.0,0.0,0.8771929824561403,0.0,0.8771929824561403,0.8771929824561403,0.0,0.0,0.0,0.0
raw-L09160,9161,2003,【取るな】天然素材【ころすぞ】,1,0.28110776203884924,1.8743156033510575,4.553876891600541,1.791759469228055,2.9856819377004897,3.1780538303479458,0.0,0.0,0.0,0.0,4.25531914893617,1.0,1.0,0.0,0.0,3.1914893617021276,0.0,0.0,0.0,0.0,0.5851063829787234,0.3191489361702128,0.031914893617021274,0.0,0.0,0.0,0.0,3.1914893617021276,1.0638297872340425,0.0,0.0,0.0,0.0,0.0,0.0
raw-L09167,9168,2003,【取るな】天然素材【ころすぞ】,1,1.2962398818062206,2.2325595678918964,5.135798437050262,2.1972245773362196,3.096708190893993,3.4339872044851463,0.0,0.0,0.0,0.0,4.1420118343195265,1.0,1.0,0.0,0.0,2.9585798816568047,0.0,0.0,0.0,0.0,0.6153846153846154,0.23668639053254437,0.0650887573964497,0.0,0.023668639053254437,0.0,0.0,1.183431952662722,0.0,0.591715976331361,0.0,0.0,0.0,0.591715976331361,0.0
raw-L09178,9179,2003,【取るな】天然素材【ころすぞ】,1,1.7748729220362125,2.517947792670409,5.393627546352362,2.3978952727983707,3.131136910560194,3.367295829986474,0.0,0.0,0.0,0.0,4.109589041095891,1.0,1.0,0.0,0.0,4.109589041095891,0.0,0.0,0.0,0.0,0.5251141552511416,0.2785388127853881,0.1141552511415525,0.0,0.0,0.0,0.0,1.82648401826484,0.0,0.0,1.36986301369863,0.0,0.0,0.0,0.0
raw-L09192,9193,2003,【取るな】天然素材【ころすぞ】,1,1.406450391447776,2.129309425713114,4.912654885736052,1.9459101490553132,3.1570004211501135,3.6109179126442243,0.0,0.0,0.0,0.0,3.7037037037037037,1.0,1.0,0.0,0.0,3.7037037037037037,0.0,0.0,0.0,0.0,0.49629629629629624,0.2814814814814815,0.12592592592592594,0.0,0.014814814814814814,0.0,0.0,0.7407407407407407,0.0,0.0,0.7407407407407407,0.0,0.0,0.0,0.0
raw-L09201,9202,2003,【取るな】天然素材【ころすぞ】,1,3.2623511562528695,2.246873995349541,5.087596335232384,2.0794415416798357,3.1780538303479458,3.6635616461296463,0.0,0.0,0.0,1.2422360248447204,3.7267080745341614,1.0,1.0,0.0,1.8633540372670807,3.1055900621118013,0.0,0.6211180124223602,0.0,0.0,0.4968944099378882,0.27950310559006214,0.11180124223602485,0.0,0.0,0.0,0.6211180124223602,1.2422360248447204,0.0,0.6211180124223602,0.0,0.6211180124223602,0.0,0.0,0.0
raw-L09221,9222,2003,【最高武器】ナイトの時代【最強盾】,1,2.012153717179644,1.5368287412577937,5.683579767338681,2.1972245773362196,3.6276687230690396,3.871201010907891,0.0,0.0,0.0,0.0,2.3890784982935154,1.0,1.0,0.0,0.0,0.0,0.0,0.0,0.0,0.0,0.5802047781569966,0.24232081911262798,0.14334470989761092,0.0,0.020477815699658702,0.006825938566552902,0.0,0.0,0.0,1.023890784982935,0.3412969283276451,0.3412969283276451,0.0,0.0,0.0
raw-L09231,9232,2003,【最高武器】ナイトの時代【最強盾】,1,1.4114999162050985,1.7909358816896097,5.081404364984463,1.9459101490553132,3.3202283191284883,3.784189633918261,0.0,0.0,0.0,0.0,3.125,1.0,1.0,0.0,0.0,2.5,0.0,0.0,0.0,0.0,0.5375,0.23125,0.1625,0.0,0.0,0.0,0.625,0.0,0.625,0.0,0.0,0.0,0.0,0.0,0.0
raw-L09239,9240,2003,【最高武器】ナイトの時代【最強盾】,1,2.0269237727349734,1.6408408003639166,5.288267030694535,1.791759469228055,3.6988297849671046,3.912023005428146,0.0,0.0,0.0,0.0,2.030456852791878,1.0,1.0,0.0,0.0,1.015228426395939,0.0,0.0,0.0,0.0,0.5532994923857868,0.2690355329949239,0.13705583756345177,0.0,0.0,0.0,0.0,0.0,0.0,1.5228426395939085,1.015228426395939,0.5076142131979695,0.0,0.0,0.0
raw-L09246,9247,2003,【最高武器】ナイトの時代【最強盾】,1,1.4621876815889012,1.5879944979166583,5.267858159063328,1.9459101490553132,3.5015453554964373,3.713572066704308,0.0,0.0,0.0,0.0,2.5906735751295336,1.0,1.0,0.0,0.0,1.0362694300518134,0.0,0.0,0.0,0.0,0.5544041450777202,0.2849740932642487,0.13471502590673576,0.0,0.0,0.0,0.0,0.5181347150259067,1.0362694300518134,1.0362694300518134,0.0,1.5544041450777202,0.0,0.0,0.0
raw-L09255,9256,2003,【最高武器】ナイトの時代【最強盾】,1,1.6208944181111729,1.4815098626868703,4.955827057601261,1.6094379124341003,3.590439381300684,4.04305126783455,0.0,0.0,0.0,0.0,2.127659574468085,1.0,1.0,0.0,0.0,1.4184397163120568,0.0,0.0,0.0,0.0,0.6312056737588653,0.1843971631205674,0.14893617021276595,0.0,0.0,0.0,0.0,1.4184397163120568,0.0,1.4184397163120568,0.7092198581560284,0.7092198581560284,0.0,0.0,0.0
raw-L09261,9262,2003,【最高武器】ナイトの時代【最強盾】,1,1.5966143253997822,1.4090378822199328,4.997212273764115,1.6094379124341003,3.6309854756950335,4.04305126783455,0.0,0.0,0.0,0.0,2.0408163265306123,1.0,1.0,0.0,0.0,2.0408163265306123,0.0,0.0,0.0,0.0,0.5238095238095238,0.22448979591836735,0.20408163265306123,0.0,0.0,0.0,0.0,1.3605442176870748,0.0,1.3605442176870748,0.0,0.0,0.0,0.0,0.0
raw-L09267,9268,2003,【最高武器】ナイトの時代【最強盾】,1,1.8504551780339007,1.5684991427253985,5.337538079701318,1.791759469228055,3.7471483622379123,3.9889840465642745,0.0,0.0,0.0,0.0,1.932367149758454,1.0,1.0,0.0,0.0,1.932367149758454,0.0,0.0,0.0,0.0,0.5362318840579711,0.23671497584541062,0.16908212560386474,0.0,0.00966183574879227,0.0,0.0,0.0,0.4830917874396135,0.0,0.0,0.4830917874396135,0.0,0.0,0.0
raw-L09274,9275,2003,【最高武器】ナイトの時代【最強盾】,1,1.3397117473728635,1.627955469790483,5.298317366548036,2.0794415416798357,3.381966019734268,3.713572066704308,0.0,0.0,0.0,0.0,3.0150753768844223,1.0,1.0,0.0,0.0,1.5075376884422111,0.0,0.0,0.0,0.0,0.4924623115577889,0.2512562814070352,0.18592964824120603,0.0,0.015075376884422112,0.010050251256281405,0.0,1.5075376884422111,2.0100502512562812,0.5025125628140703,0.0,0.5025125628140703,0.0,0.0,0.0
raw-L09283,9284,2003,【最高武器】ナイトの時代【最強盾】,1,0.6434049951238957,1.3795694561481446,4.394449154672439,1.3862943611198906,3.3202283191284883,3.4657359027997265,0.0,0.0,0.0,0.0,2.5,1.0,1.0,0.0,0.0,2.5,0.0,0.0,0.0,0.0,0.475,0.3,0.1375,0.0,0.0,0.0,0.0,0.0,0.0,0.0,0.0,0.0,0.0,0.0,0.0
raw-L09288,9289,2003,【最高武器】ナイトの時代【最強盾】,1,1.6800564329896774,1.51266421671905,5.231108616854587,1.791759469228055,3.6428355156125294,3.9318256327243257,0.0,0.0,0.0,0.0,2.150537634408602,1.0,1.0,0.0,0.0,1.6129032258064515,0.0,0.0,0.0,0.0,0.5,0.25268817204301075,0.1989247311827957,0.0,0.0,0.0,0.0,1.075268817204301,0.5376344086021505,0.5376344086021505,0.0,0.5376344086021505,0.0,0.5376344086021505,0.0
raw-L09295,9296,2003,【最高武器】ナイトの時代【最強盾】,1,1.8011371962952274,1.316129680300821,4.990432586778736,1.6094379124341003,3.624340932976365,3.9512437185814275,0.0,0.0,0.684931506849315,0.0,2.0547945205479454,0.75,1.0,0.0,0.0,2.0547945205479454,0.0,0.0,0.0,0.0,0.595890410958904,0.3013698630136986,0.03424657534246575,0.0,0.0,0.0,0.0,2.0547945205479454,2.0547945205479454,0.684931506849315,2.0547945205479454,0.0,0.0,0.0,0.0
raw-L09302,9303,2003,【最高武器】ナイトの時代【最強盾】,1,0.30766295958980355,1.0907167393313417,4.532599493153256,1.3862943611198906,3.455264602932431,3.713572066704308,0.0,0.0,0.0,0.0,2.1739130434782608,1.0,1.0,0.0,0.0,1.0869565217391304,0.0,0.0,0.0,0.0,0.6521739130434783,0.32608695652173914,0.0,0.0,0.0,0.0,0.0,3.260869565217391,3.260869565217391,0.0,0.0,0.0,0.0,0.0,0.0
raw-L09307,9308,2003,【最高武器】ナイトの時代【最強盾】,1,1.9224613655246667,1.6002683244364955,5.2832037287379885,1.791759469228055,3.6938669956249757,3.9889840465642745,0.0,0.0,0.0,0.0,2.0408163265306123,1.0,1.0,0.0,0.0,1.530612244897959,0.0,0.0,0.0,0.0,0.4897959183673469,0.29591836734693877,0.14795918367346939,0.0,0.015306122448979591,0.0,0.0,0.0,0.0,1.0204081632653061,0.0,1.0204081632653061,0.0,0.0,0.0
raw-L09314,9315,2003,【最高武器】ナイトの時代【最強盾】,1,0.9306444871523218,1.0989800225656094,4.6443908991413725,1.6094379124341003,3.2865344733420154,3.784189633918261,0.0,0.0,0.0,0.0,2.912621359223301,1.0,1.0,0.0,0.0,0.970873786407767,0.0,0.0,0.0,0.0,0.4077669902912621,0.2233009708737864,0.30097087378640774,0.0,0.0,0.0,0.0,0.0,0.0,0.970873786407767,0.0,0.0,0.0,0.0,0.0
raw-L09320,9321,2003,【最高武器】ナイトの時代【最強盾】,1,1.3212860960221935,1.3536355155864803,5.0106352940962555,1.791759469228055,3.427514689979529,3.5553480614894135,0.0,0.0,0.0,0.0,2.684563758389262,1.0,1.0,0.0,0.0,1.342281879194631,0.0,0.0,0.0,0.0,0.5100671140939598,0.16107382550335572,0.28187919463087246,0.0,0.0,0.0,0.0,0.0,0.0,3.3557046979865772,0.0,0.0,0.0,0.0,0.0
raw-L09337,9338,2004,【迷惑】低ﾚﾍﾞﾙはﾏｼﾞ糞【考えるべき】,1,4.6894735795817555,1.7630261708987829,5.976350909297934,2.6390573296152584,3.441403802140196,4.1588830833596715,0.5089058524173028,0.2544529262086514,0.0,0.5089058524173028,3.053435114503817,1.0,0.7692307692307693,0.0,1.5267175572519085,1.5267175572519085,0.5089058524173028,0.0,0.0,0.5089058524173028,0.5318066157760815,0.23664122137404578,0.07124681933842239,0.020356234096692113,0.020356234096692113,0.0,1.0178117048346056,0.7633587786259542,0.0,0.2544529262086514,0.0,0.0,0.0,0.0,0.0
raw-L09352,9353,2004,【迷惑】低ﾚﾍﾞﾙはﾏｼﾞ糞【考えるべき】,1,1.8514568839792531,1.7370777853986736,5.4116460518550396,2.0794415416798357,3.492169159867882,3.828641396489095,0.0,0.0,0.0,0.0,2.690582959641256,1.0,1.0,0.0,0.0,1.345291479820628,0.0,0.0,0.0,0.0,0.49327354260089684,0.2645739910313901,0.14798206278026904,0.0,0.026905829596412557,0.013452914798206279,0.0,0.0,0.0,0.0,0.4484304932735426,0.0,0.0,0.0,0.0
raw-L09361,9362,2004,【迷惑】低ﾚﾍﾞﾙはﾏｼﾞ糞【考えるべき】,1,0.30095478050052366,0.5739371329840196,4.394449154672439,1.3862943611198906,3.3202283191284883,3.713572066704308,0.0,0.0,1.25,0.0,2.5,1.0,1.0,0.0,0.0,0.0,0.0,0.0,0.0,0.0,0.5875,0.3125,0.075,0.0,0.0,0.0,0.0,1.25,0.0,0.0,0.0,0.0,0.0,0.0,0.0
raw-L09367,9368,2004,【迷惑】低ﾚﾍﾞﾙはﾏｼﾞ糞【考えるべき】,1,1.7588004512531015,1.6936458259329756,5.303304908059076,2.0794415416798357,3.386808644210056,3.7376696182833684,0.0,0.0,0.5,0.0,3.0,1.0,1.0,0.0,0.0,2.0,0.0,0.0,0.0,0.0,0.53,0.25,0.12,0.025,0.01,0.0,0.0,2.0,0.0,0.0,0.5,0.0,0.0,0.0,0.0
raw-L09376,9377,2004,【迷惑】低ﾚﾍﾞﾙはﾏｼﾞ糞【考えるべき】,1,0.9575502542603813,0.5155230650330506,4.787491742782046,1.6094379124341003,3.4258899942525267,3.713572066704308,0.0,0.0,0.8403361344537815,0.0,2.5210084033613445,0.75,1.0,0.0,0.0,0.8403361344537815,0.0,0.0,0.0,0.0,0.6638655462184875,0.25210084033613445,0.025210084033613446,0.03361344537815126,0.0,0.0,0.0,2.5210084033613445,0.0,0.0,0.0,0.0,0.0,0.0,0.0
raw-L09394,9395,2003,ブラッドソード最強,2,-1.5634058722214106,0.0011299893319816413,2.772588722239781,0.6931471805599453,2.772588722239781,2.772588722239781,0.0,0.0,0.0,0.0,0.0,1.0,1.0,0.0,0.0,0.0,0.0,0.0,0.0,0.0,0.6,0.06666666666666667,0.33333333333333337,0.0,0.0,0.0,0.0,0.0,0.0,0.0,0.0,6.666666666666667,0.0,0.0,0.0
raw-L09397,9398,2003,ブラッドソード最強,1,0.3871260159299264,0.9244340651886575,4.532599493153256,1.6094379124341003,3.1780538303479458,3.4339872044851463,0.0,0.0,0.0,0.0,3.260869565217391,1.0,1.0,0.0,0.0,0.0,0.0,0.0,0.0,0.0,0.5217391304347826,0.22826086956521738,0.25,0.0,0.0,0.0,0.0,0.0,0.0,1.0869565217391304,0.0,0.0,0.0,0.0,0.0
raw-L09403,9404,2003,ブラッドソード最強,1,1.64877290771094,-1.8709602051594114,3.784189633918261,1.0986122886681098,3.1135153092103742,3.1354942159291497,0.0,4.651162790697675,0.0,0.0,2.3255813953488373,1.0,0.0,0.0,0.0,0.0,0.0,0.0,0.0,0.0,0.6046511627906976,0.09302325581395349,0.20930232558139536,0.0,0.0,0.0,0.0,0.0,0.0,0.0,0.0,0.0,0.0,0.0,0.0
raw-L09407,9408,2003,ブラッドソード最強,1,0.7433969302667434,1.2828382879159343,4.718498871295094,1.791759469228055,3.1441522786722644,3.6109179126442243,0.0,0.0,0.0,0.0,3.6036036036036037,1.0,1.0,0.0,0.0,0.0,0.0,0.0,0.0,0.0,0.5675675675675675,0.2522522522522523,0.11711711711711711,0.0,0.06306306306306307,0.0,0.0,0.0,0.9009009009009009,1.8018018018018018,0.0,0.0,0.0,0.0,0.0
raw-L09427,9428,2003,【祭り好き共】でで汚祭り再び【ついに来た】,2,-0.5547610926157376,0.2949423129113853,4.248495242049359,1.6094379124341003,2.9041650800285006,3.1354942159291497,0.0,0.0,1.4492753623188406,0.0,4.3478260869565215,0.75,1.0,0.0,0.0,0.0,0.0,0.0,0.0,0.0,0.8115942028985508,0.17391304347826086,0.0,0.0,0.0,0.0,0.0,0.0,1.4492753623188406,0.0,0.0,0.0,0.0,0.0,0.0
raw-L09434,9435,2003,【祭り好き共】でで汚祭り再び【ついに来た】,2,-0.21158294011867398,0.9482907149136137,4.127134385045092,1.3862943611198906,3.060270794691562,3.4965075614664802,0.0,0.0,0.0,0.0,3.278688524590164,1.0,1.0,0.0,0.0,0.0,0.0,0.0,0.0,0.0,0.7868852459016393,0.21311475409836067,0.0,0.0,0.0,0.0,1.639344262295082,0.0,1.639344262295082,0.0,0.0,0.0,0.0,0.0,0.0
raw-L09441,9442,2003,【祭り好き共】でで汚祭り再び【ついに来た】,1,0.8738812102474797,-0.6749726979394801,3.9318256327243257,1.0986122886681098,3.258096538021482,3.6109179126442243,0.0,2.0,0.0,0.0,2.0,1.0,0.5,0.0,0.0,0.0,0.0,0.0,0.0,0.0,0.68,0.14,0.14,0.0,0.0,0.0,0.0,0.0,2.0,0.0,0.0,0.0,0.0,0.0,0.0
raw-L09446,9447,2003,【祭り好き共】でで汚祭り再び【ついに来た】,2,-1.4775097134266542,-0.0005317602859383417,2.8903717578961645,0.6931471805599453,2.8903717578961645,2.8903717578961645,0.0,0.0,0.0,0.0,0.0,1.0,1.0,0.0,0.0,0.0,0.0,0.0,0.0,0.0,0.6470588235294117,0.23529411764705885,0.11764705882352942,0.0,0.0,0.0,0.0,0.0,0.0,0.0,0.0,0.0,0.0,0.0,0.0
raw-L09449,9450,2003,【祭り好き共】でで汚祭り再び【ついに来た】,2,-0.18216532292124527,1.036534634459397,4.1588830833596715,1.3862943611198906,3.091042453358316,3.2188758248682006,0.0,0.0,0.0,0.0,3.1746031746031744,1.0,1.0,0.0,0.0,0.0,0.0,0.0,0.0,0.0,0.7142857142857143,0.28571428571428575,0.0,0.0,0.0,0.0,0.0,0.0,0.0,0.0,0.0,1.5873015873015872,0.0,0.0,0.0
raw-L09455,9456,2003,【祭り好き共】でで汚祭り再び【ついに来た】,1,0.11577363683333565,1.4454240960053917,4.718498871295094,1.9459101490553132,2.970414465569701,3.258096538021482,0.0,0.0,0.0,0.0,5.405405405405405,1.0,1.0,0.0,0.0,0.0,0.0,0.0,0.0,0.0,0.7747747747747747,0.22522522522522523,0.0,0.0,0.0,0.0,0.0,0.9009009009009009,0.9009009009009009,0.9009009009009009,0.0,0.0,0.0,0.0,0.0
raw-L09466,9467,2003,【祭り好き共】でで汚祭り再び【ついに来た】,1,-0.12271906428764656,1.5153519645217057,4.07753744390572,1.6094379124341003,2.740840023925201,3.295836866004329,0.0,0.0,0.0,0.0,6.896551724137931,1.0,1.0,0.0,0.0,0.0,0.0,0.0,0.0,0.0,0.5517241379310345,0.24137931034482757,0.0,0.0,0.1896551724137931,0.0,0.0,0.0,0.0,0.0,0.0,0.0,0.0,0.0,0.0
raw-L09473,9474,2003,【祭り好き共】でで汚祭り再び【ついに来た】,1,0.8796056130266083,1.2363445587949649,4.795790545596741,1.6094379124341003,3.4339872044851463,3.6888794541139363,0.0,0.0,0.0,0.0,2.5,1.0,1.0,0.0,0.0,0.0,0.0,0.0,0.0,0.0,0.75,0.21666666666666667,0.03333333333333333,0.0,0.0,0.0,0.0,0.8333333333333334,1.6666666666666667,1.6666666666666667,0.8333333333333334,0.0,0.0,0.0,0.0
raw-L09480,9481,2003,【祭り好き共】でで汚祭り再び【ついに来た】,2,-1.5276203324839022,0.5508274955397594,3.4657359027997265,1.0986122886681098,2.803360380906535,2.9444389791664403,0.0,0.0,0.0,0.0,3.225806451612903,1.0,1.0,0.0,0.0,0.0,0.0,0.0,0.0,0.0,0.903225806451613,0.0967741935483871,0.0,0.0,0.0,0.0,0.0,0.0,3.225806451612903,0.0,0.0,0.0,0.0,0.0,0.0
raw-L09485,9486,2003,【祭り好き共】でで汚祭り再び【ついに来た】,2,-1.4486191979986451,0.8865466103107517,3.7376696182833684,1.3862943611198906,2.6855773452501515,2.9444389791664403,0.0,0.0,0.0,0.0,4.878048780487805,1.0,1.0,0.0,0.0,0.0,0.0,0.0,0.0,0.0,0.8292682926829268,0.17073170731707318,0.0,0.0,0.0,0.0,0.0,0.0,4.878048780487805,0.0,0.0,0.0,0.0,0.0,0.0
raw-L09492,9493,2003,【祭り好き共】でで汚祭り再び【ついに来た】,2,-0.37336130692937886,0.8993244124400939,4.07753744390572,1.3862943611198906,3.0122615755052013,3.332204510175204,0.0,0.0,0.0,0.0,3.4482758620689653,1.0,1.0,0.0,0.0,0.0,0.0,0.0,0.0,0.0,0.7413793103448276,0.25862068965517243,0.0,0.0,0.0,0.0,0.0,1.7241379310344827,0.0,0.0,0.0,0.0,0.0,0.0,0.0
raw-L09499,9500,2003,【祭り好き共】でで汚祭り再び【ついに来た】,2,-0.4348799221640123,1.2524070699411656,3.8918202981106265,1.3862943611198906,2.833213344056216,2.8903717578961645,0.0,0.0,0.0,0.0,4.166666666666667,1.0,1.0,0.0,0.0,0.0,0.0,0.0,0.0,0.0,0.6666666666666667,0.25,0.08333333333333334,0.0,0.0,0.0,0.0,0.0,2.0833333333333335,0.0,2.0833333333333335,0.0,0.0,0.0,0.0
raw-L09505,9506,2003,【祭り好き共】でで汚祭り再び【ついに来た】,2,-0.6588780360433341,0.8990291372644442,3.9889840465642745,1.3862943611198906,2.9267394020670396,3.258096538021482,0.0,0.0,0.0,0.0,3.7735849056603774,1.0,1.0,0.0,0.0,0.0,0.0,0.0,0.0,0.0,0.8113207547169812,0.18867924528301888,0.0,0.0,0.0,0.0,0.0,0.0,1.8867924528301887,0.0,0.0,0.0,0.0,0.0,0.0
raw-L09510,9511,2003,【祭り好き共】でで汚祭り再び【ついに来た】,1,0.5932309873973534,1.2782919941054043,4.574710978503383,1.6094379124341003,3.2188758248682006,3.6109179126442243,0.0,0.0,0.0,0.0,3.125,1.0,1.0,0.0,0.0,0.0,0.0,0.0,0.0,0.0,0.6875,0.13541666666666666,0.03125,0.0,0.08333333333333334,0.03125,0.0,0.0,2.0833333333333335,0.0,1.0416666666666667,0.0,0.0,0.0,0.0
raw-L09516,9517,2003,【祭り好き共】でで汚祭り再び【ついに来た】,1,0.7543582202703354,0.5007729855284611,4.844187086458591,1.6094379124341003,3.481240089335692,3.7376696182833684,0.0,0.0,0.7936507936507936,0.0,2.380952380952381,0.75,1.0,0.0,0.0,0.0,0.0,0.0,0.0,0.0,0.746031746031746,0.2222222222222222,0.023809523809523808,0.0,0.0,0.0,0.0,0.0,1.5873015873015872,0.7936507936507936,0.0,0.7936507936507936,0.0,0.0,0.0
raw-L09523,9524,2003,【祭り好き共】でで汚祭り再び【ついに来た】,1,0.9568678832653877,1.0708975723916767,4.852030263919617,1.9459101490553132,3.0985896589936988,3.4965075614664802,0.0,0.7874015748031497,0.0,0.0,3.937007874015748,1.0,0.8333333333333334,0.0,0.0,0.0,0.0,0.0,0.0,0.0,0.7007874015748031,0.22834645669291337,0.0,0.0,0.06299212598425197,0.0,0.0,0.0,2.3622047244094486,0.0,0.0,0.0,0.0,0.7874015748031497,0.0
raw-L09533,9534,2003,【祭り好き共】でで汚祭り再び【ついに来た】,1,1.0823335303819395,0.8653391277470931,4.653960350157523,1.6094379124341003,3.295836866004329,3.6109179126442243,0.0,0.0,0.9615384615384616,0.0,2.8846153846153846,0.75,1.0,0.0,0.0,0.0,0.0,0.0,0.0,0.0,0.75,0.2403846153846154,0.0,0.0,0.0,0.0,0.9615384615384616,0.0,0.0,0.9615384615384616,1.9230769230769231,0.0,0.0,0.0,0.0
raw-L09541,9542,2003,【祭り好き共】でで汚祭り再び【ついに来た】,1,0.39680827840744126,0.8463708878242887,4.59511985013459,1.791759469228055,3.0252910757955354,3.4011973816621555,0.0,0.0,1.0204081632653061,0.0,4.081632653061225,0.8,1.0,0.0,0.0,0.0,0.0,0.0,0.0,0.0,0.7040816326530613,0.22448979591836735,0.030612244897959183,0.0,0.020408163265306124,0.0,0.0,0.0,1.0204081632653061,0.0,1.0204081632653061,0.0,0.0,0.0,0.0
raw-L09548,9549,2003,【祭り好き共】でで汚祭り再び【ついに来た】,1,0.3160942448603939,-0.27132660929955216,4.634728988229636,1.6094379124341003,3.2771447329921766,3.58351893845611,0.0,0.0,1.9607843137254901,0.0,2.9411764705882355,0.5,1.0,0.0,0.0,0.0,0.0,0.0,0.0,0.0,0.8431372549019608,0.1372549019607843,0.0,0.0,0.0,0.0,0.0,0.0,0.9803921568627451,0.9803921568627451,0.0,0.0,0.0,0.0,0.0
raw-L09555,9556,2003,【祭り好き共】でで汚祭り再び【ついに来た】,1,1.136648481186975,1.7091017069499046,5.14166355650266,2.1972245773362196,3.1023420086122493,3.5553480614894135,0.0,0.0,0.0,0.0,4.117647058823529,1.0,1.0,0.0,0.0,0.0,0.0,0.0,0.0,0.0,0.6294117647058823,0.2647058823529412,0.03529411764705882,0.0,0.047058823529411764,0.0058823529411764705,0.0,0.0,0.5882352941176471,0.5882352941176471,0.5882352941176471,0.0,0.0,0.0,0.0
raw-L09566,9567,2003,【祭り好き共】でで汚祭り再び【ついに来た】,1,0.04464885671745823,1.1670218588146553,4.3694478524670215,1.6094379124341003,3.0204248861443626,3.4965075614664802,0.0,0.0,0.0,0.0,3.8461538461538463,1.0,1.0,0.0,0.0,0.0,0.0,0.0,0.0,0.0,0.6538461538461539,0.20512820512820515,0.025641025641025644,0.0,0.10256410256410257,0.0,0.0,0.0,2.5641025641025643,0.0,0.0,0.0,0.0,0.0,0.0
raw-L09574,9575,2003,【祭り好き共】でで汚祭り再び【ついに来た】,2,-0.232874842631112,0.802937493967767,3.8918202981106265,1.0986122886681098,3.2188758248682006,3.258096538021482,0.0,0.0,0.0,0.0,2.0833333333333335,1.0,1.0,0.0,0.0,0.0,0.0,0.0,0.0,0.0,0.5208333333333334,0.375,0.0,0.0,0.0,0.0625,0.0,0.0,0.0,0.0,0.0,2.0833333333333335,0.0,0.0,0.0
raw-L09578,9579,2003,【祭り好き共】でで汚祭り再び【ついに来た】,1,0.4772518328621397,1.2268687565931407,4.442651256490317,1.6094379124341003,3.091042453358316,3.4339872044851463,0.0,0.0,0.0,0.0,3.5714285714285716,1.0,1.0,0.0,0.0,0.0,0.0,0.0,0.0,0.0,0.7142857142857143,0.14285714285714288,0.047619047619047616,0.0,0.09523809523809523,0.0,1.1904761904761905,0.0,0.0,2.380952380952381,0.0,0.0,0.0,0.0,0.0
raw-L09584,9585,2003,【祭り好き共】でで汚祭り再び【ついに来た】,1,0.2403413425939446,1.246569678894022,4.663439094112067,1.791759469228055,3.091042453358316,3.332204510175204,0.0,0.0,0.0,0.0,3.8095238095238093,1.0,1.0,0.0,0.0,0.0,0.0,0.0,0.0,0.0,0.7333333333333333,0.19047619047619047,0.07619047619047618,0.0,0.0,0.0,0.0,0.0,0.9523809523809523,0.0,0.0,0.0,0.0,0.9523809523809523,0.0
raw-L09592,9593,2003,【祭り好き共】でで汚祭り再び【ついに来た】,1,0.30213720426924395,0.4582886165576661,4.543294782270004,1.6094379124341003,3.188416617383492,3.4339872044851463,0.0,0.0,1.075268817204301,0.0,3.225806451612903,0.75,1.0,0.0,0.0,0.0,0.0,0.0,0.0,0.0,0.6344086021505376,0.27956989247311825,0.04301075268817204,0.0,0.0,0.01075268817204301,0.0,1.075268817204301,0.0,0.0,0.0,0.0,0.0,1.075268817204301,0.0
raw-L09599,9600,2003,【祭り好き共】でで汚祭り再び【ついに来た】,1,1.0883791209103122,1.6423514774488035,5.043425116919247,2.0794415416798357,3.1354942159291497,3.5553480614894135,0.0,0.0,0.0,0.0,3.896103896103896,1.0,1.0,0.0,0.0,0.0,0.0,0.0,0.0,0.0,0.6493506493506493,0.3051948051948052,0.01948051948051948,0.0,0.0,0.025974025974025972,0.0,0.0,0.0,1.2987012987012987,0.6493506493506493,0.0,0.0,0.0,0.0
raw-L09609,9610,2003,【祭り好き共】でで汚祭り再び【ついに来た】,2,-1.7137624291226545,-0.05726454203329693,2.772588722239781,0.6931471805599453,2.772588722239781,2.772588722239781,0.0,0.0,0.0,0.0,0.0,1.0,1.0,0.0,0.0,0.0,0.0,0.0,0.0,0.0,0.6666666666666667,0.2,0.13333333333333333,0.0,0.0,0.0,0.0,0.0,0.0,0.0,0.0,0.0,0.0,0.0,0.0
raw-L09612,9613,2003,【祭り好き共】でで汚祭り再び【ついに来た】,1,0.6455256486524391,1.1109571496507065,4.605170185988092,1.6094379124341003,3.248434627109745,3.4011973816621555,0.0,0.0,0.0,0.0,3.0303030303030303,1.0,1.0,0.0,0.0,0.0,0.0,0.0,0.0,0.0,0.7777777777777777,0.1919191919191919,0.020202020202020204,0.0,0.0,0.0,0.0,0.0,1.0101010101010102,1.0101010101010102,0.0,0.0,1.0101010101010102,0.0,0.0
raw-L09630,9631,2003,【フレ♀】５００万の破壊スキル【沈黙】,1,1.7735282802852779,1.5012139098204802,5.5134287461649825,2.1972245773362196,3.46182200347859,3.7376696182833684,0.0,0.0,0.0,0.0,2.834008097165992,1.0,1.0,0.0,0.0,0.0,0.0,0.0,0.0,0.0,0.5506072874493927,0.29149797570850206,0.10931174089068825,0.0,0.016194331983805668,0.01214574898785425,0.0,0.0,0.0,0.8097165991902834,0.0,0.0,0.4048582995951417,0.0,0.0
raw-L09640,9641,2003,【フレ♀】５００万の破壊スキル【沈黙】,1,0.9761123012556052,0.7100132581884329,4.564348191467836,1.0986122886681098,3.8815637979434374,3.912023005428146,0.0,0.0,0.0,0.0,1.0526315789473684,1.0,1.0,0.0,0.0,0.0,0.0,0.0,0.0,0.0,0.5052631578947369,0.4,0.09473684210526315,0.0,0.0,0.0,0.0,0.0,0.0,0.0,0.0,0.0,0.0,0.0,0.0
raw-L09644,9645,2003,【フレ♀】５００万の破壊スキル【沈黙】,1,0.13781911305194713,0.8867433701927822,4.23410650459726,1.3862943611198906,3.164067588373206,3.5263605246161616,0.0,0.0,0.0,0.0,2.9411764705882355,1.0,1.0,0.0,0.0,0.0,0.0,0.0,0.0,0.0,0.5441176470588236,0.32352941176470584,0.08823529411764706,0.0,0.0,0.0,0.0,0.0,0.0,0.0,0.0,0.0,0.0,0.0,0.0
raw-L09649,9650,2003,【フレ♀】５００万の破壊スキル【沈黙】,1,1.9826373031661684,1.0947873419262517,4.955827057601261,1.3862943611198906,3.871201010907891,4.219507705176107,0.0,0.0,0.7092198581560284,0.0,1.4184397163120568,1.0,1.0,0.0,0.7092198581560284,0.0,0.0,0.0,0.0,0.0,0.5602836879432624,0.3546099290780142,0.035460992907801414,0.0,0.014184397163120567,0.0,0.0,0.0,0.0,0.0,0.0,0.7092198581560284,0.0,0.0,0.0
raw-L09654,9655,2003,【フレ♀】５００万の破壊スキル【沈黙】,1,1.9048971985361116,1.238603395848249,5.093750200806762,1.6094379124341003,3.7256934272366524,4.04305126783455,0.0,0.0,0.0,0.0,1.8518518518518519,1.0,1.0,0.0,0.6172839506172839,0.0,0.0,0.0,0.0,0.0,0.5679012345679013,0.23456790123456792,0.15432098765432098,0.0,0.012345679012345678,0.006172839506172839,0.0,0.0,0.0,0.6172839506172839,0.0,0.6172839506172839,0.0,0.0,0.0
raw-L09661,9662,2003,【フレ♀】５００万の破壊スキル【沈黙】,1,0.26456130164457964,0.6938620586963125,4.189654742026425,1.0986122886681098,3.5115454388310208,3.713572066704308,0.0,0.0,0.0,0.0,1.5384615384615385,1.0,1.0,0.0,0.0,0.0,0.0,0.0,0.0,0.0,0.6307692307692307,0.23076923076923075,0.1076923076923077,0.0,0.0,0.0,0.0,3.076923076923077,0.0,0.0,0.0,3.076923076923077,0.0,0.0,0.0
raw-L09666,9667,2003,【フレ♀】５００万の破壊スキル【沈黙】,1,0.4423695471746366,1.240888504883038,4.442651256490317,1.6094379124341003,3.091042453358316,3.332204510175204,0.0,0.0,0.0,0.0,3.5714285714285716,1.0,1.0,0.0,0.0,0.0,0.0,0.0,0.0,0.0,0.5595238095238095,0.28571428571428575,0.14285714285714288,0.0,0.0,0.0,0.0,0.0,0.0,0.0,1.1904761904761905,0.0,0.0,0.0,0.0
raw-L09673,9674,2003,【フレ♀】５００万の破壊スキル【沈黙】,1,0.5640884737382932,0.96709046891473,4.727387818712341,1.6094379124341003,3.367295829986474,3.5263605246161616,0.0,0.0,0.0,0.0,2.6785714285714284,1.0,1.0,0.0,0.0,0.0,0.0,0.0,0.0,0.0,0.6607142857142857,0.19642857142857142,0.11607142857142858,0.0,0.0,0.00892857142857143,0.0,0.8928571428571429,0.0,0.8928571428571429,0.0,0.0,0.0,0.0,0.0
raw-L09679,9680,2003,【フレ♀】５００万の破壊スキル【沈黙】,1,-0.10954140415667624,0.05889077633216134,3.5553480614894135,0.6931471805599453,3.5553480614894135,3.5553480614894135,0.0,0.0,0.0,0.0,0.0,1.0,1.0,0.0,0.0,0.0,0.0,0.0,0.0,0.0,0.4705882352941177,0.2647058823529412,0.2647058823529412,0.0,0.0,0.0,0.0,2.9411764705882355,0.0,2.9411764705882355,0.0,0.0,0.0,0.0,0.0
raw-L09682,9683,2003,【フレ♀】５００万の破壊スキル【沈黙】,1,0.7582396589798933,-0.7966418389787441,3.7612001156935624,1.0986122886681098,3.091042453358316,3.1354942159291497,0.0,0.0,0.0,4.761904761904762,2.380952380952381,0.5,1.0,0.0,0.0,0.0,0.0,2.380952380952381,0.0,0.0,0.5238095238095238,0.35714285714285715,0.07142857142857144,0.0,0.0,0.0,0.0,0.0,2.380952380952381,0.0,0.0,0.0,0.0,0.0,0.0
raw-L09688,9689,2003,【フレ♀】５００万の破壊スキル【沈黙】,1,0.7550501356715289,0.3383477031139572,4.07753744390572,0.6931471805599453,4.07753744390572,4.07753744390572,0.0,0.0,0.0,0.0,0.0,1.0,1.0,0.0,0.0,0.0,0.0,0.0,0.0,0.0,0.603448275862069,0.22413793103448276,0.1724137931034483,0.0,0.0,0.0,0.0,1.7241379310344827,0.0,1.7241379310344827,0.0,1.7241379310344827,0.0,0.0,0.0
raw-L09691,9692,2003,【フレ♀】５００万の破壊スキル【沈黙】,1,0.6727235872967805,0.9945830704925953,4.174387269895637,1.0986122886681098,3.4965075614664802,3.6375861597263857,0.0,0.0,0.0,0.0,1.5625,1.0,1.0,0.0,0.0,0.0,0.0,0.0,0.0,0.0,0.609375,0.34375,0.046875,0.0,0.0,0.0,0.0,0.0,0.0,0.0,1.5625,0.0,0.0,0.0,0.0
raw-L09696,9697,2003,【フレ♀】５００万の破壊スキル【沈黙】,1,0.6464076368003355,0.9808975314782394,4.74493212836325,1.6094379124341003,3.3843902633457743,3.6375861597263857,0.0,0.0,0.0,0.0,2.6315789473684212,1.0,1.0,0.0,0.0,0.0,0.0,0.0,0.0,0.0,0.6052631578947368,0.2631578947368421,0.12280701754385966,0.0,0.0,0.0,0.0,0.8771929824561403,0.0,0.0,0.0,0.0,0.0,0.0,0.0
raw-L09702,9703,2003,【フレ♀】５００万の破壊スキル【沈黙】,2,-0.6826506927326299,0.5432699972516277,3.7376696182833684,1.0986122886681098,3.068052935133617,3.4965075614664802,0.0,0.0,0.0,0.0,2.4390243902439024,1.0,1.0,0.0,0.0,0.0,0.0,0.0,0.0,0.0,0.6097560975609756,0.29268292682926833,0.07317073170731708,0.0,0.0,0.0,0.0,2.4390243902439024,2.4390243902439024,0.0,0.0,0.0,0.0,0.0,0.0
raw-L09707,9708,2003,【フレ♀】５００万の破壊スキル【沈黙】,2,-0.3769171371103982,0.5395120906297206,3.8501476017100584,1.0986122886681098,3.1780538303479458,3.295836866004329,0.0,0.0,0.0,0.0,2.1739130434782608,1.0,1.0,0.0,0.0,0.0,0.0,0.0,0.0,0.0,0.5434782608695652,0.32608695652173914,0.13043478260869565,0.0,0.0,0.0,0.0,4.3478260869565215,0.0,2.1739130434782608,0.0,0.0,0.0,0.0,0.0
raw-L09711,9712,2003,【フレ♀】５００万の破壊スキル【沈黙】,1,0.9810228639036861,0.9404014286030576,4.564348191467836,1.3862943611198906,3.4863551900024623,4.060443010546419,0.0,0.0,0.0,0.0,2.1052631578947367,1.0,1.0,0.0,0.0,0.0,0.0,0.0,0.0,0.0,0.6105263157894737,0.1894736842105263,0.17894736842105263,0.0,0.0,0.0,1.0526315789473684,1.0526315789473684,0.0,1.0526315789473684,0.0,2.1052631578947367,0.0,0.0,0.0
raw-L09716,9717,2003,【フレ♀】５００万の破壊スキル【沈黙】,1,0.3334847149807621,0.8592777393842395,4.477336814478207,1.3862943611198906,3.4011973816621555,3.784189633918261,0.0,0.0,0.0,0.0,2.2988505747126435,1.0,1.0,0.0,0.0,0.0,0.0,0.0,0.0,0.0,0.6091954022988506,0.3563218390804597,0.034482758620689655,0.0,0.0,0.0,0.0,3.4482758620689653,1.1494252873563218,0.0,0.0,0.0,0.0,0.0,0.0
raw-L09721,9722,2003,【フレ♀】５００万の破壊スキル【沈黙】,1,0.7778063474040429,1.0854214004571667,4.59511985013459,1.6094379124341003,3.2386784521643803,3.8501476017100584,0.0,0.0,0.0,0.0,3.061224489795918,1.0,1.0,0.0,0.0,0.0,0.0,0.0,0.0,0.0,0.4795918367346939,0.19387755102040816,0.21428571428571427,0.0,0.030612244897959183,0.030612244897959183,0.0,0.0,1.0204081632653061,1.0204081632653061,0.0,2.0408163265306123,0.0,0.0,0.0
raw-L09735,9736,2004,ナイト弱体スレ,1,1.8680493405477594,0.9086246087693393,4.8283137373023015,1.791759469228055,3.250374491927572,3.8066624897703196,0.0,0.0,0.0,0.0,3.225806451612903,1.0,1.0,0.0,0.0,0.0,0.0,0.0,0.0,0.0,0.5483870967741935,0.20967741935483872,0.04838709677419355,0.1935483870967742,0.0,0.0,0.0,1.6129032258064515,0.8064516129032258,0.8064516129032258,0.0,0.0,0.0,0.0,0.0
raw-L09742,9743,2004,ナイト弱体スレ,1,0.7556301256622409,0.9212318216176106,4.543294782270004,1.6094379124341003,3.188416617383492,3.6109179126442243,0.0,0.0,0.0,0.0,3.225806451612903,1.0,1.0,0.0,0.0,0.0,0.0,0.0,0.0,0.0,0.4731182795698925,0.3118279569892473,0.16129032258064516,0.05376344086021505,0.0,0.0,0.0,0.0,1.075268817204301,0.0,0.0,0.0,0.0,0.0,0.0
raw-L09748,9749,2004,ナイト弱体スレ,1,1.294469926659748,1.1694261265394097,4.859812404361672,1.6094379124341003,3.4965075614664802,3.9318256327243257,0.0,0.0,0.0,0.0,2.34375,1.0,1.0,0.0,0.0,0.0,0.0,0.0,0.0,0.0,0.53125,0.3046875,0.1640625,0.0,0.0,0.0,0.0,0.78125,0.0,0.78125,0.78125,0.0,0.0,0.0,0.0
raw-L09764,9765,2004,【弱体】ま　た　ナ　イ　ト　か【必須】,1,1.154638368082895,1.0231789903416917,4.795790545596741,1.6094379124341003,3.4339872044851463,3.784189633918261,0.0,0.0,0.0,0.0,2.5,1.0,1.0,0.0,0.0,0.0,0.0,0.0,0.0,0.0,0.5333333333333333,0.33333333333333337,0.09166666666666666,0.04166666666666667,0.0,0.0,0.0,2.5,0.0,0.8333333333333334,0.0,0.8333333333333334,0.0,0.0,0.0
raw-L09770,9771,2004,【弱体】ま　た　ナ　イ　ト　か【必須】,1,0.13263089012412912,1.1166635657569575,4.477336814478207,1.6094379124341003,3.1245651453969594,3.2188758248682006,0.0,0.0,0.0,0.0,3.4482758620689653,1.0,1.0,0.0,0.0,0.0,0.0,0.0,0.0,0.0,0.6551724137931035,0.21839080459770116,0.12643678160919541,0.0,0.0,0.0,0.0,0.0,1.1494252873563218,1.1494252873563218,0.0,0.0,0.0,1.1494252873563218,0.0
raw-L09776,9777,2004,【弱体】ま　た　ナ　イ　ト　か【必須】,1,0.22216680220883506,0.47077778500813494,4.1588830833596715,1.6094379124341003,2.8183982582710754,3.1354942159291497,0.0,0.0,0.0,1.5873015873015872,4.761904761904762,0.75,1.0,0.0,0.0,0.0,0.0,0.0,0.0,0.0,0.6984126984126984,0.28571428571428575,0.0,0.0,0.0,0.0,0.0,0.0,1.5873015873015872,0.0,0.0,0.0,0.0,0.0,0.0
raw-L09782,9783,2004,【弱体】ま　た　ナ　イ　ト　か【必須】,1,0.7348255074703121,1.100864603385583,4.700480365792417,1.791759469228055,3.126760535960395,3.4011973816621555,0.0,0.0,0.0,0.0,3.669724770642202,1.0,1.0,0.0,0.0,0.0,0.0,0.0,0.0,0.0,0.5321100917431193,0.28440366972477066,0.13761467889908258,0.045871559633027525,0.0,0.0,0.0,0.0,0.9174311926605505,0.9174311926605505,0.0,0.0,0.0,0.0,0.0
raw-L09789,9790,2004,【弱体】ま　た　ナ　イ　ト　か【必須】,1,0.7323992268728249,1.0286702969330692,4.68213122712422,1.6094379124341003,3.3232358401924436,3.6375861597263857,0.0,0.0,0.0,0.0,2.803738317757009,1.0,1.0,0.0,0.0,0.0,0.0,0.0,0.0,0.0,0.5514018691588786,0.24299065420560748,0.19626168224299065,0.0,0.0,0.0,0.0,0.0,0.0,0.9345794392523364,0.0,0.9345794392523364,0.0,0.0,0.0
raw-L09795,9796,2004,【弱体】ま　た　ナ　イ　ト　か【必須】,1,1.2344188131066434,0.9625426008663547,4.941642422609304,1.6094379124341003,3.5765502691400166,3.828641396489095,0.0,0.0,0.0,0.0,2.158273381294964,1.0,1.0,0.0,0.0,0.0,0.0,0.0,0.0,0.0,0.5971223021582734,0.21582733812949642,0.14388489208633093,0.021582733812949638,0.021582733812949638,0.0,0.0,0.7194244604316546,0.0,0.7194244604316546,0.0,0.0,0.0,0.0,0.0
raw-L09802,9803,2004,【弱体】ま　た　ナ　イ　ト　か【必須】,1,0.6399776811556227,1.37207589450109,4.787491742782046,1.9459101490553132,3.036554268074246,3.367295829986474,0.0,0.0,0.0,0.0,4.201680672268908,1.0,1.0,0.0,0.0,0.0,0.0,0.0,0.0,0.0,0.36134453781512604,0.453781512605042,0.15966386554621848,0.0,0.025210084033613446,0.0,0.0,0.0,0.0,0.0,0.0,0.0,0.0,0.0,0.0
raw-L09811,9812,2004,【弱体】ま　た　ナ　イ　ト　か【必須】,1,0.12267761090732955,0.87917470826815,4.31748811353631,1.3862943611198906,3.245193133185574,3.4965075614664802,0.0,0.0,0.0,0.0,2.7027027027027026,1.0,1.0,0.0,0.0,0.0,0.0,0.0,0.0,0.0,0.7837837837837838,0.17567567567567569,0.04054054054054054,0.0,0.0,0.0,2.7027027027027026,1.3513513513513513,0.0,0.0,0.0,0.0,0.0,0.0,0.0
raw-L09816,9817,2004,【弱体】ま　た　ナ　イ　ト　か【必須】,2,-0.5001617096967457,0.7798006650341937,3.8501476017100584,1.0986122886681098,3.1780538303479458,3.4011973816621555,0.0,0.0,0.0,0.0,2.1739130434782608,1.0,1.0,0.0,0.0,0.0,0.0,0.0,0.0,0.0,0.8043478260869565,0.1956521739130435,0.0,0.0,0.0,0.0,0.0,2.1739130434782608,2.1739130434782608,0.0,0.0,0.0,0.0,2.1739130434782608,0.0
raw-L09821,9822,2004,【弱体】ま　た　ナ　イ　ト　か【必須】,1,2.1402566961333953,-1.6674719163035876,4.5217885770490405,1.3862943611198906,3.4446824936018943,3.8066624897703196,0.0,0.0,1.098901098901099,7.6923076923076925,2.197802197802198,0.0,1.0,0.0,0.0,0.0,0.0,2.197802197802198,0.0,0.0,0.5824175824175825,0.23076923076923075,0.06593406593406594,0.0,0.03296703296703297,0.0,3.2967032967032965,3.2967032967032965,0.0,0.0,0.0,0.0,0.0,0.0,0.0
raw-L09826,9827,2004,【弱体】ま　た　ナ　イ　ト　か【必須】,2,-0.4809958629564514,1.033045723983943,4.007333185232471,1.3862943611198906,2.9444389791664403,3.295836866004329,0.0,0.0,0.0,0.0,3.7037037037037037,1.0,1.0,0.0,0.0,0.0,0.0,0.0,0.0,0.0,0.7222222222222223,0.24074074074074073,0.037037037037037035,0.0,0.0,0.0,0.0,1.8518518518518519,1.8518518518518519,0.0,0.0,0.0,0.0,1.8518518518518519,0.0
raw-L09832,9833,2004,【弱体】ま　た　ナ　イ　ト　か【必須】,1,0.1518416253695511,0.8408593631924554,4.430816798843313,1.3862943611198906,3.355735007585398,3.6635616461296463,0.0,0.0,0.0,0.0,2.4096385542168677,1.0,1.0,0.0,0.0,0.0,0.0,0.0,0.0,0.0,0.7349397590361445,0.20481927710843373,0.04819277108433735,0.0,0.0,0.0,0.0,0.0,2.4096385542168677,0.0,0.0,0.0,0.0,0.0,0.0
raw-L09837,9838,2004,【弱体】ま　た　ナ　イ　ト　か【必須】,1,1.8044712628170763,-0.822430056816701,4.343805421853684,1.3862943611198906,3.270835563798912,3.6635616461296463,0.0,0.0,0.0,6.578947368421052,2.6315789473684212,0.3333333333333333,1.0,0.0,0.0,0.0,0.0,1.3157894736842106,0.0,0.0,0.6973684210526316,0.1842105263157895,0.052631578947368425,0.0,0.0,0.0,2.6315789473684212,1.3157894736842106,0.0,0.0,0.0,0.0,0.0,0.0,0.0
raw-L09842,9843,2004,【弱体】ま　た　ナ　イ　ト　か【必須】,1,0.47492730777148473,1.1282358913581791,4.787491742782046,1.791759469228055,3.2108436531709366,3.4339872044851463,0.0,0.0,0.0,0.0,3.361344537815126,1.0,1.0,0.0,0.0,0.0,0.0,0.0,0.0,0.0,0.6722689075630253,0.20168067226890757,0.09243697478991596,0.0,0.0,0.01680672268907563,0.0,0.0,0.0,0.0,0.0,0.0,0.0,0.0,0.0
raw-L09849,9850,2004,【弱体】ま　た　ナ　イ　ト　か【必須】,1,2.608437586584227,-1.2982237498807416,4.6913478822291435,1.6094379124341003,3.332204510175204,3.7376696182833684,0.0,0.0,0.0,10.185185185185185,2.7777777777777777,0.0,1.0,0.0,0.0,0.0,0.9259259259259259,2.7777777777777777,0.0,0.0,0.7129629629629629,0.08333333333333334,0.08333333333333334,0.0,0.0,0.0,1.8518518518518519,0.9259259259259259,0.0,0.0,0.0,0.0,0.0,0.0,0.0
raw-L09855,9856,2004,【弱体】ま　た　ナ　イ　ト　か【必須】,2,-0.18900764546919488,-0.7957416465052354,3.1780538303479458,1.0986122886681098,2.5257286443082556,2.833213344056216,0.0,0.0,0.0,8.695652173913043,4.3478260869565215,0.5,1.0,0.0,0.0,0.0,0.0,4.3478260869565215,0.0,0.0,0.826086956521739,0.08695652173913043,0.0,0.0,0.0,0.0,0.0,0.0,0.0,0.0,0.0,0.0,0.0,0.0,0.0
raw-L09860,9861,2004,【弱体】ま　た　ナ　イ　ト　か【必須】,2,-0.3210305018398016,0.7787442626693217,4.110873864173311,1.3862943611198906,3.044522437723423,3.332204510175204,0.0,0.0,0.0,0.0,3.3333333333333335,1.0,1.0,0.0,0.0,0.0,0.0,0.0,0.0,0.0,0.6666666666666667,0.21666666666666667,0.11666666666666665,0.0,0.0,0.0,0.0,1.6666666666666667,0.0,0.0,0.0,0.0,0.0,0.0,0.0
raw-L09865,9866,2004,【弱体】ま　た　ナ　イ　ト　か【必須】,1,0.6410900935407523,1.1824259171597389,4.48863636973214,1.6094379124341003,3.1354942159291497,3.6109179126442243,0.0,0.0,0.0,0.0,3.409090909090909,1.0,1.0,0.0,0.0,0.0,0.0,0.0,0.0,0.0,0.5909090909090909,0.3068181818181818,0.10227272727272727,0.0,0.0,0.0,0.0,0.0,0.0,3.409090909090909,0.0,0.0,0.0,0.0,0.0
raw-L09871,9872,2004,【弱体】ま　た　ナ　イ　ト　か【必須】,2,-0.46837629105298556,0.7184988092210507,3.6375861597263857,1.0986122886681098,2.970414465569701,3.2188758248682006,0.0,0.0,0.0,0.0,2.7027027027027026,1.0,1.0,0.0,0.0,0.0,0.0,0.0,0.0,0.0,0.32432432432432434,0.5945945945945946,0.08108108108108109,0.0,0.0,0.0,0.0,0.0,0.0,0.0,0.0,0.0,0.0,0.0,0.0
raw-L09876,9877,2004,【弱体】ま　た　ナ　イ　ト　か【必須】,1,1.837468713370382,1.2108039561305277,5.117993812416755,2.0794415416798357,3.207381445442466,3.6375861597263857,0.0,0.0,0.0,0.6024096385542169,3.6144578313253013,0.8571428571428571,1.0,0.0,0.6024096385542169,0.0,0.0,0.0,0.0,0.0,0.5240963855421686,0.25903614457831325,0.1746987951807229,0.0,0.012048192771084338,0.0,0.6024096385542169,0.6024096385542169,0.0,1.2048192771084338,0.0,0.0,0.0,0.0,0.0
raw-L09885,9886,2004,【弱体】ま　た　ナ　イ　ト　か【必須】,1,0.4771753410548635,0.9470440741977187,4.700480365792417,1.6094379124341003,3.34109345759245,3.58351893845611,0.0,0.0,0.0,0.0,2.7522935779816513,1.0,1.0,0.0,0.0,0.0,0.0,0.0,0.0,0.0,0.5688073394495413,0.22935779816513763,0.16513761467889906,0.0,0.01834862385321101,0.0,0.0,0.0,1.834862385321101,0.0,0.0,0.0,0.0,0.0,0.0
raw-L09891,9892,2004,【弱体】ま　た　ナ　イ　ト　か【必須】,1,2.461547835772076,0.9444002591925118,4.836281906951478,1.6094379124341003,3.4735180432417816,3.9889840465642745,0.0,0.0,0.0,0.0,2.4,1.0,1.0,0.0,0.0,0.0,0.8,0.0,0.0,0.0,0.496,0.312,0.024,0.14400000000000002,0.008,0.0,0.0,0.8,0.0,0.8,0.0,0.0,0.0,0.0,0.0
raw-L09897,9898,2004,【弱体】ま　た　ナ　イ　ト　か【必須】,1,1.3533386013470943,0.8400149993976284,4.59511985013459,1.6094379124341003,3.2386784521643803,3.58351893845611,0.0,0.0,0.0,0.0,3.061224489795918,1.0,1.0,0.0,0.0,0.0,0.0,0.0,0.0,0.0,0.5918367346938775,0.24489795918367346,0.020408163265306124,0.14285714285714288,0.0,0.0,0.0,1.0204081632653061,0.0,0.0,0.0,0.0,0.0,0.0,0.0
raw-L09903,9904,2004,【弱体】ま　た　ナ　イ　ト　か【必須】,2,-0.37594684924460736,0.69627037212751,3.6109179126442243,1.3862943611198906,2.5649493574615367,2.8903717578961645,0.0,0.0,0.0,0.0,5.555555555555555,1.0,1.0,0.0,0.0,0.0,0.0,0.0,0.0,0.0,0.4444444444444444,0.1388888888888889,0.05555555555555555,0.1111111111111111,0.0,0.16666666666666669,2.7777777777777777,0.0,0.0,0.0,0.0,0.0,0.0,0.0,0.0
raw-L09916,9917,2004,【廃人の証】ナイトメアソードは最強【ナイトの宝】,1,0.8390249869445862,1.239625055113689,4.859812404361672,1.791759469228055,3.2809112157876537,3.6109179126442243,0.0,0.0,0.0,0.0,3.125,1.0,1.0,0.0,0.0,0.0,0.0,0.0,0.0,0.0,0.609375,0.2890625,0.078125,0.0,0.015625,0.0,0.0,0.0,0.0,0.78125,0.0,0.0,0.0,0.0,0.0
raw-L09923,9924,2004,【廃人の証】ナイトメアソードは最強【ナイトの宝】,1,1.0204913611070665,1.0287701983493103,4.812184355372417,1.6094379124341003,3.449987545831587,3.7376696182833684,0.0,0.0,0.0,0.0,2.459016393442623,1.0,1.0,0.0,0.0,0.0,0.0,0.0,0.0,0.0,0.5327868852459017,0.1885245901639344,0.18032786885245902,0.0,0.08196721311475409,0.00819672131147541,0.0,0.0,0.0,0.819672131147541,0.0,0.0,0.0,0.0,0.0
raw-L09929,9930,2004,【廃人の証】ナイトメアソードは最強【ナイトの宝】,1,0.8778749485309918,0.9299131442529418,4.74493212836325,1.6094379124341003,3.3843902633457743,3.6109179126442243,0.0,0.0,0.0,0.0,2.6315789473684212,1.0,1.0,0.0,0.0,0.0,0.0,0.0,0.0,0.0,0.3859649122807018,0.2894736842105263,0.27192982456140347,0.0,0.0,0.026315789473684213,0.0,0.0,0.0,1.7543859649122806,0.0,0.0,0.0,0.0,0.0
raw-L09935,9936,2004,【廃人の証】ナイトメアソードは最強【ナイトの宝】,1,0.5722432580302501,0.6414903629291845,4.762173934797756,1.6094379124341003,3.4011973816621555,3.6109179126442243,0.0,0.0,0.8620689655172413,0.0,2.586206896551724,1.0,1.0,0.0,0.0,0.0,0.0,0.0,0.0,0.0,0.46551724137931033,0.25,0.25862068965517243,0.0,0.0,0.0,0.0,0.8620689655172413,0.8620689655172413,0.0,0.0,0.0,0.0,0.0,0.0
raw-L09941,9942,2004,【廃人の証】ナイトメアソードは最強【ナイトの宝】,1,0.8264877552095194,0.8247984639120133,4.605170185988092,1.6094379124341003,3.248434627109745,3.4965075614664802,0.0,0.0,0.0,0.0,3.0303030303030303,1.0,1.0,0.0,0.0,0.0,0.0,0.0,0.0,0.0,0.5353535353535354,0.23232323232323232,0.15151515151515152,0.08080808080808081,0.0,0.0,0.0,1.0101010101010102,2.0202020202020203,1.0101010101010102,0.0,0.0,0.0,0.0,0.0
raw-L09948,9949,2004,【廃人の証】ナイトメアソードは最強【ナイトの宝】,1,0.26720044048830677,1.0435361949506032,4.430816798843313,1.6094379124341003,3.079613757534693,3.58351893845611,0.0,0.0,0.0,0.0,3.6144578313253013,1.0,1.0,0.0,0.0,0.0,0.0,0.0,0.0,0.0,0.5301204819277108,0.3373493975903614,0.12048192771084337,0.0,0.0,0.0,0.0,1.2048192771084338,0.0,0.0,0.0,0.0,0.0,0.0,0.0
raw-L09954,9955,2004,【廃人の証】ナイトメアソードは最強【ナイトの宝】,1,1.6546302702182611,0.780752851510383,4.700480365792417,1.6094379124341003,3.34109345759245,3.6635616461296463,0.0,0.0,0.0,0.0,2.7522935779816513,1.0,1.0,0.0,0.0,0.0,0.0,0.0,0.0,0.0,0.5504587155963303,0.22935779816513763,0.0,0.2201834862385321,0.0,0.0,0.0,0.9174311926605505,0.9174311926605505,0.0,0.0,0.0,0.0,0.0,0.0
raw-L09960,9961,2004,【廃人の証】ナイトメアソードは最強【ナイトの宝】,1,2.0863609424194873,0.21973375146899157,4.634728988229636,1.6094379124341003,3.2771447329921766,3.6888794541139363,0.0,0.0,0.0,0.9803921568627451,2.9411764705882355,0.75,1.0,0.0,0.0,0.0,0.0,0.0,0.0,0.0,0.6274509803921569,0.16666666666666669,0.0196078431372549,0.16666666666666669,0.0,0.0,0.0,2.9411764705882355,0.0,0.9803921568627451,0.0,0.9803921568627451,0.0,0.0,0.0
raw-L09967,9968,2004,【廃人の証】ナイトメアソードは最強【ナイトの宝】,1,1.9855935715001385,1.348938056697302,5.313205979041787,1.791759469228055,3.7232808808312687,4.0943445622221,0.0,0.0,0.0,0.0,1.9801980198019802,1.0,1.0,0.0,0.0,0.49504950495049505,0.0,0.0,0.0,0.0,0.5148514851485149,0.31683168316831684,0.09405940594059406,0.024752475247524754,0.019801980198019802,0.01485148514851485,0.0,0.49504950495049505,0.0,0.49504950495049505,0.0,0.0,0.0,0.49504950495049505,0.0
raw-L09974,9975,2004,【廃人の証】ナイトメアソードは最強【ナイトの宝】,1,1.584130459126031,1.016172855338518,4.897839799950911,1.3862943611198906,3.8140425970679424,4.04305126783455,0.0,0.0,0.0,0.0,1.5037593984962405,1.0,1.0,0.0,0.0,0.0,0.0,0.0,0.0,0.0,0.30827067669172936,0.4210526315789474,0.09774436090225563,0.0,0.06766917293233082,0.0,0.0,0.0,0.0,0.7518796992481203,0.0,0.0,0.0,0.0,0.0
raw-L09979,9980,2004,【廃人の証】ナイトメアソードは最強【ナイトの宝】,1,1.5886917580754518,1.4142031005137063,4.875197323201151,1.791759469228055,3.295836866004329,3.7612001156935624,0.0,0.0,0.0,0.0,3.076923076923077,1.0,1.0,0.0,0.0,0.7692307692307693,0.0,0.0,0.0,0.0,0.5307692307692308,0.24615384615384617,0.1076923076923077,0.06153846153846154,0.023076923076923075,0.0,0.0,0.0,0.0,0.7692307692307693,0.0,0.7692307692307693,0.0,0.7692307692307693,0.0
raw-L09986,9987,2004,【廃人の証】ナイトメアソードは最強【ナイトの宝】,1,1.6574871089388987,0.3777507979140028,4.983606621708336,1.6094379124341003,3.6176519448255684,3.8918202981106265,0.0,0.0,0.6896551724137931,0.0,2.0689655172413794,0.75,1.0,0.0,0.0,0.0,0.0,0.0,0.0,0.0,0.5862068965517241,0.2482758620689655,0.08275862068965517,0.06896551724137931,0.0,0.0,0.0,1.3793103448275863,0.0,1.3793103448275863,0.0,0.6896551724137931,0.0,0.0,0.0
raw-L09992,9993,2004,【廃人の証】ナイトメアソードは最強【ナイトの宝】,1,1.0650454231973412,0.8250788468919513,4.948759890378168,1.791759469228055,3.367295829986474,3.784189633918261,0.0,0.0,1.4285714285714286,0.7142857142857143,2.857142857142857,1.0,1.0,0.0,0.0,0.0,0.0,0.0,0.0,0.0,0.65,0.28571428571428575,0.02142857142857143,0.0,0.02142857142857143,0.0,0.0,3.5714285714285716,2.142857142857143,1.4285714285714286,0.0,0.0,0.0,0.7142857142857143,0.0
raw-L09999,10000,2004,【廃人の証】ナイトメアソードは最強【ナイトの宝】,1,0.9977329545666572,0.8105757567190331,4.820281565605037,1.3862943611198906,3.7376696182833684,4.04305126783455,0.0,0.0,0.0,0.0,1.6260162601626016,1.0,1.0,0.0,0.0,0.0,0.0,0.0,0.0,0.0,0.6585365853658537,0.24390243902439024,0.08943089430894309,0.0,0.0,0.0,0.0,2.4390243902439024,0.0,0.0,0.0,0.0,0.0,0.0,0.0
raw-L10004,10005,2004,【廃人の証】ナイトメアソードは最強【ナイトの宝】,2,-0.2007707422244069,0.9385902883027674,4.02535169073515,1.3862943611198906,2.9618307218783095,2.995732273553991,0.0,0.0,0.0,0.0,3.6363636363636362,1.0,1.0,0.0,0.0,0.0,0.0,0.0,0.0,0.0,0.43636363636363634,0.18181818181818182,0.2545454545454545,0.0,0.09090909090909091,0.0,0.0,0.0,0.0,0.0,0.0,0.0,0.0,1.8181818181818181,0.0
raw-L10009,10010,2004,【廃人の証】ナイトメアソードは最強【ナイトの宝】,2,-2.9173113075264943,-0.2019456717425552,2.1972245773362196,0.6931471805599453,2.1972245773362196,2.1972245773362196,0.0,0.0,0.0,0.0,0.0,1.0,1.0,0.0,0.0,0.0,0.0,0.0,0.0,0.0,1.0,0.0,0.0,0.0,0.0,0.0,0.0,0.0,0.0,0.0,0.0,0.0,0.0,0.0,0.0
raw-L10014,10015,2004,【廃人の証】ナイトメアソードは最強【ナイトの宝】,1,1.1122705515121998,1.0221222939629258,4.882801922586371,1.6094379124341003,3.518980417318539,3.7612001156935624,0.0,0.0,0.0,0.0,2.2900763358778624,1.0,1.0,0.0,0.0,0.0,0.0,0.0,0.0,0.0,0.41984732824427484,0.3053435114503817,0.17557251908396945,0.0,0.03816793893129771,0.045801526717557245,0.0,0.0,0.0,0.7633587786259542,0.0,0.0,0.0,0.0,0.0
raw-L10020,10021,2004,【廃人の証】ナイトメアソードは最強【ナイトの宝】,1,0.5954349554084036,1.1742460751454253,4.634728988229636,1.791759469228055,3.0633909220278057,3.295836866004329,0.0,0.0,0.0,0.0,3.9215686274509802,1.0,1.0,0.0,0.0,0.0,0.0,0.0,0.0,0.0,0.5588235294117647,0.2058823529411765,0.17647058823529413,0.029411764705882356,0.029411764705882356,0.0,0.0,0.9803921568627451,0.0,0.9803921568627451,0.0,0.0,0.0,0.9803921568627451,0.0
raw-L10027,10028,2004,【廃人の証】ナイトメアソードは最強【ナイトの宝】,1,0.9419465068257067,0.16705052606393803,4.634728988229636,1.6094379124341003,3.2771447329921766,3.4965075614664802,0.0,0.0,0.9803921568627451,0.0,2.9411764705882355,0.75,1.0,0.0,0.0,0.0,0.0,0.0,0.0,0.0,0.6274509803921569,0.16666666666666669,0.06862745098039215,0.09803921568627452,0.029411764705882356,0.0,0.0,0.9803921568627451,0.9803921568627451,0.0,0.0,0.0,0.0,0.0,0.0
raw-L10046,10047,2004,【せＹで話すな】常識無いｶｽ【ｔｅｌでこいよ】,1,2.211736386276256,1.5176621265475683,5.429345628954441,2.1972245773362196,3.380143972464323,3.871201010907891,0.0,0.0,0.8810572687224669,0.0,3.0837004405286343,1.0,1.0,0.0,0.8810572687224669,0.0,0.0,0.0,0.0,0.0,0.5903083700440529,0.21145374449339208,0.1277533039647577,0.008810572687224669,0.035242290748898675,0.0,0.44052863436123346,1.3215859030837005,0.0,1.3215859030837005,0.0,0.0,0.0,0.0,0.0
raw-L10057,10058,2004,【せＹで話すな】常識無いｶｽ【ｔｅｌでこいよ】,1,0.6300157379057694,0.6253925891736702,5.0689042022202315,2.0794415416798357,3.1600353248452673,3.4965075614664802,0.0,0.0,1.8987341772151898,0.0,3.7974683544303796,0.8571428571428571,1.0,0.0,0.0,0.0,0.0,0.0,0.0,0.0,0.620253164556962,0.22784810126582278,0.08860759493670885,0.0,0.0,0.03164556962025317,0.0,1.2658227848101267,0.0,0.0,0.0,0.0,0.0,0.0,0.0
raw-L10066,10067,2004,【せＹで話すな】常識無いｶｽ【ｔｅｌでこいよ】,1,0.4110037310458787,1.1132873523738074,4.543294782270004,1.6094379124341003,3.188416617383492,3.4011973816621555,0.0,0.0,0.0,0.0,3.225806451612903,1.0,1.0,0.0,0.0,0.0,0.0,0.0,0.0,0.0,0.6451612903225806,0.1827956989247312,0.11827956989247312,0.0,0.03225806451612903,0.0,0.0,1.075268817204301,0.0,1.075268817204301,0.0,0.0,0.0,1.075268817204301,0.0
raw-L10072,10073,2004,【せＹで話すな】常識無いｶｽ【ｔｅｌでこいよ】,1,1.0310900306335524,0.6757474403757614,4.74493212836325,1.6094379124341003,3.3843902633457743,3.7612001156935624,0.0,0.0,0.8771929824561403,0.0,2.6315789473684212,1.0,1.0,0.0,0.0,0.0,0.0,0.0,0.0,0.0,0.456140350877193,0.2105263157894737,0.1929824561403509,0.03508771929824561,0.026315789473684213,0.0,0.0,0.0,0.0,0.0,0.0,0.0,0.0,0.0,0.0
raw-L10078,10079,2004,【せＹで話すな】常識無いｶｽ【ｔｅｌでこいよ】,1,0.7183787417254094,0.7714012157017183,4.77912349311153,1.6094379124341003,3.417726683613366,3.8918202981106265,0.0,0.0,0.847457627118644,0.0,2.542372881355932,1.0,1.0,0.0,0.0,0.0,0.0,0.0,0.0,0.0,0.6186440677966102,0.17796610169491525,0.1610169491525424,0.0,0.0,0.02542372881355932,0.0,1.694915254237288,0.847457627118644,0.0,0.0,0.0,0.0,0.847457627118644,0.0
raw-L10085,10086,2004,【せＹで話すな】常識無いｶｽ【ｔｅｌでこいよ】,1,0.494569874888852,0.718769903932914,4.343805421853684,1.3862943611198906,3.270835563798912,3.4011973816621555,0.0,0.0,0.0,0.0,2.6315789473684212,1.0,1.0,0.0,0.0,0.0,0.0,0.0,0.0,0.0,0.6052631578947368,0.13157894736842105,0.19736842105263158,0.0,0.0,0.026315789473684213,0.0,1.3157894736842106,1.3157894736842106,1.3157894736842106,0.0,0.0,1.3157894736842106,0.0,0.0
raw-L10090,10091,2004,【せＹで話すな】常識無いｶｽ【ｔｅｌでこいよ】,1,0.6667204156516918,1.1151326048882813,4.77912349311153,1.791759469228055,3.202746442938317,3.8066624897703196,0.0,0.0,0.0,0.0,3.389830508474576,1.0,1.0,0.0,0.0,0.0,0.0,0.0,0.0,0.0,0.6186440677966102,0.22033898305084748,0.1610169491525424,0.0,0.0,0.0,0.0,2.542372881355932,0.0,0.0,0.0,0.847457627118644,0.0,0.0,0.0
raw-L10097,10098,2004,【せＹで話すな】常識無いｶｽ【ｔｅｌでこいよ】,1,1.5973923394879028,1.5462857225624713,4.736198448394496,1.791759469228055,3.1612467120315646,3.7376696182833684,0.0,0.0,0.0,0.0,3.5398230088495577,1.0,1.0,0.0,0.0,0.0,0.8849557522123894,0.0,0.0,0.0,0.504424778761062,0.2831858407079646,0.17699115044247787,0.0,0.0,0.0,0.0,0.8849557522123894,0.0,0.0,1.7699115044247788,0.8849557522123894,0.0,0.0,0.0
raw-L10114,10115,2004,【廃人は】【勝組だった】,1,1.8529235035459297,1.6138017592585656,5.4510384535657,2.0794415416798357,3.5305534028761976,3.7612001156935624,0.0,0.0,0.0,0.0,2.586206896551724,1.0,1.0,0.0,0.0,0.43103448275862066,0.43103448275862066,0.0,0.0,0.0,0.6724137931034483,0.22844827586206898,0.04310344827586207,0.0,0.030172413793103446,0.004310344827586207,0.0,2.586206896551724,0.0,1.293103448275862,0.43103448275862066,0.43103448275862066,0.0,0.0,0.0
raw-L10124,10125,2004,【廃人は】【勝組だった】,1,0.6029321334042291,1.4406046385143816,4.770684624465665,1.791759469228055,3.1945831322991562,3.4657359027997265,0.0,0.0,0.0,0.0,3.4188034188034186,1.0,1.0,0.0,0.0,0.0,0.0,0.0,0.0,0.0,0.7521367521367521,0.1965811965811966,0.05128205128205129,0.0,0.0,0.0,0.0,1.7094017094017093,2.5641025641025643,0.0,1.7094017094017093,0.0,0.0,0.0,0.0
raw-L10131,10132,2004,【廃人は】【勝組だった】,1,0.9855565373462154,1.2227488917196092,4.343805421853684,1.0986122886681098,3.6635616461296463,3.6888794541139363,0.0,0.0,0.0,0.0,1.3157894736842106,1.0,1.0,0.0,0.0,1.3157894736842106,0.0,0.0,0.0,0.0,0.5394736842105263,0.3026315789473684,0.039473684210526314,0.0,0.09210526315789475,0.0,0.0,3.9473684210526314,0.0,0.0,1.3157894736842106,0.0,0.0,0.0,0.0
raw-L10135,10136,2004,【廃人は】【勝組だった】,1,1.0363692868888201,1.455234328167225,4.634728988229636,1.6094379124341003,3.2771447329921766,3.7612001156935624,0.0,0.0,0.0,0.0,2.9411764705882355,1.0,1.0,0.0,0.0,0.0,0.0,0.0,0.0,0.0,0.676470588235294,0.29411764705882354,0.029411764705882356,0.0,0.0,0.0,0.0,1.9607843137254901,0.0,0.0,1.9607843137254901,0.0,0.0,0.0,0.0
raw-L10141,10142,2004,【廃人は】【勝組だった】,1,1.2849375326985963,1.2177957132193198,4.955827057601261,1.6094379124341003,3.590439381300684,3.8918202981106265,0.0,0.0,0.0,0.0,2.127659574468085,1.0,1.0,0.0,0.0,0.0,0.0,0.0,0.0,0.0,0.6737588652482269,0.2624113475177305,0.05673758865248227,0.0,0.0070921985815602835,0.0,0.0,0.0,0.0,0.0,0.7092198581560284,0.0,0.0,0.0,0.0
raw-L10147,10148,2004,【廃人は】【勝組だった】,1,1.6013749371470491,1.3352721992169034,5.2574953720277815,1.791759469228055,3.6686767467964168,4.143134726391533,0.0,0.0,0.0,0.0,2.094240837696335,1.0,1.0,0.0,0.0,0.5235602094240838,0.0,0.0,0.0,0.0,0.6387434554973822,0.25130890052356025,0.06282722513089006,0.0,0.010471204188481676,0.005235602094240838,0.0,1.5706806282722514,0.5235602094240838,0.5235602094240838,0.0,0.5235602094240838,0.0,0.0,0.0
raw-L10154,10155,2004,【廃人は】【勝組だった】,1,0.7650878816177378,0.7050126796922656,4.394449154672439,1.0986122886681098,3.713572066704308,4.127134385045092,0.0,0.0,0.0,0.0,1.25,1.0,1.0,0.0,0.0,0.0,0.0,0.0,0.0,0.0,0.6625,0.1875,0.025,0.0,0.0625,0.025,0.0,0.0,1.25,0.0,0.0,0.0,0.0,0.0,0.0
raw-L10159,10160,2004,【廃人は】【勝組だった】,1,0.1666610045481919,0.24866106953673384,4.219507705176107,1.0986122886681098,3.5409593240373143,3.713572066704308,0.0,0.0,1.492537313432836,0.0,1.492537313432836,1.0,1.0,0.0,0.0,0.0,0.0,0.0,0.0,0.0,0.6567164179104478,0.16417910447761194,0.10447761194029852,0.0,0.05970149253731344,0.0,0.0,0.0,1.492537313432836,0.0,0.0,0.0,0.0,0.0,0.0
raw-L10168,10170,2004,【３日前から張ってます】08:ValeforVol.6【遠慮しろ！】,1,1.771463632585203,-0.06110973624556166,4.465908118654584,1.3862943611198906,3.39002408106403,3.4965075614664802,1.1627906976744187,0.0,1.1627906976744187,0.0,2.3255813953488373,1.0,0.6666666666666666,0.0,0.0,1.1627906976744187,0.0,0.0,0.0,0.0,0.6511627906976745,0.22093023255813954,0.023255813953488372,0.0,0.05813953488372093,0.0,0.0,0.0,1.1627906976744187,1.1627906976744187,1.1627906976744187,0.0,0.0,0.0,0.0
raw-L10176,10178,2004,【３日前から張ってます】08:ValeforVol.6【遠慮しろ！】,1,0.5544238262422,0.31085712039129176,4.68213122712422,1.6094379124341003,3.3232358401924436,3.6635616461296463,0.0,0.0,0.9345794392523364,0.0,2.803738317757009,0.75,1.0,0.0,0.0,0.0,0.0,0.0,0.0,0.0,0.616822429906542,0.19626168224299065,0.13084112149532712,0.0,0.04672897196261682,0.0,0.0,1.8691588785046729,0.0,0.0,0.0,0.0,0.0,0.0,0.0
raw-L10184,10186,2004,【３日前から張ってます】08:ValeforVol.6【遠慮しろ！】,1,1.300510517017359,1.2943645521608471,4.962844630259907,1.791759469228055,3.380994674344636,3.6888794541139363,0.0,0.0,0.0,0.0,2.816901408450704,1.0,1.0,0.0,0.0,0.0,0.0,0.0,0.0,0.0,0.6126760563380281,0.176056338028169,0.19718309859154928,0.01408450704225352,0.0,0.0,0.0,0.704225352112676,0.704225352112676,0.704225352112676,1.408450704225352,0.0,0.0,0.0,0.0
raw-L10194,10196,2004,【３日前から張ってます】08:ValeforVol.6【遠慮しろ！】,1,1.6064128478150768,0.6530502541960372,5.081404364984463,1.791759469228055,3.4965075614664802,3.912023005428146,0.0,0.0,1.25,0.625,2.5,0.8,1.0,0.0,0.0,0.0,0.0,0.0,0.0,0.0,0.675,0.23125,0.05,0.0,0.01875,0.00625,0.0,0.0,0.625,0.0,0.625,0.0,0.0,0.625,0.0
raw-L10203,10205,2004,【３日前から張ってます】08:ValeforVol.6【遠慮しろ！】,1,1.7484396277040475,0.6787720122634461,5.147494476813453,1.9459101490553132,3.3843902633457743,3.912023005428146,0.0,0.5847953216374269,0.5847953216374269,0.0,2.9239766081871346,0.8333333333333334,0.8333333333333334,0.0,0.5847953216374269,0.0,0.0,0.0,0.0,0.0,0.7426900584795321,0.1754385964912281,0.058479532163742694,0.0,0.0,0.0,0.0,1.1695906432748537,2.9239766081871346,1.1695906432748537,0.0,0.5847953216374269,0.0,0.0,0.0
raw-L10217,10219,2004,【３日前から張ってます】08:ValeforVol.6【遠慮しろ！】,1,0.9093043002860403,0.8913765380725462,4.882801922586371,1.6094379124341003,3.518980417318539,3.6375861597263857,0.0,0.0,0.7633587786259542,0.0,2.2900763358778624,1.0,1.0,0.0,0.0,0.0,0.0,0.0,0.0,0.0,0.549618320610687,0.29770992366412213,0.1450381679389313,0.0,0.0,0.0,0.0,0.0,0.0,0.0,0.0,0.0,0.0,0.7633587786259542,0.0
raw-L10225,10227,2004,【３日前から張ってます】08:ValeforVol.6【遠慮しろ！】,1,0.6852579302852966,0.5425647026442648,4.59511985013459,1.3862943611198906,3.5165082281731497,3.8918202981106265,0.0,0.0,1.0204081632653061,0.0,2.0408163265306123,1.0,1.0,0.0,0.0,0.0,0.0,0.0,0.0,0.0,0.6224489795918368,0.15306122448979592,0.1836734693877551,0.0,0.020408163265306124,0.0,0.0,0.0,1.0204081632653061,1.0204081632653061,0.0,0.0,0.0,0.0,0.0
raw-L10233,10235,2004,【３日前から張ってます】08:ValeforVol.6【遠慮しろ！】,1,1.2307124283421036,0.15766896822706605,4.356708826689592,1.3862943611198906,3.283414346005772,3.4965075614664802,0.0,0.0,1.2987012987012987,1.2987012987012987,2.5974025974025974,0.6666666666666666,1.0,0.0,0.0,0.0,0.0,0.0,0.0,0.0,0.5974025974025974,0.28571428571428575,0.09090909090909091,0.0,0.0,0.0,0.0,0.0,0.0,0.0,1.2987012987012987,0.0,0.0,1.2987012987012987,0.0
raw-L10241,10243,2004,【３日前から張ってます】08:ValeforVol.6【遠慮しろ！】,1,0.42324945162161526,-0.41445280610498436,4.564348191467836,1.3862943611198906,3.4863551900024623,3.8501476017100584,0.0,0.0,2.1052631578947367,0.0,2.1052631578947367,0.6666666666666666,1.0,0.0,0.0,0.0,0.0,0.0,0.0,0.0,0.6,0.16842105263157894,0.2,0.0,0.0,0.0,0.0,3.1578947368421053,1.0526315789473684,1.0526315789473684,0.0,0.0,0.0,0.0,0.0
raw-L10249,10251,2004,【３日前から張ってます】08:ValeforVol.6【遠慮しろ！】,1,0.7873468087058033,0.38741340107570954,4.30406509320417,1.6094379124341003,2.9575110607337933,3.58351893845611,0.0,0.0,0.0,1.36986301369863,4.109589041095891,0.75,1.0,0.0,0.0,0.0,0.0,0.0,0.0,0.0,0.5342465753424658,0.273972602739726,0.1506849315068493,0.0,0.0,0.0136986301369863,0.0,0.0,0.0,0.0,0.0,0.0,0.0,0.0,0.0
raw-L10258,10260,2004,【３日前から張ってます】08:ValeforVol.6【遠慮しろ！】,1,0.016412067568889067,1.0042089171778354,4.110873864173311,1.3862943611198906,3.044522437723423,3.332204510175204,0.0,0.0,0.0,0.0,3.3333333333333335,1.0,1.0,0.0,0.0,0.0,0.0,0.0,0.0,1.6666666666666667,0.4666666666666666,0.26666666666666666,0.13333333333333333,0.0,0.1,0.03333333333333333,0.0,0.0,0.0,0.0,0.0,0.0,0.0,0.0,0.0
raw-L10267,10269,2004,【３日前から張ってます】08:ValeforVol.6【遠慮しろ！】,1,0.7339390535942106,1.3936917468026444,4.543294782270004,1.6094379124341003,3.188416617383492,3.6109179126442243,0.0,0.0,0.0,0.0,3.225806451612903,1.0,1.0,0.0,0.0,0.0,0.0,0.0,0.0,2.150537634408602,0.5806451612903225,0.22580645161290325,0.02150537634408602,0.0,0.12903225806451613,0.04301075268817204,0.0,2.150537634408602,0.0,2.150537634408602,0.0,1.075268817204301,0.0,0.0,0.0
raw-L10277,10279,2004,【３日前から張ってます】08:ValeforVol.6【遠慮しろ！】,1,1.423268582573201,1.3432720702385454,5.181783550292085,1.9459101490553132,3.417726683613366,3.9512437185814275,0.0,0.0,0.0,0.0,2.824858757062147,1.0,1.0,0.0,0.0,0.0,0.0,0.0,0.0,0.0,0.5084745762711864,0.3107344632768362,0.12429378531073447,0.0,0.03954802259887005,0.0,0.0,1.694915254237288,0.0,0.5649717514124294,0.0,0.5649717514124294,0.0,0.0,0.0
raw-L10288,10290,2004,【３日前から張ってます】08:ValeforVol.6【遠慮しろ！】,1,-0.21232687459727553,0.14237565569350571,4.0943445622221,1.0986122886681098,3.417726683613366,3.4965075614664802,0.0,0.0,1.694915254237288,0.0,1.694915254237288,1.0,1.0,0.0,0.0,0.0,0.0,0.0,0.0,0.0,0.6271186440677966,0.23728813559322035,0.11864406779661017,0.0,0.0,0.0,0.0,0.0,1.694915254237288,0.0,0.0,0.0,0.0,0.0,0.0
raw-L10295,10297,2004,【３日前から張ってます】08:ValeforVol.6【遠慮しろ！】,1,0.8579741735519056,1.1286120528146113,4.736198448394496,1.6094379124341003,3.3758795736778655,3.8066624897703196,0.0,0.0,0.0,0.0,2.6548672566371683,1.0,1.0,0.0,0.0,0.0,0.0,0.0,0.0,0.8849557522123894,0.6371681415929203,0.24778761061946902,0.017699115044247787,0.017699115044247787,0.05309734513274336,0.02654867256637168,0.0,0.8849557522123894,0.8849557522123894,0.0,0.0,0.0,0.0,0.0,0.0
raw-L10305,10307,2004,【３日前から張ってます】08:ValeforVol.6【遠慮しろ！】,1,1.8292305543066527,0.13876849698630517,5.0369526024136295,1.6094379124341003,3.6699514442284173,3.9512437185814275,0.0,0.6535947712418301,0.6535947712418301,0.0,1.9607843137254901,0.75,0.75,0.0,0.0,0.0,0.0,0.0,0.0,1.9607843137254901,0.6013071895424836,0.14379084967320263,0.07189542483660132,0.0,0.1503267973856209,0.0196078431372549,0.0,1.3071895424836601,1.9607843137254901,1.3071895424836601,0.0,0.0,0.0,0.0,0.0
raw-L10315,10317,2004,【３日前から張ってます】08:ValeforVol.6【遠慮しろ！】,1,0.06604115020017498,0.5895892599307756,4.48863636973214,1.3862943611198906,3.41224721784874,3.5263605246161616,0.0,0.0,1.1363636363636365,0.0,2.272727272727273,1.0,1.0,0.0,0.0,0.0,0.0,0.0,0.0,0.0,0.6818181818181819,0.19318181818181818,0.10227272727272727,0.0,0.0,0.0,0.0,2.272727272727273,2.272727272727273,0.0,0.0,2.272727272727273,0.0,0.0,0.0
raw-L10324,10326,2004,【３日前から張ってます】08:ValeforVol.6【遠慮しろ！】,2,-0.48617435489077127,0.2942629720571544,3.8066624897703196,1.0986122886681098,3.1354942159291497,3.1780538303479458,0.0,0.0,2.272727272727273,0.0,2.272727272727273,1.0,1.0,0.0,0.0,0.0,0.0,0.0,0.0,0.0,0.6363636363636364,0.22727272727272727,0.09090909090909091,0.0,0.0,0.0,0.0,0.0,2.272727272727273,2.272727272727273,0.0,0.0,0.0,2.272727272727273,0.0
raw-L10331,10333,2004,【３日前から張ってます】08:ValeforVol.6【遠慮しろ！】,1,0.8414389050150746,1.0743545480568721,4.61512051684126,1.6094379124341003,3.258096538021482,3.6888794541139363,0.0,0.0,1.0,0.0,3.0,1.0,1.0,0.0,0.0,0.0,0.0,0.0,0.0,0.0,0.59,0.25,0.07,0.0,0.08,0.0,0.0,1.0,0.0,0.0,1.0,0.0,0.0,0.0,0.0
raw-L10340,10342,2004,【３日前から張ってます】08:ValeforVol.6【遠慮しろ！】,2,-0.7475716684778527,0.43989756031146493,3.871201010907891,1.3862943611198906,2.8134107167600364,3.2188758248682006,0.0,0.0,2.127659574468085,0.0,4.25531914893617,1.0,1.0,0.0,0.0,0.0,0.0,0.0,0.0,0.0,0.44680851063829785,0.1914893617021277,0.1276595744680851,0.0,0.1702127659574468,0.0,0.0,0.0,4.25531914893617,0.0,0.0,0.0,0.0,0.0,0.0
raw-L10347,10349,2004,【３日前から張ってます】08:ValeforVol.6【遠慮しろ！】,1,0.2694656664079846,0.09755871483348971,4.382026634673881,1.3862943611198906,3.3081069585961433,3.6635616461296463,0.0,0.0,1.2658227848101267,0.0,2.5316455696202533,0.6666666666666666,1.0,0.0,0.0,0.0,0.0,0.0,0.0,0.0,0.8481012658227849,0.13924050632911392,0.0,0.0,0.0,0.0,0.0,2.5316455696202533,0.0,1.2658227848101267,0.0,0.0,0.0,1.2658227848101267,0.0
raw-L10356,10358,2004,【３日前から張ってます】08:ValeforVol.6【遠慮しろ！】,1,0.6276582003200424,1.063205894804148,4.477336814478207,1.3862943611198906,3.4011973816621555,3.6375861597263857,0.0,0.0,0.0,0.0,2.2988505747126435,1.0,1.0,0.0,0.0,0.0,0.0,0.0,0.0,0.0,0.6436781609195402,0.1954022988505747,0.06896551724137931,0.0,0.09195402298850575,0.0,0.0,1.1494252873563218,2.2988505747126435,3.4482758620689653,0.0,1.1494252873563218,0.0,0.0,0.0
raw-L10365,10367,2004,【３日前から張ってます】08:ValeforVol.6【遠慮しろ！】,1,0.43226634463263663,1.4251744468823395,4.356708826689592,1.6094379124341003,3.0081547935525483,3.4965075614664802,0.0,0.0,0.0,0.0,3.896103896103896,1.0,1.0,0.0,0.0,0.0,0.0,0.0,0.0,0.0,0.6753246753246753,0.1948051948051948,0.0,0.0,0.10389610389610389,0.0,0.0,2.5974025974025974,1.2987012987012987,1.2987012987012987,1.2987012987012987,0.0,0.0,0.0,0.0
raw-L10374,10376,2004,【３日前から張ってます】08:ValeforVol.6【遠慮しろ！】,1,0.3412616556414622,1.2402765157554991,4.700480365792417,1.791759469228055,3.126760535960395,3.4339872044851463,0.0,0.0,0.0,0.0,3.669724770642202,1.0,1.0,0.0,0.0,0.0,0.0,0.0,0.0,0.0,0.7706422018348624,0.2110091743119266,0.01834862385321101,0.0,0.0,0.0,0.0,0.0,0.9174311926605505,0.9174311926605505,0.0,0.0,0.0,0.0,0.0
raw-L10384,10386,2004,【３日前から張ってます】08:ValeforVol.6【遠慮しろ！】,2,-0.23628806403720534,0.8937716292644635,4.127134385045092,1.3862943611198906,3.060270794691562,3.258096538021482,0.0,0.0,0.0,0.0,3.278688524590164,1.0,1.0,0.0,0.0,0.0,0.0,0.0,0.0,0.0,0.7213114754098361,0.22950819672131145,0.03278688524590164,0.0,0.0,0.0,0.0,1.639344262295082,0.0,1.639344262295082,0.0,0.0,0.0,0.0,0.0
raw-L10392,10394,2004,【３日前から張ってます】08:ValeforVol.6【遠慮しろ！】,1,0.22315705244147174,1.0242104353857728,4.5217885770490405,1.6094379124341003,3.1675825304806504,3.332204510175204,0.0,0.0,0.0,0.0,3.2967032967032965,1.0,1.0,0.0,0.0,0.0,0.0,0.0,0.0,0.0,0.6263736263736264,0.2087912087912088,0.14285714285714288,0.0,0.0,0.0,0.0,0.0,0.0,0.0,0.0,1.098901098901099,0.0,0.0,0.0
raw-L10407,10409,2004,【魔法は勘弁】08:Valefor鯖総合スレ Vol.7【超装備！】,1,1.2863374236127705,1.1210714788478622,4.68213122712422,1.6094379124341003,3.3232358401924436,3.8066624897703196,0.0,0.0,0.0,0.0,2.803738317757009,1.0,1.0,0.0,0.0,0.0,0.9345794392523364,0.0,0.0,0.0,0.6542056074766356,0.16822429906542055,0.14953271028037382,0.0,0.009345794392523364,0.0,0.0,0.0,0.0,0.9345794392523364,0.0,0.0,0.0,0.9345794392523364,0.0
raw-L10416,10418,2004,【魔法は勘弁】08:Valefor鯖総合スレ Vol.7【超装備！】,1,-0.20990494784497524,0.32421342557175886,4.2626798770413155,1.3862943611198906,3.1918471524802814,3.295836866004329,0.0,0.0,1.4285714285714286,0.0,2.857142857142857,1.0,1.0,0.0,0.0,0.0,0.0,0.0,0.0,0.0,0.6428571428571429,0.11428571428571428,0.21428571428571427,0.0,0.0,0.014285714285714285,0.0,0.0,0.0,0.0,0.0,0.0,0.0,0.0,0.0
raw-L10424,10426,2004,【魔法は勘弁】08:Valefor鯖総合スレ Vol.7【超装備！】,1,0.6443957859458068,1.345473198579897,4.564348191467836,1.6094379124341003,3.2088254890146994,3.4011973816621555,0.0,0.0,0.0,0.0,3.1578947368421053,1.0,1.0,0.0,0.0,0.0,0.0,0.0,0.0,0.0,0.6631578947368421,0.25263157894736843,0.08421052631578947,0.0,0.0,0.0,0.0,0.0,0.0,0.0,1.0526315789473684,0.0,0.0,1.0526315789473684,0.0
raw-L10439,10441,2005,【マジで】08:Valefor鯖総合スレ Vol.17【糞漏れた】,3,4.925359043125501,-4.2363073273027645,5.552959584921617,1.791759469228055,3.9589065913269965,4.356708826689592,1.1673151750972763,0.38910505836575876,1.1673151750972763,0.0,1.556420233463035,0.0,0.4,0.6,0.0,0.0,0.0,0.0,0.0,0.0,0.7042801556420234,0.19455252918287935,0.042801556420233464,0.0,0.007782101167315175,0.007782101167315175,0.0,0.0,0.0,0.7782101167315175,0.0,1.1673151750972763,0.0,0.0,0.0
raw-L10449,10451,2005,【マジで】08:Valefor鯖総合スレ Vol.17【糞漏れた】,1,2.397704919028171,-0.34051441004161737,5.176149732573829,1.9459101490553132,3.41224721784874,3.6635616461296463,0.5681818181818182,0.0,1.1363636363636365,0.0,3.409090909090909,0.8333333333333334,0.8333333333333334,0.16666666666666666,0.0,0.0,0.0,0.0,0.0,0.5681818181818182,0.6193181818181818,0.22727272727272727,0.0625,0.056818181818181816,0.017045454545454544,0.0,0.5681818181818182,0.0,0.0,1.1363636363636365,0.0,0.0,0.0,0.0,0.0
raw-L10461,10463,2005,【マジで】08:Valefor鯖総合スレ Vol.17【糞漏れた】,1,2.5165861610586635,-0.20369513327642078,5.081404364984463,1.6094379124341003,3.713572066704308,4.189654742026425,0.625,0.0,0.625,0.0,1.875,0.75,0.75,0.0,0.0,0.625,0.0,0.0,0.0,0.0,0.56875,0.2,0.125,0.04375,0.03125,0.0,0.0,0.0,0.0,0.0,0.0,0.625,0.0,0.0,0.0
raw-L10469,10471,2005,【マジで】08:Valefor鯖総合スレ Vol.17【糞漏れた】,1,1.3324873871630005,-1.2975871376656987,4.382026634673881,1.3862943611198906,3.3081069585961433,3.6109179126442243,1.2658227848101267,0.0,1.2658227848101267,0.0,2.5316455696202533,0.6666666666666666,0.6666666666666666,0.0,0.0,0.0,0.0,0.0,0.0,0.0,0.6329113924050633,0.26582278481012656,0.06329113924050633,0.0,0.012658227848101267,0.0,0.0,0.0,0.0,0.0,0.0,0.0,0.0,0.0,0.0
raw-L10477,10479,2005,【マジで】08:Valefor鯖総合スレ Vol.17【糞漏れた】,1,1.6048297299354835,-0.5799261587670795,4.672828834461906,1.3862943611198906,3.592735593561034,4.007333185232471,0.0,0.9433962264150944,0.9433962264150944,0.0,1.8867924528301887,0.6666666666666666,0.6666666666666666,0.0,0.0,0.0,0.0,0.0,0.0,0.0,0.6132075471698113,0.2641509433962264,0.04716981132075472,0.0,0.009433962264150943,0.028301886792452827,0.0,0.0,0.0,0.0,0.0,0.0,0.0,0.0,0.0
raw-L10484,10486,2005,【マジで】08:Valefor鯖総合スレ Vol.17【糞漏れた】,3,4.264108259482526,-3.0762707020017293,4.7535901911063645,1.3862943611198906,3.672072335797555,4.0943445622221,2.608695652173913,0.0,0.0,0.0,1.7391304347826086,0.6666666666666666,0.3333333333333333,0.3333333333333333,0.0,0.0,0.0,0.0,0.0,0.0,0.5739130434782609,0.24347826086956523,0.017391304347826087,0.0,0.1391304347826087,0.0,0.0,0.0,0.8695652173913043,0.8695652173913043,0.0,0.0,0.0,0.8695652173913043,0.0
raw-L10493,10495,2005,【マジで】08:Valefor鯖総合スレ Vol.17【糞漏れた】,1,3.4632340698655155,-1.0260783984078024,5.375278407684165,1.791759469228055,3.784189633918261,4.189654742026425,0.9302325581395349,0.46511627906976744,0.46511627906976744,0.0,1.8604651162790697,0.8,0.6,0.2,0.0,0.0,0.0,0.0,0.0,0.46511627906976744,0.5302325581395348,0.26046511627906976,0.07441860465116279,0.0,0.11627906976744186,0.0,0.0,1.3953488372093024,0.0,0.46511627906976744,0.0,0.0,0.0,0.0,0.0
raw-L10503,10505,2005,【マジで】08:Valefor鯖総合スレ Vol.17【糞漏れた】,2,-1.160314566643107,-0.13386688424802598,3.044522437723423,0.6931471805599453,3.044522437723423,3.044522437723423,0.0,0.0,0.0,0.0,0.0,1.0,1.0,0.0,0.0,0.0,0.0,0.0,0.0,0.0,0.5,0.2,0.3,0.0,0.0,0.0,0.0,0.0,0.0,0.0,0.0,0.0,0.0,0.0,0.0
raw-L10510,10512,2005,【マジで】08:Valefor鯖総合スレ Vol.17【糞漏れた】,3,3.252269136896011,-1.5653732014911477,4.30406509320417,1.0986122886681098,3.624340932976365,3.8501476017100584,1.36986301369863,1.36986301369863,0.0,0.0,1.36986301369863,1.0,0.0,0.0,0.0,0.0,0.0,0.0,0.0,0.0,0.6712328767123288,0.1917808219178082,0.0,0.0,0.1095890410958904,0.0,0.0,0.0,0.0,1.36986301369863,0.0,1.36986301369863,0.0,1.36986301369863,0.0
raw-L10517,10519,2005,【マジで】08:Valefor鯖総合スレ Vol.17【糞漏れた】,1,4.026025658771217,-0.6641925672905845,5.384495062789089,1.9459101490553132,3.615412302232064,3.9318256327243257,0.4608294930875576,1.3824884792626728,0.0,0.0,2.304147465437788,0.8333333333333334,0.5,0.16666666666666666,0.0,0.4608294930875576,0.0,0.0,0.0,0.0,0.5069124423963134,0.2488479262672811,0.046082949308755755,0.08755760368663594,0.055299539170506916,0.013824884792626729,0.0,0.0,0.4608294930875576,0.9216589861751152,0.0,0.9216589861751152,0.0,0.4608294930875576,0.0
raw-L10529,10531,2005,【マジで】08:Valefor鯖総合スレ Vol.17【糞漏れた】,1,1.725027099173495,1.2287856320742587,5.241747015059643,1.791759469228055,3.653252276470785,4.189654742026425,0.0,0.0,0.0,0.0,2.127659574468085,1.0,1.0,0.0,0.0,0.0,0.0,0.0,0.0,0.0,0.5638297872340425,0.2393617021276596,0.18085106382978722,0.0,0.015957446808510637,0.0,0.0,0.0,0.5319148936170213,0.0,0.5319148936170213,0.0,0.0,0.0,0.0
raw-L10541,10543,2005,【マジで】08:Valefor鯖総合スレ Vol.17【糞漏れた】,1,1.2977581472101658,1.012317293229458,4.605170185988092,1.6094379124341003,3.248434627109745,3.7612001156935624,0.0,0.0,1.0101010101010102,0.0,4.040404040404041,1.0,1.0,0.0,0.0,1.0101010101010102,0.0,3.0303030303030303,0.0,0.0,0.6363636363636364,0.13131313131313133,0.020202020202020204,0.0,0.1111111111111111,0.030303030303030304,0.0,1.0101010101010102,0.0,0.0,0.0,1.0101010101010102,0.0,0.0,0.0
raw-L10551,10553,2005,【マジで】08:Valefor鯖総合スレ Vol.17【糞漏れた】,1,1.1755440814587756,0.7778003917701906,4.736198448394496,1.6094379124341003,3.3758795736778655,3.5553480614894135,0.0,0.0,0.8849557522123894,0.0,2.6548672566371683,1.0,1.0,0.0,0.0,0.0,0.0,0.0,0.0,0.0,0.5309734513274337,0.25663716814159293,0.09734513274336283,0.07079646017699115,0.035398230088495575,0.0,0.0,0.0,0.8849557522123894,1.7699115044247788,0.0,0.0,0.0,0.0,0.0
raw-L10562,10564,2005,【マジで】08:Valefor鯖総合スレ Vol.17【糞漏れた】,1,3.632498326168138,-0.8084990307032563,5.605802066295998,2.0794415416798357,3.681710964635324,4.110873864173311,1.1070110701107012,0.0,0.36900369003690037,0.0,2.2140221402214024,0.7142857142857143,0.5714285714285714,0.14285714285714285,0.0,0.0,0.36900369003690037,0.0,0.0,0.36900369003690037,0.6236162361623616,0.25461254612546125,0.09225092250922509,0.0,0.0036900369003690036,0.0,0.0,0.0,0.36900369003690037,1.4760147601476015,0.0,0.7380073800738007,0.0,0.36900369003690037,0.0
raw-L10576,10578,2005,【マジで】08:Valefor鯖総合スレ Vol.17【糞漏れた】,1,2.982662489810544,-1.0214084289333774,5.645446897643238,1.9459101490553132,3.871201010907891,4.2626798770413155,0.3546099290780142,0.0,1.0638297872340425,0.0,1.7730496453900708,0.3333333333333333,0.8333333333333334,0.16666666666666666,0.0,0.0,0.0,0.0,0.0,0.0,0.5886524822695036,0.2836879432624113,0.06028368794326241,0.010638297872340425,0.031914893617021274,0.0,0.0,0.3546099290780142,0.3546099290780142,0.3546099290780142,0.0,0.3546099290780142,0.0,0.0,0.0
raw-L10588,10590,2005,【マジで】08:Valefor鯖総合スレ Vol.17【糞漏れた】,1,1.5244128129639514,0.43328551561610823,5.225746673713202,1.791759469228055,3.6375861597263857,3.784189633918261,0.0,0.0,2.7027027027027026,0.0,2.1621621621621623,0.8,1.0,0.0,0.0,0.5405405405405406,0.0,0.0,0.0,0.0,0.6108108108108108,0.2972972972972973,0.021621621621621623,0.021621621621621623,0.010810810810810811,0.0,0.0,0.5405405405405406,0.0,0.0,0.5405405405405406,0.0,0.0,0.0,0.0
raw-L10599,10601,2005,【マジで】08:Valefor鯖総合スレ Vol.17【糞漏れた】,1,0.7010411582980093,1.2743218523534077,4.143134726391533,1.0986122886681098,3.4657359027997265,3.8501476017100584,0.0,0.0,0.0,0.0,1.6129032258064515,1.0,1.0,0.0,0.0,1.6129032258064515,0.0,0.0,0.0,0.0,0.5967741935483871,0.3064516129032258,0.0,0.0,0.016129032258064516,0.0,1.6129032258064515,0.0,1.6129032258064515,0.0,0.0,0.0,0.0,1.6129032258064515,0.0
raw-L10607,10609,2005,【マジで】08:Valefor鯖総合スレ Vol.17【糞漏れた】,1,3.1702128225542014,-0.7631391903926216,5.272999558563747,1.791759469228055,3.6838669122903918,3.9512437185814275,0.5154639175257731,0.5154639175257731,1.0309278350515463,0.0,2.0618556701030926,0.6,0.6,0.0,0.0,0.0,0.0,0.0,0.0,0.0,0.5,0.23195876288659792,0.07731958762886598,0.0824742268041237,0.06701030927835051,0.0,0.0,0.0,0.0,0.0,0.5154639175257731,0.0,0.0,0.0,0.0
raw-L10630,10632,2005,【ぜいいん】08:Valefor鯖総合スレ Vol.18【じょうずく】,2,-0.02591587623839098,-0.10300725422200589,3.1780538303479458,0.6931471805599453,3.1780538303479458,3.1780538303479458,0.0,0.0,0.0,0.0,0.0,1.0,1.0,0.0,0.0,0.0,0.0,0.0,0.0,0.0,0.5652173913043478,0.17391304347826086,0.08695652173913043,0.13043478260869565,0.043478260869565216,0.0,0.0,0.0,0.0,0.0,0.0,0.0,0.0,0.0,0.0
raw-L10636,10638,2005,【ぜいいん】08:Valefor鯖総合スレ Vol.18【じょうずく】,1,1.3665000312694986,1.3102406120408354,5.003946305945459,1.791759469228055,3.4210000089583352,4.007333185232471,0.0,0.0,0.0,0.0,2.7027027027027026,1.0,1.0,0.0,0.0,0.0,0.0,0.0,0.0,0.0,0.6351351351351352,0.2567567567567568,0.05405405405405405,0.0,0.04054054054054054,0.0,0.0,0.6756756756756757,0.0,2.027027027027027,0.0,0.0,0.0,0.0,0.0
raw-L10646,10648,2005,【ぜいいん】08:Valefor鯖総合スレ Vol.18【じょうずく】,1,1.1961768056098354,0.8539748008613348,4.836281906951478,1.3862943611198906,3.7534179752515073,4.007333185232471,0.0,0.0,0.8,0.0,1.6,1.0,1.0,0.0,0.0,0.0,0.0,0.0,0.0,0.0,0.728,0.20800000000000002,0.048,0.0,0.008,0.0,0.8,0.0,0.0,0.8,0.0,1.6,0.0,0.0,0.0
raw-L10653,10655,2005,【ぜいいん】08:Valefor鯖総合スレ Vol.18【じょうずく】,1,1.4184812409517291,1.0257934053290776,4.663439094112067,1.3862943611198906,3.58351893845611,3.8066624897703196,0.0,0.0,0.0,0.0,1.9047619047619047,1.0,1.0,0.0,0.0,0.9523809523809523,0.0,0.9523809523809523,0.0,0.0,0.5428571428571428,0.32380952380952377,0.03809523809523809,0.0,0.03809523809523809,0.02857142857142857,0.0,0.0,0.9523809523809523,0.9523809523809523,0.0,0.0,0.0,0.0,0.0
raw-L10662,10664,2005,【ぜいいん】08:Valefor鯖総合スレ Vol.18【じょうずく】,1,1.2018906498938444,-0.39289293467037434,4.736198448394496,1.6094379124341003,3.3758795736778655,3.6635616461296463,0.0,0.8849557522123894,2.6548672566371683,0.0,2.6548672566371683,0.75,0.75,0.0,0.0,0.0,0.0,0.0,0.0,0.0,0.7079646017699115,0.23008849557522124,0.017699115044247787,0.0,0.008849557522123894,0.0,0.0,0.8849557522123894,0.8849557522123894,0.0,0.8849557522123894,0.0,0.0,0.0,0.0
raw-L10671,10673,2005,【ぜいいん】08:Valefor鯖総合スレ Vol.18【じょうずく】,3,4.845056460118359,-6.21733953580099,4.77912349311153,1.3862943611198906,3.6971782569286313,3.9889840465642745,4.237288135593221,0.0,1.694915254237288,0.0,1.694915254237288,0.0,0.3333333333333333,0.6666666666666666,0.0,0.0,0.0,0.0,0.0,0.0,0.5847457627118644,0.2627118644067796,0.07627118644067797,0.0,0.00847457627118644,0.0,0.0,0.0,0.847457627118644,0.847457627118644,0.0,0.0,0.0,0.0,0.0
raw-L10680,10682,2005,【ぜいいん】08:Valefor鯖総合スレ Vol.18【じょうずく】,3,4.876843031020958,-2.5805110757106657,5.966146739123692,2.1972245773362196,3.9044947390073546,4.330733340286331,1.0282776349614395,0.2570694087403599,0.5141388174807198,0.0,2.3136246786632393,0.5,0.375,0.5,0.0,0.0,0.0,0.0,0.0,0.0,0.6452442159383034,0.2365038560411311,0.08226221079691516,0.0,0.0,0.005141388174807198,0.2570694087403599,0.5141388174807198,0.5141388174807198,0.2570694087403599,0.0,0.5141388174807198,0.0,0.0,0.0
raw-L10695,10697,2005,【ぜいいん】08:Valefor鯖総合スレ Vol.18【じょうずく】,3,3.943702513477418,-2.4147218783851976,5.236441962829949,1.9459101490553132,3.4709307196768306,3.9889840465642745,1.0695187165775402,1.0695187165775402,1.0695187165775402,0.0,3.2085561497326203,0.5,0.5,0.3333333333333333,0.0,0.0,0.5347593582887701,0.5347593582887701,0.0,0.0,0.6737967914438502,0.22994652406417113,0.0320855614973262,0.0,0.021390374331550804,0.0,0.5347593582887701,1.0695187165775402,2.1390374331550803,0.5347593582887701,0.0,0.5347593582887701,0.0,0.5347593582887701,0.0
raw-L10706,10708,2005,【ぜいいん】08:Valefor鯖総合スレ Vol.18【じょうずく】,3,4.99171745515044,-5.036733816704358,4.997212273764115,1.6094379124341003,3.6309854756950335,3.8501476017100584,2.7210884353741496,0.0,0.0,0.0,2.0408163265306123,0.25,0.25,0.75,0.0,0.0,0.0,0.0,0.0,0.0,0.6734693877551021,0.22448979591836735,0.03401360544217687,0.0,0.04081632653061225,0.0,0.0,0.6802721088435374,0.0,0.0,0.0,0.0,0.0,0.6802721088435374,0.0
raw-L10714,10716,2005,【ぜいいん】08:Valefor鯖総合スレ Vol.18【じょうずく】,3,2.1977812761312094,-7.352122417410955,2.772588722239781,0.6931471805599453,2.772588722239781,2.772588722239781,6.666666666666667,0.0,0.0,0.0,0.0,0.0,0.0,1.0,0.0,0.0,0.0,0.0,0.0,0.0,0.8,0.13333333333333333,0.0,0.0,0.0,0.0,0.0,6.666666666666667,0.0,0.0,0.0,0.0,0.0,0.0,0.0
raw-L10720,10722,2005,【ぜいいん】08:Valefor鯖総合スレ Vol.18【じょうずく】,1,0.6648377674692425,-0.6140894053838132,4.07753744390572,1.0986122886681098,3.4011973816621555,3.4011973816621555,0.0,0.0,1.7241379310344827,0.0,1.7241379310344827,0.5,1.0,0.0,0.0,0.0,1.7241379310344827,0.0,0.0,0.0,0.6206896551724138,0.27586206896551724,0.0,0.0,0.017241379310344827,0.034482758620689655,0.0,1.7241379310344827,0.0,0.0,0.0,0.0,0.0,0.0,0.0
raw-L10726,10728,2005,【ぜいいん】08:Valefor鯖総合スレ Vol.18【じょうずく】,1,-0.19029767009910456,0.3412550084736074,3.2188758248682006,0.6931471805599453,3.2188758248682006,3.2188758248682006,0.0,0.0,0.0,0.0,0.0,1.0,1.0,0.0,0.0,0.0,0.0,0.0,0.0,0.0,0.45833333333333337,0.16666666666666669,0.16666666666666669,0.0,0.20833333333333331,0.0,0.0,0.0,0.0,4.166666666666667,0.0,0.0,0.0,0.0,0.0
raw-L10733,10735,2005,【ぜいいん】08:Valefor鯖総合スレ Vol.18【じょうずく】,1,1.2117282525901194,-1.28641121752409,3.9512437185814275,1.0986122886681098,3.2771447329921766,3.332204510175204,0.0,1.9607843137254901,1.9607843137254901,0.0,1.9607843137254901,0.5,0.5,0.0,0.0,1.9607843137254901,0.0,0.0,0.0,0.0,0.7450980392156863,0.1372549019607843,0.0392156862745098,0.0,0.0,0.0,0.0,0.0,0.0,0.0,0.0,0.0,0.0,1.9607843137254901,0.0
raw-L10740,10742,2005,【ぜいいん】08:Valefor鯖総合スレ Vol.18【じょうずく】,3,4.979428633867625,-3.7940550321768165,5.337538079701318,1.791759469228055,3.7471483622379123,4.189654742026425,1.4492753623188406,0.4830917874396135,0.0,0.0,1.932367149758454,0.4,0.2,0.6,0.0,0.4830917874396135,0.0,0.0,0.0,0.0,0.6231884057971014,0.20772946859903382,0.10144927536231885,0.0,0.004830917874396135,0.033816425120772944,0.0,0.4830917874396135,0.0,0.4830917874396135,0.0,0.0,0.0,0.0,0.0
raw-L10751,10753,2005,【ぜいいん】08:Valefor鯖総合スレ Vol.18【じょうずく】,3,4.389449722578698,-3.668632035469589,4.997212273764115,1.6094379124341003,3.6309854756950335,4.07753744390572,2.0408163265306123,0.0,0.0,0.0,2.0408163265306123,0.5,0.25,0.5,0.0,0.0,0.0,0.0,0.0,0.0,0.6666666666666667,0.24489795918367346,0.061224489795918366,0.0,0.006802721088435374,0.0,0.0,0.0,0.0,0.0,0.0,0.6802721088435374,0.0,0.0,0.0
raw-L10761,10763,2005,【ぜいいん】08:Valefor鯖総合スレ Vol.18【じょうずく】,1,1.1152412311537865,0.26650305841908845,4.477336814478207,1.3862943611198906,3.4011973816621555,3.58351893845611,0.0,1.1494252873563218,0.0,0.0,2.2988505747126435,1.0,0.6666666666666666,0.0,0.0,0.0,0.0,0.0,0.0,0.0,0.6436781609195402,0.3103448275862069,0.034482758620689655,0.0,0.0,0.0,0.0,1.1494252873563218,1.1494252873563218,0.0,0.0,0.0,0.0,1.1494252873563218,0.0
raw-L10769,10771,2005,【ぜいいん】08:Valefor鯖総合スレ Vol.18【じょうずく】,1,0.6238089185090054,-1.526995496807027,4.290459441148391,1.0986122886681098,3.6109179126442243,3.970291913552122,0.0,0.0,2.7777777777777777,0.0,1.3888888888888888,0.0,1.0,0.0,0.0,1.3888888888888888,0.0,0.0,0.0,0.0,0.6666666666666667,0.19444444444444442,0.08333333333333334,0.0,0.0,0.0,0.0,1.3888888888888888,0.0,0.0,0.0,0.0,0.0,0.0,0.0
raw-L10776,10778,2005,【ぜいいん】08:Valefor鯖総合スレ Vol.18【じょうずく】,2,-1.3648937952875095,-0.9629690892598677,3.091042453358316,0.6931471805599453,3.091042453358316,3.091042453358316,0.0,0.0,4.761904761904762,0.0,0.0,1.0,1.0,0.0,0.0,0.0,0.0,0.0,0.0,0.0,0.7142857142857143,0.19047619047619047,0.0,0.0,0.047619047619047616,0.0,0.0,0.0,0.0,0.0,0.0,0.0,0.0,0.0,0.0
raw-L10783,10785,2005,【ぜいいん】08:Valefor鯖総合スレ Vol.18【じょうずく】,2,-0.8953879434239523,0.12289952041220424,3.295836866004329,0.6931471805599453,3.295836866004329,3.295836866004329,0.0,0.0,0.0,0.0,0.0,1.0,1.0,0.0,0.0,0.0,0.0,0.0,0.0,0.0,0.7307692307692308,0.23076923076923075,0.0,0.0,0.038461538461538464,0.0,0.0,3.8461538461538463,0.0,0.0,0.0,0.0,0.0,0.0,0.0
raw-L10789,10791,2005,【ぜいいん】08:Valefor鯖総合スレ Vol.18【じょうずく】,2,-0.9210082468272078,0.0670064060056203,3.367295829986474,0.6931471805599453,3.367295829986474,3.367295829986474,0.0,0.0,0.0,0.0,0.0,1.0,1.0,0.0,0.0,0.0,0.0,0.0,0.0,0.0,0.6785714285714286,0.21428571428571427,0.10714285714285714,0.0,0.0,0.0,0.0,0.0,3.5714285714285716,0.0,0.0,0.0,0.0,0.0,0.0
raw-L10796,10798,2005,【ぜいいん】08:Valefor鯖総合スレ Vol.18【じょうずく】,3,2.7002556565409015,-3.4508599306660317,4.204692619390966,1.0986122886681098,3.5263605246161616,3.58351893845611,1.5151515151515151,1.5151515151515151,1.5151515151515151,0.0,1.5151515151515151,0.5,0.0,0.0,0.0,0.0,0.0,0.0,0.0,0.0,0.5909090909090909,0.24242424242424243,0.07575757575757576,0.030303030303030304,0.0,0.0,0.0,0.0,1.5151515151515151,0.0,0.0,0.0,0.0,0.0,0.0
raw-L10805,10807,2005,【ぜいいん】08:Valefor鯖総合スレ Vol.18【じょうずく】,1,1.681929087231407,-2.831528907668827,4.532599493153256,1.3862943611198906,3.455264602932431,3.6888794541139363,1.0869565217391304,0.0,3.260869565217391,0.0,2.1739130434782608,0.0,0.6666666666666666,0.0,0.0,0.0,0.0,0.0,0.0,0.0,0.641304347826087,0.21739130434782608,0.010869565217391304,0.03260869565217391,0.043478260869565216,0.0,0.0,0.0,0.0,0.0,0.0,0.0,0.0,0.0,0.0
raw-L10812,10814,2005,【ぜいいん】08:Valefor鯖総合スレ Vol.18【じょうずく】,1,2.7290463168928105,-2.0225572257830957,4.356708826689592,1.3862943611198906,3.283414346005772,3.871201010907891,1.2987012987012987,1.2987012987012987,1.2987012987012987,0.0,2.5974025974025974,0.6666666666666666,0.3333333333333333,0.0,0.0,0.0,1.2987012987012987,0.0,0.0,0.0,0.6623376623376623,0.24675324675324675,0.0,0.0,0.025974025974025972,0.0,0.0,1.2987012987012987,1.2987012987012987,0.0,0.0,0.0,0.0,0.0,0.0
raw-L10819,10821,2005,【ぜいいん】08:Valefor鯖総合スレ Vol.18【じょうずく】,3,3.997162774290484,-3.9273655452175746,5.081404364984463,1.9459101490553132,3.3202283191284883,3.871201010907891,1.25,1.875,3.125,0.0,3.125,0.3333333333333333,0.3333333333333333,0.3333333333333333,0.0,0.0,0.0,0.0,0.0,0.0,0.63125,0.19375,0.03125,0.0625,0.0125,0.0,0.0,1.25,0.625,0.0,0.0,0.0,0.0,0.0,0.0
raw-L10830,10832,2005,【ぜいいん】08:Valefor鯖総合スレ Vol.18【じょうずく】,0,1.6300827933524267,-3.6010358924810664,4.3694478524670215,1.0986122886681098,3.6888794541139363,3.713572066704308,0.0,1.2820512820512822,5.128205128205129,1.2820512820512822,1.2820512820512822,0.0,0.5,0.0,0.0,0.0,0.0,0.0,0.0,0.0,0.6538461538461539,0.1923076923076923,0.038461538461538464,0.0,0.0,0.0,0.0,2.5641025641025643,2.5641025641025643,1.2820512820512822,0.0,0.0,0.0,0.0,0.0
raw-L10836,10838,2005,【ぜいいん】08:Valefor鯖総合スレ Vol.18【じょうずく】,0,1.3648709097519993,-3.464440683297204,3.9512437185814275,0.6931471805599453,3.9512437185814275,3.9512437185814275,0.0,0.0,7.8431372549019605,1.9607843137254901,0.0,0.0,1.0,0.0,0.0,0.0,0.0,0.0,0.0,1.9607843137254901,0.6274509803921569,0.1568627450980392,0.0,0.0,0.0,0.05882352941176471,0.0,0.0,3.9215686274509802,1.9607843137254901,0.0,0.0,1.9607843137254901,0.0,0.0
raw-L10843,10845,2005,【ぜいいん】08:Valefor鯖総合スレ Vol.18【じょうずく】,2,-3.8386591139507003,-0.18642417397126146,1.6094379124341003,0.6931471805599453,1.6094379124341003,1.6094379124341003,0.0,0.0,0.0,0.0,0.0,1.0,1.0,0.0,0.0,0.0,0.0,0.0,0.0,0.0,0.75,0.25,0.0,0.0,0.0,0.0,0.0,0.0,0.0,0.0,0.0,0.0,0.0,0.0,0.0
raw-L10848,10850,2005,【ぜいいん】08:Valefor鯖総合スレ Vol.18【じょうずく】,3,5.018537940285197,-5.366497336801511,4.736198448394496,1.6094379124341003,3.3758795736778655,3.6888794541139363,2.6548672566371683,0.8849557522123894,0.0,0.0,2.6548672566371683,0.25,0.25,0.75,0.0,0.0,0.0,0.0,0.0,0.8849557522123894,0.5663716814159292,0.19469026548672566,0.08849557522123894,0.05309734513274336,0.0,0.02654867256637168,0.0,0.0,0.8849557522123894,0.0,0.0,0.8849557522123894,0.0,0.0,0.0
raw-L10857,10859,2005,【ぜいいん】08:Valefor鯖総合スレ Vol.18【じょうずく】,3,2.6802040302493055,-3.73155299753965,4.465908118654584,1.3862943611198906,3.39002408106403,3.713572066704308,1.1627906976744187,0.0,3.488372093023256,0.0,2.3255813953488373,0.0,0.6666666666666666,0.3333333333333333,0.0,0.0,0.0,0.0,0.0,1.1627906976744187,0.5581395348837209,0.23255813953488372,0.03488372093023256,0.03488372093023256,0.0,0.03488372093023256,0.0,1.1627906976744187,0.0,1.1627906976744187,1.1627906976744187,0.0,0.0,0.0,0.0
raw-L10864,10866,2005,【ぜいいん】08:Valefor鯖総合スレ Vol.18【じょうずく】,1,3.3176284247556516,-2.565683327571462,4.477336814478207,1.0986122886681098,3.7954891891721947,3.9512437185814275,0.0,2.2988505747126435,1.1494252873563218,0.0,1.1494252873563218,0.5,0.0,0.0,0.0,0.0,0.0,0.0,0.0,0.0,0.5402298850574713,0.26436781609195403,0.04597701149425287,0.10344827586206896,0.0,0.0,0.0,0.0,1.1494252873563218,0.0,0.0,0.0,0.0,0.0,0.0
raw-L10871,10873,2005,【ぜいいん】08:Valefor鯖総合スレ Vol.18【じょうずく】,1,1.3300435517580724,-0.0464203092151421,4.605170185988092,1.6094379124341003,3.248434627109745,3.5263605246161616,0.0,1.0101010101010102,0.0,1.0101010101010102,4.040404040404041,0.75,0.75,0.0,0.0,0.0,0.0,0.0,0.0,0.0,0.686868686868687,0.25252525252525254,0.020202020202020204,0.0,0.0,0.0,0.0,1.0101010101010102,1.0101010101010102,0.0,0.0,0.0,0.0,0.0,0.0
raw-L10879,10881,2005,【ぜいいん】08:Valefor鯖総合スレ Vol.18【じょうずく】,1,1.4856008986457965,-2.8672684654164473,4.248495242049359,1.0986122886681098,3.56953269648137,3.7376696182833684,1.4492753623188406,0.0,4.3478260869565215,0.0,1.4492753623188406,0.5,0.5,0.0,0.0,0.0,0.0,0.0,0.0,0.0,0.6666666666666667,0.2318840579710145,0.028985507246376812,0.0,0.0,0.0,0.0,1.4492753623188406,0.0,0.0,0.0,1.4492753623188406,0.0,0.0,0.0
raw-L10885,10887,2005,【ぜいいん】08:Valefor鯖総合スレ Vol.18【じょうずく】,1,2.065421311179488,-2.06138025820994,4.5217885770490405,1.3862943611198906,3.4446824936018943,3.9889840465642745,0.0,1.098901098901099,3.2967032967032965,0.0,2.197802197802198,0.3333333333333333,0.6666666666666666,0.0,0.0,0.0,0.0,0.0,0.0,0.0,0.5714285714285715,0.1648351648351648,0.09890109890109891,0.12087912087912088,0.0,0.0,0.0,1.098901098901099,0.0,0.0,0.0,0.0,0.0,0.0,0.0
raw-L10892,10894,2005,【ぜいいん】08:Valefor鯖総合スレ Vol.18【じょうずく】,1,2.806555463320148,-1.9074837601431058,3.6888794541139363,0.6931471805599453,3.6888794541139363,3.6888794541139363,0.0,2.5641025641025643,0.0,0.0,0.0,1.0,0.0,0.0,0.0,0.0,0.0,0.0,0.0,0.0,0.6153846153846154,0.23076923076923075,0.0,0.12820512820512822,0.0,0.0,0.0,0.0,0.0,0.0,0.0,0.0,0.0,0.0,0.0
raw-L10897,10899,2005,【ぜいいん】08:Valefor鯖総合スレ Vol.18【じょうずく】,1,2.4178993627046377,-3.1702223976201522,4.634728988229636,1.3862943611198906,3.5553480614894135,3.6375861597263857,0.9803921568627451,0.9803921568627451,3.9215686274509802,0.0,1.9607843137254901,0.3333333333333333,0.3333333333333333,0.0,0.0,0.0,0.0,0.0,0.0,0.9803921568627451,0.5686274509803921,0.18627450980392157,0.029411764705882356,0.0784313725490196,0.0,0.029411764705882356,0.0,0.0,1.9607843137254901,0.0,0.0,0.0,0.0,0.0,0.0
raw-L10905,10907,2005,【ぜいいん】08:Valefor鯖総合スレ Vol.18【じょうずく】,1,1.9841247493471932,-1.4327002800992534,4.795790545596741,1.6094379124341003,3.4339872044851463,3.828641396489095,0.8333333333333334,0.0,1.6666666666666667,0.0,2.5,0.75,0.75,0.25,0.0,0.0,0.0,0.0,0.0,0.0,0.6583333333333333,0.2583333333333333,0.05833333333333333,0.0,0.0,0.0,0.0,0.0,0.8333333333333334,0.0,0.0,0.0,0.0,0.0,0.0
raw-L10917,10918,2005,元スレ不明,1,1.608701035838164,0.38073922491098106,5.135798437050262,1.791759469228055,3.5496173867804286,3.7612001156935624,0.0,0.0,1.183431952662722,0.0,2.366863905325444,0.6,1.0,0.0,0.0,0.0,0.0,0.0,0.0,0.0,0.5739644970414202,0.3136094674556213,0.047337278106508875,0.023668639053254437,0.01775147928994083,0.005917159763313609,0.591715976331361,0.591715976331361,0.591715976331361,1.7751479289940828,0.591715976331361,0.0,0.0,0.0,0.0
raw-L10924,10925,2005,元スレ不明,4,1.8633112885639564,1.6489649724114608,4.624972813284271,1.6094379124341003,3.2676659890376327,3.6375861597263857,0.0,0.0,1.9801980198019802,0.0,3.9603960396039604,0.75,1.0,0.0,0.9900990099009901,0.0,0.0,0.0,0.0,32.67326732673267,0.7227722772277229,0.2376237623762376,0.0,0.0,0.0,0.0,0.9900990099009901,0.9900990099009901,0.0,2.9702970297029703,0.9900990099009901,0.9900990099009901,0.0,0.9900990099009901,0.0
raw-L10932,10933,2005,元スレ不明,1,2.261037956763132,1.3982697953198835,5.43372200355424,1.791759469228055,3.8416005411316,4.007333185232471,0.0,0.0,0.43859649122807015,0.0,1.7543859649122806,1.0,1.0,0.0,0.43859649122807015,0.0,0.0,0.0,0.0,0.0,0.6578947368421052,0.27631578947368424,0.02192982456140351,0.013157894736842106,0.013157894736842106,0.0043859649122807015,0.43859649122807015,0.0,0.0,0.43859649122807015,0.43859649122807015,0.43859649122807015,0.0,0.0,0.0
raw-L10939,10940,2005,元スレ不明,2,-0.20062754979841782,0.24236617655073348,3.6888794541139363,0.6931471805599453,3.6888794541139363,3.6888794541139363,0.0,0.0,0.0,0.0,0.0,1.0,1.0,0.0,0.0,0.0,0.0,0.0,0.0,0.0,0.641025641025641,0.3076923076923077,0.05128205128205129,0.0,0.0,0.0,0.0,0.0,2.5641025641025643,0.0,0.0,0.0,0.0,0.0,0.0
raw-L10942,10943,2005,元スレ不明,1,3.073901014671667,1.9825255447203747,5.58724865840025,1.9459101490553132,3.8140425970679424,3.9512437185814275,0.0,0.0,0.0,0.0,1.8796992481203008,1.0,1.0,0.0,1.5037593984962405,0.0,0.0,0.0,0.0,0.0,0.6578947368421052,0.24060150375939848,0.018796992481203006,0.0,0.052631578947368425,0.0,0.0,0.7518796992481203,0.0,1.1278195488721805,0.7518796992481203,0.37593984962406013,0.0,0.0,0.0
raw-L10950,10951,2005,元スレ不明,1,2.4248825794647275,1.2740494015070802,5.537334267018537,2.0794415416798357,3.6147714819602146,4.276666119016055,0.0,0.0,0.3952569169960474,0.0,2.3715415019762847,1.0,1.0,0.0,0.0,0.0,0.0,0.0,0.0,0.0,0.549407114624506,0.2648221343873518,0.09486166007905139,0.05928853754940712,0.02766798418972332,0.0,0.0,0.0,0.0,0.7905138339920948,0.0,0.0,0.0,0.0,0.0
raw-L10959,10960,2005,元スレ不明,1,2.2314309515490125,0.746795366896672,5.198497031265826,1.791759469228055,3.6109179126442243,3.912023005428146,0.0,0.0,1.1111111111111112,0.0,2.2222222222222223,0.8,1.0,0.0,0.5555555555555556,0.0,0.0,0.0,0.0,0.0,0.6111111111111112,0.25,0.0,0.06666666666666667,0.044444444444444446,0.0,0.5555555555555556,0.0,0.0,0.0,0.0,0.0,0.0,0.0,0.0
raw-L10974,10975,2004,【もう】侍【無理】,1,3.3668901144305297,-0.8434540740195396,5.5134287461649825,2.1972245773362196,3.46182200347859,3.9512437185814275,0.8097165991902834,0.8097165991902834,1.214574898785425,0.0,2.834008097165992,0.625,0.625,0.0,0.0,0.0,0.0,0.0,0.0,0.0,0.5263157894736842,0.2793522267206478,0.0242914979757085,0.11336032388663968,0.016194331983805668,0.004048582995951417,0.4048582995951417,0.0,2.0242914979757085,0.0,0.0,0.0,0.0,0.0,0.0
raw-L10984,10985,2004,【もう】侍【無理】,3,3.574602726332543,-3.090611739987669,4.727387818712341,1.3862943611198906,3.6463198396951406,3.828641396489095,1.7857142857142858,0.8928571428571429,0.0,0.0,1.7857142857142858,0.6666666666666666,0.3333333333333333,0.3333333333333333,0.0,0.0,0.0,0.0,0.0,0.0,0.6339285714285715,0.22321428571428573,0.10714285714285714,0.0,0.0,0.0,0.0,0.0,0.0,0.0,0.0,0.0,0.0,0.0,0.0
raw-L10989,10990,2004,【もう】侍【無理】,1,4.348844605171297,-0.2397858471648747,5.480638923341991,2.0794415416798357,3.5594213868770495,4.290459441148391,0.0,1.6736401673640167,0.41841004184100417,0.0,2.510460251046025,0.8571428571428571,0.42857142857142855,0.0,0.0,0.0,0.0,0.0,0.0,0.0,0.40585774058577406,0.29707112970711297,0.008368200836820083,0.1799163179916318,0.058577405857740586,0.0041841004184100415,0.8368200836820083,0.0,0.41841004184100417,0.0,0.0,0.0,0.0,0.0,0.0
raw-L10999,11000,2004,【もう】侍【無理】,1,3.726343835307882,-0.9608007168110027,4.787491742782046,1.0986122886681098,4.102643365036796,4.51085950651685,0.8403361344537815,0.8403361344537815,0.0,0.0,0.8403361344537815,1.0,0.0,0.0,0.0,0.8403361344537815,0.0,0.0,0.0,0.0,0.6050420168067226,0.3025210084033613,0.0,0.0,0.0,0.0,0.8403361344537815,0.0,0.8403361344537815,0.8403361344537815,0.8403361344537815,0.0,0.0,0.0,0.0
raw-L11004,11005,2004,【もう】侍【無理】,1,3.370821677498803,0.6036944117737256,5.883322388488279,2.3978952727983707,3.6054978451748854,4.04305126783455,0.0,0.8379888268156425,1.3966480446927374,0.0,2.5139664804469275,0.9,0.8,0.0,0.0,0.0,0.0,0.0,0.0,0.0,0.4860335195530726,0.22067039106145253,0.019553072625698324,0.09497206703910616,0.011173184357541898,0.025139664804469275,2.2346368715083798,0.0,0.27932960893854747,0.27932960893854747,0.27932960893854747,0.27932960893854747,0.0,0.0,0.0
raw-L11017,11018,2004,【もう】侍【無理】,1,1.0843469227942546,-0.06564390220356604,3.784189633918261,0.6931471805599453,3.784189633918261,3.784189633918261,0.0,0.0,0.0,0.0,0.0,1.0,1.0,0.0,0.0,0.0,0.0,0.0,0.0,0.0,0.5581395348837209,0.06976744186046512,0.046511627906976744,0.13953488372093023,0.023255813953488372,0.0,0.0,0.0,0.0,0.0,0.0,0.0,0.0,0.0,0.0
raw-L11021,11022,2004,【もう】侍【無理】,1,2.17254460776123,0.9406543033020976,5.087596335232384,1.6094379124341003,3.71965111278069,3.8066624897703196,0.0,0.0,0.0,0.0,1.8633540372670807,1.0,1.0,0.0,0.0,0.0,0.0,0.0,0.0,0.0,0.5031055900621118,0.2484472049689441,0.018633540372670808,0.11801242236024845,0.018633540372670808,0.0,2.484472049689441,0.0,0.0,0.0,0.0,0.0,0.0,0.0,0.0
raw-L11027,11028,2004,【もう】侍【無理】,0,0.025790562316609773,-1.7283276751491234,3.6888794541139363,0.6931471805599453,3.6888794541139363,3.6888794541139363,0.0,0.0,7.6923076923076925,0.0,0.0,1.0,1.0,0.0,0.0,0.0,0.0,0.0,0.0,0.0,0.5897435897435898,0.20512820512820515,0.05128205128205129,0.07692307692307693,0.0,0.0,0.0,0.0,0.0,0.0,0.0,0.0,0.0,0.0,0.0
raw-L11032,11033,2004,【もう】侍【無理】,1,3.07104176293464,-1.8337617776482344,4.770684624465665,2.0794415416798357,2.8743714165497236,3.58351893845611,0.8547008547008547,4.273504273504273,1.7094017094017093,0.0,6.837606837606837,0.7142857142857143,0.42857142857142855,0.14285714285714285,0.0,0.8547008547008547,0.0,0.0,0.0,0.0,0.3846153846153846,0.25641025641025644,0.16239316239316237,0.0,0.025641025641025644,0.0,0.0,0.0,0.0,0.0,0.0,0.0,0.0,0.0,0.0
raw-L11044,11045,2004,【もう】侍【無理】,1,2.416576624848775,-0.6297636812889948,4.143134726391533,1.0986122886681098,3.4657359027997265,3.5553480614894135,0.0,1.6129032258064515,0.0,0.0,1.6129032258064515,1.0,0.5,0.0,0.0,0.0,0.0,0.0,0.0,0.0,0.43548387096774194,0.16129032258064516,0.0,0.14516129032258063,0.03225806451612903,0.0,3.225806451612903,0.0,0.0,0.0,0.0,0.0,0.0,0.0,0.0
raw-L11049,11050,2004,【もう】侍【無理】,1,0.3758294422404351,-0.35797303601698627,3.912023005428146,1.3862943611198906,2.8526314299133175,3.295836866004329,0.0,0.0,2.0408163265306123,0.0,4.081632653061225,0.6666666666666666,1.0,0.0,0.0,0.0,0.0,0.0,0.0,0.0,0.6122448979591837,0.12244897959183673,0.10204081632653061,0.12244897959183673,0.020408163265306124,0.0,0.0,0.0,0.0,2.0408163265306123,0.0,0.0,0.0,0.0,0.0
raw-L11054,11055,2004,【もう】侍【無理】,3,2.2162177502674387,-5.013248361954877,3.784189633918261,1.0986122886681098,3.1135153092103742,3.1780538303479458,2.3255813953488373,0.0,4.651162790697675,0.0,2.3255813953488373,0.5,0.5,0.5,0.0,0.0,0.0,0.0,0.0,0.0,0.5348837209302326,0.3023255813953488,0.0,0.0,0.06976744186046512,0.023255813953488372,0.0,0.0,0.0,0.0,0.0,0.0,0.0,0.0,0.0
raw-L11059,11060,2004,【もう】侍【無理】,1,1.1814006821205065,0.7390745866252008,4.189654742026425,1.3862943611198906,3.120895416507997,3.4965075614664802,0.0,0.0,0.0,0.0,3.076923076923077,1.0,1.0,0.0,0.0,0.0,0.0,0.0,0.0,0.0,0.5692307692307692,0.2153846153846154,0.0,0.2153846153846154,0.0,0.0,0.0,0.0,0.0,0.0,0.0,1.5384615384615385,0.0,0.0,0.0
raw-L11065,11066,2004,【もう】侍【無理】,1,1.11528352269456,0.6141267445986701,4.204692619390966,1.3862943611198906,3.1354942159291497,3.6635616461296463,0.0,0.0,0.0,0.0,3.0303030303030303,1.0,1.0,0.0,0.0,0.0,0.0,0.0,0.0,0.0,0.5757575757575758,0.18181818181818182,0.0,0.24242424242424243,0.0,0.0,0.0,0.0,1.5151515151515151,0.0,0.0,0.0,0.0,0.0,0.0
raw-L11070,11071,2004,【もう】侍【無理】,1,0.6091424448724473,0.6632011914831334,4.02535169073515,1.0986122886681098,3.349904087274605,3.7612001156935624,0.0,0.0,0.0,0.0,1.8181818181818181,1.0,1.0,0.0,0.0,0.0,0.0,0.0,0.0,0.0,0.49090909090909096,0.4,0.0,0.05454545454545454,0.0,0.0,0.0,0.0,0.0,0.0,0.0,0.0,0.0,0.0,0.0
raw-L11074,11075,2004,【もう】侍【無理】,1,1.348718796087561,1.0256934141805376,4.584967478670572,1.791759469228055,3.0155349008501706,3.367295829986474,0.0,0.0,0.0,0.0,4.123711340206185,1.0,1.0,0.0,0.0,0.0,0.0,0.0,0.0,0.0,0.4845360824742268,0.29896907216494845,0.0,0.18556701030927836,0.020618556701030924,0.010309278350515462,0.0,0.0,1.0309278350515463,0.0,0.0,0.0,0.0,0.0,0.0
raw-L11081,11082,2004,【もう】侍【無理】,1,2.4768298803177045,-0.5211232447604872,4.605170185988092,1.3862943611198906,3.5263605246161616,3.7376696182833684,0.0,0.0,0.0,3.0303030303030303,2.0202020202020203,0.3333333333333333,1.0,0.0,0.0,0.0,0.0,0.0,0.0,0.0,0.6767676767676768,0.1919191919191919,0.0,0.10101010101010101,0.0,0.0,0.0,0.0,0.0,0.0,1.0101010101010102,0.0,0.0,0.0,0.0
raw-L11086,11087,2004,【もう】侍【無理】,1,1.0170156953689216,0.3865024032567587,4.59511985013459,1.6094379124341003,3.2386784521643803,3.871201010907891,0.0,0.0,1.0204081632653061,0.0,3.061224489795918,0.75,1.0,0.0,0.0,0.0,0.0,0.0,0.0,0.0,0.7142857142857143,0.21428571428571427,0.0,0.061224489795918366,0.0,0.0,1.0204081632653061,0.0,1.0204081632653061,1.0204081632653061,0.0,0.0,0.0,0.0,0.0
raw-L11092,11093,2004,【もう】侍【無理】,2,-0.7063064348350204,0.49107557118079964,3.2188758248682006,1.0986122886681098,2.5649493574615367,2.772588722239781,0.0,0.0,0.0,0.0,4.166666666666667,1.0,1.0,0.0,0.0,0.0,0.0,0.0,0.0,0.0,0.625,0.25,0.0,0.125,0.0,0.0,0.0,0.0,0.0,0.0,0.0,0.0,0.0,0.0,0.0
raw-L11096,11097,2004,【もう】侍【無理】,1,3.31645341974514,0.5623669708601957,5.3230099791384085,1.9459101490553132,3.5553480614894135,4.07753744390572,0.0,1.4705882352941178,0.0,0.0,2.450980392156863,1.0,0.6666666666666666,0.0,0.0,0.0,0.0,0.0,0.0,0.0,0.3627450980392157,0.4068627450980392,0.0,0.09313725490196079,0.05882352941176471,0.02450980392156863,0.0,0.0,0.0,0.9803921568627451,0.0,0.0,0.0,0.0,0.0
raw-L11104,11105,2004,【もう】侍【無理】,1,1.3642565816973582,1.132262575340943,4.51085950651685,1.6094379124341003,3.1570004211501135,3.9318256327243257,0.0,0.0,0.0,0.0,3.3333333333333335,1.0,1.0,0.0,0.0,0.0,0.0,0.0,0.0,0.0,0.4666666666666666,0.4,0.0,0.08888888888888889,0.044444444444444446,0.0,0.0,0.0,0.0,0.0,0.0,0.0,0.0,0.0,0.0
raw-L11112,11113,2004,【もう】侍【無理】,1,3.6632416095014215,0.8651353999207814,6.1463292576688975,2.302585092994046,3.9660902266984217,4.430816798843313,0.0,0.2145922746781116,1.0729613733905579,0.0,1.7167381974248928,0.8888888888888888,0.8888888888888888,0.0,0.0,0.0,0.0,0.0,0.0,0.0,0.5321888412017167,0.25751072961373395,0.012875536480686695,0.10515021459227468,0.03862660944206008,0.0,1.7167381974248928,0.0,0.8583690987124464,0.2145922746781116,0.0,0.0,0.0,0.0,0.0
raw-L11125,11126,2004,【もう】侍【無理】,1,1.2589867791381397,1.4652804539227604,4.897839799950911,1.9459101490553132,3.142714463902637,3.4657359027997265,0.0,0.0,0.0,0.0,3.7593984962406015,1.0,1.0,0.0,0.0,0.0,0.0,0.0,0.0,0.0,0.6390977443609023,0.2631578947368421,0.0,0.06766917293233082,0.015037593984962405,0.0,0.0,0.0,0.7518796992481203,0.0,0.7518796992481203,0.7518796992481203,0.0,0.0,0.0
raw-L11142,11143,2004,どのジョブも認める最不遇ジョブとは,1,2.552104573255316,0.7129132939520806,5.308267697401205,1.3862943611198906,4.219507705176107,4.406719247264253,0.0,0.0,0.4975124378109453,0.0,0.9950248756218906,1.0,1.0,0.0,0.0,0.0,0.0,0.0,0.0,0.0,0.5870646766169154,0.19402985074626866,0.02487562189054726,0.10945273631840796,0.03482587064676617,0.004975124378109453,1.492537313432836,0.0,0.4975124378109453,0.0,0.0,0.0,0.0,0.0,0.0
raw-L11148,11149,2004,どのジョブも認める最不遇ジョブとは,1,3.22189326090639,0.7937790005922288,5.517452896464707,2.0794415416798357,3.5953533961031128,4.127134385045092,0.0,0.4032258064516129,0.0,0.4032258064516129,2.4193548387096775,0.8571428571428571,0.8571428571428571,0.0,0.0,0.0,0.0,0.0,0.0,0.0,0.4758064516129032,0.3508064516129032,0.0,0.10887096774193548,0.028225806451612906,0.024193548387096774,0.0,0.0,0.0,1.2096774193548387,0.0,0.0,0.0,0.0,0.0
raw-L11157,11158,2004,どのジョブも認める最不遇ジョブとは,1,3.3091626013315665,0.7669302609878257,5.187385805840755,1.9459101490553132,3.4231762883809305,3.9318256327243257,0.0,0.5617977528089888,0.0,0.0,3.3707865168539324,1.0,0.8333333333333334,0.0,0.0,0.0,0.0,1.1235955056179776,0.0,0.0,0.5224719101123596,0.2752808988764045,0.0,0.14606741573033707,0.0,0.0,0.0,0.0,0.0,0.0,0.5617977528089888,0.5617977528089888,0.0,0.0,0.0
raw-L11166,11167,2004,どのジョブも認める最不遇ジョブとは,1,1.8242286117916977,0.7960840517082424,4.795790545596741,1.6094379124341003,3.4339872044851463,4.127134385045092,0.0,0.0,0.8333333333333334,0.0,2.5,1.0,1.0,0.0,0.0,0.0,0.0,0.0,0.0,0.0,0.5416666666666666,0.13333333333333333,0.04166666666666667,0.08333333333333334,0.025,0.0,3.3333333333333335,0.0,0.0,0.8333333333333334,0.0,0.0,0.0,0.0,0.0
raw-L11172,11173,2004,どのジョブも認める最不遇ジョブとは,1,2.256869809639508,1.162451873446383,5.0689042022202315,1.9459101490553132,3.3081069585961433,3.6375861597263857,0.0,0.0,0.0,0.0,3.1645569620253164,1.0,1.0,0.0,0.0,0.0,0.0,0.0,0.0,0.0,0.550632911392405,0.19620253164556964,0.03164556962025317,0.20253164556962028,0.012658227848101267,0.0,0.0,0.0,0.0,0.0,0.6329113924050633,0.0,0.0,0.0,0.0
raw-L11180,11181,2004,どのジョブも認める最不遇ジョブとは,1,0.7224544699378003,-1.4243135402523974,4.634728988229636,1.6094379124341003,3.2771447329921766,3.5553480614894135,0.0,0.0,5.882352941176471,0.0,2.9411764705882355,0.5,1.0,0.0,0.0,0.0,0.0,0.0,0.0,0.0,0.6274509803921569,0.18627450980392157,0.00980392156862745,0.11764705882352942,0.0,0.0,0.0,0.9803921568627451,2.9411764705882355,0.9803921568627451,0.0,0.0,0.0,0.0,0.0
raw-L11187,11188,2004,どのジョブも認める最不遇ジョブとは,1,1.9690360775282285,-0.7932897627963723,4.51085950651685,1.0986122886681098,3.828641396489095,4.110873864173311,0.0,0.0,2.2222222222222223,1.1111111111111112,1.1111111111111112,0.5,1.0,0.0,0.0,0.0,0.0,0.0,0.0,0.0,0.5666666666666667,0.3222222222222222,0.0,0.07777777777777778,0.0,0.0,0.0,3.3333333333333335,2.2222222222222223,1.1111111111111112,1.1111111111111112,0.0,0.0,0.0,0.0
raw-L11191,11192,2004,どのジョブも認める最不遇ジョブとは,1,0.3463277669395723,1.6719510739425418,4.442651256490317,1.791759469228055,2.8791984572980396,3.2188758248682006,0.0,0.0,0.0,0.0,4.761904761904762,1.0,1.0,0.0,0.0,0.0,0.0,0.0,0.0,0.0,0.6547619047619048,0.34523809523809523,0.0,0.0,0.0,0.0,0.0,4.761904761904762,0.0,0.0,3.5714285714285716,0.0,0.0,0.0,0.0
raw-L11200,11201,2004,どのジョブも認める最不遇ジョブとは,1,2.1635182236191284,-0.42067555865596185,4.5217885770490405,1.3862943611198906,3.4446824936018943,3.8501476017100584,0.0,2.197802197802198,1.098901098901099,0.0,2.197802197802198,0.6666666666666666,0.6666666666666666,0.0,0.0,0.0,0.0,0.0,0.0,0.0,0.6593406593406592,0.26373626373626374,0.0,0.0,0.0,0.03296703296703297,0.0,1.098901098901099,0.0,0.0,2.197802197802198,1.098901098901099,0.0,0.0,0.0
raw-L11205,11206,2004,どのジョブも認める最不遇ジョブとは,1,3.7268843308138995,-0.7276779038760621,4.927253685157205,1.791759469228055,3.3463891451671604,3.7376696182833684,0.7299270072992701,1.4598540145985401,0.7299270072992701,0.0,4.37956204379562,0.8,0.4,0.0,0.0,1.4598540145985401,0.0,1.4598540145985401,0.0,0.0,0.5401459854014599,0.27007299270072993,0.0,0.072992700729927,0.0,0.0,0.0,0.7299270072992701,0.7299270072992701,0.0,0.7299270072992701,0.0,0.0,0.0,0.0
raw-L11214,11215,2004,どのジョブも認める最不遇ジョブとは,1,3.839355702740694,1.3842656883552875,5.749392985908253,2.302585092994046,3.577326968208189,4.007333185232471,0.3194888178913738,0.6389776357827476,0.0,0.0,2.8753993610223643,1.0,0.6666666666666666,0.0,0.0,2.5559105431309903,0.0,0.0,0.0,2.236421725239617,0.3706070287539936,0.329073482428115,0.0415335463258786,0.08945686900958467,0.04472843450479234,0.0,0.0,0.3194888178913738,0.0,0.0,0.0,0.0,0.0,0.0,0.0
raw-L11226,11227,2004,どのジョブも認める最不遇ジョブとは,1,1.904056634123185,0.28858952939816607,5.030437921392435,1.791759469228055,3.4468078929142076,3.8918202981106265,0.0,1.3157894736842106,0.6578947368421053,0.0,2.6315789473684212,1.0,0.6,0.0,0.0,0.0,0.0,0.0,0.0,0.0,0.6447368421052632,0.3157894736842105,0.019736842105263157,0.0,0.0,0.0,0.0,3.289473684210526,0.6578947368421053,0.6578947368421053,0.0,0.6578947368421053,0.0,0.6578947368421053,0.0
raw-L11233,11234,2004,どのジョブも認める最不遇ジョブとは,1,0.2792987413482114,-1.2640415033622936,3.713572066704308,1.0986122886681098,3.044522437723423,3.2188758248682006,0.0,0.0,2.5,0.0,2.5,0.5,1.0,0.0,0.0,0.0,0.0,0.0,0.0,0.0,0.375,0.125,0.0,0.475,0.0,0.0,0.0,0.0,2.5,0.0,0.0,0.0,0.0,0.0,0.0
raw-L11238,11239,2004,どのジョブも認める最不遇ジョブとは,1,3.3061600143710788,0.48725360096463777,5.181783550292085,1.6094379124341003,3.8122026701459353,4.219507705176107,0.0,1.1299435028248588,0.0,0.0,1.694915254237288,1.0,0.75,0.0,0.0,0.5649717514124294,0.0,0.0,0.0,0.0,0.5875706214689266,0.19774011299435026,0.028248587570621472,0.13559322033898305,0.005649717514124294,0.005649717514124294,0.0,2.2598870056497176,0.5649717514124294,1.694915254237288,0.5649717514124294,0.0,0.0,0.0,0.0
raw-L11244,11245,2004,どのジョブも認める最不遇ジョブとは,1,0.6044089330613454,-1.0756015528939453,4.276666119016055,1.3862943611198906,3.20545280453606,3.6888794541139363,0.0,0.0,4.225352112676056,0.0,2.816901408450704,0.6666666666666666,1.0,0.0,0.0,0.0,0.0,1.408450704225352,0.0,0.0,0.6338028169014085,0.2112676056338028,0.0,0.04225352112676056,0.0,0.0,0.0,2.816901408450704,1.408450704225352,0.0,0.0,0.0,0.0,0.0,0.0
raw-L11255,11256,2004,ーーーーーﾏｼﾞ終ーーーーーー,1,1.2570317168540353,1.1104215507299426,4.5217885770490405,1.6094379124341003,3.1675825304806504,3.6109179126442243,0.0,0.0,1.098901098901099,0.0,3.2967032967032965,1.0,1.0,0.0,1.098901098901099,0.0,0.0,0.0,0.0,0.0,0.7032967032967034,0.19780219780219782,0.0,0.03296703296703297,0.0,0.0,0.0,0.0,0.0,0.0,0.0,0.0,0.0,0.0,0.0
raw-L11262,11263,2004,ーーーーーﾏｼﾞ終ーーーーーー,1,4.201292436934557,0.7130830242011362,5.8971538676367405,2.3978952727983707,3.6189933266497696,4.330733340286331,0.0,1.1019283746556474,0.27548209366391185,0.0,2.479338842975207,0.9,0.6,0.0,0.0,0.0,0.0,0.0,0.0,0.0,0.47658402203856753,0.33608815426997246,0.005509641873278237,0.10743801652892562,0.030303030303030304,0.027548209366391182,0.0,0.0,0.0,0.5509641873278237,0.8264462809917356,0.0,0.0,0.0,0.0
raw-L11274,11275,2004,ーーーーーﾏｼﾞ終ーーーーーー,1,0.9755896815090904,-0.6557808878134838,4.465908118654584,1.3862943611198906,3.39002408106403,3.6375861597263857,0.0,0.0,3.488372093023256,0.0,2.3255813953488373,0.6666666666666666,1.0,0.0,0.0,0.0,0.0,0.0,0.0,0.0,0.6162790697674418,0.24418604651162792,0.0,0.10465116279069768,0.0,0.0,1.1627906976744187,2.3255813953488373,0.0,1.1627906976744187,0.0,0.0,0.0,0.0,0.0
raw-L11280,11281,2004,ーーーーーﾏｼﾞ終ーーーーーー,1,2.4001612584007663,0.9116554777821189,5.017279836814924,1.791759469228055,3.4339872044851463,3.6888794541139363,0.0,0.0,0.6666666666666666,0.0,2.6666666666666665,0.8,1.0,0.0,0.0,0.6666666666666666,0.0,0.0,0.0,0.6666666666666666,0.52,0.20666666666666667,0.04,0.14666666666666667,0.02,0.02,0.6666666666666666,1.3333333333333333,0.0,0.0,1.3333333333333333,0.6666666666666666,0.0,0.0,0.0
raw-L11287,11288,2004,ーーーーーﾏｼﾞ終ーーーーーー,1,1.9968030084912258,0.09406412022454623,4.882801922586371,1.6094379124341003,3.518980417318539,4.04305126783455,0.0,0.7633587786259542,1.5267175572519085,0.0,3.053435114503817,0.75,0.75,0.0,0.0,0.0,0.0,0.0,0.0,0.0,0.5877862595419847,0.36641221374045796,0.0,0.022900763358778622,0.0,0.0,0.0,0.7633587786259542,0.0,0.0,0.7633587786259542,0.0,0.0,0.7633587786259542,0.0
raw-L11294,11295,2004,ーーーーーﾏｼﾞ終ーーーーーー,1,2.6496271546070895,0.0993800254185119,4.499809670330265,1.3862943611198906,3.4231762883809305,3.871201010907891,0.0,1.1235955056179776,0.0,0.0,2.247191011235955,1.0,0.6666666666666666,0.0,0.0,0.0,0.0,0.0,0.0,0.0,0.5955056179775281,0.15730337078651685,0.0,0.2359550561797753,0.0,0.0,0.0,0.0,1.1235955056179776,0.0,1.1235955056179776,0.0,0.0,0.0,0.0
raw-L11300,11301,2004,ーーーーーﾏｼﾞ終ーーーーーー,1,3.521823014856707,-0.6414342915257817,5.231108616854587,1.791759469228055,3.6428355156125294,3.9318256327243257,1.075268817204301,1.075268817204301,2.150537634408602,0.0,2.150537634408602,0.8,0.8,0.0,0.5376344086021505,0.5376344086021505,0.0,0.0,0.5376344086021505,0.0,0.5698924731182796,0.23655913978494625,0.01075268817204301,0.08602150537634408,0.0,0.0,0.0,0.0,0.0,0.0,0.5376344086021505,0.0,0.0,0.0,0.0
raw-L11307,11308,2004,ーーーーーﾏｼﾞ終ーーーーーー,1,3.930746535204054,-0.7639329697280562,4.844187086458591,1.3862943611198906,3.7612001156935624,3.9889840465642745,0.0,0.0,1.5873015873015872,2.380952380952381,1.5873015873015872,0.6666666666666666,1.0,0.0,0.0,0.0,0.7936507936507936,1.5873015873015872,0.0,0.0,0.5714285714285715,0.1746031746031746,0.0,0.15873015873015872,0.0,0.0,0.0,0.0,0.0,0.0,0.0,0.7936507936507936,0.0,0.0,0.0
raw-L11313,11314,2004,ーーーーーﾏｼﾞ終ーーーーーー,1,2.9295770499654563,0.4371034003569238,5.056245805348308,1.3862943611198906,3.970291913552122,4.2626798770413155,0.0,0.6410256410256411,0.0,0.0,1.2820512820512822,1.0,0.6666666666666666,0.0,0.0,0.0,0.0,0.0,0.0,0.0,0.608974358974359,0.20512820512820515,0.006410256410256411,0.06410256410256411,0.032051282051282055,0.0,1.9230769230769231,0.0,0.0,0.6410256410256411,0.6410256410256411,0.0,0.0,0.0,0.0
raw-L11318,11319,2004,ーーーーーﾏｼﾞ終ーーーーーー,1,3.332243361100129,1.1399441869879847,5.19295685089021,1.6094379124341003,3.82319179172153,4.248495242049359,0.0,0.0,0.0,0.0,1.675977653631285,1.0,1.0,0.0,0.5586592178770949,0.0,0.0,0.0,0.0,0.0,0.5586592178770949,0.18435754189944134,0.01675977653631285,0.18435754189944134,0.022346368715083796,0.0,0.5586592178770949,0.0,0.5586592178770949,0.5586592178770949,0.5586592178770949,0.0,0.0,0.0,0.0
raw-L11324,11325,2004,ーーーーーﾏｼﾞ終ーーーーーー,1,1.9334313691888014,-0.9591553959360235,4.672828834461906,1.3862943611198906,3.592735593561034,3.828641396489095,0.0,0.0,1.8867924528301887,0.0,1.8867924528301887,0.3333333333333333,1.0,0.0,0.0,0.0,0.0,0.0,0.0,0.0,0.5849056603773585,0.14150943396226415,0.0,0.16037735849056603,0.0,0.0,2.830188679245283,0.0,0.0,0.0,0.0,0.0,0.0,0.0,0.0
raw-L11329,11330,2004,ーーーーーﾏｼﾞ終ーーーーーー,1,2.688111059070284,-1.2422427960033888,4.07753744390572,1.3862943611198906,3.0122615755052013,3.4657359027997265,0.0,5.172413793103448,0.0,0.0,3.4482758620689653,1.0,0.3333333333333333,0.0,0.0,0.0,0.0,0.0,0.0,0.0,0.5862068965517241,0.12068965517241378,0.0,0.1724137931034483,0.0,0.0,0.0,1.7241379310344827,0.0,0.0,0.0,0.0,0.0,0.0,0.0
raw-L11334,11335,2004,ーーーーーﾏｼﾞ終ーーーーーー,1,2.479119432639424,-1.913622009320401,4.927253685157205,1.6094379124341003,3.5624655292582776,3.784189633918261,0.0,0.7299270072992701,3.6496350364963503,0.0,2.18978102189781,0.25,0.75,0.0,0.0,0.0,0.0,0.0,0.0,0.0,0.5620437956204379,0.1678832116788321,0.029197080291970802,0.18978102189781024,0.0,0.0,0.0,0.7299270072992701,0.0,0.0,0.0,0.7299270072992701,0.0,0.0,0.0
raw-L11340,11341,2004,ーーーーーﾏｼﾞ終ーーーーーー,1,3.5707774558798784,0.09294133523134565,5.4116460518550396,1.791759469228055,3.8199077165203406,4.060443010546419,0.0,0.4484304932735426,0.0,1.345291479820628,1.7937219730941705,0.6,0.8,0.0,0.0,0.0,0.0,0.0,0.0,0.0,0.5201793721973094,0.273542600896861,0.07174887892376682,0.053811659192825115,0.04035874439461883,0.013452914798206279,0.0,0.0,0.0,1.7937219730941705,0.8968609865470852,0.0,0.0,0.0,0.0
raw-L11356,11357,2005,【残心】LV4 SAM【斬新】,3,7.102686301887654,-5.3461340684805725,5.932245187448011,2.3978952727983707,3.653252276470785,4.110873864173311,2.6595744680851063,2.393617021276596,0.7978723404255319,0.0,2.393617021276596,0.2,0.2,0.7,0.0,0.0,0.0,0.0,0.0,0.0,0.42287234042553196,0.3962765957446808,0.0398936170212766,0.031914893617021274,0.031914893617021274,0.010638297872340425,0.26595744680851063,0.0,0.0,0.7978723404255319,0.0,0.0,0.0,0.0,0.0
raw-L11368,11369,2005,【残心】LV4 SAM【斬新】,1,2.719711740752551,-0.8127732872089198,4.8283137373023015,1.3862943611198906,3.7455747977904816,3.9512437185814275,0.0,0.8064516129032258,4.032258064516129,0.8064516129032258,1.6129032258064515,0.6666666666666666,0.6666666666666666,0.0,0.8064516129032258,0.8064516129032258,0.0,0.0,0.0,0.0,0.6129032258064516,0.29838709677419356,0.0,0.0,0.0,0.0,0.0,0.0,0.0,0.8064516129032258,0.0,0.0,0.0,0.8064516129032258,0.0
raw-L11373,11374,2005,【残心】LV4 SAM【斬新】,3,7.3613036933190585,-4.509380505619488,5.497168225293202,1.9459101490553132,3.7256934272366524,4.2626798770413155,2.880658436213992,1.2345679012345678,2.4691358024691357,0.823045267489712,2.05761316872428,0.5,0.16666666666666666,0.3333333333333333,0.823045267489712,0.0,0.411522633744856,0.411522633744856,0.0,0.0,0.5473251028806585,0.2222222222222222,0.03292181069958848,0.08641975308641975,0.012345679012345678,0.0,1.2345679012345678,0.0,0.411522633744856,1.2345679012345678,0.0,0.0,0.0,0.0,0.0
raw-L11381,11382,2005,【残心】LV4 SAM【斬新】,3,5.813399802914994,-3.5542602587818175,5.081404364984463,1.6094379124341003,3.713572066704308,4.127134385045092,1.875,1.875,0.625,0.0,1.875,0.5,0.0,0.25,0.625,0.0,0.625,0.0,0.0,0.0,0.54375,0.24375,0.1,0.0375,0.00625,0.0,0.625,0.0,0.625,1.25,0.0,0.0,0.0,0.625,0.0
raw-L11387,11388,2005,【残心】LV4 SAM【斬新】,3,7.023258730036696,-3.65633376113689,6.003887067106539,2.1972245773362196,3.9415818076696905,4.330733340286331,1.7326732673267327,0.9900990099009901,0.49504950495049505,0.0,1.7326732673267327,0.375,0.25,0.5,0.24752475247524752,0.0,0.0,0.0,0.0,0.0,0.4405940594059406,0.3341584158415841,0.024752475247524754,0.14356435643564358,0.017326732673267328,0.0,0.0,0.0,0.0,0.49504950495049505,0.24752475247524752,0.0,0.0,0.0,0.0
raw-L11397,11398,2005,【残心】LV4 SAM【斬新】,3,5.750825594809703,-2.863336908809637,5.8664680569332965,2.302585092994046,3.6916533809966614,4.007333185232471,1.1363636363636365,0.8522727272727273,0.0,0.5681818181818182,2.272727272727273,0.3333333333333333,0.3333333333333333,0.4444444444444444,0.0,0.2840909090909091,0.0,0.0,0.0,0.0,0.42329545454545453,0.3693181818181818,0.045454545454545456,0.07102272727272728,0.03125,0.011363636363636364,0.0,0.0,0.0,0.8522727272727273,0.0,0.0,0.0,0.0,0.0
raw-L11408,11409,2005,【残心】LV4 SAM【斬新】,1,4.472089751275078,-1.3628897221737633,5.66988092298052,2.0794415416798357,3.744449305268747,4.02535169073515,0.6920415224913494,1.0380622837370241,0.3460207612456747,0.6920415224913494,2.0761245674740483,0.5714285714285714,0.5714285714285714,0.14285714285714285,0.0,0.0,0.0,0.0,0.0,0.0,0.48788927335640137,0.28719723183391005,0.024221453287197228,0.10380622837370242,0.027681660899653977,0.010380622837370242,0.0,0.0,0.6920415224913494,0.0,0.0,0.3460207612456747,0.0,0.0,0.0
raw-L11417,11419,2005,【残心】LV4 SAM【斬新】,1,3.913111714839238,-1.1150847441766139,5.220355825078324,1.6094379124341003,3.8501476017100584,4.276666119016055,0.0,2.1739130434782608,1.6304347826086956,0.0,1.6304347826086956,0.75,0.25,0.0,0.0,0.0,0.0,0.0,0.0,0.5434782608695652,0.592391304347826,0.24456521739130432,0.0,0.08152173913043478,0.0,0.03260869565217391,0.0,2.1739130434782608,0.5434782608695652,0.5434782608695652,1.0869565217391304,1.0869565217391304,0.0,0.0,0.0
raw-L11424,11426,2005,【残心】LV4 SAM【斬新】,1,5.462859799710553,-0.860033575986389,5.905361848054571,2.1972245773362196,3.844814255734696,4.356708826689592,0.546448087431694,1.9125683060109289,0.0,0.0,1.9125683060109289,0.875,0.25,0.125,0.0,0.0,0.273224043715847,0.0,0.0,0.0,0.4726775956284153,0.3087431693989071,0.03825136612021858,0.09016393442622951,0.03278688524590164,0.005464480874316941,0.0,0.273224043715847,0.0,0.546448087431694,0.546448087431694,0.0,0.0,0.273224043715847,0.0
raw-L11435,11436,2005,【残心】LV4 SAM【斬新】,3,4.630365900176251,-2.286738026862733,5.288267030694535,1.9459101490553132,3.521446509813732,3.970291913552122,1.015228426395939,0.0,1.015228426395939,0.5076142131979695,2.5380710659898478,0.3333333333333333,0.6666666666666666,0.3333333333333333,0.0,0.0,0.0,0.0,0.0,0.0,0.5989847715736041,0.2131979695431472,0.0,0.15228426395939088,0.0,0.01015228426395939,0.0,0.0,0.0,0.0,1.015228426395939,0.0,0.0,0.5076142131979695,0.0
raw-L11443,11444,2005,【残心】LV4 SAM【斬新】,1,4.6483452469713065,-0.4312714283832604,5.796057750765372,2.1972245773362196,3.7376696182833684,4.07753744390572,0.0,1.829268292682927,1.2195121951219512,0.9146341463414634,2.1341463414634148,0.75,0.375,0.0,0.3048780487804878,0.3048780487804878,0.6097560975609756,0.3048780487804878,0.0,0.0,0.6128048780487805,0.23170731707317074,0.024390243902439025,0.012195121951219513,0.006097560975609756,0.03658536585365854,0.9146341463414634,0.0,0.6097560975609756,0.9146341463414634,0.3048780487804878,0.0,0.0,0.3048780487804878,0.0
raw-L11453,11454,2005,【残心】LV4 SAM【斬新】,3,5.4834022323408895,-3.6437896144122237,5.700443573390687,1.9459101490553132,3.9252682321781664,4.143134726391533,1.342281879194631,2.348993288590604,1.0067114093959733,0.0,1.6778523489932886,0.5,0.0,0.3333333333333333,0.0,0.0,0.0,0.0,0.0,0.0,0.6241610738255033,0.23154362416107382,0.04697986577181208,0.04026845637583893,0.010067114093959733,0.0,0.0,1.342281879194631,2.0134228187919465,0.33557046979865773,0.0,1.0067114093959733,0.0,0.33557046979865773,0.0
raw-L11461,11462,2005,【残心】LV4 SAM【斬新】,3,6.145282009249962,-2.667341350210141,5.968707559985366,1.9459101490553132,4.189654742026425,4.330733340286331,1.2820512820512822,2.051282051282051,0.5128205128205128,0.7692307692307693,1.2820512820512822,0.6666666666666666,0.0,0.16666666666666666,0.0,0.2564102564102564,0.0,0.2564102564102564,0.0,2.3076923076923075,0.5153846153846154,0.30512820512820515,0.025641025641025644,0.06666666666666667,0.0,0.0,0.0,1.2820512820512822,0.7692307692307693,0.5128205128205128,0.0,0.0,0.0,0.0,0.0
raw-L11469,11470,2005,【残心】LV4 SAM【斬新】,3,5.535419607282365,-4.842478229467669,5.365976015021851,1.791759469228055,3.775057150354989,4.174387269895637,1.8779342723004695,0.9389671361502347,0.9389671361502347,0.0,1.8779342723004695,0.2,0.2,0.6,0.0,0.0,0.0,0.0,0.0,0.0,0.6478873239436619,0.24413145539906103,0.03286384976525822,0.03755868544600939,0.0,0.0,0.0,1.408450704225352,1.408450704225352,0.4694835680751174,0.0,0.4694835680751174,0.4694835680751174,0.0,0.0
raw-L11476,11477,2005,【残心】LV4 SAM【斬新】,1,1.2084954166981627,0.1697079961417666,4.477336814478207,1.3862943611198906,3.4011973816621555,3.5263605246161616,0.0,1.1494252873563218,0.0,0.0,2.2988505747126435,1.0,0.6666666666666666,0.0,0.0,0.0,0.0,0.0,0.0,1.1494252873563218,0.632183908045977,0.27586206896551724,0.0,0.022988505747126436,0.0,0.034482758620689655,0.0,1.1494252873563218,0.0,0.0,0.0,0.0,0.0,0.0,0.0
raw-L11481,11482,2005,【残心】LV4 SAM【斬新】,3,6.55556864432822,-3.2097304332836534,5.723585101952381,2.0794415416798357,3.797093038754169,4.0943445622221,1.639344262295082,2.2950819672131146,0.0,0.0,1.9672131147540983,0.5714285714285714,0.0,0.42857142857142855,0.6557377049180327,0.32786885245901637,0.32786885245901637,0.0,0.0,0.0,0.5573770491803279,0.26885245901639343,0.026229508196721308,0.0,0.04918032786885246,0.01639344262295082,0.32786885245901637,0.6557377049180327,0.0,0.6557377049180327,0.0,0.32786885245901637,0.0,0.6557377049180327,0.0
raw-L11490,11491,2005,【残心】LV4 SAM【斬新】,3,4.507826360349067,-2.6986441926951947,5.332718793265369,1.9459101490553132,3.5648268054439574,3.713572066704308,0.970873786407767,1.4563106796116505,1.4563106796116505,1.4563106796116505,2.4271844660194173,0.3333333333333333,0.5,0.16666666666666666,0.0,0.0,0.0,0.0,0.0,0.0,0.5825242718446603,0.2184466019417476,0.03398058252427184,0.09223300970873786,0.0,0.00970873786407767,0.0,0.0,0.4854368932038835,0.4854368932038835,0.0,0.4854368932038835,0.0,0.4854368932038835,0.0
raw-L11499,11500,2005,【残心】LV4 SAM【斬新】,3,4.953584245251683,-1.9097204219976591,5.583496308781699,1.9459101490553132,3.8103593516516456,3.9318256327243257,0.7547169811320755,1.509433962264151,1.8867924528301887,0.0,1.8867924528301887,0.6666666666666666,0.3333333333333333,0.16666666666666666,0.0,0.0,0.37735849056603776,0.0,0.0,0.0,0.5358490566037736,0.2528301886792453,0.030188679245283023,0.11320754716981131,0.011320754716981131,0.0,0.0,0.0,0.37735849056603776,0.7547169811320755,0.7547169811320755,0.0,0.0,0.7547169811320755,0.0
raw-L11507,11508,2005,【残心】LV4 SAM【斬新】,3,6.8427757541131555,-3.5916350498568783,6.016157159698354,2.302585092994046,3.8382568551885368,4.343805421853684,1.466992665036675,1.7114914425427872,0.24449877750611246,0.0,1.9559902200488997,0.4444444444444444,0.2222222222222222,0.5555555555555556,0.0,0.0,0.0,0.0,0.0,0.0,0.4449877750611247,0.3349633251833741,0.02444987775061125,0.09290953545232274,0.039119804400977995,0.007334963325183375,0.0,0.4889975550122249,0.0,0.9779951100244498,0.0,0.0,0.24449877750611246,0.24449877750611246,0.0
raw-L11518,11519,2005,【残心】LV4 SAM【斬新】,3,5.40843224856364,-4.431572287409248,4.553876891600541,1.3862943611198906,3.476098689835273,3.6888794541139363,1.0638297872340425,3.1914893617021276,1.0638297872340425,0.0,2.127659574468085,0.3333333333333333,0.0,0.3333333333333333,0.0,0.0,0.0,0.0,0.0,0.0,0.46808510638297873,0.24468085106382978,0.0,0.23404255319148937,0.0,0.0,0.0,0.0,0.0,0.0,1.0638297872340425,0.0,0.0,0.0,0.0
raw-L11523,11524,2005,【残心】LV4 SAM【斬新】,3,5.484021232725031,-2.9134648249072654,5.53338948872752,1.9459101490553132,3.7612001156935624,4.07753744390572,1.5873015873015872,1.1904761904761905,1.1904761904761905,0.0,1.9841269841269842,0.5,0.5,0.3333333333333333,0.0,0.0,0.0,0.0,0.0,0.0,0.5555555555555556,0.2341269841269841,0.011904761904761904,0.14682539682539683,0.011904761904761904,0.0,0.0,0.0,0.0,0.3968253968253968,0.7936507936507936,0.0,0.0,0.0,0.0
raw-L11531,11532,2005,【残心】LV4 SAM【斬新】,1,2.34995264315096,-0.2862779162095101,4.6443908991413725,1.6094379124341003,3.2865344733420154,3.5553480614894135,0.0,0.970873786407767,0.970873786407767,0.0,2.912621359223301,0.75,0.75,0.0,0.0,0.0,0.970873786407767,0.0,0.0,0.0,0.5922330097087378,0.18446601941747573,0.06796116504854369,0.11650485436893204,0.0,0.0,0.0,0.0,0.0,0.0,0.0,0.0,0.0,0.970873786407767,0.0
raw-L11537,11538,2005,【残心】LV4 SAM【斬新】,3,2.117460253341041,-3.1359934173640807,4.356708826689592,1.3862943611198906,3.283414346005772,3.6635616461296463,2.5974025974025974,0.0,3.896103896103896,0.0,2.5974025974025974,0.3333333333333333,0.6666666666666666,0.0,0.0,0.0,0.0,0.0,0.0,0.0,0.6623376623376623,0.2337662337662338,0.0,0.0,0.0,0.03896103896103896,0.0,0.0,0.0,0.0,1.2987012987012987,0.0,0.0,0.0,0.0
raw-L11542,11543,2005,【残心】LV4 SAM【斬新】,3,5.746320619556617,-2.4709317670931843,5.793013608384144,2.0794415416798357,3.865230843921387,4.430816798843313,1.2232415902140672,1.529051987767584,0.0,0.0,1.834862385321101,0.5714285714285714,0.42857142857142855,0.42857142857142855,0.0,0.3058103975535168,0.0,0.0,0.0,0.0,0.5107033639143731,0.27522935779816515,0.01834862385321101,0.06727828746177371,0.051987767584097865,0.024464831804281342,0.0,0.3058103975535168,0.0,1.2232415902140672,0.0,0.6116207951070336,0.0,0.0,0.0
raw-L11551,11552,2005,【残心】LV4 SAM【斬新】,1,4.838003951905397,-0.8114290601208454,5.998936561946683,2.302585092994046,3.821368637160015,4.356708826689592,0.746268656716418,0.9950248756218906,1.243781094527363,0.4975124378109453,1.9900497512437811,0.6666666666666666,0.4444444444444444,0.0,0.0,0.24875621890547264,0.24875621890547264,0.0,0.0,0.24875621890547264,0.48009950248756217,0.27860696517412936,0.05970149253731344,0.0746268656716418,0.03233830845771144,0.01243781094527363,0.0,0.24875621890547264,0.4975124378109453,1.243781094527363,0.0,0.746268656716418,0.0,0.0,0.0
raw-L11562,11563,2005,【残心】LV4 SAM【斬新】,3,4.776956265214503,-3.675517176603438,4.77912349311153,1.791759469228055,3.202746442938317,3.5263605246161616,2.542372881355932,0.0,1.694915254237288,0.0,3.389830508474576,0.4,0.4,0.4,0.0,0.847457627118644,0.847457627118644,0.0,0.0,0.0,0.6440677966101696,0.19491525423728814,0.01694915254237288,0.059322033898305086,0.0,0.0,0.0,0.847457627118644,0.847457627118644,0.847457627118644,0.847457627118644,0.0,0.847457627118644,0.0,0.0
raw-L11570,11571,2005,【残心】LV4 SAM【斬新】,3,3.6947409303407897,-4.375501676983286,4.653960350157523,1.3862943611198906,3.574216545793796,3.8066624897703196,1.9230769230769231,0.9615384615384616,1.9230769230769231,0.0,1.9230769230769231,0.3333333333333333,0.3333333333333333,0.3333333333333333,0.0,0.0,0.0,0.0,0.0,0.0,0.4519230769230769,0.27884615384615385,0.019230769230769232,0.0673076923076923,0.0,0.1346153846153846,0.0,2.8846153846153846,1.9230769230769231,0.9615384615384616,0.0,0.0,0.0,0.0,0.0
raw-L11575,11576,2005,【残心】LV4 SAM【斬新】,1,4.6375747297419085,0.31352143103840385,5.823045895483019,2.0794415416798357,3.894731508318085,4.394449154672439,0.29673590504451036,1.4836795252225519,0.0,0.0,1.7804154302670623,1.0,0.42857142857142855,0.0,0.0,0.29673590504451036,0.8902077151335311,0.0,0.0,0.0,0.56973293768546,0.3026706231454006,0.03560830860534125,0.044510385756676554,0.005934718100890207,0.0,0.0,0.0,0.0,1.1869436201780414,0.29673590504451036,0.29673590504451036,0.0,0.29673590504451036,0.0
raw-L11584,11585,2005,【残心】LV4 SAM【斬新】,1,2.0524932125710658,-0.505618291846039,4.882801922586371,1.3862943611198906,3.7992275112828016,3.9512437185814275,0.0,0.7633587786259542,0.7633587786259542,0.0,1.5267175572519085,0.6666666666666666,0.6666666666666666,0.0,0.0,0.0,0.0,0.0,0.0,0.0,0.7251908396946566,0.22137404580152673,0.0,0.03816793893129771,0.0,0.0,0.0,0.7633587786259542,0.0,1.5267175572519085,0.0,0.0,0.0,0.0,0.0
raw-L11589,11590,2005,【残心】LV4 SAM【斬新】,1,3.4492639382536416,-0.9488315299805914,5.4116460518550396,1.9459101490553132,3.6419625343261846,3.871201010907891,0.8968609865470852,0.4484304932735426,0.4484304932735426,0.0,2.242152466367713,0.6666666666666666,0.6666666666666666,0.16666666666666666,0.0,0.4484304932735426,0.4484304932735426,0.0,0.0,0.0,0.6726457399103138,0.22869955156950675,0.008968609865470852,0.04484304932735426,0.0,0.008968609865470852,0.0,0.8968609865470852,0.4484304932735426,0.8968609865470852,0.0,0.0,0.0,0.4484304932735426,0.0
raw-L11597,11598,2005,【残心】LV4 SAM【斬新】,1,2.3550614204993594,-0.8753987750019211,5.236441962829949,1.6094379124341003,3.865979066926739,4.23410650459726,0.0,0.5347593582887701,2.6737967914438503,0.0,1.6042780748663101,0.5,0.75,0.0,0.0,0.0,0.0,0.0,0.0,0.0,0.6524064171122994,0.2620320855614973,0.0,0.053475935828877004,0.0,0.0,0.0,1.6042780748663101,1.0695187165775402,0.0,0.5347593582887701,0.0,0.0,0.0,0.0
raw-L11603,11604,2005,【残心】LV4 SAM【斬新】,1,5.4486681808474104,0.03846296072425403,6.505784060128229,2.6390573296152584,3.9586129486879758,4.276666119016055,0.4491017964071856,1.1976047904191616,0.0,0.2994011976047904,1.7964071856287425,0.9230769230769231,0.38461538461538464,0.07692307692307693,0.2994011976047904,0.0,0.0,0.0,0.0,0.1497005988023952,0.5508982035928144,0.281437125748503,0.008982035928143712,0.08083832335329343,0.03592814371257485,0.0074850299401197605,0.1497005988023952,0.2994011976047904,0.0,0.2994011976047904,0.2994011976047904,0.2994011976047904,0.1497005988023952,0.1497005988023952,0.0
raw-L11618,11619,2005,【残心】LV4 SAM【斬新】,1,5.8190968871329,-1.2471666020073102,6.395261598115449,2.3978952727983707,4.107589788972121,4.574710978503383,0.16722408026755853,1.3377926421404682,1.0033444816053512,1.6722408026755853,1.5050167224080269,0.4,0.6,0.1,0.0,0.16722408026755853,0.0,0.0,0.0,0.0,0.45819397993311034,0.2826086956521739,0.02508361204013378,0.13210702341137123,0.026755852842809364,0.011705685618729098,0.0,0.0,0.6688963210702341,0.33444816053511706,0.33444816053511706,0.16722408026755853,0.0,0.0,0.0
raw-L11630,11631,2005,【残心】LV4 SAM【斬新】,1,3.688831871809533,0.09192177335259087,5.332718793265369,1.791759469228055,3.742420221041966,3.9889840465642745,0.0,0.0,1.4563106796116505,1.4563106796116505,1.941747572815534,0.6,1.0,0.0,0.970873786407767,0.0,0.0,0.0,0.0,0.4854368932038835,0.5631067961165048,0.23300970873786409,0.014563106796116505,0.1116504854368932,0.0,0.01941747572815534,0.0,0.4854368932038835,1.4563106796116505,0.4854368932038835,0.0,0.0,0.4854368932038835,0.0,0.0
raw-L11637,11638,2005,【残心】LV4 SAM【斬新】,3,5.671683297136818,-1.1811320846623306,5.8971538676367405,2.0794415416798357,3.967592856582957,4.356708826689592,0.5509641873278237,1.9283746556473829,0.0,0.0,1.6528925619834711,0.8571428571428571,0.14285714285714285,0.14285714285714285,0.0,0.0,0.27548209366391185,0.0,0.0,0.0,0.47658402203856753,0.30578512396694213,0.03856749311294766,0.09090909090909091,0.03305785123966942,0.005509641873278237,0.0,0.27548209366391185,0.0,0.5509641873278237,0.5509641873278237,0.0,0.0,0.27548209366391185,0.0
raw-L11646,11647,2005,【残心】LV4 SAM【斬新】,1,5.318200951845701,0.07122859470012032,6.2422232654551655,2.302585092994046,4.060443010546419,4.174387269895637,0.5847953216374269,0.5847953216374269,0.1949317738791423,0.1949317738791423,1.5594541910331383,0.8888888888888888,0.4444444444444444,0.0,0.0,0.3898635477582846,0.1949317738791423,0.0,0.0,0.0,0.4600389863547758,0.3060428849902534,0.007797270955165692,0.14814814814814814,0.017543859649122806,0.01949317738791423,0.0,0.0,0.1949317738791423,0.9746588693957114,0.5847953216374269,0.0,0.1949317738791423,0.0,0.0
raw-L11657,11658,2005,【残心】LV4 SAM【斬新】,1,4.529589050378329,-0.8532618563170256,5.700443573390687,2.0794415416798357,3.7744016275520984,4.430816798843313,0.0,2.348993288590604,1.6778523489932886,0.0,2.0134228187919465,0.7142857142857143,0.42857142857142855,0.0,0.0,0.33557046979865773,0.0,0.0,0.0,0.0,0.43288590604026844,0.2449664429530201,0.050335570469798654,0.12416107382550334,0.05704697986577181,0.01342281879194631,0.6711409395973155,0.6711409395973155,0.33557046979865773,0.0,0.0,0.0,0.0,0.33557046979865773,0.0
raw-L11666,11667,2005,【残心】LV4 SAM【斬新】,1,4.714894914072628,-0.12383534316647453,5.351858133476067,1.791759469228055,3.7612001156935624,3.9318256327243257,0.47619047619047616,0.0,0.47619047619047616,0.0,1.9047619047619047,0.8,0.8,0.2,0.9523809523809523,0.0,0.9523809523809523,0.0,0.0,0.0,0.5380952380952381,0.24285714285714285,0.009523809523809523,0.1285714285714286,0.019047619047619046,0.0047619047619047615,0.0,0.0,0.0,0.9523809523809523,0.47619047619047616,0.9523809523809523,0.0,0.0,0.0
raw-L11674,11675,,【残心】LV4 SAM【斬新】,3,5.146375143172815,-1.0328295655745603,5.860786223465865,2.0794415416798357,3.9318256327243257,4.23410650459726,0.5714285714285714,0.2857142857142857,0.0,0.2857142857142857,1.7142857142857142,0.7142857142857143,0.5714285714285714,0.2857142857142857,0.0,0.0,0.0,0.0,0.0,0.0,0.47714285714285715,0.2914285714285714,0.03142857142857143,0.13142857142857142,0.037142857142857144,0.005714285714285714,0.0,0.0,0.2857142857142857,0.8571428571428571,0.5714285714285714,0.0,0.0,0.0,0.0
raw-L11683,11684,,【残心】LV4 SAM【斬新】,1,6.551996874373839,-0.467507604155566,5.7745515455444085,2.0794415416798357,3.8471034593288302,4.189654742026425,0.3115264797507788,1.557632398753894,0.3115264797507788,0.3115264797507788,1.8691588785046729,0.7142857142857143,0.42857142857142855,0.14285714285714285,1.2461059190031152,0.0,0.9345794392523364,0.0,0.0,0.0,0.5046728971962616,0.2523364485981308,0.012461059190031152,0.1277258566978193,0.024922118380062305,0.0,0.0,0.0,0.0,0.9345794392523364,1.2461059190031152,0.0,0.0,0.0,0.0
raw-L11692,11693,2005,【残心】LV4 SAM【斬新】,1,4.414524935214228,-0.23704669090506922,6.049733455231958,2.302585092994046,3.871201010907891,4.2626798770413155,0.2364066193853428,1.4184397163120568,0.2364066193853428,0.0,1.8912529550827424,0.8888888888888888,0.4444444444444444,0.1111111111111111,0.0,0.2364066193853428,0.2364066193853428,0.0,0.0,0.0,0.5839243498817966,0.28132387706855794,0.004728132387706856,0.05200945626477542,0.018912529550827423,0.016548463356973995,0.0,0.7092198581560284,0.2364066193853428,0.0,0.0,0.2364066193853428,0.0,0.0,0.0
raw-L11703,11704,2005,【残心】LV4 SAM【斬新】,1,4.209705408501827,-1.0879778932149577,5.579729825986222,1.9459101490553132,3.8066624897703196,3.9889840465642745,0.7575757575757576,0.7575757575757576,0.3787878787878788,0.0,1.893939393939394,0.8333333333333334,0.5,0.16666666666666666,0.0,0.0,0.3787878787878788,0.0,0.0,0.0,0.5795454545454546,0.26515151515151514,0.0,0.10606060606060605,0.003787878787878788,0.015151515151515152,0.0,0.7575757575757576,0.3787878787878788,0.0,0.0,0.0,0.0,0.0,0.0
raw-L11711,11712,2005,【残心】LV4 SAM【斬新】,3,4.065069877461384,-1.5832022360868778,5.056245805348308,1.791759469228055,3.4719664525503626,3.6888794541139363,0.6410256410256411,1.9230769230769231,0.0,0.0,2.5641025641025643,0.8,0.4,0.2,0.0,0.0,1.2820512820512822,0.0,0.0,0.0,0.5576923076923077,0.21794871794871795,0.07692307692307693,0.05769230769230769,0.0,0.025641025641025644,0.0,0.0,0.0,0.0,0.0,0.0,0.0,0.0,0.0
raw-L11718,11719,2005,【残心】LV4 SAM【斬新】,1,5.0817876359684115,0.2855542742696202,5.953243334287785,2.0794415416798357,4.022797410930052,4.77912349311153,0.2604166666666667,0.2604166666666667,0.5208333333333334,1.0416666666666667,1.5625,0.8571428571428571,0.7142857142857143,0.0,0.0,0.0,0.0,0.0,0.0,0.0,0.45833333333333337,0.2864583333333333,0.020833333333333336,0.16927083333333331,0.036458333333333336,0.002604166666666667,0.2604166666666667,0.0,0.0,1.3020833333333333,0.78125,0.0,0.0,0.0,0.0
raw-L11727,11728,2005,【残心】LV4 SAM【斬新】,3,4.400287080366905,-1.7549001367117827,5.075173815233827,1.791759469228055,3.490428515390098,3.9889840465642745,0.6289308176100629,3.1446540880503147,0.6289308176100629,0.6289308176100629,2.5157232704402515,0.8,0.4,0.2,0.0,0.6289308176100629,0.0,0.0,0.0,0.0,0.5157232704402516,0.1949685534591195,0.07547169811320754,0.03773584905660377,0.07547169811320754,0.006289308176100628,0.0,0.0,1.8867924528301887,0.6289308176100629,0.6289308176100629,0.0,0.0,0.0,0.0
raw-L11735,11736,2005,【残心】LV4 SAM【斬新】,1,3.77516507277858,2.1852513253993435,5.488937726156687,2.0794415416798357,3.567518597109669,4.23410650459726,0.0,0.0,0.0,0.0,2.4896265560165975,1.0,1.0,0.0,1.2448132780082988,2.074688796680498,1.2448132780082988,0.0,0.0,0.0,0.5850622406639004,0.24896265560165975,0.016597510373443983,0.05809128630705394,0.0,0.0,0.0,2.074688796680498,1.2448132780082988,0.0,0.0,0.0,0.0,0.0,0.0
raw-L11745,11746,2005,【残心】LV4 SAM【斬新】,2,-0.6939666835164777,0.6678546040921123,3.6888794541139363,1.0986122886681098,3.0204248861443626,3.091042453358316,0.0,0.0,0.0,0.0,2.5641025641025643,1.0,1.0,0.0,0.0,0.0,0.0,0.0,0.0,0.0,0.6923076923076923,0.1794871794871795,0.0,0.0,0.07692307692307693,0.05128205128205129,0.0,0.0,0.0,0.0,0.0,0.0,0.0,0.0,0.0
raw-L11749,11750,2005,【残心】LV4 SAM【斬新】,1,2.5561327686255497,0.17281205943010028,4.9344739331306915,1.3862943611198906,3.8501476017100584,4.127134385045092,0.0,1.4492753623188406,0.7246376811594203,0.0,1.4492753623188406,1.0,0.6666666666666666,0.0,0.0,1.4492753623188406,0.0,0.0,0.0,0.0,0.5362318840579711,0.2608695652173913,0.021739130434782608,0.057971014492753624,0.043478260869565216,0.028985507246376812,0.0,2.898550724637681,1.4492753623188406,0.7246376811594203,0.0,0.0,0.0,0.0,0.0
raw-L11755,11756,2005,【残心】LV4 SAM【斬新】,1,0.5998130463153792,0.31606998332392294,4.356708826689592,1.3862943611198906,3.283414346005772,3.4011973816621555,0.0,1.2987012987012987,0.0,0.0,2.5974025974025974,1.0,0.6666666666666666,0.0,0.0,1.2987012987012987,0.0,0.0,0.0,0.0,0.7142857142857143,0.2337662337662338,0.0,0.0,0.0,0.012987012987012986,0.0,2.5974025974025974,3.896103896103896,0.0,0.0,0.0,0.0,0.0,0.0
raw-L11760,11761,2005,【残心】LV4 SAM【斬新】,1,1.5736147243665553,1.1615164248326557,4.727387818712341,1.3862943611198906,3.6463198396951406,3.6635616461296463,0.0,0.0,0.0,0.0,1.7857142857142858,1.0,1.0,0.0,0.0,0.8928571428571429,0.8928571428571429,0.0,0.0,0.0,0.6071428571428572,0.22321428571428573,0.07142857142857144,0.026785714285714284,0.01785714285714286,0.00892857142857143,0.0,1.7857142857142858,0.8928571428571429,0.0,0.8928571428571429,0.0,0.0,0.0,0.0
raw-L11765,11766,2005,【残心】LV4 SAM【斬新】,3,4.593781124756244,-3.948067273141762,4.564348191467836,1.3862943611198906,3.4863551900024623,3.6375861597263857,1.0526315789473684,3.1578947368421053,1.0526315789473684,0.0,2.1052631578947367,0.6666666666666666,0.0,0.3333333333333333,0.0,0.0,0.0,0.0,0.0,0.0,0.4736842105263158,0.2631578947368421,0.08421052631578947,0.09473684210526315,0.021052631578947368,0.010526315789473684,0.0,0.0,0.0,0.0,0.0,0.0,0.0,0.0,0.0
raw-L11771,11772,2005,【残心】LV4 SAM【斬新】,1,2.8301668469041954,0.26399920647164277,5.099866427824199,1.791759469228055,3.5145260669691587,3.7612001156935624,0.0,0.6134969325153374,0.6134969325153374,0.0,2.4539877300613497,0.8,0.8,0.0,0.0,0.0,0.6134969325153374,0.0,0.0,0.0,0.6257668711656441,0.22085889570552147,0.024539877300613498,0.10429447852760737,0.0,0.0,0.0,1.2269938650306749,0.6134969325153374,0.6134969325153374,0.6134969325153374,0.0,0.6134969325153374,0.0,0.0
raw-L11778,11779,2005,【残心】LV4 SAM【斬新】,1,4.696231371544155,0.31179277815602574,6.212606095751519,2.1972245773362196,4.1470951276076295,4.574710978503383,0.0,1.4056224899598393,0.0,0.0,1.4056224899598393,1.0,0.25,0.0,0.0,0.20080321285140562,0.0,0.0,0.0,0.0,0.570281124497992,0.28313253012048195,0.040160642570281124,0.05421686746987952,0.020080321285140562,0.008032128514056224,0.0,0.8032128514056225,0.0,1.2048192771084338,0.6024096385542169,0.0,0.0,0.20080321285140562,0.0
raw-L11788,11789,2005,【残心】LV4 SAM【斬新】,1,3.8177482072432456,0.5486866198900722,5.438079308923196,1.791759469228055,3.845883202923601,4.127134385045092,0.0,0.8733624454148472,0.0,0.0,1.7467248908296944,1.0,0.6,0.0,0.0,0.0,0.4366812227074236,0.0,0.0,0.0,0.4410480349344978,0.3187772925764192,0.008733624454148471,0.10480349344978165,0.06550218340611354,0.034934497816593885,0.0,0.0,0.0,1.3100436681222707,0.4366812227074236,0.0,0.0,0.0,0.0
raw-L11796,11797,2005,【残心】LV4 SAM【斬新】,1,4.208936371406317,0.5315666432283391,5.857933154483459,2.302585092994046,3.6833084090644808,4.174387269895637,0.0,1.4326647564469914,0.0,0.28653295128939826,2.292263610315186,0.8888888888888888,0.5555555555555556,0.0,0.0,0.0,0.0,0.0,0.0,0.0,0.3954154727793696,0.3667621776504298,0.011461318051575931,0.07736389684813753,0.06590257879656161,0.05157593123209169,0.0,0.0,0.0,0.8595988538681948,0.5730659025787965,0.0,0.0,0.0,0.0
raw-L11807,11808,2005,【残心】LV4 SAM【斬新】,1,4.004461847299102,-1.302762029945945,4.836281906951478,1.3862943611198906,3.7534179752515073,3.871201010907891,0.0,8.0,0.0,0.0,1.6,1.0,0.0,0.0,0.0,0.0,0.0,0.0,0.0,0.0,0.52,0.304,0.0,0.04,0.032,0.024,0.0,0.8,0.0,0.8,0.0,0.0,0.8,0.0,0.0
raw-L11812,11813,2005,【残心】LV4 SAM【斬新】,1,2.627251413554417,-0.6925791364747231,4.430816798843313,1.0986122886681098,3.7495040759303713,3.9889840465642745,0.0,2.4096385542168677,1.2048192771084338,0.0,1.2048192771084338,1.0,0.5,0.0,0.0,1.2048192771084338,0.0,0.0,0.0,0.0,0.6024096385542169,0.24096385542168675,0.024096385542168676,0.07228915662650602,0.0,0.0,0.0,0.0,0.0,0.0,0.0,0.0,0.0,0.0,0.0
raw-L11817,11818,2005,【残心】LV4 SAM【斬新】,1,5.049841448729003,-1.3276515211359872,5.123963979403259,1.6094379124341003,3.755369195382769,4.1588830833596715,0.0,2.395209580838323,0.5988023952095808,1.7964071856287425,1.7964071856287425,0.75,0.5,0.0,0.0,0.0,0.0,0.5988023952095808,0.0,0.0,0.5389221556886228,0.22155688622754488,0.0,0.16766467065868262,0.011976047904191616,0.011976047904191616,0.5988023952095808,0.0,0.0,0.5988023952095808,0.0,0.0,0.0,0.0,0.0
raw-L11823,11824,2005,【残心】LV4 SAM【斬新】,1,1.0070508500099218,0.8522683299894384,3.713572066704308,0.6931471805599453,3.713572066704308,3.713572066704308,0.0,0.0,0.0,0.0,0.0,1.0,1.0,0.0,0.0,2.5,0.0,0.0,2.5,2.5,0.45,0.3,0.0,0.075,0.0,0.0,0.0,0.0,0.0,0.0,0.0,0.0,0.0,0.0,0.0
raw-L11826,11827,2005,【残心】LV4 SAM【斬新】,3,6.03998555375713,-3.1887464499952043,6.0844994130751715,2.302585092994046,3.905334017277349,4.330733340286331,1.1415525114155252,1.1415525114155252,0.45662100456621,0.45662100456621,1.82648401826484,0.3333333333333333,0.0,0.3333333333333333,0.0,0.0,0.0,0.0,0.0,0.0,0.5821917808219178,0.2694063926940639,0.03424657534246575,0.0319634703196347,0.0091324200913242,0.03424657534246575,0.0,0.228310502283105,0.45662100456621,1.1415525114155252,0.0,0.0,0.228310502283105,0.0,0.0
raw-L11837,11838,2005,【残心】LV4 SAM【斬新】,3,1.742400205710315,-1.7731460037205415,3.8066624897703196,1.0986122886681098,3.1354942159291497,3.295836866004329,2.272727272727273,0.0,0.0,0.0,2.272727272727273,1.0,0.5,0.0,0.0,0.0,0.0,0.0,0.0,0.0,0.38636363636363635,0.2727272727272727,0.045454545454545456,0.06818181818181818,0.0,0.13636363636363635,0.0,0.0,0.0,0.0,0.0,0.0,0.0,0.0,0.0
raw-L11841,11842,2005,【残心】LV4 SAM【斬新】,3,4.840184290974265,-7.050829988210629,4.174387269895637,1.0986122886681098,3.4965075614664802,3.828641396489095,4.6875,0.0,3.125,0.0,1.5625,0.0,0.0,1.0,0.0,0.0,0.0,0.0,0.0,0.0,0.4375,0.203125,0.078125,0.0,0.140625,0.0625,0.0,0.0,0.0,0.0,0.0,0.0,0.0,1.5625,0.0
raw-L11845,11846,2005,【残心】LV4 SAM【斬新】,3,6.235302745505103,-4.117680198058686,5.673323267171493,2.0794415416798357,3.7478219897473863,4.0943445622221,1.7241379310344827,1.0344827586206897,0.3448275862068966,0.0,2.0689655172413794,0.2857142857142857,0.14285714285714285,0.5714285714285714,0.0,0.3448275862068966,0.0,0.0,0.0,0.0,0.45172413793103444,0.33448275862068966,0.006896551724137932,0.07241379310344827,0.05862068965517241,0.006896551724137932,0.0,0.0,0.3448275862068966,1.0344827586206897,0.0,0.0,0.0,0.0,0.0
raw-L11854,11855,2005,【残心】LV4 SAM【斬新】,3,4.382512669810532,-1.7979066712153127,5.204006687076795,1.791759469228055,3.616308761279101,4.060443010546419,1.1049723756906078,1.6574585635359116,0.0,0.0,2.2099447513812156,0.8,0.4,0.2,0.0,0.0,0.0,0.0,0.0,0.0,0.5966850828729282,0.20441988950276244,0.03314917127071823,0.10497237569060774,0.027624309392265192,0.005524861878453039,0.0,0.0,0.5524861878453039,0.0,0.0,0.0,0.0,0.5524861878453039,0.0
raw-L11861,11862,2005,【残心】LV4 SAM【斬新】,3,5.648948668305866,-0.69897454236765,6.270988431858299,2.302585092994046,4.088773517172645,4.59511985013459,0.5681818181818182,1.1363636363636365,0.0,0.0,1.5151515151515151,0.7777777777777778,0.3333333333333333,0.2222222222222222,0.0,0.946969696969697,0.1893939393939394,0.0,0.0,0.0,0.5227272727272727,0.32007575757575757,0.007575757575757576,0.0625,0.03409090909090909,0.011363636363636364,0.0,0.5681818181818182,0.0,0.5681818181818182,0.3787878787878788,0.7575757575757576,0.1893939393939394,0.0,0.0
raw-L11872,11873,2005,【残心】LV4 SAM【斬新】,1,5.913132188990724,-0.7061159808160721,6.368187186350492,2.70805020110221,3.751183337450091,4.0943445622221,0.5154639175257731,1.5463917525773196,0.6872852233676976,0.0,2.2336769759450172,0.7142857142857143,0.35714285714285715,0.14285714285714285,0.6872852233676976,0.5154639175257731,0.0,0.0,0.0,0.0,0.4965635738831615,0.2972508591065292,0.001718213058419244,0.11855670103092784,0.015463917525773196,0.008591065292096219,0.0,1.3745704467353952,0.1718213058419244,1.0309278350515463,0.0,0.1718213058419244,0.5154639175257731,0.0,0.0
raw-L11888,11889,2005,【残心】LV4 SAM【斬新】,1,3.6247217641504466,-1.8126057146550387,4.795790545596741,1.3862943611198906,3.713572066704308,4.007333185232471,0.0,0.8333333333333334,1.6666666666666667,4.166666666666667,1.6666666666666667,0.3333333333333333,0.6666666666666666,0.0,0.0,0.0,0.0,0.0,0.0,0.0,0.49166666666666664,0.24166666666666667,0.05,0.15,0.0,0.0,0.8333333333333334,0.0,0.8333333333333334,0.8333333333333334,0.0,0.0,0.0,0.0,0.0
raw-L11902,11903,2005,【FF11】侍5【真骨董】,3,7.765296820027727,-5.671515198305276,5.820082930352362,2.1972245773362196,3.7612001156935624,4.110873864173311,2.9761904761904763,1.7857142857142858,0.0,0.0,2.0833333333333335,0.125,0.125,0.875,0.0,0.0,0.5952380952380952,0.0,0.0,0.0,0.40773809523809523,0.38392857142857145,0.029761904761904764,0.08333333333333334,0.023809523809523808,0.005952380952380952,0.0,0.0,0.0,0.8928571428571429,0.0,0.0,0.0,0.0,0.0
raw-L11912,11913,2005,【FF11】侍5【真骨董】,1,3.8624965707151455,1.236835497729454,6.131226489483141,2.3978952727983707,3.8480176754522337,4.23410650459726,0.0,0.6535947712418301,0.0,0.0,1.9607843137254901,1.0,0.7,0.0,0.0,0.4357298474945534,0.0,0.0,0.0,0.0,0.5163398692810458,0.33551198257080606,0.0,0.07189542483660132,0.037037037037037035,0.010893246187363835,0.0,0.2178649237472767,0.2178649237472767,1.0893246187363834,0.2178649237472767,0.0,0.0,0.0,0.0
raw-L11924,11925,2005,【FF11】侍5【真骨董】,1,4.6238418866930155,-0.5995238814748954,5.497168225293202,2.0794415416798357,3.575550768806933,3.8918202981106265,0.411522633744856,1.2345679012345678,0.0,1.2345679012345678,2.4691358024691357,0.5714285714285714,0.5714285714285714,0.14285714285714285,0.823045267489712,0.411522633744856,0.0,0.0,0.0,0.0,0.5596707818930041,0.3292181069958848,0.012345679012345678,0.012345679012345678,0.024691358024691357,0.00823045267489712,0.0,1.2345679012345678,0.0,2.05761316872428,0.411522633744856,0.0,0.0,0.0,0.0
raw-L11933,11934,2005,【FF11】侍5【真骨董】,1,2.5129464117925924,-0.3819564454208084,5.003946305945459,1.6094379124341003,3.6375861597263857,3.871201010907891,0.0,2.027027027027027,0.6756756756756757,0.0,2.027027027027027,0.75,0.5,0.0,0.0,1.3513513513513513,0.0,0.0,0.0,0.0,0.6283783783783784,0.2972972972972973,0.0,0.02027027027027027,0.0,0.0,0.0,0.6756756756756757,2.027027027027027,0.6756756756756757,0.0,0.0,0.0,0.0,0.0
raw-L11940,11941,2005,【FF11】侍5【真骨董】,1,4.241782877902612,0.3819429753943182,5.749392985908253,1.9459101490553132,3.9734316335567894,4.110873864173311,0.3194888178913738,0.9584664536741214,0.0,0.0,1.597444089456869,1.0,0.5,0.0,0.0,0.0,0.0,0.0,0.0,0.0,0.6134185303514377,0.268370607028754,0.0,0.09584664536741214,0.006389776357827476,0.0,0.0,1.597444089456869,0.0,0.3194888178913738,1.2779552715654952,0.3194888178913738,0.3194888178913738,0.3194888178913738,0.0
raw-L11948,11949,2005,【FF11】侍5【真骨董】,1,4.8081401926969605,-0.5450401465120647,5.886104031450156,2.1972245773362196,3.8259203063747345,4.31748811353631,0.0,1.392757660167131,0.8356545961002786,2.5069637883008355,1.9498607242339834,0.75,0.5,0.0,0.0,0.0,0.0,0.5571030640668524,0.0,0.0,0.5849582172701949,0.2646239554317549,0.0,0.06128133704735376,0.025069637883008356,0.016713091922005572,0.0,0.8356545961002786,0.8356545961002786,0.0,0.0,0.2785515320334262,0.0,0.2785515320334262,0.0
raw-L11958,11959,2005,【FF11】侍5【真骨董】,1,4.250522760296715,-1.1231728348240801,5.733341276897746,2.0794415416798357,3.8066624897703196,4.127134385045092,0.0,2.5974025974025974,0.974025974025974,0.3246753246753247,1.948051948051948,0.5714285714285714,0.2857142857142857,0.0,0.0,0.3246753246753247,0.0,0.0,0.0,0.0,0.551948051948052,0.3051948051948052,0.012987012987012986,0.051948051948051945,0.012987012987012986,0.0032467532467532465,0.0,0.0,1.2987012987012987,0.974025974025974,0.0,0.3246753246753247,0.0,0.0,0.0
raw-L11967,11968,2005,【FF11】侍5【真骨董】,1,4.741111258815228,-0.1597260524475986,6.1070228877422545,2.3978952727983707,3.824284091120139,4.189654742026425,0.22321428571428573,0.22321428571428573,0.6696428571428571,1.1160714285714286,2.0089285714285716,0.6,0.8,0.1,0.0,0.44642857142857145,0.22321428571428573,0.0,0.0,0.0,0.5066964285714285,0.29241071428571425,0.004464285714285715,0.12276785714285714,0.00892857142857143,0.013392857142857142,0.0,0.6696428571428571,0.44642857142857145,1.5625,0.0,0.0,0.0,0.22321428571428573,0.0
raw-L11979,11980,2005,【FF11】侍5【真骨董】,1,4.486173580781459,-1.3153581462569657,5.662960480135946,2.1972245773362196,3.607533814659984,3.8501476017100584,0.0,0.6968641114982579,1.3937282229965158,3.1358885017421603,2.4390243902439024,0.25,0.75,0.0,0.0,0.0,0.0,1.0452961672473868,0.0,0.0,0.5400696864111498,0.22648083623693382,0.055749128919860634,0.1254355400696864,0.0,0.0,0.0,0.0,1.3937282229965158,0.34843205574912894,0.0,0.6968641114982579,0.34843205574912894,0.0,0.0
raw-L11989,11990,2005,【FF11】侍5【真骨董】,1,3.9137952666762623,0.30227389458505566,5.484796933490655,1.791759469228055,3.8918202981106265,4.290459441148391,0.4166666666666667,0.8333333333333334,0.4166666666666667,0.4166666666666667,1.6666666666666667,1.0,0.6,0.0,0.0,0.8333333333333334,0.0,0.0,0.0,0.0,0.5875,0.25416666666666665,0.008333333333333333,0.07916666666666666,0.029166666666666664,0.0,0.0,0.0,0.4166666666666667,1.6666666666666667,0.0,0.0,0.0,0.8333333333333334,0.0
raw-L11998,11999,2005,【FF11】侍5【真骨董】,1,1.9333991563946857,-2.35592905100277,4.02535169073515,1.0986122886681098,3.349904087274605,3.4965075614664802,0.0,3.6363636363636362,1.8181818181818181,0.0,1.8181818181818181,0.5,0.5,0.0,0.0,0.0,0.0,0.0,0.0,0.0,0.6545454545454545,0.18181818181818182,0.0,0.07272727272727272,0.0,0.03636363636363636,0.0,0.0,0.0,0.0,0.0,0.0,0.0,0.0,0.0
raw-L12002,12003,2005,【FF11】侍5【真骨董】,1,3.341059643587025,0.2943787212938836,5.204006687076795,1.791759469228055,3.616308761279101,4.04305126783455,0.0,1.1049723756906078,0.0,1.1049723756906078,2.2099447513812156,1.0,0.6,0.0,0.0,0.5524861878453039,0.0,0.5524861878453039,0.0,0.0,0.6519337016574586,0.23204419889502761,0.03314917127071823,0.044198895027624314,0.0,0.0,0.0,1.6574585635359116,1.6574585635359116,0.5524861878453039,0.5524861878453039,0.5524861878453039,0.0,0.0,0.0
raw-L12009,12010,2005,【FF11】侍5【真骨董】,1,5.03851436454755,0.5972786269234842,6.246106765481563,2.3978952727983707,3.960813169597578,4.418840607796598,0.0,1.5533980582524272,0.0,0.0,1.7475728155339805,1.0,0.3,0.0,0.0,0.0,0.0,0.0,0.0,0.0,0.5145631067961165,0.33980582524271846,0.003883495145631068,0.06407766990291262,0.03495145631067961,0.013592233009708738,0.0,0.0,0.1941747572815534,1.5533980582524272,1.1650485436893203,0.0,0.0,0.0,0.0
raw-L12021,12022,2005,【FF11】侍5【真骨董】,1,2.297076412964343,0.32931778080993646,5.0689042022202315,1.791759469228055,3.484312288372662,3.6635616461296463,0.0,0.6329113924050633,1.8987341772151898,0.0,2.5316455696202533,0.8,0.8,0.0,0.0,0.6329113924050633,0.0,0.0,0.0,0.0,0.6265822784810127,0.26582278481012656,0.0,0.06962025316455696,0.0,0.0,0.0,0.6329113924050633,0.6329113924050633,1.8987341772151898,1.2658227848101267,0.0,0.0,0.0,0.0
raw-L12028,12029,2005,【FF11】侍5【真骨董】,1,4.674513150210646,0.6758979695291649,6.126869184114185,2.3978952727983707,3.8437441646748516,4.418840607796598,0.0,1.312910284463895,0.6564551422319475,0.0,1.9693654266958425,0.9,0.5,0.0,0.0,0.2188183807439825,0.0,0.0,0.0,0.0,0.4835886214442013,0.3413566739606127,0.00437636761487965,0.06783369803063458,0.045951859956236324,0.0175054704595186,0.437636761487965,0.0,0.2188183807439825,1.75054704595186,1.0940919037199124,0.2188183807439825,0.0,0.0,0.0
raw-L12041,12042,2005,【FF11】侍5【真骨董】,1,2.423485925610858,0.17704921359121345,4.795790545596741,1.6094379124341003,3.4339872044851463,3.6635616461296463,0.0,0.8333333333333334,0.8333333333333334,0.0,2.5,1.0,0.75,0.0,0.0,0.0,0.0,0.0,0.0,0.0,0.5916666666666667,0.16666666666666669,0.0,0.175,0.05,0.0,0.0,0.0,0.8333333333333334,0.0,0.0,0.0,0.0,0.8333333333333334,0.0
raw-L12047,12048,2005,【FF11】侍5【真骨董】,1,4.0284033156975845,-1.2634225570981463,4.844187086458591,1.6094379124341003,3.481240089335692,3.6888794541139363,0.0,3.9682539682539684,1.5873015873015872,0.0,2.380952380952381,0.75,0.25,0.0,0.0,2.380952380952381,0.0,0.0,0.0,0.0,0.5238095238095238,0.1746031746031746,0.0,0.1349206349206349,0.023809523809523808,0.023809523809523808,0.7936507936507936,0.0,0.0,0.0,0.0,0.7936507936507936,0.0,0.0,0.0
raw-L12053,12054,2005,【FF11】侍5【真骨董】,1,4.673647333661222,0.7140220567614137,6.089044875446846,2.3978952727983707,3.8066624897703196,4.51085950651685,0.0,1.3636363636363635,0.22727272727272727,0.0,2.0454545454545454,1.0,0.5,0.0,0.22727272727272727,0.6818181818181818,0.0,0.0,0.0,0.0,0.5977272727272728,0.20454545454545453,0.04772727272727272,0.09090909090909091,0.025,0.0,0.0,0.9090909090909091,0.22727272727272727,0.9090909090909091,0.0,0.22727272727272727,0.45454545454545453,0.0,0.0
raw-L12065,12066,2005,【FF11】侍5【真骨董】,1,4.605725168984905,-0.7341225868877855,5.389071729816501,1.791759469228055,3.7977338590260183,4.189654742026425,0.45871559633027525,1.3761467889908257,0.45871559633027525,0.0,1.834862385321101,0.8,0.4,0.2,0.9174311926605505,0.45871559633027525,0.0,0.0,0.0,0.0,0.6422018348623852,0.23853211009174313,0.041284403669724766,0.01834862385321101,0.009174311926605505,0.0,0.0,0.45871559633027525,0.9174311926605505,1.834862385321101,0.45871559633027525,0.45871559633027525,0.0,0.45871559633027525,0.0
raw-L12072,12073,2005,【FF11】侍5【真骨董】,3,4.540597389662143,-1.4296432947552165,5.3981627015177525,1.9459101490553132,3.628775530044231,4.23410650459726,0.45454545454545453,1.8181818181818181,0.0,0.0,2.272727272727273,0.8333333333333334,0.16666666666666666,0.16666666666666666,0.0,0.0,0.0,0.0,0.0,0.0,0.5954545454545455,0.2590909090909091,0.013636363636363636,0.09090909090909091,0.01818181818181818,0.0,0.0,0.45454545454545453,0.45454545454545453,0.45454545454545453,0.0,0.0,0.0,0.0,0.0
raw-L12081,12082,2005,【FF11】侍5【真骨董】,1,5.642636022988598,-0.3470246753599224,6.1675164908883415,2.302585092994046,3.9869243136012638,4.564348191467836,0.21008403361344538,1.4705882352941178,0.21008403361344538,0.21008403361344538,1.680672268907563,0.6666666666666666,0.5555555555555556,0.1111111111111111,0.0,0.21008403361344538,0.21008403361344538,0.0,0.0,0.0,0.5042016806722689,0.2815126050420168,0.02100840336134454,0.12394957983193278,0.025210084033613446,0.0021008403361344537,0.0,0.21008403361344538,0.0,1.8907563025210083,0.8403361344537815,0.0,0.21008403361344538,0.21008403361344538,0.0
raw-L12092,12093,2005,【FF11】侍5【真骨董】,3,6.218802837999476,-1.8630653706826352,6.2324480165505225,2.6390573296152584,3.69080068429183,4.248495242049359,1.1811023622047243,0.1968503937007874,0.0,0.3937007874015748,2.3622047244094486,0.46153846153846156,0.5384615384615384,0.38461538461538464,0.1968503937007874,0.1968503937007874,0.0,0.0,0.0,0.0,0.47047244094488194,0.3031496062992126,0.0,0.15354330708661418,0.01968503937007874,0.015748031496062992,0.0,0.3937007874015748,0.0,0.5905511811023622,0.1968503937007874,0.0,0.0,0.1968503937007874,0.0
raw-L12107,12108,2005,【FF11】侍5【真骨董】,1,2.8529475603772445,-0.3741066544210941,4.969813299576001,1.791759469228055,3.3877743613300146,3.58351893845611,0.0,0.6993006993006993,2.097902097902098,0.0,2.797202797202797,0.6,0.8,0.0,0.0,0.6993006993006993,1.3986013986013985,0.0,0.0,0.0,0.45454545454545453,0.2727272727272727,0.0979020979020979,0.0979020979020979,0.0,0.0,0.0,0.0,0.0,2.097902097902098,0.0,0.0,0.0,0.0,0.0
raw-L12114,12115,2005,【FF11】侍5【真骨董】,2,-0.16836878924386148,0.5937742840886272,4.007333185232471,1.0986122886681098,3.332204510175204,3.4657359027997265,0.0,0.0,0.0,0.0,1.8518518518518519,1.0,1.0,0.0,0.0,0.0,0.0,0.0,0.0,0.0,0.6481481481481481,0.2962962962962963,0.05555555555555555,0.0,0.0,0.0,0.0,1.8518518518518519,0.0,0.0,0.0,0.0,0.0,0.0,0.0
raw-L12119,12120,2005,【FF11】侍5【真骨董】,1,0.4154242134847951,-2.0882974701661503,2.995732273553991,0.6931471805599453,2.995732273553991,2.995732273553991,0.0,0.0,0.0,5.2631578947368425,0.0,0.0,1.0,0.0,0.0,0.0,0.0,0.0,0.0,0.0,0.5789473684210527,0.2631578947368421,0.0,0.10526315789473685,0.0,0.0,0.0,0.0,0.0,0.0,0.0,0.0,0.0,0.0,0.0
raw-L12131,12132,2005,【みんな】SAMURAI　侍6【興味なし？】,3,6.891546961178006,-3.142540640017992,6.035481432524756,2.5649493574615367,3.5765502691400166,4.127134385045092,1.4388489208633093,0.47961630695443647,0.23980815347721823,1.4388489208633093,2.6378896882494005,0.4166666666666667,0.3333333333333333,0.5,0.0,0.0,0.23980815347721823,0.23980815347721823,0.0,0.0,0.407673860911271,0.33333333333333337,0.023980815347721826,0.10071942446043165,0.03836930455635492,0.028776978417266185,0.0,0.0,0.0,0.9592326139088729,0.0,0.0,0.0,0.0,0.0
raw-L12145,12146,2005,【みんな】SAMURAI　侍6【興味なし？】,3,3.952923772275724,-3.27649298637744,4.812184355372417,1.6094379124341003,3.449987545831587,3.7612001156935624,1.639344262295082,0.0,1.639344262295082,0.0,2.459016393442623,0.25,0.5,0.25,0.0,0.0,0.819672131147541,0.0,0.0,0.0,0.6557377049180327,0.16393442622950818,0.01639344262295082,0.11475409836065573,0.0,0.0,0.0,1.639344262295082,0.819672131147541,1.639344262295082,0.0,0.0,0.0,0.819672131147541,0.0
raw-L12151,12152,2005,【みんな】SAMURAI　侍6【興味なし？】,1,2.01957725313942,0.8877229210930465,5.075173815233827,1.6094379124341003,3.7074558396868715,3.970291913552122,0.0,0.0,0.0,0.0,1.8867924528301887,1.0,1.0,0.0,0.0,0.0,0.0,0.0,0.0,0.0,0.6477987421383647,0.20754716981132076,0.0,0.1320754716981132,0.012578616352201257,0.0,0.6289308176100629,1.8867924528301887,1.2578616352201257,0.0,0.0,0.6289308176100629,0.0,0.0,0.0
raw-L12157,12158,2005,【みんな】SAMURAI　侍6【興味なし？】,3,5.452914270259359,-2.5602037896385075,5.733341276897746,2.1972245773362196,3.676300671907076,4.007333185232471,1.948051948051948,0.0,0.0,0.3246753246753247,2.5974025974025974,0.5,0.5,0.375,0.0,0.0,0.0,0.0,0.0,0.0,0.4935064935064935,0.2727272727272727,0.01948051948051948,0.10714285714285714,0.0487012987012987,0.00974025974025974,0.0,0.3246753246753247,0.6493506493506493,0.974025974025974,0.3246753246753247,0.0,0.0,0.0,0.0
raw-L12168,12169,2005,【みんな】SAMURAI　侍6【興味なし？】,1,0.4002575798111084,-0.7671298406724737,3.332204510175204,0.6931471805599453,3.332204510175204,3.332204510175204,0.0,0.0,3.7037037037037037,0.0,0.0,1.0,1.0,0.0,0.0,0.0,0.0,0.0,0.0,0.0,0.5185185185185186,0.1851851851851852,0.0,0.2592592592592593,0.0,0.0,0.0,0.0,0.0,0.0,0.0,3.7037037037037037,0.0,0.0,0.0
raw-L12172,12173,2005,【みんな】SAMURAI　侍6【興味なし？】,3,5.608936432700123,-5.442164971092188,4.31748811353631,1.3862943611198906,3.245193133185574,3.5553480614894135,2.7027027027027026,1.3513513513513513,0.0,0.0,2.7027027027027026,0.3333333333333333,0.0,0.6666666666666666,0.0,0.0,1.3513513513513513,0.0,0.0,0.0,0.7567567567567568,0.17567567567567569,0.0,0.0,0.0,0.0,0.0,2.7027027027027026,0.0,1.3513513513513513,1.3513513513513513,1.3513513513513513,0.0,0.0,0.0
raw-L12178,12179,2005,【みんな】SAMURAI　侍6【興味なし？】,1,0.593338001257551,-1.5385981685064667,3.5553480614894135,1.0986122886681098,2.8903717578961645,3.091042453358316,0.0,0.0,0.0,5.882352941176471,2.9411764705882355,0.0,1.0,0.0,0.0,0.0,0.0,0.0,0.0,0.0,0.5294117647058824,0.2647058823529412,0.08823529411764706,0.05882352941176471,0.0,0.0,0.0,2.9411764705882355,0.0,2.9411764705882355,0.0,0.0,0.0,0.0,0.0
raw-L12182,12183,2005,【みんな】SAMURAI　侍6【興味なし？】,1,0.74514726084435,-0.8702144710768052,4.219507705176107,1.0986122886681098,3.5409593240373143,3.6375861597263857,0.0,0.0,2.985074626865672,0.0,1.492537313432836,0.5,1.0,0.0,0.0,0.0,0.0,0.0,0.0,0.0,0.6119402985074627,0.13432835820895522,0.02985074626865672,0.08955223880597014,0.10447761194029852,0.0,0.0,0.0,2.985074626865672,0.0,0.0,2.985074626865672,0.0,0.0,0.0
raw-L12187,12188,2005,【みんな】SAMURAI　侍6【興味なし？】,1,3.180443984607826,-0.6800610587028875,5.111987788356544,1.6094379124341003,3.7436043538031827,3.8918202981106265,1.2121212121212122,0.0,0.6060606060606061,0.0,1.8181818181818181,0.75,0.75,0.0,0.0,0.0,0.0,0.0,0.0,0.0,0.5939393939393939,0.2606060606060606,0.048484848484848485,0.0787878787878788,0.0,0.0,0.0,1.2121212121212122,1.8181818181818181,2.4242424242424243,0.0,0.6060606060606061,1.2121212121212122,0.0,0.0
raw-L12193,12194,2005,【みんな】SAMURAI　侍6【興味なし？】,1,1.966094752688783,0.5771818513655921,4.143134726391533,1.0986122886681098,3.4657359027997265,3.6375861597263857,0.0,0.0,0.0,0.0,1.6129032258064515,1.0,1.0,0.0,0.0,0.0,1.6129032258064515,0.0,0.0,0.0,0.6129032258064516,0.12903225806451613,0.03225806451612903,0.08064516129032258,0.0967741935483871,0.0,0.0,4.838709677419355,1.6129032258064515,1.6129032258064515,0.0,0.0,1.6129032258064515,0.0,0.0
raw-L12197,12198,2005,【みんな】SAMURAI　侍6【興味なし？】,1,1.6110721593319377,0.6120973869795309,4.59511985013459,1.3862943611198906,3.5165082281731497,3.7612001156935624,0.0,0.0,0.0,0.0,2.0408163265306123,1.0,1.0,0.0,0.0,0.0,0.0,0.0,0.0,0.0,0.5612244897959183,0.19387755102040816,0.010204081632653062,0.17346938775510204,0.061224489795918366,0.0,0.0,2.0408163265306123,2.0408163265306123,0.0,0.0,0.0,0.0,0.0,0.0
raw-L12202,12203,2005,【みんな】SAMURAI　侍6【興味なし？】,1,4.060209704337801,-1.1669714563971574,4.955827057601261,1.3862943611198906,3.871201010907891,4.110873864173311,1.4184397163120568,0.0,0.0,0.0,1.4184397163120568,1.0,0.3333333333333333,0.0,0.0,0.0,0.0,0.0,0.0,0.0,0.5673758865248226,0.22695035460992907,0.0,0.1773049645390071,0.014184397163120567,0.0,0.0,1.4184397163120568,0.0,1.4184397163120568,0.0,0.0,0.0,0.0,0.0
raw-L12207,12208,2005,【みんな】SAMURAI　侍6【興味なし？】,1,0.8575491815384284,-0.38146061705177714,3.091042453358316,1.0986122886681098,2.4423470353692043,2.833213344056216,0.0,0.0,0.0,4.761904761904762,4.761904761904762,0.5,1.0,0.0,0.0,0.0,4.761904761904762,0.0,0.0,4.761904761904762,0.38095238095238093,0.2380952380952381,0.0,0.09523809523809523,0.0,0.09523809523809523,0.0,0.0,0.0,0.0,0.0,0.0,0.0,0.0,0.0
raw-L12219,12220,2005,侍神化計画,1,4.96930804391333,0.43847848989025784,5.953243334287785,2.1972245773362196,3.8918202981106265,4.343805421853684,0.2604166666666667,0.2604166666666667,0.5208333333333334,1.0416666666666667,1.8229166666666667,0.875,0.75,0.0,0.0,0.0,0.0,0.0,0.0,0.0,0.45833333333333337,0.2864583333333333,0.020833333333333336,0.16927083333333331,0.036458333333333336,0.002604166666666667,0.2604166666666667,0.0,0.0,1.3020833333333333,0.78125,0.0,0.0,0.0,0.0
raw-L12230,12231,2005,侍神化計画,1,3.3891842746456473,-0.09758060093917083,5.278114659230517,1.791759469228055,3.6888794541139363,4.007333185232471,1.0256410256410255,0.0,0.5128205128205128,0.0,2.051282051282051,1.0,0.6,0.0,0.0,0.5128205128205128,0.5128205128205128,0.0,0.0,0.0,0.5333333333333333,0.24102564102564103,0.0923076923076923,0.04615384615384615,0.010256410256410255,0.015384615384615385,0.0,0.5128205128205128,0.0,1.0256410256410255,0.0,0.0,0.5128205128205128,0.0,0.0
raw-L12237,12238,2005,侍神化計画,1,4.774042201597773,0.09408901079307092,6.522092798170152,2.833213344056216,3.771323123325011,4.543294782270004,0.14727540500736377,2.503681885125184,0.4418262150220913,0.0,2.2091310751104567,1.0,0.375,0.0,0.0,0.0,0.14727540500736377,0.0,0.0,0.0,0.524300441826215,0.2503681885125184,0.08394698085419736,0.050073637702503684,0.025036818851251842,0.008836524300441826,0.0,0.5891016200294551,0.5891016200294551,0.7363770250368189,0.14727540500736377,0.4418262150220913,0.0,0.0,0.0
raw-L12256,12257,2005,侍神化計画,1,1.9543389698267322,-2.4239473931700846,4.0943445622221,1.0986122886681098,3.417726683613366,3.4965075614664802,0.0,1.694915254237288,5.084745762711864,0.0,1.694915254237288,0.5,0.5,0.0,0.0,0.0,0.0,0.0,0.0,0.0,0.5254237288135593,0.2711864406779661,0.03389830508474576,0.10169491525423728,0.0,0.0,1.694915254237288,0.0,0.0,1.694915254237288,0.0,0.0,0.0,1.694915254237288,0.0
raw-L12261,12262,2005,侍神化計画,3,5.418943973187894,-2.7610942197631734,5.123963979403259,1.6094379124341003,3.755369195382769,3.9512437185814275,1.7964071856287425,1.7964071856287425,0.0,0.0,1.7964071856287425,0.75,0.25,0.25,0.0,0.0,0.0,0.0,0.0,0.0,0.5149700598802395,0.29940119760479045,0.0,0.1377245508982036,0.0,0.011976047904191616,0.0,1.1976047904191616,0.0,1.1976047904191616,0.5988023952095808,0.0,0.0,0.5988023952095808,0.0
raw-L12267,12268,2005,侍神化計画,3,5.61979970343985,-2.5669287421688187,5.293304824724492,1.791759469228055,3.703768066607687,3.871201010907891,1.0101010101010102,0.5050505050505051,0.5050505050505051,1.0101010101010102,2.0202020202020203,0.6,0.4,0.4,0.0,0.5050505050505051,0.0,0.0,0.0,0.0,0.5050505050505051,0.2222222222222222,0.0,0.18181818181818182,0.0,0.04040404040404041,0.0,0.0,0.0,0.0,1.0101010101010102,0.0,0.0,0.0,0.0
raw-L12274,12275,2005,侍神化計画,1,3.7530916682818565,-2.865152345615614,4.553876891600541,1.0986122886681098,3.871201010907891,3.970291913552122,0.0,1.0638297872340425,3.1914893617021276,1.0638297872340425,1.0638297872340425,0.0,0.5,0.0,1.0638297872340425,0.0,0.0,0.0,0.0,0.0,0.5,0.2127659574468085,0.05319148936170213,0.1276595744680851,0.0,0.02127659574468085,0.0,0.0,1.0638297872340425,0.0,0.0,0.0,0.0,0.0,0.0
raw-L12278,12279,2005,侍神化計画,1,3.394350421464443,0.1975273617701567,5.6937321388027,2.1972245773362196,3.6375861597263857,4.060443010546419,0.33783783783783783,0.33783783783783783,0.0,0.0,2.364864864864865,0.875,0.75,0.125,0.0,0.0,0.0,0.0,0.0,0.0,0.6283783783783784,0.2533783783783784,0.0,0.08108108108108109,0.02364864864864865,0.006756756756756756,0.0,0.33783783783783783,0.0,0.6756756756756757,0.0,0.0,0.0,0.0,0.0
raw-L12299,12300,2005,【三騎士】不遇ジョブを愛する人のスレ【シ詩召】,1,3.4173331481258797,0.9471749201422244,5.552959584921617,2.1972245773362196,3.5002882843063863,4.007333185232471,0.0,0.0,0.0,1.1673151750972763,2.7237354085603114,0.875,1.0,0.0,0.0,0.0,0.0,0.38910505836575876,0.0,0.0,0.45136186770428016,0.3501945525291829,0.019455252918287938,0.12062256809338522,0.01556420233463035,0.011673151750972763,0.0,0.0,0.0,0.7782101167315175,0.0,0.0,0.0,0.0,0.0
raw-L12310,12311,2005,【三騎士】不遇ジョブを愛する人のスレ【シ詩召】,1,2.8406713339283316,1.578079689793768,5.081404364984463,1.791759469228055,3.4965075614664802,3.784189633918261,0.0,0.0,0.0,0.0,2.5,1.0,1.0,0.0,0.0,0.625,1.25,0.0,0.0,0.0,0.40625,0.275,0.03125,0.075,0.05625,0.08125,0.0,0.0,0.0,1.25,1.25,0.0,0.0,0.0,0.0
raw-L12317,12318,2005,【三騎士】不遇ジョブを愛する人のスレ【シ詩召】,1,2.28381006315407,1.2403802333724367,5.356586274672012,1.9459101490553132,3.5881378843124043,3.9318256327243257,0.0,0.0,0.0,0.0,2.3696682464454977,1.0,1.0,0.0,0.0,0.0,0.0,0.0,0.0,0.0,0.6540284360189574,0.2274881516587678,0.0,0.10900473933649289,0.0,0.009478672985781991,0.0,1.4218009478672986,0.0,0.47393364928909953,0.47393364928909953,0.0,0.0,0.0,0.0
raw-L12325,12326,2005,【三騎士】不遇ジョブを愛する人のスレ【シ詩召】,1,2.6074868701015688,0.7206651635991049,4.605170185988092,1.6094379124341003,3.248434627109745,3.58351893845611,0.0,0.0,0.0,0.0,3.0303030303030303,1.0,1.0,0.0,0.0,0.0,1.0101010101010102,1.0101010101010102,0.0,0.0,0.3939393939393939,0.2828282828282828,0.0707070707070707,0.20202020202020202,0.0,0.0,0.0,0.0,1.0101010101010102,0.0,0.0,0.0,0.0,1.0101010101010102,0.0
raw-L12331,12332,2005,【三騎士】不遇ジョブを愛する人のスレ【シ詩召】,4,0.5236006646560413,-0.11851852239281217,4.31748811353631,1.6094379124341003,2.970414465569701,3.4965075614664802,0.0,0.0,4.054054054054054,0.0,5.405405405405405,0.5,1.0,0.0,0.0,0.0,0.0,0.0,0.0,13.513513513513514,0.5540540540540541,0.22972972972972971,0.08108108108108109,0.06756756756756757,0.027027027027027025,0.0,0.0,0.0,0.0,0.0,0.0,0.0,0.0,0.0,0.0
raw-L12338,12339,2005,【三騎士】不遇ジョブを愛する人のスレ【シ詩召】,1,2.0616349346846676,0.9152779395370186,5.209486152841421,1.9459101490553132,3.4446824936018943,3.7376696182833684,0.0,0.0,0.0,0.5494505494505495,2.7472527472527473,0.8333333333333334,1.0,0.0,0.0,0.0,0.5494505494505495,0.0,0.0,0.0,0.5439560439560439,0.2802197802197802,0.02197802197802198,0.04395604395604396,0.038461538461538464,0.049450549450549455,0.0,0.5494505494505495,0.0,0.0,0.0,0.0,0.0,0.0,0.0
raw-L12346,12347,2005,【三騎士】不遇ジョブを愛する人のスレ【シ詩召】,1,1.6745957724573435,0.5262837901874698,5.062595033026967,1.6094379124341003,3.6951100038645723,3.8066624897703196,0.0,0.0,1.910828025477707,0.0,1.910828025477707,1.0,1.0,0.0,0.0,0.0,0.0,0.0,0.0,0.0,0.6178343949044586,0.2038216560509554,0.07643312101910828,0.07643312101910828,0.0,0.0,1.2738853503184713,0.0,0.0,0.6369426751592356,0.0,0.6369426751592356,0.0,0.0,0.0
raw-L12352,12353,2005,【三騎士】不遇ジョブを愛する人のスレ【シ詩召】,2,-1.0767898112755532,0.6482781934556439,3.5263605246161616,1.0986122886681098,2.8622008809294686,2.9444389791664403,0.0,0.0,0.0,0.0,3.0303030303030303,1.0,1.0,0.0,0.0,0.0,0.0,0.0,0.0,0.0,0.7575757575757575,0.24242424242424243,0.0,0.0,0.0,0.0,0.0,0.0,0.0,0.0,0.0,0.0,0.0,0.0,0.0
raw-L12357,12358,2005,【三騎士】不遇ジョブを愛する人のスレ【シ詩召】,1,1.428466972463752,0.8161264640486148,4.6913478822291435,1.3862943611198906,3.6109179126442243,3.6888794541139363,0.0,0.0,0.0,0.0,1.8518518518518519,1.0,1.0,0.0,0.0,0.0,0.0,0.0,0.0,0.0,0.6481481481481481,0.25,0.0,0.10185185185185185,0.0,0.0,0.9259259259259259,0.9259259259259259,0.0,0.0,0.0,0.9259259259259259,0.0,0.0,0.0
raw-L12363,12364,2005,【三騎士】不遇ジョブを愛する人のスレ【シ詩召】,1,3.727636382293517,1.189256690291751,5.697093486505405,2.0794415416798357,3.7711175523509084,4.143134726391533,0.0,0.0,0.3367003367003367,0.0,2.0202020202020203,0.8571428571428571,1.0,0.0,0.3367003367003367,0.0,0.3367003367003367,0.0,0.0,0.0,0.5858585858585859,0.2222222222222222,0.016835016835016835,0.15824915824915825,0.0,0.0,0.0,0.0,0.3367003367003367,0.3367003367003367,1.0101010101010102,0.3367003367003367,0.0,0.0,0.0
raw-L12372,12373,2005,【三騎士】不遇ジョブを愛する人のスレ【シ詩召】,1,1.3213405506247327,1.3482497152074266,5.081404364984463,1.791759469228055,3.4965075614664802,3.8501476017100584,0.0,0.0,0.0,0.0,2.5,1.0,1.0,0.0,0.0,0.0,0.0,0.0,0.0,0.0,0.56875,0.3375,0.075,0.0,0.0125,0.0,0.0,0.625,0.0,0.0,0.0,0.0,0.0,1.25,0.0
raw-L12379,12380,2005,【三騎士】不遇ジョブを愛する人のスレ【シ詩召】,1,3.073191807573662,1.129983886835469,5.726847747587197,1.9459101490553132,3.9512437185814275,4.248495242049359,0.0,0.0,0.0,0.32679738562091504,1.6339869281045751,0.8333333333333334,1.0,0.0,0.0,0.0,0.0,0.0,0.0,0.0,0.5555555555555556,0.2908496732026144,0.03594771241830066,0.05555555555555555,0.026143790849673203,0.006535947712418301,0.0,0.0,0.0,1.6339869281045751,0.6535947712418301,0.0,0.0,0.0,0.0
raw-L12387,12388,2005,【三騎士】不遇ジョブを愛する人のスレ【シ詩召】,1,3.3862526530487544,1.3846863396494298,5.8289456176102075,1.9459101490553132,4.051784947803305,4.356708826689592,0.0,0.0,0.0,0.0,1.4749262536873156,1.0,1.0,0.0,0.0,0.5899705014749262,0.0,0.0,0.0,0.0,0.528023598820059,0.22713864306784662,0.0471976401179941,0.12094395280235988,0.04129793510324484,0.017699115044247787,0.0,0.0,0.0,1.1799410029498525,0.0,0.5899705014749262,0.0,0.0,0.0
raw-L12410,12411,2005,レベルキャップまで育てると激しく後悔するジョブ,1,3.5359003923936148,2.0017949540169613,5.793013608384144,2.1972245773362196,3.7346889901452305,4.31748811353631,0.0,0.0,0.3058103975535168,0.0,2.140672782874618,1.0,1.0,0.0,1.834862385321101,0.0,0.3058103975535168,0.0,0.0,0.0,0.6391437308868502,0.20489296636085627,0.07033639143730887,0.0,0.01834862385321101,0.01529051987767584,0.3058103975535168,1.834862385321101,0.0,0.9174311926605505,0.9174311926605505,0.0,0.0,0.0,0.0
raw-L12420,12421,2005,レベルキャップまで育てると激しく後悔するジョブ,1,3.6599489356826416,1.881678386750215,6.214608098422191,2.4849066497880004,3.836515452920001,4.584967478670572,0.0,0.0,0.0,0.0,2.004008016032064,1.0,1.0,0.0,0.40080160320641284,0.0,0.6012024048096193,0.0,0.0,0.0,0.6212424849699398,0.23647294589178358,0.04008016032064128,0.03406813627254509,0.014028056112224449,0.026052104208416832,0.0,1.8036072144288577,0.0,0.6012024048096193,0.20040080160320642,0.40080160320641284,0.20040080160320642,0.40080160320641284,0.0
raw-L12433,12434,2005,レベルキャップまで育てると激しく後悔するジョブ,1,1.3550153005461725,1.148387709249091,4.634728988229636,1.6094379124341003,3.2771447329921766,3.4657359027997265,0.0,0.0,0.9803921568627451,0.0,2.9411764705882355,1.0,1.0,0.0,0.0,0.0,0.9803921568627451,0.0,0.0,0.0,0.7058823529411765,0.18627450980392157,0.05882352941176471,0.0,0.0196078431372549,0.0,0.9803921568627451,0.0,2.9411764705882355,0.9803921568627451,0.9803921568627451,0.9803921568627451,0.9803921568627451,0.0,0.0
raw-L12448,12449,2005,サムライサイコ～スレ999,1,3.570674764522073,1.4268140117142771,5.707110264748875,2.0794415416798357,3.780937598531884,4.23410650459726,0.0,0.0,0.0,0.0,2.0,1.0,1.0,0.0,0.0,0.0,1.0,0.0,0.0,0.0,0.6566666666666667,0.19333333333333333,0.016666666666666666,0.11,0.0,0.0,0.0,0.3333333333333333,0.0,0.3333333333333333,0.6666666666666666,0.0,0.3333333333333333,0.0,0.0
raw-L12457,12458,2005,サムライサイコ～スレ999,1,2.84420038833834,0.9730314869758476,5.484796933490655,1.9459101490553132,3.713572066704308,3.9889840465642745,0.0,0.0,0.8333333333333334,0.0,2.0833333333333335,0.8333333333333334,1.0,0.0,0.0,0.0,1.6666666666666667,0.0,0.0,0.4166666666666667,0.6083333333333334,0.25,0.03333333333333333,0.03333333333333333,0.008333333333333333,0.016666666666666666,0.4166666666666667,0.4166666666666667,0.0,0.0,0.4166666666666667,0.0,0.0,0.4166666666666667,0.0
raw-L12465,12466,2005,サムライサイコ～スレ999,1,1.986037629217964,0.9478138141147164,5.303304908059076,1.791759469228055,3.713572066704308,4.060443010546419,0.0,0.0,0.5,0.0,2.0,0.8,1.0,0.0,0.0,0.0,0.5,0.0,0.0,0.0,0.685,0.28,0.02,0.0,0.0,0.0,0.0,0.5,0.0,0.5,0.5,0.0,0.0,0.5,0.0
raw-L12472,12473,2005,サムライサイコ～スレ999,1,3.130219435483887,1.275007734557389,5.594711379601839,2.1972245773362196,3.5409593240373143,4.0943445622221,0.0,0.0,0.0,0.746268656716418,2.611940298507463,0.75,1.0,0.0,0.0,0.0,0.373134328358209,0.0,0.0,0.0,0.5111940298507462,0.34328358208955223,0.033582089552238806,0.02985074626865672,0.033582089552238806,0.02611940298507463,0.0,0.0,0.0,1.8656716417910448,1.1194029850746268,0.0,0.0,0.0,0.0
raw-L12483,12484,2005,サムライサイコ～スレ999,1,4.182220228024618,1.4317392737871417,5.793013608384144,2.1972245773362196,3.7346889901452305,4.248495242049359,0.0,0.0,0.0,0.3058103975535168,2.140672782874618,0.875,1.0,0.0,0.0,0.3058103975535168,1.2232415902140672,0.0,0.0,5.504587155963303,0.4495412844036697,0.26605504587155965,0.045871559633027525,0.14984709480122324,0.01834862385321101,0.01834862385321101,0.0,0.3058103975535168,0.0,0.9174311926605505,0.0,0.0,0.0,0.0,0.0
raw-L12493,12494,2005,サムライサイコ～スレ999,1,4.576536078469781,2.1289259556946547,5.834810737062605,2.1972245773362196,3.7756303805225913,4.23410650459726,0.0,0.0,0.0,0.2932551319648094,2.0527859237536656,0.875,1.0,0.0,0.8797653958944281,0.0,1.1730205278592376,0.0,0.0,8.79765395894428,0.5278592375366569,0.29032258064516125,0.026392961876832842,0.07917888563049853,0.005865102639296188,0.00879765395894428,0.0,0.0,0.0,0.8797653958944281,0.8797653958944281,0.2932551319648094,0.0,0.0,0.0
raw-L12503,12504,2005,サムライサイコ～スレ999,1,2.806020308255474,0.9999868126204794,5.0689042022202315,1.6094379124341003,3.7013019741124933,4.23410650459726,0.0,0.0,0.0,0.0,1.8987341772151898,1.0,1.0,0.0,0.0,0.0,0.0,0.0,0.0,0.0,0.5632911392405063,0.19620253164556964,0.025316455696202535,0.21518987341772153,0.0,0.0,0.0,0.0,0.0,0.0,0.6329113924050633,0.0,0.0,0.6329113924050633,0.0
raw-L12511,12512,2005,サムライサイコ～スレ999,1,2.3518344244891307,-0.2504119466682296,5.043425116919247,1.791759469228055,3.459466289786131,3.828641396489095,0.0,0.0,1.948051948051948,0.0,2.5974025974025974,0.4,1.0,0.0,0.0,0.0,2.5974025974025974,0.0,0.0,0.0,0.551948051948052,0.24675324675324675,0.0,0.07142857142857144,0.01948051948051948,0.01948051948051948,0.0,0.0,1.948051948051948,0.0,0.0,0.6493506493506493,0.0,0.6493506493506493,0.0
raw-L12518,12519,2005,サムライサイコ～スレ999,2,-1.473446514684133,0.4061356526293,2.772588722239781,0.6931471805599453,2.772588722239781,2.772588722239781,0.0,0.0,0.0,0.0,0.0,1.0,1.0,0.0,0.0,0.0,0.0,0.0,0.0,0.0,0.6666666666666667,0.33333333333333337,0.0,0.0,0.0,0.0,0.0,0.0,0.0,0.0,0.0,6.666666666666667,0.0,0.0,0.0
raw-L12522,12523,2005,サムライサイコ～スレ999,1,0.0034993220619021644,0.3305829803556727,4.2626798770413155,1.6094379124341003,2.917770732084279,3.258096538021482,0.0,0.0,1.4285714285714286,0.0,4.285714285714286,0.75,1.0,0.0,0.0,0.0,0.0,0.0,0.0,0.0,0.6285714285714286,0.24285714285714285,0.0,0.04285714285714286,0.0,0.04285714285714286,0.0,2.857142857142857,0.0,0.0,0.0,0.0,0.0,1.4285714285714286,0.0
raw-L12528,12529,2005,サムライサイコ～スレ999,1,1.071173827504942,1.2893020803546469,4.143134726391533,1.3862943611198906,3.0757749812275277,3.332204510175204,0.0,0.0,0.0,0.0,3.225806451612903,1.0,1.0,0.0,0.0,0.0,3.225806451612903,0.0,0.0,0.0,0.5967741935483871,0.3387096774193548,0.0,0.0,0.0,0.0,0.0,1.6129032258064515,0.0,0.0,1.6129032258064515,0.0,0.0,0.0,0.0
raw-L12533,12534,2005,サムライサイコ～スレ999,1,2.5886156447820308,0.6222441617830203,4.77912349311153,1.6094379124341003,3.417726683613366,3.6888794541139363,0.0,0.0,0.0,0.847457627118644,2.542372881355932,0.75,1.0,0.0,0.0,0.0,1.694915254237288,0.0,0.0,0.0,0.635593220338983,0.2288135593220339,0.0,0.059322033898305086,0.01694915254237288,0.01694915254237288,2.542372881355932,0.0,0.0,0.847457627118644,0.0,0.847457627118644,0.0,0.0,0.0
raw-L12539,12540,2005,サムライサイコ～スレ999,4,0.6145589155934464,1.6319457805992805,4.382026634673881,1.3862943611198906,3.3081069585961433,3.6888794541139363,0.0,0.0,0.0,0.0,3.7974683544303796,1.0,1.0,0.0,0.0,0.0,0.0,0.0,0.0,32.91139240506329,0.5822784810126582,0.3037974683544304,0.06329113924050633,0.0,0.0,0.025316455696202535,0.0,2.5316455696202533,0.0,2.5316455696202533,0.0,0.0,0.0,0.0,0.0
raw-L12556,12557,2005,ソロ黒で時給6000だというのにお前らは,1,3.077315816328422,1.3117768666940535,6.045005314036012,2.302585092994046,3.8665606313513887,4.127134385045092,0.0,0.0,0.2375296912114014,0.0,1.9002375296912113,0.8888888888888888,1.0,0.0,0.0,0.0,0.7125890736342043,0.0,0.0,0.0,0.5961995249406176,0.2494061757719715,0.05225653206650831,0.0498812351543943,0.009501187648456056,0.014251781472684086,0.0,0.0,0.9501187648456056,0.7125890736342043,0.0,0.0,0.0,0.4750593824228028,0.0
raw-L12567,12568,2005,ソロ黒で時給6000だというのにお前らは,1,2.719022046394825,0.36015479577015097,5.123963979403259,1.791759469228055,3.5380565643793527,3.6635616461296463,0.0,0.0,0.0,1.7964071856287425,2.395209580838323,0.6,1.0,0.0,0.0,0.0,0.0,0.5988023952095808,0.0,0.0,0.5269461077844312,0.25748502994011974,0.09580838323353293,0.0,0.041916167664670656,0.011976047904191616,0.0,0.0,0.0,1.1976047904191616,1.1976047904191616,0.0,0.0,0.0,0.0
raw-L12575,12576,2005,ソロ黒で時給6000だというのにお前らは,1,2.7574519667016557,0.9551189474014183,5.293304824724492,1.791759469228055,3.703768066607687,4.0943445622221,0.0,0.0,0.0,0.5050505050505051,2.0202020202020203,0.8,1.0,0.0,0.0,0.0,1.0101010101010102,0.0,0.0,0.0,0.5252525252525253,0.3181818181818182,0.08080808080808081,0.015151515151515152,0.015151515151515152,0.005050505050505051,0.0,0.0,0.0,1.5151515151515151,0.5050505050505051,0.0,0.0,0.0,0.0
raw-L12582,12583,2005,ソロ黒で時給6000だというのにお前らは,1,3.2557727994298076,1.509202162273463,5.303304908059076,1.9459101490553132,3.5361166995615263,3.784189633918261,0.0,0.0,0.5,0.0,2.5,1.0,1.0,0.0,1.0,0.0,1.5,0.0,0.0,0.0,0.55,0.27,0.045,0.06,0.0,0.0,0.0,0.0,0.0,1.0,0.0,0.5,0.0,0.0,0.0
raw-L12590,12591,2005,ソロ黒で時給6000だというのにお前らは,1,1.5934049827823007,1.158561113290447,5.19295685089021,1.791759469228055,3.6054978451748854,3.9512437185814275,0.0,0.0,0.5586592178770949,0.0,2.2346368715083798,1.0,1.0,0.0,0.0,0.0,0.0,0.0,0.0,0.0,0.6480446927374302,0.29050279329608936,0.055865921787709494,0.0,0.0,0.0,0.0,1.1173184357541899,0.0,0.5586592178770949,0.0,0.0,0.5586592178770949,0.5586592178770949,0.0
raw-L12597,12598,2005,ソロ黒で時給6000だというのにお前らは,1,2.1305278590685157,1.1759146003638887,5.267858159063328,1.791759469228055,3.6788291182604347,3.9889840465642745,0.0,0.0,0.5181347150259067,0.0,2.0725388601036268,1.0,1.0,0.0,0.0,0.0,0.0,0.0,0.0,0.0,0.6476683937823835,0.2694300518134715,0.015544041450777202,0.046632124352331605,0.0,0.005181347150259067,0.0,1.5544041450777202,0.0,1.5544041450777202,0.5181347150259067,0.0,0.5181347150259067,0.0,0.0
raw-L12604,12605,2005,ソロ黒で時給6000だというのにお前らは,1,1.8816570264303816,0.9066891178912156,4.330733340286331,1.0986122886681098,3.6506582412937387,3.8918202981106265,0.0,0.0,0.0,0.0,1.3333333333333333,1.0,1.0,0.0,0.0,0.0,1.3333333333333333,0.0,0.0,0.0,0.6533333333333333,0.26666666666666666,0.05333333333333333,0.0,0.0,0.0,0.0,1.3333333333333333,0.0,1.3333333333333333,0.0,0.0,1.3333333333333333,1.3333333333333333,0.0
raw-L12608,12609,2005,ソロ黒で時給6000だというのにお前らは,1,3.3222373436581347,-0.36226422995514684,5.14166355650266,1.791759469228055,3.5553480614894135,4.110873864173311,0.5882352941176471,0.0,0.0,0.0,2.9411764705882355,0.8,0.8,0.2,0.0,0.0,0.5882352941176471,0.0,0.0,0.0,0.5941176470588235,0.2058823529411765,0.11176470588235293,0.07058823529411765,0.0,0.0,0.0,0.0,0.0,1.1764705882352942,0.0,0.0,0.0,1.1764705882352942,0.0
raw-L12628,12629,2005,侍強すぎ,1,2.0960508666840734,1.6141746883148953,5.605802066295998,2.1972245773362196,3.5517702401415296,3.828641396489095,0.0,0.0,0.0,0.0,2.5830258302583027,1.0,1.0,0.0,0.0,0.0,0.0,0.0,0.0,0.0,0.6678966789667896,0.2140221402214022,0.09225092250922509,0.0,0.022140221402214024,0.0036900369003690036,0.0,0.7380073800738007,0.0,2.952029520295203,0.36900369003690037,0.0,0.36900369003690037,0.0,0.0
raw-L12638,12639,2005,侍強すぎ,1,2.803963724520629,1.4164662720951744,5.655991810819852,2.0794415416798357,3.7308436532129683,4.143134726391533,0.0,0.0,0.3508771929824561,0.3508771929824561,2.1052631578947367,0.8571428571428571,1.0,0.0,0.0,0.0,0.7017543859649122,0.0,0.0,3.508771929824561,0.5964912280701754,0.2912280701754386,0.0456140350877193,0.0,0.031578947368421054,0.007017543859649122,0.0,1.0526315789473684,0.0,1.7543859649122806,0.3508771929824561,0.0,0.0,0.3508771929824561,0.0
raw-L12648,12649,2005,侍強すぎ,1,3.2817869075584207,1.2375590765198747,5.6131281063880705,2.0794415416798357,3.6888794541139363,4.290459441148391,0.0,0.0,0.0,0.7326007326007326,2.197802197802198,0.8571428571428571,1.0,0.0,0.0,0.0,0.7326007326007326,0.0,0.0,0.0,0.3663003663003663,0.3296703296703296,0.0695970695970696,0.025641025641025644,0.0586080586080586,0.08058608058608058,0.0,0.0,0.0,0.3663003663003663,0.7326007326007326,0.0,0.0,0.0,0.0
raw-L12657,12658,2005,侍強すぎ,1,2.347199251247687,1.4991725700104674,5.438079308923196,1.9459101490553132,3.667826044916104,4.143134726391533,0.0,0.0,0.4366812227074236,0.0,2.183406113537118,1.0,1.0,0.0,0.8733624454148472,0.0,0.0,0.0,0.0,0.0,0.6331877729257642,0.23144104803493448,0.048034934497816595,0.0,0.0,0.039301310043668124,0.4366812227074236,0.4366812227074236,0.0,0.4366812227074236,0.0,0.4366812227074236,0.0,0.0,0.0
raw-L12665,12666,2005,侍強すぎ,1,1.9996875686620765,1.0119551666064928,5.247024072160486,2.0794415416798357,3.332204510175204,3.6109179126442243,0.0,0.0,0.5291005291005291,1.0582010582010581,3.1746031746031744,0.8571428571428571,1.0,0.0,0.5291005291005291,0.0,0.0,0.0,0.0,0.0,0.5714285714285715,0.2804232804232804,0.1111111111111111,0.0,0.010582010582010581,0.0,0.0,0.0,0.5291005291005291,0.5291005291005291,0.0,0.0,0.0,0.0,0.0
raw-L12674,12675,2005,侍強すぎ,1,1.6099967914855695,0.6413946454656585,5.043425116919247,1.791759469228055,3.459466289786131,3.8918202981106265,0.0,0.0,0.6493506493506493,0.0,2.5974025974025974,0.8,1.0,0.0,0.0,0.0,0.6493506493506493,0.0,0.0,0.0,0.5584415584415584,0.2597402597402597,0.051948051948051945,0.03896103896103896,0.025974025974025972,0.032467532467532464,0.0,0.6493506493506493,1.2987012987012987,0.0,0.0,0.0,0.0,0.0,0.0
raw-L12681,12682,2005,侍強すぎ,1,1.925640112305809,1.4957753669327798,5.4638318050256105,1.9459101490553132,3.6930374642626,4.007333185232471,0.0,0.0,0.425531914893617,0.0,2.127659574468085,1.0,1.0,0.0,0.0,0.425531914893617,0.0,0.0,0.0,0.0,0.6553191489361703,0.25957446808510637,0.05957446808510638,0.0,0.012765957446808512,0.0,0.0,0.425531914893617,0.851063829787234,0.851063829787234,0.851063829787234,0.0,0.0,0.0,0.0
raw-L12690,12691,2005,侍強すぎ,1,1.8240884544917657,-0.7849692916723986,4.634728988229636,1.3862943611198906,3.5553480614894135,3.912023005428146,0.0,0.0,0.9803921568627451,1.9607843137254901,1.9607843137254901,0.3333333333333333,1.0,0.0,0.0,0.0,0.0,0.0,0.0,0.0,0.6862745098039216,0.1372549019607843,0.0784313725490196,0.0,0.029411764705882356,0.0,0.0,0.0,0.0,1.9607843137254901,0.0,0.0,0.0,0.0,0.0
raw-L12695,12696,2005,侍強すぎ,1,1.3306881605424874,1.342244196705612,4.672828834461906,1.6094379124341003,3.3141860046725258,3.9889840465642745,0.0,0.0,0.0,0.0,3.7735849056603774,1.0,1.0,0.0,0.0,0.0,0.9433962264150944,0.0,0.0,1.8867924528301887,0.6226415094339622,0.25471698113207547,0.018867924528301886,0.0,0.028301886792452827,0.03773584905660377,0.0,0.9433962264150944,0.0,0.9433962264150944,0.0,0.0,0.0,0.0,0.0
raw-L12703,12704,2005,侍強すぎ,1,2.31431526065188,1.611357730296235,5.552959584921617,2.0794415416798357,3.630038954091003,3.871201010907891,0.0,0.0,0.0,0.0,2.3346303501945527,1.0,1.0,0.0,0.0,0.0,0.7782101167315175,0.0,0.0,0.0,0.5642023346303502,0.29961089494163423,0.042801556420233464,0.0,0.03501945525291829,0.038910505836575876,0.0,0.38910505836575876,0.0,1.1673151750972763,0.38910505836575876,0.0,0.0,0.38910505836575876,0.0
raw-L12712,12713,2005,侍強すぎ,1,1.2366942984228975,1.0186950301301751,5.017279836814924,1.6094379124341003,3.6506582412937387,3.8066624897703196,0.0,0.0,0.0,0.0,2.0,1.0,1.0,0.0,0.0,0.0,0.0,0.0,0.0,0.0,0.6266666666666666,0.18666666666666668,0.16,0.0,0.0,0.006666666666666666,0.0,0.6666666666666666,0.0,2.0,0.0,0.6666666666666666,0.0,0.0,0.0
raw-L12719,12720,2005,侍強すぎ,2,-0.5886206285126506,0.1950981578676416,3.4339872044851463,0.6931471805599453,3.4339872044851463,3.4339872044851463,0.0,0.0,0.0,0.0,0.0,1.0,1.0,0.0,0.0,0.0,0.0,0.0,0.0,0.0,0.6333333333333333,0.36666666666666664,0.0,0.0,0.0,0.0,0.0,3.3333333333333335,0.0,0.0,0.0,0.0,0.0,0.0,0.0
raw-L12722,12723,2005,侍強すぎ,1,3.5616687338094883,1.2256223475147106,6.052089168924417,2.3978952727983707,3.770459441106359,4.1588830833596715,0.0,0.0,0.2358490566037736,0.7075471698113207,2.1226415094339623,0.7,1.0,0.0,0.0,0.0,0.9433962264150944,0.0,0.0,0.0,0.5165094339622641,0.29245283018867924,0.025943396226415096,0.0,0.06839622641509434,0.04952830188679245,0.0,0.0,0.0,0.7075471698113207,0.7075471698113207,0.2358490566037736,0.0,0.0,0.0
raw-L12734,12735,2005,侍強すぎ,1,0.9940034231397127,1.4040542811641035,5.075173815233827,1.9459101490553132,3.3141860046725258,3.5553480614894135,0.0,0.0,0.0,0.0,3.1446540880503147,1.0,1.0,0.0,0.0,0.0,0.0,0.0,0.0,0.0,0.5911949685534591,0.32075471698113206,0.031446540880503145,0.0,0.031446540880503145,0.025157232704402514,0.0,1.2578616352201257,0.0,0.6289308176100629,0.0,0.6289308176100629,0.0,0.0,0.0
raw-L12742,12743,2005,侍強すぎ,1,2.4062463005887236,1.582995019136806,5.521460917862246,2.0794415416798357,3.5992672954242493,4.1588830833596715,0.0,0.0,0.0,0.40160642570281124,2.4096385542168677,1.0,1.0,0.0,0.0,0.0,0.40160642570281124,0.0,0.0,0.0,0.6224899598393574,0.26907630522088355,0.052208835341365466,0.0,0.0321285140562249,0.004016064257028112,0.40160642570281124,0.40160642570281124,0.0,0.40160642570281124,0.0,1.2048192771084338,0.0,0.8032128514056225,0.0
raw-L12752,12753,2006,侍強すぎ,1,3.681416080828552,-1.1386943011720607,5.883322388488279,2.5649493574615367,3.42859635585027,3.7612001156935624,0.8379888268156425,0.0,1.675977653631285,0.0,3.0726256983240225,0.5,0.75,0.25,0.0,0.0,0.0,0.0,0.0,0.0,0.5502793296089385,0.2541899441340782,0.10893854748603353,0.0,0.027932960893854747,0.025139664804469275,0.0,0.0,0.27932960893854747,1.675977653631285,0.0,0.0,1.1173184357541899,0.0,0.0
raw-L12767,12768,2006,侍強すぎ,1,0.8931349322779396,1.2364645386862365,4.605170185988092,1.6094379124341003,3.248434627109745,3.4339872044851463,0.0,0.0,0.0,0.0,3.0303030303030303,1.0,1.0,0.0,0.0,0.0,0.0,0.0,0.0,0.0,0.46464646464646464,0.30303030303030304,0.20202020202020202,0.0,0.020202020202020204,0.0,0.0,0.0,0.0,2.0202020202020203,1.0101010101010102,0.0,0.0,0.0,0.0
raw-L12774,12775,2006,侍強すぎ,3,3.125797168705866,-2.271374381294629,4.859812404361672,1.791759469228055,3.2809112157876537,3.5263605246161616,1.5625,0.0,0.0,0.0,3.125,0.6,0.6,0.4,0.0,0.0,0.0,0.0,0.0,0.0,0.5390625,0.2734375,0.1640625,0.0,0.0,0.0,0.0,0.78125,0.0,3.125,0.0,0.78125,0.0,0.0,0.0
raw-L12782,12783,2006,侍強すぎ,3,2.7394744103129782,-2.4899821517000396,4.68213122712422,1.791759469228055,3.109060958860994,3.295836866004329,1.8691588785046729,0.0,0.0,0.0,3.7383177570093458,0.6,0.6,0.4,0.0,0.0,0.0,0.0,0.0,0.0,0.6822429906542057,0.15887850467289721,0.13084112149532712,0.0,0.0,0.0,0.0,2.803738317757009,0.0,0.9345794392523364,0.9345794392523364,0.0,0.0,0.0,0.0
raw-L12789,12790,2006,侍強すぎ,1,-0.131503278990514,0.1485162327432495,3.58351893845611,0.6931471805599453,3.58351893845611,3.58351893845611,0.0,0.0,0.0,0.0,0.0,1.0,1.0,0.0,0.0,0.0,0.0,0.0,0.0,0.0,0.6285714285714286,0.22857142857142856,0.14285714285714288,0.0,0.0,0.0,0.0,2.857142857142857,0.0,2.857142857142857,0.0,0.0,0.0,0.0,0.0
raw-L12800,12801,2006,侍を真剣に語るスレ,2,-1.7005892862198309,0.1488023144847978,2.70805020110221,0.6931471805599453,2.70805020110221,2.70805020110221,0.0,0.0,0.0,0.0,0.0,1.0,1.0,0.0,0.0,0.0,0.0,0.0,0.0,0.0,0.5714285714285715,0.42857142857142855,0.0,0.0,0.0,0.0,0.0,0.0,0.0,0.0,0.0,0.0,0.0,0.0,0.0
raw-L12803,12804,2006,侍を真剣に語るスレ,1,0.9336822842664856,1.095654203646084,4.465908118654584,1.6094379124341003,3.1135153092103742,3.6888794541139363,0.0,0.0,0.0,0.0,3.488372093023256,1.0,1.0,0.0,0.0,0.0,1.1627906976744187,0.0,0.0,0.0,0.6162790697674418,0.2558139534883721,0.09302325581395349,0.0,0.0,0.0,0.0,0.0,0.0,0.0,0.0,0.0,0.0,0.0,0.0
raw-L12809,12810,2006,侍を真剣に語るスレ,1,0.9091444970674561,1.054889515331446,4.844187086458591,1.6094379124341003,3.481240089335692,3.7376696182833684,0.0,0.0,0.0,0.0,2.380952380952381,1.0,1.0,0.0,0.0,0.0,0.0,0.0,0.0,0.0,0.6984126984126984,0.2222222222222222,0.07936507936507936,0.0,0.0,0.0,0.0,0.7936507936507936,0.0,1.5873015873015872,0.0,0.0,0.0,0.0,0.0
raw-L12815,12816,2006,侍を真剣に語るスレ,1,0.7935617779652798,1.213755002846515,4.897839799950911,1.791759469228055,3.3178157727231046,3.6375861597263857,0.0,0.0,0.0,0.0,3.007518796992481,1.0,1.0,0.0,0.0,0.0,0.0,0.0,0.0,0.0,0.5714285714285715,0.3458646616541353,0.04511278195488722,0.0,0.02255639097744361,0.015037593984962405,0.0,3.007518796992481,0.0,0.7518796992481203,0.0,0.0,0.0,0.0,0.0
raw-L12833,12834,2006,侍を真剣に語るスレ２,1,2.804570419160782,1.777147771088084,5.752572638825633,2.1972245773362196,3.6951100038645723,4.189654742026425,0.0,0.0,0.0,0.0,2.229299363057325,1.0,1.0,0.0,0.0,0.0,0.3184713375796178,0.0,0.0,0.0,0.5668789808917197,0.27388535031847133,0.05095541401273885,0.01910828025477707,0.028662420382165602,0.04777070063694268,0.6369426751592356,0.3184713375796178,0.0,0.6369426751592356,1.2738853503184713,0.0,0.0,0.0,0.0
raw-L12843,12844,2006,侍を真剣に語るスレ２,1,2.643627081787861,1.8466369021396492,5.739792912179234,2.302585092994046,3.5679665254486252,3.970291913552122,0.0,0.0,0.0,0.0,2.5806451612903225,1.0,1.0,0.0,0.0,0.0,0.3225806451612903,0.0,0.0,0.0,0.5,0.2806451612903226,0.07419354838709677,0.00967741935483871,0.04516129032258065,0.06129032258064516,0.3225806451612903,0.3225806451612903,0.0,2.2580645161290325,0.967741935483871,0.3225806451612903,0.0,0.0,0.0
raw-L12854,12855,2006,侍を真剣に語るスレ２,1,2.633377676963693,1.462566966213191,5.60947179518496,2.0794415416798357,3.6853016327660524,4.07753744390572,0.0,0.0,0.0,0.0,2.2058823529411766,1.0,1.0,0.0,0.0,0.0,0.0,0.0,0.0,0.0,0.6433823529411765,0.22058823529411764,0.022058823529411766,0.09191176470588236,0.011029411764705883,0.007352941176470589,0.0,1.1029411764705883,0.0,0.36764705882352944,0.36764705882352944,0.7352941176470589,0.0,0.7352941176470589,0.0
raw-L12872,12873,2006,とうとう侍までもがﾈｶﾞｷｬﾝ工作に参戦してきたか,1,2.597244426276148,1.7025504546081323,5.733341276897746,2.1972245773362196,3.676300671907076,3.970291913552122,0.0,0.0,0.0,0.0,2.272727272727273,1.0,1.0,0.0,0.0,0.0,0.6493506493506493,0.0,0.0,0.0,0.49025974025974023,0.3441558441558441,0.0551948051948052,0.0,0.06818181818181818,0.022727272727272728,0.0,0.974025974025974,0.0,1.948051948051948,0.3246753246753247,0.0,0.0,0.0,0.0
raw-L12882,12883,2006,とうとう侍までもがﾈｶﾞｷｬﾝ工作に参戦してきたか,1,2.4690292147125485,1.4963243110818567,5.3981627015177525,1.9459101490553132,3.628775530044231,3.871201010907891,0.0,0.0,0.0,0.0,2.272727272727273,1.0,1.0,0.0,0.0,0.0,1.3636363636363635,0.0,0.0,0.0,0.5045454545454545,0.2909090909090909,0.05454545454545454,0.0,0.03636363636363636,0.07727272727272727,0.0,0.45454545454545453,0.0,1.8181818181818181,0.45454545454545453,0.0,0.0,0.0,0.0
raw-L12890,12891,2006,とうとう侍までもがﾈｶﾞｷｬﾝ工作に参戦してきたか,1,2.239343703044292,1.1775918732224393,5.645446897643238,2.0794415416798357,3.720516539057119,4.07753744390572,0.0,0.0,0.0,0.3546099290780142,2.127659574468085,0.8571428571428571,1.0,0.0,0.0,0.0,0.0,0.0,0.0,0.0,0.6170212765957447,0.2801418439716312,0.07801418439716312,0.0,0.0070921985815602835,0.0070921985815602835,0.0,1.0638297872340425,0.0,1.0638297872340425,0.3546099290780142,0.0,0.0,0.0,0.0
raw-L12899,12900,2006,とうとう侍までもがﾈｶﾞｷｬﾝ工作に参戦してきたか,1,2.9778306354132784,1.7623231557017,5.568344503761097,2.0794415416798357,3.6450768314555435,3.970291913552122,0.0,0.0,0.0,0.0,2.2988505747126435,1.0,1.0,0.0,0.0,0.0,0.7662835249042146,0.0,0.0,0.0,0.4176245210727969,0.2835249042145594,0.14559386973180077,0.0,0.030651340996168584,0.05747126436781609,0.0,0.3831417624521073,0.0,3.0651340996168583,1.5325670498084292,0.0,0.3831417624521073,0.0,0.0
raw-L12908,12909,2006,とうとう侍までもがﾈｶﾞｷｬﾝ工作に参戦してきたか,1,2.4406088019006353,1.6221353335273019,5.598421958998375,2.0794415416798357,3.6744907166618366,4.04305126783455,0.0,0.0,0.0,0.0,2.2304832713754648,1.0,1.0,0.0,0.0,0.0,0.7434944237918215,0.0,0.0,0.0,0.620817843866171,0.2936802973977695,0.05204460966542751,0.0,0.0,0.01486988847583643,0.0,1.1152416356877324,0.0,1.1152416356877324,0.7434944237918215,0.37174721189591076,0.0,0.0,0.0
raw-L12917,12918,2006,とうとう侍までもがﾈｶﾞｷｬﾝ工作に参戦してきたか,1,2.5980346013572846,2.033130044468955,5.8888779583328805,2.3978952727983707,3.6109179126442243,3.8918202981106265,0.0,0.0,0.0,0.0,2.5,1.0,1.0,0.0,0.0,0.0,0.0,0.0,0.0,0.0,0.4777777777777778,0.43333333333333335,0.05277777777777778,0.0,0.011111111111111112,0.005555555555555556,0.0,0.0,0.0,1.6666666666666667,1.1111111111111112,0.8333333333333334,0.0,0.0,0.0
raw-L12929,12930,2006,とうとう侍までもがﾈｶﾞｷｬﾝ工作に参戦してきたか,1,1.8186074276335786,0.9319613175966461,5.303304908059076,1.9459101490553132,3.5361166995615263,3.8066624897703196,0.0,0.0,0.5,0.0,2.5,0.8333333333333334,1.0,0.0,0.0,0.0,1.0,0.0,0.0,0.0,0.59,0.295,0.08,0.0,0.0,0.01,0.0,1.0,0.5,0.5,0.0,0.5,0.0,0.0,0.0
raw-L12938,12939,2006,とうとう侍までもがﾈｶﾞｷｬﾝ工作に参戦してきたか,1,1.7182076258842616,1.4394183832804281,5.170483995038151,1.9459101490553132,3.4067375620377707,4.02535169073515,0.0,0.0,0.0,0.0,2.857142857142857,1.0,1.0,0.0,0.0,0.0,0.0,0.0,0.0,0.0,0.6171428571428571,0.29714285714285715,0.03428571428571428,0.02857142857142857,0.0,0.022857142857142857,0.0,1.1428571428571428,0.0,1.1428571428571428,0.5714285714285714,0.0,0.0,0.0,0.0
raw-L12946,12947,2006,とうとう侍までもがﾈｶﾞｷｬﾝ工作に参戦してきたか,1,1.8299891867793334,1.5877855424668899,5.209486152841421,1.9459101490553132,3.4446824936018943,3.784189633918261,0.0,0.0,0.0,0.0,2.7472527472527473,1.0,1.0,0.0,0.0,0.0,0.5494505494505495,0.0,0.0,0.0,0.576923076923077,0.3351648351648352,0.06593406593406594,0.0,0.01098901098901099,0.0,0.0,0.5494505494505495,0.0,1.098901098901099,0.5494505494505495,0.5494505494505495,0.0,0.5494505494505495,0.0
raw-L12954,12955,2006,とうとう侍までもがﾈｶﾞｷｬﾝ工作に参戦してきたか,1,2.6397858421606903,1.533287206198432,5.910796644040527,2.3978952727983707,3.632309102625542,4.1588830833596715,0.0,0.0,0.2717391304347826,0.0,2.4456521739130435,0.9,1.0,0.0,0.0,0.0,0.2717391304347826,0.0,0.0,0.0,0.529891304347826,0.34782608695652173,0.07880434782608696,0.0,0.021739130434782608,0.005434782608695652,0.0,0.5434782608695652,0.0,1.0869565217391304,0.0,0.8152173913043478,0.2717391304347826,0.0,0.0
raw-L12968,12969,2006,とうとう侍までもがﾈｶﾞｷｬﾝ工作に参戦してきたか,1,0.8618425716349434,1.1761687445997293,5.0369526024136295,1.9459101490553132,3.2771447329921766,3.4965075614664802,0.0,0.0,0.6535947712418301,0.0,3.2679738562091503,1.0,1.0,0.0,0.0,0.0,0.0,0.0,0.0,0.0,0.6143790849673203,0.29411764705882354,0.0784313725490196,0.0,0.0,0.0,1.3071895424836601,0.0,0.0,0.0,0.0,0.0,0.0,0.0,0.0
raw-L12976,12977,2006,とうとう侍までもがﾈｶﾞｷｬﾝ工作に参戦してきたか,1,-0.6507281169687318,-0.34012816850733407,4.143134726391533,1.791759469228055,2.5952547069568657,3.1354942159291497,0.0,0.0,4.838709677419355,0.0,8.064516129032258,0.6,1.0,0.0,0.0,0.0,0.0,0.0,0.0,0.0,0.5645161290322581,0.25806451612903225,0.06451612903225806,0.0,0.0,0.03225806451612903,3.225806451612903,0.0,0.0,0.0,0.0,0.0,0.0,0.0,0.0
raw-L12990,12991,2005,ナイトと忍者のＬＳ信頼度は違いすぎた,1,4.578106546297859,1.6658918886254837,6.391917113392602,2.302585092994046,4.208003880694622,4.553876891600541,0.0,0.16778523489932887,0.0,1.0067114093959733,1.342281879194631,1.0,0.8888888888888888,0.0,1.6778523489932886,0.0,0.16778523489932887,0.0,0.0,0.0,0.6593959731543625,0.1644295302013423,0.10067114093959731,0.0,0.015100671140939596,0.0,0.16778523489932887,0.8389261744966443,0.0,0.6711409395973155,0.16778523489932887,0.6711409395973155,0.16778523489932887,0.16778523489932887,0.0
raw-L13001,13002,2005,ナイトと忍者のＬＳ信頼度は違いすぎた,1,1.5337754466598996,1.0620155054163707,5.093750200806762,1.6094379124341003,3.7256934272366524,3.8918202981106265,0.0,0.0,0.0,0.0,1.8518518518518519,1.0,1.0,0.0,0.0,0.0,0.0,0.0,0.0,0.0,0.6358024691358025,0.12962962962962965,0.21604938271604937,0.0,0.012345679012345678,0.0,0.0,0.0,0.0,1.8518518518518519,0.6172839506172839,0.0,0.0,0.0,0.0
raw-L13007,13008,2005,ナイトと忍者のＬＳ信頼度は違いすぎた,1,1.3649634075389752,0.1491769731587274,4.330733340286331,1.6094379124341003,2.9831534913471307,3.258096538021482,0.0,1.3333333333333333,1.3333333333333333,0.0,4.0,0.75,0.75,0.0,0.0,1.3333333333333333,0.0,0.0,0.0,0.0,0.6133333333333334,0.33333333333333337,0.0,0.0,0.0,0.0,0.0,0.0,0.0,1.3333333333333333,0.0,0.0,1.3333333333333333,0.0,0.0
raw-L13014,13015,2005,ナイトと忍者のＬＳ信頼度は違いすぎた,1,2.9325640741106427,0.10001512190500265,5.697093486505405,2.4849066497880004,3.332204510175204,3.713572066704308,0.0,2.0202020202020203,0.6734006734006734,0.0,3.7037037037037037,0.8181818181818182,0.45454545454545453,0.0,0.0,0.3367003367003367,0.0,0.0,0.0,0.0,0.6599326599326599,0.22558922558922562,0.0707070707070707,0.0,0.0,0.0,0.0,0.0,0.0,0.6734006734006734,0.0,0.3367003367003367,0.0,0.0,0.0
raw-L13031,13032,2005,ナイトと忍者のＬＳ信頼度は違いすぎた,1,3.1745478668224325,0.6436427726300231,5.598421958998375,2.1972245773362196,3.544575964507503,3.912023005428146,0.0,1.486988847583643,0.37174721189591076,0.0,2.973977695167286,1.0,0.5,0.0,0.37174721189591076,0.37174721189591076,0.0,0.0,0.0,0.0,0.6802973977695167,0.21189591078066916,0.07063197026022305,0.0,0.0,0.0,0.0,0.0,1.1152416356877324,0.37174721189591076,0.37174721189591076,0.0,0.37174721189591076,0.0,0.0
raw-L13045,13046,2005,ナイトと忍者のＬＳ信頼度は違いすぎた,1,0.36393180155698374,1.2586053293643273,4.394449154672439,1.6094379124341003,3.044522437723423,3.4965075614664802,0.0,0.0,0.0,0.0,5.0,1.0,1.0,0.0,0.0,0.0,0.0,0.0,0.0,0.0,0.5625,0.2625,0.125,0.0,0.05,0.0,1.25,0.0,0.0,1.25,0.0,0.0,0.0,0.0,0.0
raw-L13052,13053,2005,ナイトと忍者のＬＳ信頼度は違いすぎた,1,0.20311297991108804,0.7466865723051312,4.356708826689592,1.3862943611198906,3.283414346005772,3.4011973816621555,0.0,0.0,1.2987012987012987,0.0,3.896103896103896,1.0,1.0,0.0,0.0,0.0,0.0,0.0,0.0,0.0,0.5844155844155844,0.28571428571428575,0.07792207792207792,0.0,0.03896103896103896,0.0,0.0,0.0,0.0,1.2987012987012987,0.0,0.0,0.0,0.0,0.0
raw-L13060,13061,2005,ナイトと忍者のＬＳ信頼度は違いすぎた,2,-0.3394551361648185,1.2240714687231211,4.060443010546419,1.6094379124341003,2.7245795030534206,3.367295829986474,0.0,0.0,0.0,0.0,5.2631578947368425,1.0,1.0,0.0,0.0,0.0,0.0,0.0,0.0,0.0,0.736842105263158,0.1929824561403509,0.0,0.0,0.052631578947368425,0.0,0.0,0.0,0.0,0.0,0.0,0.0,0.0,0.0,0.0
raw-L13067,13068,2005,ナイトと忍者のＬＳ信頼度は違いすぎた,1,-0.018375556980338274,0.741310795452936,3.828641396489095,1.0986122886681098,3.1570004211501135,3.6109179126442243,0.0,0.0,0.0,0.0,2.2222222222222223,1.0,1.0,0.0,0.0,0.0,0.0,0.0,0.0,0.0,0.6222222222222222,0.17777777777777778,0.044444444444444446,0.0,0.13333333333333333,0.0,0.0,0.0,0.0,0.0,0.0,0.0,0.0,0.0,0.0
raw-L13074,13075,2005,ナイトと忍者のＬＳ信頼度は違いすぎた,2,-0.7816082546792025,0.9498644636137923,3.9889840465642745,1.3862943611198906,2.9267394020670396,3.258096538021482,0.0,0.0,0.0,0.0,3.7735849056603774,1.0,1.0,0.0,0.0,0.0,0.0,0.0,0.0,0.0,0.6415094339622641,0.3584905660377358,0.0,0.0,0.0,0.0,0.0,1.8867924528301887,5.660377358490566,1.8867924528301887,0.0,0.0,0.0,0.0,0.0
raw-L13080,13081,2005,ナイトと忍者のＬＳ信頼度は違いすぎた,1,0.8989986492250928,0.6597978230144192,4.8283137373023015,1.9459101490553132,3.0757749812275277,3.7376696182833684,0.0,0.0,1.6129032258064515,0.0,4.032258064516129,0.8333333333333334,1.0,0.0,0.0,0.0,0.8064516129032258,0.0,0.0,0.0,0.717741935483871,0.1693548387096774,0.07258064516129031,0.0,0.0,0.0,0.0,0.0,1.6129032258064515,0.8064516129032258,0.0,0.0,0.0,0.0,0.0
raw-L13088,13089,2005,ナイトと忍者のＬＳ信頼度は違いすぎた,1,1.3358094202711386,0.4825188568242395,4.343805421853684,1.6094379124341003,2.995732273553991,3.713572066704308,0.0,0.0,1.3157894736842106,0.0,3.9473684210526314,0.75,1.0,0.0,0.0,0.0,1.3157894736842106,0.0,0.0,0.0,0.5921052631578947,0.27631578947368424,0.06578947368421052,0.0,0.0,0.0,0.0,0.0,1.3157894736842106,1.3157894736842106,0.0,0.0,1.3157894736842106,0.0,0.0
raw-L13095,13096,2005,ナイトと忍者のＬＳ信頼度は違いすぎた,1,0.8992578458460904,1.0009821447883074,3.912023005428146,1.0986122886681098,3.2386784521643803,3.295836866004329,0.0,0.0,0.0,0.0,2.0408163265306123,1.0,1.0,0.0,0.0,0.0,0.0,0.0,0.0,0.0,0.6938775510204082,0.14285714285714288,0.163265306122449,0.0,0.0,0.0,0.0,0.0,0.0,2.0408163265306123,2.0408163265306123,0.0,2.0408163265306123,0.0,0.0
raw-L13100,13101,2005,ナイトと忍者のＬＳ信頼度は違いすぎた,1,-0.08569332493385629,1.1749601441530502,4.30406509320417,1.6094379124341003,2.9575110607337933,3.4339872044851463,0.0,0.0,0.0,0.0,5.47945205479452,1.0,1.0,0.0,0.0,0.0,0.0,0.0,0.0,0.0,0.7671232876712328,0.1506849315068493,0.08219178082191782,0.0,0.0,0.0,1.36986301369863,0.0,0.0,0.0,0.0,0.0,0.0,0.0,0.0
raw-L13109,13110,2005,ナイトと忍者のＬＳ信頼度は違いすぎた,1,1.3668673372885787,0.7975388935957145,4.77912349311153,1.6094379124341003,3.417726683613366,3.4965075614664802,0.0,0.0,1.694915254237288,0.0,3.389830508474576,1.0,1.0,0.0,0.0,0.0,0.847457627118644,0.0,0.0,0.0,0.5677966101694916,0.2627118644067796,0.1271186440677966,0.0,0.0,0.0,0.0,0.847457627118644,0.0,1.694915254237288,0.0,0.847457627118644,0.847457627118644,0.0,0.0
raw-L13118,13119,2005,ナイトと忍者のＬＳ信頼度は違いすぎた,1,0.5535261889453826,0.5977816806498562,4.276666119016055,1.6094379124341003,2.9311937524164198,3.044522437723423,0.0,1.408450704225352,0.0,0.0,4.225352112676056,1.0,0.75,0.0,0.0,0.0,0.0,0.0,0.0,0.0,0.5915492957746479,0.32394366197183094,0.05633802816901408,0.0,0.0,0.0,0.0,0.0,1.408450704225352,1.408450704225352,0.0,0.0,0.0,1.408450704225352,0.0
raw-L13125,13126,2005,ナイトと忍者のＬＳ信頼度は違いすぎた,1,0.015609669018507329,0.6232528191600023,3.970291913552122,1.0986122886681098,3.295836866004329,3.367295829986474,0.0,0.0,0.0,0.0,1.9230769230769231,1.0,1.0,0.0,0.0,0.0,0.0,0.0,0.0,0.0,0.576923076923077,0.1923076923076923,0.23076923076923075,0.0,0.0,0.0,0.0,0.0,0.0,1.9230769230769231,0.0,1.9230769230769231,0.0,0.0,0.0
raw-L13131,13132,2005,ナイトと忍者のＬＳ信頼度は違いすぎた,1,1.0384677006801097,1.0202137698125189,4.330733340286331,1.6094379124341003,2.9831534913471307,3.367295829986474,0.0,0.0,1.3333333333333333,0.0,5.333333333333333,0.75,1.0,0.0,0.0,0.0,0.0,0.0,0.0,0.0,0.7066666666666667,0.22666666666666668,0.0,0.0,0.05333333333333333,0.0,0.0,0.0,0.0,2.6666666666666665,1.3333333333333333,1.3333333333333333,1.3333333333333333,0.0,0.0
raw-L13141,13142,2005,ナイトと忍者のＬＳ信頼度は違いすぎた,1,1.157151971489031,2.0511159483996986,4.727387818712341,2.1972245773362196,2.70805020110221,3.9512437185814275,0.0,0.0,0.0,0.0,7.142857142857143,1.0,1.0,0.0,0.0,0.0,0.0,0.0,0.0,0.0,0.35714285714285715,0.26785714285714285,0.0,0.0,0.33035714285714285,0.026785714285714284,0.0,0.0,0.0,0.0,0.0,0.0,0.0,0.0,0.0
raw-L13152,13153,2005,ナイトと忍者のＬＳ信頼度は違いすぎた,1,1.8413470957754592,0.6869332279088665,4.465908118654584,1.0986122886681098,3.784189633918261,4.04305126783455,0.0,0.0,0.0,0.0,1.1627906976744187,1.0,1.0,0.0,0.0,0.0,1.1627906976744187,0.0,0.0,0.0,0.6395348837209303,0.18604651162790697,0.13953488372093023,0.0,0.0,0.0,0.0,1.1627906976744187,1.1627906976744187,2.3255813953488373,0.0,0.0,1.1627906976744187,0.0,0.0
raw-L13157,13158,2005,ナイトと忍者のＬＳ信頼度は違いすぎた,1,2.321335339303468,0.2794817535476971,4.948759890378168,1.6094379124341003,3.58351893845611,4.02535169073515,0.0,1.4285714285714286,0.0,0.0,2.857142857142857,1.0,0.5,0.0,0.0,0.7142857142857143,0.0,0.0,0.0,0.0,0.5928571428571429,0.20714285714285716,0.1357142857142857,0.0,0.0,0.02142857142857143,0.0,0.0,0.7142857142857143,0.7142857142857143,0.0,1.4285714285714286,0.0,0.0,0.0
raw-L13165,13166,2005,ナイトと忍者のＬＳ信頼度は違いすぎた,2,-0.9203560171186371,0.7352921584731361,3.8066624897703196,1.3862943611198906,2.751535313041949,2.995732273553991,0.0,0.0,0.0,0.0,4.545454545454546,1.0,1.0,0.0,0.0,0.0,0.0,0.0,0.0,0.0,0.4318181818181818,0.29545454545454547,0.2727272727272727,0.0,0.0,0.0,0.0,0.0,2.272727272727273,0.0,0.0,0.0,0.0,0.0,0.0
raw-L13171,13172,2005,ナイトと忍者のＬＳ信頼度は違いすぎた,1,2.7675640574530647,-0.4295590096488129,4.709530201312334,1.3862943611198906,3.628775530044231,3.9318256327243257,0.0,1.8181818181818181,0.0,0.0,1.8181818181818181,1.0,0.3333333333333333,0.0,0.0,0.0,0.0,0.0,0.0,0.0,0.5181818181818182,0.2636363636363636,0.1909090909090909,0.0,0.0,0.0,0.0,0.0,0.0,0.9090909090909091,0.0,0.9090909090909091,0.9090909090909091,0.0,0.0
raw-L13177,13178,2005,ナイトと忍者のＬＳ信頼度は違いすぎた,1,1.7929168322415012,1.4117293582863983,5.37989735354046,2.1972245773362196,3.332204510175204,3.912023005428146,0.0,0.46296296296296297,0.0,0.0,4.166666666666667,1.0,0.875,0.0,0.0,0.46296296296296297,0.0,0.0,0.0,0.0,0.5601851851851852,0.2962962962962963,0.12037037037037036,0.0,0.0,0.009259259259259259,0.0,0.46296296296296297,0.9259259259259259,0.9259259259259259,0.0,0.46296296296296297,0.0,0.0,0.0
raw-L13192,13193,2005,ナイトと忍者のＬＳ信頼度は違いすぎた,2,-0.4372882233825049,-0.7603949120906757,3.8501476017100584,1.0986122886681098,3.1780538303479458,3.258096538021482,0.0,0.0,2.1739130434782608,0.0,2.1739130434782608,0.5,1.0,0.0,0.0,0.0,0.0,0.0,0.0,0.0,0.6086956521739131,0.2826086956521739,0.06521739130434782,0.0,0.021739130434782608,0.0,0.0,0.0,0.0,0.0,0.0,0.0,0.0,0.0,0.0
raw-L13197,13198,2005,ナイトと忍者のＬＳ信頼度は違いすぎた,2,-0.28596542781327766,0.9336207678673871,4.143134726391533,1.3862943611198906,3.0757749812275277,3.1354942159291497,0.0,0.0,0.0,0.0,3.225806451612903,1.0,1.0,0.0,0.0,0.0,0.0,0.0,0.0,0.0,0.7258064516129032,0.27419354838709675,0.0,0.0,0.0,0.0,0.0,1.6129032258064515,0.0,1.6129032258064515,0.0,0.0,0.0,0.0,0.0
raw-L13203,13204,2005,ナイトと忍者のＬＳ信頼度は違いすぎた,1,1.5166617271448222,1.6266043510924044,4.653960350157523,1.6094379124341003,3.295836866004329,3.6635616461296463,0.0,0.0,0.0,0.0,2.8846153846153846,1.0,1.0,0.0,0.0,0.9615384615384616,0.0,0.0,0.0,0.0,0.548076923076923,0.3365384615384615,0.07692307692307693,0.0,0.0,0.019230769230769232,0.0,0.9615384615384616,0.0,1.9230769230769231,0.9615384615384616,0.9615384615384616,0.9615384615384616,0.0,0.0
raw-L13210,13211,2005,ナイトと忍者のＬＳ信頼度は違いすぎた,1,0.7731696970948426,0.82013066020312,4.6913478822291435,1.3862943611198906,3.6109179126442243,4.04305126783455,0.0,0.0,0.0,0.0,1.8518518518518519,1.0,1.0,0.0,0.0,0.0,0.0,0.0,0.0,0.0,0.7592592592592592,0.16666666666666669,0.07407407407407407,0.0,0.0,0.0,0.0,0.9259259259259259,0.9259259259259259,0.0,0.0,0.0,0.0,0.0,0.0
raw-L13216,13217,2005,ナイトと忍者のＬＳ信頼度は違いすぎた,1,0.01784037075753878,1.4445262548531892,4.51085950651685,1.9459101490553132,2.772588722239781,3.332204510175204,0.0,0.0,1.1111111111111112,0.0,7.777777777777778,1.0,1.0,0.0,0.0,0.0,0.0,0.0,0.0,0.0,0.5444444444444444,0.2777777777777778,0.044444444444444446,0.0,0.1111111111111111,0.011111111111111112,0.0,0.0,1.1111111111111112,0.0,0.0,0.0,0.0,0.0,0.0
raw-L13229,13230,2005,ナイトと忍者のＬＳ信頼度は違いすぎた,1,0.2945057128696406,0.8274816268967455,4.2626798770413155,1.3862943611198906,3.1918471524802814,3.6635616461296463,0.0,0.0,0.0,0.0,2.857142857142857,1.0,1.0,0.0,0.0,0.0,0.0,0.0,0.0,0.0,0.6,0.21428571428571427,0.17142857142857143,0.0,0.0,0.014285714285714285,0.0,0.0,0.0,1.4285714285714286,0.0,0.0,0.0,0.0,0.0
raw-L13235,13236,2005,ナイトと忍者のＬＳ信頼度は違いすぎた,1,0.4358346348594517,0.9914835375670717,4.418840607796598,1.791759469228055,2.856470206220483,3.2188758248682006,0.0,1.2195121951219512,0.0,0.0,6.097560975609756,1.0,0.8,0.0,0.0,0.0,0.0,0.0,0.0,0.0,0.6829268292682927,0.21951219512195125,0.04878048780487805,0.0,0.03658536585365854,0.0,0.0,0.0,2.4390243902439024,0.0,0.0,1.2195121951219512,0.0,1.2195121951219512,0.0
raw-L13244,13245,2005,ナイトと忍者のＬＳ信頼度は違いすぎた,1,0.7528207805883526,0.9469039127823525,4.68213122712422,1.3862943611198906,3.6018680771243066,3.912023005428146,0.0,0.0,0.0,0.0,1.8691588785046729,1.0,1.0,0.0,0.0,0.0,0.0,0.0,0.0,0.0,0.6728971962616822,0.27102803738317754,0.056074766355140186,0.0,0.0,0.0,0.0,0.0,1.8691588785046729,0.0,0.0,0.9345794392523364,0.0,0.0,0.0
raw-L13251,13252,2005,ナイトと忍者のＬＳ信頼度は違いすぎた,1,1.9705532968120667,0.0446908110082982,5.176149732573829,2.1972245773362196,3.1354942159291497,3.58351893845611,0.0,1.7045454545454546,1.1363636363636365,0.0,4.545454545454546,0.75,0.625,0.0,0.0,0.5681818181818182,0.0,0.0,0.0,0.0,0.5568181818181818,0.26704545454545453,0.10795454545454546,0.0,0.017045454545454544,0.0,0.5681818181818182,0.0,0.5681818181818182,0.0,0.0,0.0,0.0,0.0,0.0
raw-L13263,13264,2005,ナイトと忍者のＬＳ信頼度は違いすぎた,1,2.7816356040230876,0.3725419425499019,5.6131281063880705,2.1972245773362196,3.5589131276539097,4.110873864173311,0.0,1.465201465201465,0.7326007326007326,0.0,2.93040293040293,0.75,0.75,0.0,0.0,0.3663003663003663,0.3663003663003663,0.0,0.0,0.0,0.6703296703296704,0.2380952380952381,0.04029304029304029,0.0,0.01098901098901099,0.0,0.0,0.0,0.3663003663003663,0.0,0.0,0.0,0.0,0.3663003663003663,0.0
raw-L13275,13276,2005,ナイトと忍者のＬＳ信頼度は違いすぎた,1,0.8029830007689227,1.5701199292552912,4.859812404361672,1.9459101490553132,3.106080330722856,3.828641396489095,0.0,0.0,0.0,0.0,4.6875,1.0,1.0,0.0,0.0,0.78125,0.0,0.0,0.0,0.0,0.6796875,0.2421875,0.0625,0.0,0.0,0.0,0.0,1.5625,0.78125,0.78125,0.0,0.0,0.0,0.0,0.0
raw-L13284,13285,2005,ナイトと忍者のＬＳ信頼度は違いすぎた,1,1.4252556685989404,0.8959792363321961,4.727387818712341,1.3862943611198906,3.6463198396951406,3.8066624897703196,0.0,0.0,0.0,0.0,1.7857142857142858,1.0,1.0,0.0,0.0,0.0,0.0,0.0,0.0,0.0,0.6607142857142857,0.26785714285714285,0.0,0.07142857142857144,0.0,0.0,0.8928571428571429,0.0,0.8928571428571429,1.7857142857142858,0.0,0.0,0.0,0.0,0.0
raw-L13289,13290,2005,ナイトと忍者のＬＳ信頼度は違いすぎた,1,0.5464061440619457,1.2538544851945816,4.61512051684126,1.6094379124341003,3.258096538021482,3.6635616461296463,0.0,0.0,0.0,0.0,3.0,1.0,1.0,0.0,0.0,0.0,0.0,0.0,0.0,0.0,0.71,0.29,0.0,0.0,0.0,0.0,1.0,2.0,1.0,1.0,0.0,2.0,0.0,0.0,0.0
raw-L13295,13296,2005,ナイトと忍者のＬＳ信頼度は違いすぎた,1,0.4002172645122689,1.3364051089903097,4.442651256490317,1.6094379124341003,3.091042453358316,3.5263605246161616,0.0,0.0,0.0,0.0,3.5714285714285716,1.0,1.0,0.0,0.0,0.0,0.0,0.0,0.0,0.0,0.7142857142857143,0.28571428571428575,0.0,0.0,0.0,0.0,0.0,0.0,0.0,1.1904761904761905,0.0,2.380952380952381,0.0,0.0,0.0
raw-L13301,13302,2005,ナイトと忍者のＬＳ信頼度は違いすぎた,1,0.2638085250099458,0.09052014961029577,4.23410650459726,1.3862943611198906,3.164067588373206,3.5263605246161616,0.0,0.0,1.4705882352941178,0.0,2.9411764705882355,0.6666666666666666,1.0,0.0,0.0,0.0,0.0,0.0,0.0,0.0,0.5,0.22058823529411764,0.029411764705882356,0.0,0.16176470588235292,0.07352941176470588,0.0,0.0,0.0,0.0,0.0,0.0,0.0,0.0,0.0
raw-L13306,13307,2005,ナイトと忍者のＬＳ信頼度は違いすぎた,1,1.956744300953325,0.7258936879303618,4.882801922586371,1.6094379124341003,3.518980417318539,3.9889840465642745,0.0,0.7633587786259542,0.0,0.0,2.2900763358778624,1.0,0.75,0.0,0.0,0.0,0.0,0.0,0.0,0.0,0.33587786259541985,0.1984732824427481,0.045801526717557245,0.0,0.22137404580152673,0.09923664122137404,0.0,0.0,0.7633587786259542,0.0,0.0,0.7633587786259542,0.0,0.0,0.0
raw-L13313,13314,2005,ナイトと忍者のＬＳ信頼度は違いすぎた,1,1.991197011603899,-1.4007624537772096,4.59511985013459,1.3862943611198906,3.5165082281731497,3.871201010907891,0.0,1.0204081632653061,3.061224489795918,0.0,3.061224489795918,0.3333333333333333,0.6666666666666666,0.0,0.0,0.0,0.0,0.0,0.0,0.0,0.4489795918367347,0.20408163265306123,0.04081632653061225,0.0,0.21428571428571427,0.05102040816326531,0.0,1.0204081632653061,1.0204081632653061,1.0204081632653061,0.0,0.0,1.0204081632653061,0.0,0.0
raw-L13320,13321,2005,ナイトと忍者のＬＳ信頼度は違いすぎた,1,2.3898145021463253,0.6349131682421226,5.438079308923196,2.1972245773362196,3.3886185994552953,4.007333185232471,0.0,1.3100436681222707,0.4366812227074236,0.0,3.930131004366812,0.875,0.75,0.0,0.0,0.0,0.4366812227074236,0.0,0.0,0.0,0.6244541484716157,0.28820960698689957,0.048034934497816595,0.0,0.008733624454148471,0.0,0.0,1.3100436681222707,0.8733624454148472,0.8733624454148472,0.0,0.0,0.0,0.0,0.0
raw-L13335,13336,2005,ナイトと忍者のＬＳ信頼度は違いすぎた,1,1.831221015521797,0.4628062411085049,4.543294782270004,1.3862943611198906,3.4657359027997265,3.5263605246161616,0.0,1.075268817204301,0.0,0.0,2.150537634408602,1.0,0.6666666666666666,0.0,0.0,0.0,0.0,0.0,0.0,0.0,0.6881720430107526,0.26881720430107525,0.03225806451612903,0.0,0.0,0.0,0.0,0.0,1.075268817204301,1.075268817204301,1.075268817204301,0.0,1.075268817204301,0.0,0.0
raw-L13341,13342,2005,ナイトと忍者のＬＳ信頼度は違いすぎた,1,1.576262314250001,0.5014797315714992,4.867534450455582,1.6094379124341003,3.5040547671018634,3.9889840465642745,0.0,0.7751937984496124,0.0,0.0,2.3255813953488373,1.0,0.75,0.0,0.0,0.0,0.0,0.0,0.0,0.0,0.5736434108527132,0.20930232558139536,0.13178294573643412,0.0,0.03875968992248062,0.023255813953488372,0.0,0.0,1.550387596899225,0.7751937984496124,0.0,0.0,0.0,0.0,0.0
raw-L13347,13348,2005,ナイトと忍者のＬＳ信頼度は違いすぎた,1,0.8009344732674513,0.6072666807710702,4.442651256490317,1.6094379124341003,3.091042453358316,3.332204510175204,0.0,1.1904761904761905,0.0,0.0,4.761904761904762,1.0,0.75,0.0,0.0,0.0,0.0,0.0,0.0,0.0,0.6428571428571429,0.2976190476190476,0.047619047619047616,0.0,0.0,0.0,0.0,0.0,0.0,1.1904761904761905,0.0,0.0,0.0,0.0,0.0
raw-L13354,13355,2005,ナイトと忍者のＬＳ信頼度は違いすぎた,1,0.18652969088357066,0.07921140667343489,4.564348191467836,1.6094379124341003,3.2088254890146994,3.5263605246161616,0.0,0.0,2.1052631578947367,0.0,3.1578947368421053,0.75,1.0,0.0,0.0,0.0,0.0,0.0,0.0,0.0,0.6210526315789474,0.2736842105263158,0.08421052631578947,0.0,0.0,0.0,0.0,2.1052631578947367,1.0526315789473684,1.0526315789473684,0.0,0.0,0.0,0.0,0.0
raw-L13361,13362,2005,ナイトと忍者のＬＳ信頼度は違いすぎた,1,1.8687678722705272,1.2012337229554164,4.77912349311153,1.791759469228055,3.202746442938317,3.7612001156935624,0.0,0.847457627118644,0.0,0.0,3.389830508474576,1.0,0.8,0.0,0.0,0.847457627118644,0.0,0.0,0.0,0.0,0.4830508474576271,0.2711864406779661,0.1610169491525424,0.0,0.0,0.04237288135593221,0.0,0.0,0.0,0.847457627118644,1.694915254237288,0.0,0.0,0.0,0.0
raw-L13369,13370,2005,ナイトと忍者のＬＳ信頼度は違いすぎた,1,1.8423387694665083,0.5533403501109356,5.153291594497779,1.9459101490553132,3.39002408106403,3.8501476017100584,0.0,0.5813953488372093,0.5813953488372093,0.0,3.488372093023256,0.8333333333333334,0.8333333333333334,0.0,0.0,0.0,0.5813953488372093,0.0,0.0,0.0,0.6104651162790697,0.23837209302325582,0.11627906976744186,0.0,0.0,0.0,0.5813953488372093,0.0,0.5813953488372093,0.5813953488372093,0.0,0.0,0.0,0.0,0.0
raw-L13379,13380,2005,ナイトと忍者のＬＳ信頼度は違いすぎた,1,0.36465900629516207,0.8413922214578358,4.30406509320417,1.3862943611198906,3.2321210516182215,3.367295829986474,0.0,0.0,0.0,0.0,2.73972602739726,1.0,1.0,0.0,0.0,0.0,0.0,0.0,0.0,0.0,0.684931506849315,0.2328767123287671,0.0273972602739726,0.0547945205479452,0.0,0.0,1.36986301369863,2.73972602739726,0.0,0.0,0.0,1.36986301369863,0.0,0.0,0.0
raw-L13384,13385,2005,ナイトと忍者のＬＳ信頼度は違いすぎた,1,2.270456909189538,0.9108785491049429,5.4638318050256105,1.791759469228055,3.871201010907891,4.219507705176107,0.0,0.0,0.425531914893617,0.0,1.702127659574468,0.8,1.0,0.0,0.0,0.0,0.0,0.0,0.0,0.0,0.6468085106382979,0.30638297872340425,0.02978723404255319,0.012765957446808512,0.0,0.0,1.2765957446808511,0.425531914893617,0.0,0.851063829787234,0.0,0.851063829787234,0.425531914893617,0.0,0.0
raw-L13391,13392,2005,ナイトと忍者のＬＳ信頼度は違いすぎた,1,0.9130919025004995,0.8840865100435861,4.736198448394496,1.3862943611198906,3.654977902438255,3.7376696182833684,0.0,0.0,0.0,0.0,1.7699115044247788,1.0,1.0,0.0,0.0,0.0,0.0,0.0,0.0,0.0,0.672566371681416,0.24778761061946902,0.05309734513274336,0.017699115044247787,0.0,0.0,0.0,0.8849557522123894,0.0,0.0,0.0,0.8849557522123894,0.0,0.0,0.0
raw-L13397,13398,2005,ナイトと忍者のＬＳ信頼度は違いすぎた,2,-2.139101795892168,-0.5086639533083133,2.302585092994046,0.6931471805599453,2.302585092994046,2.302585092994046,0.0,0.0,0.0,0.0,0.0,1.0,1.0,0.0,0.0,0.0,0.0,0.0,0.0,0.0,0.5555555555555556,0.1111111111111111,0.0,0.33333333333333337,0.0,0.0,0.0,0.0,11.11111111111111,0.0,0.0,0.0,0.0,0.0,0.0
raw-L13400,13401,2005,ナイトと忍者のＬＳ信頼度は違いすぎた,1,-0.04214082085538754,0.7695008525404681,4.174387269895637,1.3862943611198906,3.106080330722856,3.4657359027997265,0.0,0.0,1.5625,0.0,3.125,1.0,1.0,0.0,0.0,0.0,0.0,0.0,0.0,0.0,0.6875,0.25,0.046875,0.0,0.0,0.0,0.0,3.125,3.125,1.5625,1.5625,0.0,0.0,0.0,0.0
raw-L13405,13406,2005,ナイトと忍者のＬＳ信頼度は違いすぎた,1,0.6462775161103587,1.02106673046839,4.343805421853684,1.3862943611198906,3.270835563798912,3.6888794541139363,0.0,0.0,0.0,0.0,2.6315789473684212,1.0,1.0,0.0,0.0,0.0,0.0,0.0,0.0,0.0,0.5526315789473685,0.3026315789473684,0.09210526315789475,0.0,0.052631578947368425,0.0,1.3157894736842106,1.3157894736842106,0.0,2.6315789473684212,0.0,0.0,0.0,0.0,0.0
raw-L13410,13411,2005,ナイトと忍者のＬＳ信頼度は違いすぎた,1,1.9766225840941618,0.4930883906827824,4.867534450455582,1.6094379124341003,3.5040547671018634,3.6888794541139363,0.0,0.0,0.0,0.7751937984496124,2.3255813953488373,0.75,1.0,0.0,0.0,0.0,0.0,0.0,0.0,0.0,0.5581395348837209,0.31007751937984496,0.01550387596899225,0.09302325581395349,0.01550387596899225,0.0,0.0,0.7751937984496124,0.7751937984496124,1.550387596899225,0.0,0.7751937984496124,0.0,0.0,0.0
raw-L13416,13417,2005,ナイトと忍者のＬＳ信頼度は違いすぎた,1,1.433638410830123,0.5822812201539602,5.159055299214529,1.791759469228055,3.572345637857985,4.007333185232471,0.0,0.0,1.1560693641618498,0.0,2.3121387283236996,0.8,1.0,0.0,0.0,0.0,0.0,0.0,0.0,0.0,0.5722543352601156,0.27745664739884396,0.028901734104046242,0.023121387283236997,0.011560693641618498,0.05202312138728324,0.5780346820809249,1.7341040462427746,0.5780346820809249,0.0,0.0,0.0,0.0,0.5780346820809249,0.0
raw-L13423,13424,2005,ナイトと忍者のＬＳ信頼度は違いすぎた,2,-1.1041763282349224,0.9834571217544091,3.713572066704308,1.3862943611198906,2.662587827025453,3.091042453358316,0.0,0.0,0.0,0.0,5.0,1.0,1.0,0.0,0.0,0.0,0.0,0.0,0.0,0.0,0.725,0.275,0.0,0.0,0.0,0.0,0.0,0.0,2.5,0.0,0.0,0.0,0.0,0.0,0.0
raw-L13428,13429,2005,ナイトと忍者のＬＳ信頼度は違いすぎた,2,-1.128394576690394,1.10736704446325,3.8501476017100584,1.6094379124341003,2.5257286443082556,2.833213344056216,0.0,0.0,0.0,0.0,6.521739130434782,1.0,1.0,0.0,0.0,0.0,0.0,0.0,0.0,0.0,0.5434782608695652,0.30434782608695654,0.15217391304347827,0.0,0.0,0.0,0.0,0.0,2.1739130434782608,0.0,0.0,0.0,0.0,0.0,0.0
raw-L13434,13435,2005,ナイトと忍者のＬＳ信頼度は違いすぎた,2,-0.11555964153966597,0.9668988643028064,4.143134726391533,1.6094379124341003,2.803360380906535,3.091042453358316,0.0,0.0,0.0,0.0,4.838709677419355,1.0,1.0,0.0,0.0,0.0,0.0,0.0,0.0,0.0,0.5806451612903225,0.24193548387096775,0.12903225806451613,0.04838709677419355,0.0,0.0,0.0,0.0,0.0,0.0,0.0,0.0,0.0,0.0,0.0
raw-L13440,13441,2005,ナイトと忍者のＬＳ信頼度は違いすぎた,2,-1.038022693295201,1.1905650003263035,3.828641396489095,1.6094379124341003,2.505525936990736,2.772588722239781,0.0,0.0,0.0,0.0,6.666666666666667,1.0,1.0,0.0,0.0,0.0,0.0,0.0,0.0,0.0,0.6,0.3111111111111111,0.08888888888888889,0.0,0.0,0.0,0.0,0.0,0.0,0.0,0.0,0.0,0.0,0.0,0.0
raw-L13447,13448,2005,ナイトと忍者のＬＳ信頼度は違いすぎた,1,0.10344745551667578,1.1213327374256061,4.442651256490317,1.6094379124341003,3.091042453358316,3.332204510175204,0.0,0.0,0.0,0.0,3.5714285714285716,1.0,1.0,0.0,0.0,0.0,0.0,0.0,0.0,0.0,0.5833333333333334,0.2738095238095238,0.09523809523809523,0.0,0.023809523809523808,0.011904761904761904,0.0,0.0,1.1904761904761905,0.0,0.0,1.1904761904761905,0.0,0.0,0.0
raw-L13453,13454,2005,ナイトと忍者のＬＳ信頼度は違いすぎた,1,0.1813303566356319,0.7960349228071528,4.1588830833596715,1.3862943611198906,3.091042453358316,3.295836866004329,0.0,0.0,0.0,0.0,3.1746031746031744,1.0,1.0,0.0,0.0,0.0,0.0,0.0,0.0,0.0,0.5555555555555556,0.30158730158730157,0.09523809523809523,0.047619047619047616,0.0,0.0,0.0,0.0,0.0,0.0,0.0,0.0,0.0,0.0,0.0
raw-L13458,13459,2005,ナイトと忍者のＬＳ信頼度は違いすぎた,2,-0.9896240391563501,1.3337168520613683,4.060443010546419,1.791759469228055,2.517696472610991,2.8903717578961645,0.0,0.0,0.0,0.0,7.017543859649122,1.0,1.0,0.0,0.0,0.0,0.0,0.0,0.0,0.0,0.6491228070175439,0.3157894736842105,0.03508771929824561,0.0,0.0,0.0,0.0,1.7543859649122806,1.7543859649122806,0.0,0.0,0.0,0.0,0.0,0.0
raw-L13465,13466,2005,ナイトと忍者のＬＳ信頼度は違いすぎた,2,-0.8857780294365883,1.1713183183419211,3.9889840465642745,1.6094379124341003,2.6567569067146595,2.833213344056216,0.0,0.0,0.0,0.0,5.660377358490566,1.0,1.0,0.0,0.0,0.0,0.0,0.0,0.0,0.0,0.660377358490566,0.339622641509434,0.0,0.0,0.0,0.0,0.0,1.8867924528301887,0.0,0.0,0.0,0.0,0.0,0.0,0.0
raw-L13471,13472,2005,ナイトと忍者のＬＳ信頼度は違いすぎた,1,0.015469531122559223,0.7223897401788294,4.394449154672439,1.9459101490553132,2.662587827025453,2.995732273553991,0.0,0.0,1.25,0.0,6.25,0.8333333333333334,1.0,0.0,0.0,0.0,0.0,0.0,0.0,0.0,0.6,0.275,0.0375,0.075,0.0,0.0,0.0,0.0,1.25,0.0,0.0,0.0,0.0,0.0,0.0
raw-L13479,13480,2005,ナイトと忍者のＬＳ信頼度は違いすぎた,1,1.0262338754750118,1.6980843741395522,5.017279836814924,2.302585092994046,2.8716796248840124,3.295836866004329,0.0,0.0,0.0,0.0,5.333333333333333,1.0,1.0,0.0,0.0,0.0,0.0,0.0,0.0,0.0,0.5133333333333333,0.21333333333333332,0.05333333333333333,0.04666666666666667,0.12666666666666665,0.026666666666666665,0.0,0.0,1.3333333333333333,0.6666666666666666,0.0,0.6666666666666666,0.0,0.0,0.0
raw-L13490,13491,2005,ナイトと忍者のＬＳ信頼度は違いすぎた,2,-0.8539275782421976,0.6866875169046814,3.713572066704308,1.3862943611198906,2.662587827025453,2.70805020110221,0.0,0.0,0.0,0.0,5.0,1.0,1.0,0.0,0.0,0.0,0.0,0.0,0.0,0.0,0.7,0.2,0.0,0.1,0.0,0.0,0.0,2.5,2.5,0.0,0.0,0.0,0.0,0.0,0.0
raw-L13495,13496,2005,ナイトと忍者のＬＳ信頼度は違いすぎた,2,0.020286556137329433,1.045591108301651,3.871201010907891,1.3862943611198906,2.8134107167600364,3.2188758248682006,0.0,0.0,0.0,0.0,4.25531914893617,1.0,1.0,0.0,0.0,0.0,0.0,0.0,0.0,0.0,0.7234042553191489,0.1914893617021277,0.0,0.0851063829787234,0.0,0.0,2.127659574468085,0.0,2.127659574468085,0.0,0.0,0.0,0.0,2.127659574468085,0.0
raw-L13500,13501,2005,ナイトと忍者のＬＳ信頼度は違いすぎた,1,0.5326021956756105,1.0959459982285837,4.6443908991413725,1.6094379124341003,3.2865344733420154,3.6888794541139363,0.0,0.0,0.0,0.0,2.912621359223301,1.0,1.0,0.0,0.0,0.0,0.0,0.0,0.0,0.0,0.6893203883495146,0.21359223300970875,0.0970873786407767,0.0,0.0,0.0,0.0,0.970873786407767,1.941747572815534,1.941747572815534,0.0,0.970873786407767,0.0,0.0,0.0
raw-L13506,13507,2005,ナイトと忍者のＬＳ信頼度は違いすぎた,1,1.2583418762962046,1.4709433339431617,4.653960350157523,1.791759469228055,3.0819099697950434,3.4011973816621555,0.0,0.0,0.0,0.0,3.8461538461538463,1.0,1.0,0.0,0.0,0.0,0.0,0.0,0.0,0.0,0.6634615384615384,0.25,0.0,0.08653846153846154,0.0,0.0,0.0,0.0,0.0,0.0,0.9615384615384616,0.9615384615384616,0.0,0.9615384615384616,0.0
raw-L13513,13514,2005,ナイトと忍者のＬＳ信頼度は違いすぎた,2,-0.17363811267508505,1.0724411380959136,4.127134385045092,1.3862943611198906,3.060270794691562,3.2188758248682006,0.0,0.0,0.0,0.0,3.278688524590164,1.0,1.0,0.0,0.0,0.0,0.0,0.0,0.0,0.0,0.6557377049180327,0.3442622950819672,0.0,0.0,0.0,0.0,0.0,0.0,0.0,0.0,0.0,1.639344262295082,0.0,0.0,0.0
raw-L13518,13519,2005,ナイトと忍者のＬＳ信頼度は違いすぎた,1,0.47098522717666347,1.251528915776354,4.6913478822291435,1.791759469228055,3.1179499062782403,3.332204510175204,0.0,0.0,0.0,0.0,3.7037037037037037,1.0,1.0,0.0,0.0,0.0,0.0,0.0,0.0,0.0,0.5555555555555556,0.3425925925925926,0.07407407407407407,0.0,0.0,0.0,0.0,0.0,0.0,0.9259259259259259,0.0,0.0,0.0,0.0,0.0
raw-L13525,13526,2005,ナイトと忍者のＬＳ信頼度は違いすぎた,1,2.271019524435093,1.5275578577987545,4.941642422609304,1.6094379124341003,3.5765502691400166,3.713572066704308,0.0,0.0,0.0,0.0,2.158273381294964,1.0,1.0,0.0,1.4388489208633093,0.0,0.0,0.0,0.0,0.0,0.6618705035971223,0.2589928057553957,0.021582733812949638,0.028776978417266185,0.0,0.0,1.4388489208633093,0.0,0.0,1.4388489208633093,0.0,0.0,0.0,0.0,0.0
raw-L13531,13532,2005,ナイトと忍者のＬＳ信頼度は違いすぎた,1,0.6688465313624532,0.29682935682976763,4.127134385045092,1.6094379124341003,2.7880929087757464,3.091042453358316,0.0,1.639344262295082,0.0,0.0,4.918032786885246,1.0,0.75,0.0,0.0,0.0,0.0,0.0,0.0,0.0,0.5737704918032787,0.19672131147540983,0.08196721311475409,0.08196721311475409,0.03278688524590164,0.01639344262295082,0.0,0.0,3.278688524590164,0.0,0.0,1.639344262295082,0.0,0.0,0.0
raw-L13537,13538,2005,ナイトと忍者のＬＳ信頼度は違いすぎた,4,0.10272892014130439,1.8693492674945407,4.0943445622221,1.791759469228055,2.5494451709255714,2.8903717578961645,0.0,0.0,0.0,0.0,8.474576271186441,1.0,1.0,0.0,0.0,0.0,0.0,3.389830508474576,0.0,11.864406779661017,0.5254237288135593,0.2542372881355932,0.06779661016949153,0.0,0.05084745762711864,0.0,0.0,0.0,0.0,0.0,0.0,0.0,0.0,0.0,0.0
raw-L13545,13546,2005,ナイトと忍者のＬＳ信頼度は違いすぎた,1,2.4077998401731997,1.2677909423466869,5.3981627015177525,1.791759469228055,3.8066624897703196,4.174387269895637,0.0,0.0,0.0,0.0,1.8181818181818181,1.0,1.0,0.0,0.0,0.0,0.0,0.0,0.0,0.0,0.6181818181818182,0.2772727272727273,0.022727272727272728,0.07272727272727272,0.004545454545454545,0.004545454545454545,0.0,0.0,0.9090909090909091,1.3636363636363635,0.45454545454545453,0.0,0.0,0.0,0.0
raw-L13553,13554,2005,ナイトと忍者のＬＳ信頼度は違いすぎた,2,-1.296611482324352,-0.5346534726257427,2.5649493574615367,0.6931471805599453,2.5649493574615367,2.5649493574615367,0.0,0.0,0.0,0.0,0.0,1.0,1.0,0.0,0.0,0.0,0.0,16.666666666666668,0.0,0.0,0.16666666666666669,0.16666666666666669,0.16666666666666669,0.0,0.0,0.0,0.0,0.0,0.0,0.0,0.0,0.0,0.0,0.0,0.0
raw-L13557,13558,2005,ナイトと忍者のＬＳ信頼度は違いすぎた,1,1.6322221422329026,1.3353707038332399,5.181783550292085,1.791759469228055,3.594568774642695,4.2626798770413155,0.0,0.0,0.0,0.0,2.2598870056497176,1.0,1.0,0.0,0.0,0.0,0.0,0.0,0.0,0.0,0.6836158192090396,0.2994350282485876,0.0,0.01694915254237288,0.0,0.0,0.0,0.0,1.1299435028248588,0.0,0.0,1.1299435028248588,0.0,0.0,0.0
raw-L13574,13575,2005,ナイト盾ＰＴについて,1,1.3983453660090248,1.280363118301811,4.7535901911063645,1.791759469228055,3.1780538303479458,3.58351893845611,0.0,0.0,0.0,0.0,3.4782608695652173,1.0,1.0,0.0,0.0,0.0,0.0,0.0,0.0,0.0,0.6086956521739131,0.26956521739130435,0.052173913043478265,0.052173913043478265,0.017391304347826087,0.0,0.0,0.0,0.0,0.8695652173913043,0.0,0.8695652173913043,0.8695652173913043,0.0,0.0
raw-L13581,13582,2005,ナイト盾ＰＴについて,1,1.5245244036158414,1.0784958716482154,4.727387818712341,1.3862943611198906,3.6463198396951406,3.784189633918261,0.0,0.0,0.0,0.0,3.5714285714285716,1.0,1.0,0.0,0.0,0.0,0.0,0.0,0.0,2.6785714285714284,0.5089285714285715,0.26785714285714285,0.026785714285714284,0.08928571428571429,0.03571428571428572,0.0,0.0,0.0,0.0,0.0,0.0,0.0,0.0,0.0,0.0
raw-L13589,13590,2005,ナイト盾ＰＴについて,1,1.3478962495133189,1.3423371093997982,4.927253685157205,1.9459101490553132,3.1710851610318525,3.8066624897703196,0.0,0.0,0.0,0.0,3.6496350364963503,1.0,1.0,0.0,0.0,0.0,0.0,0.0,0.0,0.0,0.6058394160583941,0.30656934306569344,0.021897810218978103,0.06569343065693431,0.0,0.0,0.0,0.7299270072992701,0.7299270072992701,0.7299270072992701,0.0,0.7299270072992701,0.0,0.0,0.0
raw-L13607,13608,2005,拝啓■e様、もはやナイト弱体は避けられません。,1,1.8188742077644775,0.927661879752073,5.081404364984463,1.791759469228055,3.4965075614664802,3.9318256327243257,0.0,0.625,0.0,0.0,2.5,1.0,0.8,0.0,0.0,0.0,0.0,0.0,0.0,0.0,0.65625,0.26875,0.06875,0.0,0.0,0.0,0.0,0.0,0.0,1.25,0.0,0.625,0.0,0.625,0.0
raw-L13613,13614,2005,拝啓■e様、もはやナイト弱体は避けられません。,1,2.7447567022451245,1.5170503015783383,5.5254529391317835,2.302585092994046,3.3596034843633182,4.060443010546419,0.0,0.0,0.4,0.0,3.2,0.8888888888888888,1.0,0.0,0.0,0.0,0.8,0.0,0.0,0.0,0.58,0.292,0.068,0.032,0.008,0.0,0.0,0.0,0.0,1.2,0.4,0.8,0.4,0.4,0.0
raw-L13624,13625,2005,拝啓■e様、もはやナイト弱体は避けられません。,1,0.2501710423550112,0.940824349196565,4.110873864173311,1.0986122886681098,3.4339872044851463,3.6635616461296463,0.0,0.0,0.0,0.0,1.6666666666666667,1.0,1.0,0.0,0.0,0.0,0.0,0.0,0.0,0.0,0.6666666666666667,0.3,0.0,0.0,0.03333333333333333,0.0,0.0,3.3333333333333335,0.0,0.0,0.0,5.0,0.0,0.0,0.0
raw-L13628,13629,2005,拝啓■e様、もはやナイト弱体は避けられません。,2,-1.3077064581069393,0.0632827856451857,3.091042453358316,0.6931471805599453,3.091042453358316,3.091042453358316,0.0,0.0,0.0,0.0,0.0,1.0,1.0,0.0,0.0,0.0,0.0,0.0,0.0,0.0,0.6666666666666667,0.33333333333333337,0.0,0.0,0.0,0.0,0.0,4.761904761904762,0.0,0.0,0.0,0.0,0.0,0.0,0.0
raw-L13631,13632,2005,拝啓■e様、もはやナイト弱体は避けられません。,2,-0.37080091753206806,-0.27021849923085356,3.8918202981106265,1.3862943611198906,2.833213344056216,2.9444389791664403,0.0,0.0,2.0833333333333335,0.0,4.166666666666667,0.6666666666666666,1.0,0.0,0.0,0.0,0.0,0.0,0.0,0.0,0.7291666666666667,0.16666666666666669,0.0,0.08333333333333334,0.0,0.0,0.0,0.0,2.0833333333333335,2.0833333333333335,0.0,0.0,0.0,0.0,0.0
raw-L13647,13648,2005,☆忍者弱体を要望しよう☆,1,1.4170283126360546,1.3100284580331696,4.897839799950911,1.791759469228055,3.3178157727231046,3.8501476017100584,0.0,0.0,0.7518796992481203,0.0,3.007518796992481,1.0,1.0,0.0,0.7518796992481203,0.0,0.0,0.0,0.0,0.0,0.6240601503759399,0.3007518796992481,0.04511278195488722,0.0,0.0,0.007518796992481203,0.0,2.255639097744361,0.0,0.7518796992481203,0.0,0.7518796992481203,0.0,0.0,0.0
raw-L13653,13654,2005,☆忍者弱体を要望しよう☆,2,-3.955174296687711,-0.39424730283912535,1.791759469228055,0.6931471805599453,1.791759469228055,1.791759469228055,0.0,0.0,0.0,0.0,0.0,1.0,1.0,0.0,0.0,0.0,0.0,0.0,0.0,0.0,0.8,0.2,0.0,0.0,0.0,0.0,0.0,20.0,0.0,0.0,0.0,0.0,0.0,0.0,0.0
raw-L13666,13667,2005,勝手に名前晒すヤツは豚糞,3,3.753792646025604,-2.058207064690849,5.472270673671475,2.1972245773362196,3.421816668864891,3.8918202981106265,0.8438818565400844,0.0,2.5316455696202533,0.4219409282700422,2.9535864978902953,0.25,0.75,0.25,0.0,0.0,0.8438818565400844,0.0,0.0,0.0,0.6455696202531646,0.23628691983122363,0.0042194092827004225,0.04219409282700422,0.01687763713080169,0.0,1.6877637130801688,0.0,0.4219409282700422,0.4219409282700422,0.0,0.0,0.0,0.4219409282700422,0.0
raw-L13676,13677,2005,勝手に名前晒すヤツは豚糞,3,4.716184841694109,-4.285211178862604,4.51085950651685,1.3862943611198906,3.4339872044851463,3.6109179126442243,2.2222222222222223,0.0,0.0,0.0,2.2222222222222223,0.3333333333333333,0.3333333333333333,0.6666666666666666,1.1111111111111112,0.0,0.0,0.0,0.0,0.0,0.6444444444444444,0.26666666666666666,0.022222222222222223,0.0,0.022222222222222223,0.0,0.0,1.1111111111111112,0.0,0.0,0.0,1.1111111111111112,0.0,0.0,0.0
raw-L13681,13682,2005,勝手に名前晒すヤツは豚糞,1,1.4130196203250764,0.6034638801030537,4.532599493153256,1.6094379124341003,3.1780538303479458,3.4965075614664802,0.0,0.0,0.0,1.0869565217391304,3.260869565217391,0.75,1.0,0.0,0.0,0.0,1.0869565217391304,0.0,0.0,0.0,0.6630434782608695,0.2826086956521739,0.021739130434782608,0.0,0.0,0.0,0.0,0.0,0.0,0.0,0.0,1.0869565217391304,0.0,0.0,0.0
raw-L13686,13687,2005,勝手に名前晒すヤツは豚糞,3,5.641334132663606,-3.4439023583150052,5.298317366548036,1.9459101490553132,3.531250509910353,3.871201010907891,1.5075376884422111,1.0050251256281406,0.0,0.5025125628140703,2.512562814070352,0.3333333333333333,0.5,0.5,0.0,0.0,0.0,0.0,0.0,0.0,0.5678391959798995,0.23618090452261306,0.015075376884422112,0.15075376884422112,0.0,0.0,0.0,1.5075376884422111,0.0,1.5075376884422111,0.5025125628140703,0.0,0.0,0.5025125628140703,0.0
raw-L13694,13695,2005,勝手に名前晒すヤツは豚糞,3,4.028496443687015,-5.804897225619199,4.127134385045092,1.3862943611198906,3.060270794691562,3.4011973816621555,3.278688524590164,0.0,1.639344262295082,0.0,3.278688524590164,0.0,0.3333333333333333,0.6666666666666666,0.0,1.639344262295082,0.0,0.0,0.0,0.0,0.5901639344262295,0.21311475409836067,0.04918032786885246,0.0,0.0,0.0,4.918032786885246,0.0,0.0,0.0,0.0,0.0,0.0,0.0,0.0
raw-L13699,13700,2005,勝手に名前晒すヤツは豚糞,3,3.979078878571053,-1.5954067599699044,4.897839799950911,1.6094379124341003,3.5336865647082343,3.7376696182833684,0.7518796992481203,0.0,0.0,0.7518796992481203,2.255639097744361,0.5,0.75,0.25,0.0,0.0,2.255639097744361,0.0,0.0,0.0,0.48872180451127817,0.30827067669172936,0.06015037593984962,0.07518796992481203,0.0,0.0,0.0,0.0,0.0,0.0,0.0,0.0,0.0,0.0,0.0
raw-L13705,13706,2005,勝手に名前晒すヤツは豚糞,1,2.604356237888353,-0.3761103424376833,5.153291594497779,1.791759469228055,3.5667118201397288,3.912023005428146,0.5813953488372093,0.0,0.0,0.0,2.3255813953488373,0.8,0.8,0.2,0.0,0.0,0.5813953488372093,0.0,0.0,0.0,0.5872093023255814,0.3023255813953488,0.0755813953488372,0.0,0.011627906976744186,0.0,0.0,1.744186046511628,0.0,0.5813953488372093,0.0,0.5813953488372093,0.0,0.0,0.0
raw-L13712,13713,2005,勝手に名前晒すヤツは豚糞,1,2.174389296131761,0.546775932602633,4.969813299576001,1.6094379124341003,3.6041382256588457,3.871201010907891,0.0,0.0,0.0,1.3986013986013985,2.097902097902098,0.75,1.0,0.0,0.0,0.0,0.0,0.0,0.0,0.0,0.5664335664335665,0.3846153846153846,0.027972027972027972,0.0,0.0,0.0,0.0,0.0,0.0,0.6993006993006993,0.0,0.0,0.6993006993006993,0.0,0.0
raw-L13726,13727,2005,【追加NM】NM76匹目【徹底解明】,1,2.1465767368177717,1.1482954958594203,5.2574953720277815,2.302585092994046,3.101092789211817,3.5553480614894135,0.0,0.0,0.0,1.5706806282722514,5.2356020942408374,0.8888888888888888,1.0,0.0,0.0,0.0,0.0,0.5235602094240838,0.0,4.712041884816754,0.3612565445026178,0.1518324607329843,0.33507853403141363,0.0,0.06282722513089006,0.04712041884816754,0.0,0.0,0.0,0.0,0.0,0.0,0.0,0.0,0.0
raw-L13739,13740,2005,【追加NM】NM76匹目【徹底解明】,1,0.4952477243610165,-2.541224214837087,3.4965075614664802,1.0986122886681098,2.833213344056216,3.044522437723423,0.0,3.125,3.125,0.0,3.125,0.5,0.5,0.0,0.0,0.0,0.0,0.0,0.0,0.0,0.40625,0.1875,0.1875,0.0,0.0625,0.03125,0.0,0.0,0.0,0.0,0.0,0.0,0.0,0.0,0.0
raw-L13744,13745,2005,【追加NM】NM76匹目【徹底解明】,1,0.9085533313443732,0.8726759460762206,4.762173934797756,1.3862943611198906,3.6805112044434196,3.7612001156935624,0.0,0.0,0.0,0.0,1.7241379310344827,1.0,1.0,0.0,0.0,0.0,0.0,0.0,0.0,0.0,0.5948275862068966,0.26724137931034486,0.12068965517241378,0.0,0.017241379310344827,0.0,0.0,0.0,0.8620689655172413,0.8620689655172413,0.0,0.0,0.0,0.0,0.0
raw-L13750,13751,2005,【追加NM】NM76匹目【徹底解明】,1,1.3825177059916964,1.3600591563752147,5.030437921392435,1.791759469228055,3.4468078929142076,3.8066624897703196,0.0,0.0,0.0,0.0,2.6315789473684212,1.0,1.0,0.0,0.0,0.0,0.0,0.0,0.0,0.0,0.736842105263158,0.15789473684210525,0.039473684210526314,0.013157894736842106,0.013157894736842106,0.026315789473684213,0.0,0.0,0.0,1.3157894736842106,0.6578947368421053,0.6578947368421053,0.0,0.0,0.0
raw-L13772,13773,2005,さすがにナイトは格が違った,1,3.9612827349980892,1.7758014481065725,6.2285110035911835,2.3978952727983707,3.9435216724875173,4.356708826689592,0.0,0.0,1.5810276679841897,0.0,1.7786561264822134,1.0,1.0,0.0,2.766798418972332,0.0,0.1976284584980237,0.0,0.0,0.0,0.5770750988142292,0.191699604743083,0.07905138339920949,0.011857707509881424,0.03359683794466403,0.0,0.1976284584980237,0.5928853754940712,0.3952569169960474,0.1976284584980237,0.7905138339920948,0.0,0.0,0.0,0.0
raw-L13784,13785,2005,さすがにナイトは格が違った,1,1.5275054057698527,1.3674322547282434,5.278114659230517,1.9459101490553132,3.5115454388310208,3.8501476017100584,0.0,0.0,0.0,0.0,2.5641025641025643,1.0,1.0,0.0,0.0,0.0,0.0,0.0,0.0,0.0,0.6102564102564103,0.23076923076923075,0.08717948717948718,0.0,0.0358974358974359,0.0,0.0,0.5128205128205128,0.0,1.5384615384615385,0.0,0.5128205128205128,0.0,0.0,0.0
raw-L13792,13793,2005,さすがにナイトは格が違った,1,1.1735316104943012,1.3644002299030538,5.049856007249537,1.9459101490553132,3.289644895756408,3.58351893845611,0.0,0.0,0.0,0.0,3.225806451612903,1.0,1.0,0.0,0.0,0.0,0.0,0.0,0.0,0.0,0.5032258064516129,0.23870967741935484,0.1096774193548387,0.0,0.08387096774193548,0.0,0.0,0.0,0.0,1.2903225806451613,0.0,0.0,0.0,0.0,0.0
raw-L13810,13811,2005,ナイトはヴァナ最強であるべき part2,1,1.3159370944126398,0.9449128314474659,5.170483995038151,1.6094379124341003,3.8010914447208646,3.8918202981106265,0.0,0.0,0.0,0.0,1.7142857142857142,1.0,1.0,0.0,0.0,0.0,0.0,0.0,0.0,0.0,0.5657142857142857,0.21714285714285717,0.15428571428571428,0.0,0.02857142857142857,0.01714285714285714,0.0,1.7142857142857142,0.5714285714285714,0.5714285714285714,0.0,0.0,0.0,0.0,0.0
raw-L13816,13817,2005,ナイトはヴァナ最強であるべき part2,1,2.083359133826825,1.045513410855047,4.912654885736052,1.6094379124341003,3.548179572010801,3.6888794541139363,0.0,0.0,0.0,0.0,2.2222222222222223,1.0,1.0,0.0,0.0,0.0,0.0,0.0,0.0,0.0,0.6444444444444444,0.1925925925925926,0.022222222222222223,0.12592592592592594,0.014814814814814814,0.0,0.0,2.2222222222222223,0.7407407407407407,1.4814814814814814,0.0,1.4814814814814814,0.7407407407407407,0.7407407407407407,0.0
raw-L13822,13823,2005,ナイトはヴァナ最強であるべき part2,1,2.4247650011771267,1.2807522862320557,5.298317366548036,1.791759469228055,3.708682081410116,3.9889840465642745,0.0,0.0,0.0,0.0,2.0100502512562812,1.0,1.0,0.0,0.0,0.0,0.0,0.0,0.0,0.0,0.64321608040201,0.2663316582914573,0.015075376884422112,0.07035175879396985,0.0,0.0,0.0,0.0,0.0,3.0150753768844223,0.0,0.5025125628140703,0.5025125628140703,0.0,0.0
raw-L13828,13829,2005,ナイトはヴァナ最強であるべき part2,1,2.365826226304636,1.0651703143010072,5.5909869805108565,2.0794415416798357,3.667217957332757,4.23410650459726,0.0,0.0,0.37453183520599254,0.0,2.247191011235955,0.8571428571428571,1.0,0.0,0.0,0.0,0.0,0.0,0.0,0.0,0.5880149812734082,0.1947565543071161,0.13857677902621723,0.04494382022471911,0.018726591760299626,0.007490636704119851,0.0,0.0,0.0,0.37453183520599254,0.0,1.8726591760299625,0.0,0.0,0.0
raw-L13837,13838,2005,ナイトはヴァナ最強であるべき part2,1,1.6963765069934407,0.9403365898361731,4.919980925828125,1.3862943611198906,3.835861644462582,3.8918202981106265,0.0,0.0,0.0,0.0,1.4705882352941178,1.0,1.0,0.0,0.0,0.0,0.0,0.0,0.0,0.0,0.5367647058823529,0.3455882352941177,0.03676470588235294,0.0661764705882353,0.014705882352941178,0.0,0.0,0.7352941176470589,0.0,0.0,0.0,1.4705882352941178,0.0,0.0,0.0
raw-L13850,13851,2005,【辻ケアルします】NM91匹目【GM呼ばないでね】,1,5.41387285783636,0.019137871989268133,6.88653164253051,2.995732273553991,3.960311790795398,4.8283137373023015,0.8179959100204499,0.5112474437627812,0.3067484662576687,0.0,1.8404907975460123,0.9473684210526315,0.3684210526315789,0.05263157894736842,0.40899795501022496,0.0,0.0,0.0,0.0,0.0,0.5797546012269938,0.261758691206544,0.02556237218813906,0.065439672801636,0.034764826175869123,0.003067484662576687,0.0,1.738241308793456,0.3067484662576687,0.9202453987730062,0.10224948875255624,0.10224948875255624,0.7157464212678937,0.20449897750511248,0.0
raw-L13871,13872,2005,【辻ケアルします】NM91匹目【GM呼ばないでね】,1,0.626093843926182,0.8829917925448917,3.6109179126442243,1.0986122886681098,2.9444389791664403,3.4011973816621555,0.0,0.0,0.0,0.0,2.7777777777777777,1.0,1.0,0.0,0.0,0.0,0.0,0.0,0.0,0.0,0.6111111111111112,0.25,0.0,0.1388888888888889,0.0,0.0,0.0,0.0,0.0,0.0,0.0,2.7777777777777777,0.0,2.7777777777777777,0.0
raw-L13887,13888,2005,【ナイト】メリポで時給７０００切った【樽前衛】,1,4.179494002754621,1.9448254274802796,6.0867747269123065,2.3978952727983707,3.8044377947482086,4.248495242049359,0.0,0.0,1.366742596810934,0.22779043280182232,2.050113895216401,1.0,1.0,0.0,1.366742596810934,0.0,0.22779043280182232,0.0,0.0,0.0,0.5580865603644647,0.1867881548974943,0.14806378132118453,0.0,0.02277904328018223,0.004555808656036446,0.22779043280182232,1.366742596810934,0.0,0.9111617312072893,1.366742596810934,0.9111617312072893,0.45558086560364464,0.0,0.0
raw-L13898,13899,2005,【ナイト】メリポで時給７０００切った【樽前衛】,1,1.8473877368225509,0.7493796598653549,4.7535901911063645,1.6094379124341003,3.392829131991639,3.6888794541139363,0.0,0.0,0.8695652173913043,0.0,2.608695652173913,1.0,1.0,0.0,0.0,0.0,0.8695652173913043,0.0,0.0,0.0,0.5739130434782609,0.11304347826086956,0.1391304347826087,0.052173913043478265,0.043478260869565216,0.017391304347826087,0.0,0.0,0.0,0.8695652173913043,0.0,0.0,0.8695652173913043,0.0,0.0
raw-L13904,13905,2005,【ナイト】メリポで時給７０００切った【樽前衛】,1,1.2074575025976073,1.1012794123880232,4.9344739331306915,1.6094379124341003,3.56953269648137,3.7376696182833684,0.0,0.0,0.7246376811594203,0.0,2.1739130434782608,1.0,1.0,0.0,0.0,0.0,0.0,0.0,0.0,0.0,0.644927536231884,0.2391304347826087,0.07246376811594203,0.0,0.014492753623188406,0.0,0.7246376811594203,1.4492753623188406,0.7246376811594203,1.4492753623188406,0.7246376811594203,0.0,0.0,0.7246376811594203,0.0
raw-L13911,13912,2005,【ナイト】メリポで時給７０００切った【樽前衛】,1,1.2565308638254244,1.209825762560783,4.465908118654584,1.3862943611198906,3.39002408106403,3.7376696182833684,0.0,0.0,0.0,0.0,2.3255813953488373,1.0,1.0,0.0,1.1627906976744187,0.0,0.0,0.0,0.0,0.0,0.6395348837209303,0.18604651162790697,0.046511627906976744,0.0,0.046511627906976744,0.05813953488372093,0.0,1.1627906976744187,0.0,0.0,0.0,0.0,0.0,0.0,0.0
raw-L13916,13917,2005,【ナイト】メリポで時給７０００切った【樽前衛】,1,0.6794325820531075,0.13256556866987218,4.343805421853684,1.3862943611198906,3.270835563798912,3.5553480614894135,0.0,0.0,1.3157894736842106,0.0,2.6315789473684212,0.6666666666666666,1.0,0.0,0.0,0.0,0.0,0.0,0.0,0.0,0.6842105263157895,0.19736842105263158,0.10526315789473685,0.0,0.0,0.0,0.0,1.3157894736842106,1.3157894736842106,1.3157894736842106,0.0,2.6315789473684212,1.3157894736842106,0.0,0.0
raw-L13922,13923,2005,【ナイト】メリポで時給７０００切った【樽前衛】,1,1.3205170605341572,0.7256437050995642,5.204006687076795,1.791759469228055,3.616308761279101,3.871201010907891,0.0,0.0,0.5524861878453039,0.0,2.2099447513812156,0.8,1.0,0.0,0.0,0.0,0.0,0.0,0.0,0.0,0.6408839779005525,0.24861878453038674,0.08287292817679559,0.0,0.011049723756906079,0.0,0.5524861878453039,1.1049723756906078,0.5524861878453039,0.5524861878453039,0.0,0.5524861878453039,0.0,0.0,0.0
raw-L13928,13929,2005,【ナイト】メリポで時給７０００切った【樽前衛】,1,1.383128846058757,1.3876658135010802,5.220355825078324,1.9459101490553132,3.455264602932431,3.8918202981106265,0.0,0.0,0.0,0.0,2.717391304347826,1.0,1.0,0.0,0.0,0.0,0.0,0.0,0.0,0.0,0.6304347826086957,0.2608695652173913,0.04891304347826087,0.0,0.043478260869565216,0.0,0.0,0.5434782608695652,0.0,0.0,0.0,0.5434782608695652,0.0,0.0,0.0
raw-L13937,13938,2005,【ナイト】メリポで時給７０００切った【樽前衛】,1,3.2336305941481323,2.10439464519571,5.91350300563827,2.302585092994046,3.7376696182833684,4.1588830833596715,0.0,0.0,0.0,0.0,2.168021680216802,1.0,1.0,0.0,0.8130081300813008,0.0,0.0,0.0,0.0,0.0,0.6016260162601627,0.31165311653116534,0.05420054200542006,0.0,0.0054200542005420045,0.0,0.0,0.0,0.0,1.3550135501355014,1.084010840108401,0.0,0.0,0.0,0.0
raw-L13948,13949,2005,【ナイト】メリポで時給７０００切った【樽前衛】,1,3.4991890558070264,1.9485062885109328,6.016157159698354,2.4849066497880004,3.642359438479043,4.382026634673881,0.0,0.0,0.0,0.24449877750611246,2.444987775061125,0.9090909090909091,1.0,0.0,0.4889975550122249,0.0,0.9779951100244498,0.0,0.0,3.667481662591687,0.6210268948655258,0.24938875305623473,0.04156479217603912,0.0,0.017114914425427872,0.03178484107579462,0.0,1.2224938875305624,0.24449877750611246,0.24449877750611246,0.24449877750611246,0.4889975550122249,0.0,0.0,0.0
raw-L13962,13963,2005,【ナイト】メリポで時給７０００切った【樽前衛】,1,0.9340550593454808,0.7114006680430535,5.0106352940962555,1.6094379124341003,3.644143560272545,3.8066624897703196,0.0,0.0,2.0134228187919465,0.0,2.0134228187919465,1.0,1.0,0.0,0.0,0.6711409395973155,0.0,0.0,0.0,0.0,0.7181208053691275,0.16778523489932887,0.0,0.0,0.01342281879194631,0.06711409395973154,0.0,0.0,0.6711409395973155,0.0,0.0,0.0,0.0,0.0,0.0
raw-L13979,13980,2006,一般的に言ってナイトが最強か,1,3.725695385762265,1.7750390843707164,5.932245187448011,2.302585092994046,3.756018756951565,4.143134726391533,0.0,0.26595744680851063,0.0,0.0,2.127659574468085,1.0,0.8888888888888888,0.0,0.7978723404255319,0.0,0.0,0.0,0.0,0.0,0.6223404255319148,0.22872340425531912,0.10372340425531915,0.0,0.02127659574468085,0.0,0.0,0.7978723404255319,0.0,2.127659574468085,0.5319148936170213,0.26595744680851063,1.0638297872340425,0.0,0.0
raw-L13990,13991,2006,一般的に言ってナイトが最強か,1,2.0071666527720002,1.5043631810138924,5.631211781821365,2.0794415416798357,3.7065790312133373,3.912023005428146,0.0,0.0,0.0,0.0,2.158273381294964,1.0,1.0,0.0,0.0,0.0,0.0,0.0,0.0,0.0,0.5971223021582734,0.2517985611510791,0.08992805755395683,0.0,0.05755395683453237,0.0,0.3597122302158273,0.3597122302158273,0.0,0.3597122302158273,0.3597122302158273,0.0,0.0,0.0,0.0
raw-L13999,14000,2006,一般的に言ってナイトが最強か,1,2.6277994847944033,0.6324000655381445,5.4680601411351315,1.9459101490553132,3.6971782569286313,3.9889840465642745,0.0,0.847457627118644,0.423728813559322,0.0,2.1186440677966103,1.0,0.6666666666666666,0.0,0.0,0.0,0.0,0.0,0.0,0.0,0.5889830508474576,0.24152542372881355,0.1313559322033898,0.0,0.00847457627118644,0.00423728813559322,0.423728813559322,0.847457627118644,0.0,0.847457627118644,0.0,0.423728813559322,0.423728813559322,0.847457627118644,0.0
raw-L14007,14008,2006,一般的に言ってナイトが最強か,1,1.514299707547934,1.0778883675826196,4.844187086458591,1.6094379124341003,3.481240089335692,3.6888794541139363,0.0,0.0,0.0,0.0,2.380952380952381,1.0,1.0,0.0,0.0,0.0,1.5873015873015872,0.0,0.0,0.0,0.6746031746031745,0.2619047619047619,0.031746031746031744,0.0,0.0,0.0,0.0,1.5873015873015872,0.0,0.0,0.0,2.380952380952381,0.0,0.0,0.7936507936507936
raw-L14013,14014,2006,一般的に言ってナイトが最強か,1,2.2342118794695085,0.8665635511390902,5.4638318050256105,2.0794415416798357,3.543027577101373,4.04305126783455,0.0,0.0,0.851063829787234,0.0,2.5531914893617023,0.7142857142857143,1.0,0.0,0.425531914893617,0.0,0.0,0.0,0.0,0.0,0.5957446808510638,0.23404255319148937,0.1404255319148936,0.0,0.00851063829787234,0.0,0.425531914893617,2.127659574468085,0.0,1.702127659574468,0.0,0.425531914893617,0.425531914893617,0.425531914893617,0.0
raw-L14022,14023,2006,一般的に言ってナイトが最強か,1,1.4483291723290725,1.4044473625874523,5.337538079701318,2.0794415416798357,3.420065865966538,3.7612001156935624,0.0,0.0,0.0,0.0,2.898550724637681,1.0,1.0,0.0,0.0,0.0,0.0,0.0,0.0,0.0,0.5845410628019324,0.2753623188405797,0.11594202898550725,0.0,0.01932367149758454,0.0,0.0,0.966183574879227,0.0,1.4492753623188406,0.0,0.0,0.0,0.0,0.0
raw-L14033,14034,2006,一般的に言ってナイトが最強か,1,1.6460582553728809,1.0059225693761924,5.170483995038151,2.0794415416798357,3.258096538021482,3.5263605246161616,0.0,0.0,0.5714285714285714,0.0,3.4285714285714284,0.8571428571428571,1.0,0.0,0.0,0.0,1.1428571428571428,0.0,0.0,0.0,0.52,0.2571428571428572,0.16571428571428573,0.0,0.022857142857142857,0.0,0.0,1.1428571428571428,0.0,1.7142857142857142,0.0,0.0,0.0,0.0,0.0
raw-L14042,14043,2006,一般的に言ってナイトが最強か,1,-0.13617625672380462,0.8461313526161605,4.1588830833596715,1.3862943611198906,3.091042453358316,3.367295829986474,0.0,0.0,0.0,0.0,3.1746031746031744,1.0,1.0,0.0,0.0,0.0,0.0,0.0,0.0,0.0,0.5396825396825397,0.3492063492063492,0.09523809523809523,0.0,0.0,0.0,1.5873015873015872,3.1746031746031744,0.0,0.0,0.0,0.0,0.0,0.0,0.0
raw-L14047,14048,2006,一般的に言ってナイトが最強か,1,2.27219119314639,1.4658564801556906,5.5909869805108565,1.9459101490553132,3.817712325956905,4.110873864173311,0.0,0.0,0.0,0.0,1.8726591760299625,1.0,1.0,0.0,0.37453183520599254,0.0,0.0,0.0,0.0,0.0,0.6329588014981273,0.2209737827715356,0.11985018726591762,0.0,0.014981273408239702,0.0,0.0,0.37453183520599254,0.0,0.0,0.37453183520599254,0.37453183520599254,0.0,0.0,0.0
raw-L14055,14056,2006,一般的に言ってナイトが最強か,1,3.70997230845352,1.9919349980403793,5.948034989180646,2.1972245773362196,3.886705197443856,4.204692619390966,0.0,0.0,0.0,0.0,1.8324607329842932,1.0,1.0,0.0,1.0471204188481675,0.0,0.0,0.0,0.0,0.0,0.6230366492146596,0.2356020942408377,0.09424083769633508,0.0,0.018324607329842934,0.005235602094240838,0.2617801047120419,1.3089005235602094,0.0,1.5706806282722514,0.5235602094240838,0.5235602094240838,1.0471204188481675,0.0,0.0
raw-L14065,14066,2006,一般的に言ってナイトが最強か,1,3.239772758842915,1.909278988025614,5.68697535633982,2.0794415416798357,3.7612001156935624,4.219507705176107,0.0,0.0,0.0,0.0,2.0408163265306123,1.0,1.0,0.0,1.0204081632653061,0.0,0.0,0.0,0.0,0.0,0.5952380952380952,0.22789115646258506,0.12244897959183673,0.0,0.020408163265306124,0.0,0.0,0.6802721088435374,0.0,1.7006802721088434,0.6802721088435374,0.6802721088435374,0.3401360544217687,0.0,0.0
raw-L14074,14075,2006,一般的に言ってナイトが最強か,1,2.253655045085604,1.5237388714644846,5.442417710521793,2.0794415416798357,3.5221499920798176,3.8918202981106265,0.0,0.0,0.0,0.0,2.608695652173913,1.0,1.0,0.0,0.0,0.0,0.0,0.0,0.0,0.0,0.6695652173913044,0.1956521739130435,0.11304347826086956,0.0,0.008695652173913044,0.0,0.0,0.8695652173913043,0.0,2.1739130434782608,0.43478260869565216,0.0,1.3043478260869565,0.0,0.0
raw-L14083,14084,2006,一般的に言ってナイトが最強か,1,0.6715162088276833,0.6321592856356486,4.844187086458591,1.791759469228055,3.265759410767051,3.4965075614664802,0.0,0.0,0.7936507936507936,0.0,3.1746031746031744,0.8,1.0,0.0,0.0,0.0,0.0,0.0,0.0,0.0,0.5873015873015873,0.21428571428571427,0.18253968253968253,0.0,0.0,0.0,0.0,1.5873015873015872,0.7936507936507936,0.0,0.7936507936507936,0.0,0.0,0.0,0.0
raw-L14090,14091,2006,一般的に言ってナイトが最強か,1,1.7232673469128736,0.3565145247167043,4.983606621708336,1.6094379124341003,3.6176519448255684,3.970291913552122,0.0,0.0,1.3793103448275863,0.0,2.0689655172413794,0.75,1.0,0.0,0.0,0.0,0.6896551724137931,0.0,0.0,0.0,0.6344827586206897,0.21379310344827587,0.08275862068965517,0.041379310344827586,0.0,0.0,0.0,0.6896551724137931,2.0689655172413794,0.0,0.6896551724137931,0.6896551724137931,0.0,0.0,0.0
raw-L14096,14097,2006,一般的に言ってナイトが最強か,0,-1.0166857597279155,-2.9296948729015093,3.1354942159291497,0.6931471805599453,3.1354942159291497,3.1354942159291497,0.0,0.0,4.545454545454546,0.0,0.0,0.0,1.0,0.0,0.0,0.0,0.0,0.0,0.0,0.0,0.5,0.0,0.3181818181818182,0.0,0.13636363636363635,0.0,0.0,0.0,0.0,0.0,0.0,0.0,0.0,0.0,0.0
raw-L14099,14100,2006,一般的に言ってナイトが最強か,2,-0.35733123647680987,0.6524873093267652,3.9318256327243257,1.0986122886681098,3.258096538021482,3.5263605246161616,0.0,0.0,0.0,0.0,2.0,1.0,1.0,0.0,0.0,0.0,0.0,0.0,0.0,0.0,0.64,0.36,0.0,0.0,0.0,0.0,0.0,2.0,2.0,0.0,0.0,0.0,0.0,0.0,0.0
raw-L14104,14105,2006,一般的に言ってナイトが最強か,1,0.9113011346805346,1.0810953998973654,4.836281906951478,1.791759469228055,3.258096538021482,3.5263605246161616,0.0,0.0,0.8,0.0,3.2,1.0,1.0,0.0,0.0,0.0,0.0,0.0,0.0,0.0,0.688,0.28,0.024,0.0,0.0,0.0,0.8,1.6,0.0,0.8,0.0,0.0,0.8,0.0,0.0
raw-L14111,14112,2006,一般的に言ってナイトが最強か,1,1.8005353504621215,0.7352505619366463,5.1647859739235145,1.791759469228055,3.5779478934066544,4.060443010546419,0.0,0.0,0.5747126436781609,0.0,2.2988505747126435,0.8,1.0,0.0,0.0,0.0,0.5747126436781609,0.0,0.0,0.0,0.7126436781609194,0.16666666666666669,0.09195402298850575,0.0,0.0,0.0,0.0,0.0,1.1494252873563218,0.5747126436781609,0.0,0.5747126436781609,0.5747126436781609,0.0,0.0
raw-L14118,14119,2006,一般的に言ってナイトが最強か,1,0.31818933243714437,0.48381393281543755,4.465908118654584,1.6094379124341003,3.1135153092103742,3.332204510175204,0.0,0.0,1.1627906976744187,0.0,3.488372093023256,0.75,1.0,0.0,0.0,0.0,0.0,0.0,0.0,0.0,0.6627906976744186,0.17441860465116277,0.09302325581395349,0.0,0.0,0.03488372093023256,0.0,0.0,0.0,0.0,1.1627906976744187,0.0,0.0,0.0,0.0
raw-L14125,14126,2006,一般的に言ってナイトが最強か,1,1.6505200040096035,1.1712805423372743,4.990432586778736,1.791759469228055,3.407841924380824,3.5553480614894135,0.0,0.684931506849315,0.0,0.0,2.73972602739726,1.0,0.8,0.0,0.0,0.0,0.0,0.0,0.0,0.0,0.6986301369863014,0.2602739726027397,0.03424657534246575,0.0,0.0,0.0,0.0,0.0,2.0547945205479454,1.36986301369863,1.36986301369863,0.684931506849315,0.0,0.684931506849315,0.0
raw-L14132,14133,2006,一般的に言ってナイトが最強か,1,0.5991133095374379,0.8345827205464816,4.51085950651685,1.3862943611198906,3.4339872044851463,3.8918202981106265,0.0,0.0,0.0,0.0,2.2222222222222223,1.0,1.0,0.0,0.0,0.0,0.0,0.0,0.0,0.0,0.6777777777777777,0.2,0.1,0.0,0.022222222222222223,0.0,0.0,1.1111111111111112,0.0,0.0,0.0,0.0,0.0,0.0,0.0
raw-L14138,14139,2006,一般的に言ってナイトが最強か,1,1.7628421745555154,1.5617489208106743,5.342334251964811,2.0794415416798357,3.4247278790723494,3.7376696182833684,0.0,0.0,0.0,0.0,2.8846153846153846,1.0,1.0,0.0,0.4807692307692308,0.0,0.0,0.0,0.0,0.0,0.576923076923077,0.23557692307692307,0.14903846153846154,0.0,0.024038461538461536,0.0,0.4807692307692308,0.4807692307692308,0.0,0.0,0.0,0.4807692307692308,0.0,0.4807692307692308,0.0
raw-L14156,14157,2006,ジョブ調整について　三言目,1,2.40941682545301,1.4716429368217852,5.69035945432406,2.1972245773362196,3.634291263829533,4.127134385045092,0.0,0.0,0.3389830508474576,0.0,2.3728813559322033,0.875,1.0,0.0,0.0,0.0,0.0,0.0,0.0,0.0,0.6440677966101696,0.19661016949152543,0.12203389830508474,0.0,0.020338983050847456,0.013559322033898305,0.0,1.0169491525423728,0.0,1.3559322033898304,1.3559322033898304,0.3389830508474576,0.0,0.3389830508474576,0.0
raw-L14165,14166,2006,ジョブ調整について　三言目,1,3.8025119879802407,1.939801551389735,5.940171252720432,2.1972245773362196,3.8789831513499458,4.406719247264253,0.0,0.0,0.7915567282321899,0.0,1.8469656992084433,1.0,1.0,0.0,1.8469656992084433,0.0,0.2638522427440633,0.0,0.0,0.0,0.6279683377308707,0.2453825857519789,0.06068601583113456,0.0,0.010554089709762533,0.0,0.0,1.8469656992084433,0.2638522427440633,0.2638522427440633,1.0554089709762533,0.2638522427440633,0.2638522427440633,0.0,0.0
raw-L14185,14186,2006,シ　ー　フ　お　わ　っ　た　な 2,1,1.6034913840182743,1.4494535886541062,5.225746673713202,1.9459101490553132,3.460513958818575,3.8918202981106265,0.0,0.0,0.0,0.0,2.7027027027027026,1.0,1.0,0.0,0.0,0.0,0.0,0.0,0.0,0.0,0.5783783783783784,0.2594594594594595,0.13513513513513514,0.0,0.010810810810810811,0.0,0.0,2.1621621621621623,0.0,2.1621621621621623,0.5405405405405406,1.0810810810810811,0.0,0.0,0.0
raw-L14192,14193,2006,シ　ー　フ　お　わ　っ　た　な 2,1,4.238707770508478,1.996541092687894,6.198478716492308,2.302585092994046,4.017383521085972,4.454347296253507,0.0,0.0,0.0,0.4073319755600815,1.629327902240326,1.0,1.0,0.0,1.0183299389002036,0.20366598778004075,0.4073319755600815,0.0,0.0,0.0,0.5743380855397149,0.26883910386965376,0.0875763747454175,0.0,0.018329938900203666,0.0,0.0,0.4073319755600815,0.0,1.629327902240326,0.20366598778004075,0.20366598778004075,0.4073319755600815,0.0,0.0
raw-L14212,14213,2006,【豆腐】ナイトはサポ戦肉盾を今すぐやめろ【白身】,1,3.6511439585910073,2.2736467820775865,5.834810737062605,2.302585092994046,3.66070857714724,4.110873864173311,0.0,0.0,0.2932551319648094,0.0,2.346041055718475,1.0,1.0,0.0,1.7595307917888563,0.0,0.0,0.0,0.0,0.0,0.6363636363636364,0.26099706744868034,0.05571847507331379,0.0,0.005865102639296188,0.0,0.0,2.6392961876832843,0.0,2.0527859237536656,1.7595307917888563,0.0,0.2932551319648094,0.0,0.0
raw-L14234,14235,2006,空蝉＝ナイトなのに忍者は余計,1,3.310213454161335,1.295708136312275,6.003887067106539,2.3978952727983707,3.7232808808312687,3.9889840465642745,0.0,0.24752475247524752,0.7425742574257426,0.0,2.227722772277228,0.8,0.9,0.0,0.9900990099009901,0.0,0.0,0.0,0.0,0.0,0.6188118811881188,0.2524752475247525,0.0594059405940594,0.0,0.019801980198019802,0.01485148514851485,0.7425742574257426,1.7326732673267327,0.0,0.49504950495049505,0.49504950495049505,0.0,0.24752475247524752,0.0,0.0
raw-L14245,14246,2006,空蝉＝ナイトなのに忍者は余計,1,1.550889360956641,1.2812518292875525,5.288267030694535,1.9459101490553132,3.521446509813732,3.9512437185814275,0.0,0.0,0.0,0.0,2.5380710659898478,1.0,1.0,0.0,0.0,0.0,0.0,0.0,0.0,0.0,0.5583756345177665,0.25888324873096447,0.14720812182741116,0.0,0.02030456852791878,0.0,0.0,0.5076142131979695,0.0,1.015228426395939,0.0,0.0,0.0,0.0,0.0
raw-L14253,14254,2006,空蝉＝ナイトなのに忍者は余計,1,1.1893586507373641,0.22241713137394512,5.049856007249537,1.791759469228055,3.4657359027997265,3.8066624897703196,0.0,0.0,1.2903225806451613,0.0,2.5806451612903225,0.6,1.0,0.0,0.0,0.0,0.0,0.0,0.0,0.0,0.7096774193548387,0.2,0.06451612903225806,0.0,0.012903225806451613,0.0,0.0,1.935483870967742,0.0,3.225806451612903,0.0,0.0,0.0,0.0,0.0
raw-L14260,14261,2006,空蝉＝ナイトなのに忍者は余計,1,0.06567605921002218,1.0024860387751573,4.356708826689592,1.6094379124341003,3.0081547935525483,3.6375861597263857,0.0,0.0,0.0,0.0,3.896103896103896,1.0,1.0,0.0,0.0,0.0,0.0,0.0,0.0,0.0,0.6493506493506493,0.20779220779220778,0.14285714285714288,0.0,0.0,0.0,0.0,0.0,1.2987012987012987,0.0,0.0,0.0,0.0,0.0,0.0
raw-L14266,14267,2006,空蝉＝ナイトなのに忍者は余計,1,2.721202755759764,1.8558353493250273,6.133398042996649,2.4849066497880004,3.756962821218047,4.04305126783455,0.0,0.0,0.21739130434782608,0.0,2.1739130434782608,1.0,1.0,0.0,0.0,0.43478260869565216,0.0,0.0,0.0,0.0,0.5934782608695652,0.3108695652173913,0.06956521739130435,0.0,0.010869565217391304,0.0,0.0,0.6521739130434783,0.0,1.9565217391304348,0.0,0.43478260869565216,0.21739130434782608,0.21739130434782608,0.0
raw-L14279,14280,2006,空蝉＝ナイトなのに忍者は余計,1,2.876900298564711,1.7102644616709302,5.7745515455444085,2.0794415416798357,3.8471034593288302,4.382026634673881,0.0,0.0,0.0,0.0,1.8691588785046729,1.0,1.0,0.0,0.6230529595015576,0.0,0.0,0.0,0.0,0.0,0.5981308411214953,0.26168224299065423,0.08411214953271028,0.0,0.037383177570093455,0.0,0.0,1.557632398753894,0.0,0.9345794392523364,0.3115264797507788,0.3115264797507788,0.0,0.0,0.0
raw-L14289,14290,2006,空蝉＝ナイトなのに忍者は余計,1,3.8213062275551133,2.223459008906289,6.150602768446279,2.4849066497880004,3.7738053246125447,4.189654742026425,0.0,0.0,0.0,0.0,2.1367521367521367,1.0,1.0,0.0,1.0683760683760684,0.21367521367521367,0.21367521367521367,0.0,0.0,0.0,0.6346153846153846,0.24145299145299146,0.06623931623931624,0.0,0.017094017094017092,0.006410256410256411,0.0,1.4957264957264957,0.0,1.4957264957264957,0.42735042735042733,0.21367521367521367,0.6410256410256411,0.21367521367521367,0.0
raw-L14302,14303,2006,空蝉＝ナイトなのに忍者は余計,1,3.674959784642708,1.9705517851683603,5.976350909297934,2.302585092994046,3.7992275112828016,4.30406509320417,0.0,0.0,0.2544529262086514,0.0,2.035623409669211,1.0,1.0,0.0,1.272264631043257,0.0,0.2544529262086514,0.0,0.0,0.0,0.5572519083969465,0.24936386768447835,0.11704834605597965,0.0,0.035623409669211195,0.0,0.5089058524173028,1.0178117048346056,0.0,0.5089058524173028,0.2544529262086514,0.2544529262086514,0.2544529262086514,0.0,0.0
raw-L14313,14314,2006,空蝉＝ナイトなのに忍者は余計,1,2.535466532802705,1.6250971961532659,5.5909869805108565,2.0794415416798357,3.667217957332757,3.8501476017100584,0.0,0.0,0.0,0.0,2.247191011235955,1.0,1.0,0.0,0.7490636704119851,0.0,0.37453183520599254,0.0,0.0,0.0,0.5880149812734082,0.21348314606741575,0.14232209737827714,0.0,0.007490636704119851,0.0,0.0,0.0,0.0,0.37453183520599254,0.37453183520599254,0.0,0.0,0.0,0.0
raw-L14322,14323,2006,空蝉＝ナイトなのに忍者は余計,1,1.7019260223055315,0.08726265687787456,4.990432586778736,1.9459101490553132,3.2321210516182215,3.5553480614894135,0.0,0.0,2.0547945205479454,0.0,3.4246575342465753,0.5,1.0,0.0,0.0,0.0,2.0547945205479454,0.0,0.0,0.0,0.6301369863013698,0.2602739726027397,0.020547945205479454,0.0,0.0,0.0136986301369863,0.684931506849315,1.36986301369863,2.73972602739726,0.684931506849315,0.0,0.0,0.684931506849315,0.684931506849315,0.0
raw-L14330,14331,2006,空蝉＝ナイトなのに忍者は余計,1,0.6807603245167616,-0.5866112332401082,3.9318256327243257,1.0986122886681098,3.258096538021482,3.4965075614664802,0.0,0.0,2.0,0.0,2.0,0.5,1.0,0.0,0.0,0.0,2.0,0.0,0.0,0.0,0.64,0.2,0.04,0.0,0.0,0.02,0.0,0.0,0.0,0.0,0.0,2.0,0.0,0.0,0.0
raw-L14334,14335,2006,空蝉＝ナイトなのに忍者は余計,1,0.19591797428593502,1.1381807166426772,4.5217885770490405,1.6094379124341003,3.1675825304806504,3.4011973816621555,0.0,0.0,0.0,0.0,3.2967032967032965,1.0,1.0,0.0,0.0,0.0,0.0,0.0,0.0,0.0,0.6813186813186813,0.28571428571428575,0.0,0.0,0.03296703296703297,0.0,1.098901098901099,1.098901098901099,1.098901098901099,0.0,0.0,0.0,0.0,0.0,0.0
raw-L14340,14341,2006,空蝉＝ナイトなのに忍者は余計,1,2.977988439512775,1.3483914914631157,6.018593214496234,2.302585092994046,3.8406463425859183,4.3694478524670215,0.0,0.0,0.4878048780487805,0.0,1.951219512195122,0.7777777777777778,1.0,0.0,0.24390243902439024,0.4878048780487805,0.24390243902439024,0.0,0.0,0.0,0.6536585365853658,0.21951219512195125,0.06829268292682927,0.0,0.00975609756097561,0.007317073170731707,0.24390243902439024,0.7317073170731707,0.0,0.24390243902439024,0.4878048780487805,0.24390243902439024,0.0,0.0,0.0
raw-L14351,14352,2006,空蝉＝ナイトなのに忍者は余計,1,2.43081575346289,-0.19424905032771675,5.484796933490655,2.0794415416798357,3.563478187572664,3.970291913552122,0.0,0.8333333333333334,1.6666666666666667,0.0,2.5,0.5714285714285714,0.7142857142857143,0.0,0.0,0.0,0.0,0.0,0.0,0.0,0.6708333333333333,0.26666666666666666,0.0,0.0,0.0,0.0125,0.8333333333333334,1.6666666666666667,0.4166666666666667,0.8333333333333334,0.4166666666666667,0.0,0.4166666666666667,0.0,0.0
raw-L14360,14361,2006,空蝉＝ナイトなのに忍者は余計,1,2.045736892910302,1.470148883133431,5.771441123130016,2.302585092994046,3.5988331734291528,3.9889840465642745,0.0,0.0,0.3125,0.0,3.125,0.8888888888888888,1.0,0.0,0.0,0.0,0.0,0.0,0.0,0.0,0.65625,0.203125,0.06875,0.0,0.05,0.00625,0.0,0.9375,0.9375,0.3125,0.625,0.3125,0.0,0.0,0.0
raw-L14376,14377,2006,空蝉＝ナイトなのに忍者は余計,2,-2.5124611186434787,0.010954410220849177,2.302585092994046,0.6931471805599453,2.302585092994046,2.302585092994046,0.0,0.0,0.0,0.0,0.0,1.0,1.0,0.0,0.0,0.0,0.0,0.0,0.0,0.0,0.6666666666666667,0.33333333333333337,0.0,0.0,0.0,0.0,0.0,0.0,0.0,0.0,0.0,0.0,0.0,0.0,0.0
raw-L14380,14381,2006,空蝉＝ナイトなのに忍者は余計,1,1.659056979541729,0.8532630535951815,5.049856007249537,1.791759469228055,3.4657359027997265,4.02535169073515,0.0,0.6451612903225806,0.0,0.0,2.5806451612903225,1.0,0.8,0.0,0.0,0.0,0.0,0.0,0.0,0.0,0.6516129032258065,0.2838709677419355,0.012903225806451613,0.0,0.03870967741935484,0.0,0.6451612903225806,1.2903225806451613,0.6451612903225806,0.0,0.0,0.0,0.0,0.0,0.0
raw-L14387,14388,2006,空蝉＝ナイトなのに忍者は余計,1,1.9132251066921773,1.305383740363367,5.488937726156687,2.1972245773362196,3.4380113547848716,3.912023005428146,0.0,0.0,0.8298755186721992,0.0,2.904564315352697,0.875,1.0,0.0,0.0,0.4149377593360996,0.4149377593360996,0.0,0.0,0.0,0.6639004149377594,0.21991701244813278,0.041493775933609964,0.0,0.03734439834024896,0.004149377593360996,0.8298755186721992,1.6597510373443984,0.4149377593360996,0.4149377593360996,0.4149377593360996,0.4149377593360996,0.0,0.0,0.0
raw-L14397,14398,2006,空蝉＝ナイトなのに忍者は余計,1,1.2101137359941523,1.6008355140465547,4.897839799950911,1.9459101490553132,3.142714463902637,3.7376696182833684,0.0,0.0,0.0,0.0,5.2631578947368425,1.0,1.0,0.0,0.0,0.0,0.7518796992481203,0.0,0.0,0.7518796992481203,0.5864661654135338,0.30827067669172936,0.03007518796992481,0.0,0.03007518796992481,0.015037593984962405,0.0,0.0,0.0,0.0,0.0,0.0,0.0,0.0,0.0
raw-L14408,14409,2006,空蝉＝ナイトなのに忍者は余計,1,0.01316200486598561,0.884735307692804,4.189654742026425,1.6094379124341003,2.847812143477369,3.367295829986474,0.0,0.0,1.5384615384615385,0.0,6.153846153846154,0.75,1.0,0.0,0.0,1.5384615384615385,0.0,0.0,0.0,0.0,0.5384615384615384,0.35384615384615387,0.03076923076923077,0.0,0.03076923076923077,0.0,1.5384615384615385,1.5384615384615385,0.0,0.0,0.0,0.0,0.0,0.0,0.0
raw-L14415,14416,2006,空蝉＝ナイトなのに忍者は余計,1,0.7319361379042869,1.0945649479556234,4.574710978503383,1.6094379124341003,3.2188758248682006,3.4011973816621555,0.0,0.0,0.0,0.0,3.125,1.0,1.0,0.0,0.0,0.0,1.0416666666666667,0.0,0.0,0.0,0.6041666666666666,0.3125,0.05208333333333333,0.0,0.0,0.0,0.0,3.125,0.0,0.0,0.0,1.0416666666666667,0.0,0.0,0.0
raw-L14421,14422,2006,空蝉＝ナイトなのに忍者は余計,1,0.15160350055134833,0.9624301185608883,3.7376696182833684,1.3862943611198906,2.6855773452501515,2.995732273553991,0.0,0.0,0.0,0.0,4.878048780487805,1.0,1.0,0.0,0.0,0.0,2.4390243902439024,0.0,0.0,0.0,0.5609756097560975,0.14634146341463417,0.17073170731707318,0.0,0.07317073170731708,0.0,2.4390243902439024,0.0,0.0,0.0,0.0,0.0,0.0,0.0,0.0
raw-L14426,14427,2006,空蝉＝ナイトなのに忍者は余計,1,0.9126981207104724,0.8263605037517354,4.836281906951478,1.791759469228055,3.258096538021482,3.7612001156935624,0.0,0.0,0.8,0.0,3.2,0.8,1.0,0.0,0.0,0.0,0.0,0.0,0.0,0.0,0.664,0.28800000000000003,0.032,0.0,0.0,0.0,0.0,1.6,0.0,0.0,0.8,0.0,0.0,0.0,0.0
raw-L14433,14434,2006,空蝉＝ナイトなのに忍者は余計,1,1.8541363033065357,0.14038982893087262,5.0238805208462765,1.791759469228055,3.4404180948154366,3.6888794541139363,0.0,0.6622516556291391,1.9867549668874172,0.0,2.6490066225165565,0.8,0.8,0.0,0.0,0.0,0.6622516556291391,0.0,0.0,0.0,0.7086092715231789,0.25165562913907286,0.0,0.0,0.0,0.0,0.6622516556291391,1.3245033112582782,1.3245033112582782,0.6622516556291391,0.0,1.9867549668874172,0.6622516556291391,0.0,0.0
raw-L14440,14441,2006,空蝉＝ナイトなのに忍者は余計,1,1.919719579985691,1.0637594674283812,5.459585514144159,2.0794415416798357,3.5388867844353418,3.8918202981106265,0.0,0.0,0.42735042735042733,0.0,2.5641025641025643,0.8571428571428571,1.0,0.0,0.0,0.0,0.8547008547008547,0.0,0.0,0.0,0.658119658119658,0.24786324786324787,0.05555555555555555,0.0,0.0,0.004273504273504273,0.0,1.7094017094017093,0.0,0.42735042735042733,0.0,0.42735042735042733,0.0,0.0,0.0
raw-L14450,14451,2006,空蝉＝ナイトなのに忍者は余計,1,1.9534259939709298,1.3191921496158365,5.318119993844216,1.791759469228055,3.728100167267218,4.1588830833596715,0.0,0.0,0.0,0.0,1.9704433497536946,1.0,1.0,0.0,0.0,0.0,0.49261083743842365,0.0,0.0,0.0,0.6206896551724138,0.28571428571428575,0.07389162561576355,0.0,0.009852216748768473,0.0,0.0,1.9704433497536946,0.0,0.49261083743842365,0.0,0.9852216748768473,0.0,0.49261083743842365,0.0
raw-L14457,14458,2006,空蝉＝ナイトなのに忍者は余計,1,2.2396191209265517,1.224066205444413,5.564520407322694,1.791759469228055,3.970291913552122,4.418840607796598,0.0,0.0,0.0,0.0,1.5384615384615385,1.0,1.0,0.0,0.0,0.0,0.0,0.0,0.0,0.0,0.6576923076923077,0.25384615384615383,0.07307692307692308,0.0,0.011538461538461537,0.0,0.0,1.5384615384615385,0.0,0.38461538461538464,0.0,0.0,0.38461538461538464,0.0,0.0
raw-L14475,14476,2006,汚い卑怯ばかりする忍者,1,3.5657178328574823,2.007130063881971,5.793013608384144,2.0794415416798357,3.865230843921387,4.219507705176107,0.0,0.0,0.0,0.0,1.834862385321101,1.0,1.0,0.0,1.834862385321101,0.0,0.0,0.0,0.0,0.0,0.6452599388379205,0.24464831804281345,0.04281345565749236,0.0,0.01834862385321101,0.006116207951070336,0.0,1.834862385321101,0.0,1.2232415902140672,0.6116207951070336,0.3058103975535168,0.6116207951070336,0.0,0.0
raw-L14484,14485,2006,汚い卑怯ばかりする忍者,2,-0.35847571648724774,0.8356647736173548,3.9318256327243257,1.3862943611198906,2.8716796248840124,3.2188758248682006,0.0,0.0,0.0,0.0,4.0,1.0,1.0,0.0,0.0,0.0,0.0,0.0,0.0,0.0,0.58,0.2,0.18,0.0,0.0,0.0,0.0,0.0,0.0,2.0,0.0,0.0,0.0,0.0,0.0
raw-L14488,14489,2006,汚い卑怯ばかりする忍者,1,1.2917150957803105,1.3184887000447452,4.948759890378168,1.6094379124341003,3.58351893845611,3.6888794541139363,0.0,0.0,0.0,0.0,2.142857142857143,1.0,1.0,0.0,0.0,0.0,0.0,0.0,0.0,0.0,0.6714285714285714,0.24285714285714285,0.04285714285714286,0.0,0.04285714285714286,0.0,0.0,1.4285714285714286,0.0,1.4285714285714286,0.7142857142857143,0.0,0.0,0.7142857142857143,0.0
raw-L14505,14506,2006,忍/戦、戦/忍は異常。,1,0.5918780638458292,1.2736881611378985,4.499809670330265,1.6094379124341003,3.1463051320333655,3.332204510175204,0.0,0.0,0.0,0.0,3.3707865168539324,1.0,1.0,0.0,0.0,0.0,0.0,0.0,0.0,0.0,0.4606741573033708,0.4606741573033708,0.05617977528089888,0.0,0.011235955056179777,0.0,0.0,0.0,0.0,3.3707865168539324,0.0,0.0,0.0,0.0,0.0
raw-L14511,14512,2006,忍/戦、戦/忍は異常。,1,0.6151177591445581,-0.36827565616657915,4.605170185988092,1.6094379124341003,3.248434627109745,3.4339872044851463,0.0,0.0,3.0303030303030303,0.0,3.0303030303030303,0.5,1.0,0.0,0.0,0.0,0.0,0.0,0.0,0.0,0.4242424242424242,0.37373737373737376,0.13131313131313133,0.0,0.0,0.020202020202020204,0.0,0.0,0.0,0.0,1.0101010101010102,0.0,0.0,0.0,0.0
raw-L14517,14518,2006,忍/戦、戦/忍は異常。,3,4.537999466991814,-6.590398331783304,4.0943445622221,1.0986122886681098,3.417726683613366,3.5263605246161616,3.389830508474576,0.0,0.0,0.0,1.694915254237288,0.0,0.0,1.0,0.0,0.0,0.0,0.0,0.0,0.0,0.6440677966101696,0.13559322033898305,0.13559322033898305,0.0,0.03389830508474576,0.0,0.0,1.694915254237288,0.0,3.389830508474576,0.0,0.0,0.0,0.0,0.0
raw-L14521,14522,2006,忍/戦、戦/忍は異常。,2,-1.398332771284313,-0.1596807698069513,3.044522437723423,0.6931471805599453,3.044522437723423,3.044522437723423,0.0,0.0,0.0,0.0,0.0,1.0,1.0,0.0,0.0,0.0,0.0,0.0,0.0,0.0,0.55,0.25,0.2,0.0,0.0,0.0,0.0,5.0,0.0,0.0,0.0,0.0,0.0,0.0,0.0
raw-L14524,14525,2006,忍/戦、戦/忍は異常。,2,-3.066458314847777,-0.1313958789065967,2.0794415416798357,0.6931471805599453,2.0794415416798357,2.0794415416798357,0.0,0.0,0.0,0.0,0.0,1.0,1.0,0.0,0.0,0.0,0.0,0.0,0.0,0.0,0.8571428571428571,0.14285714285714288,0.0,0.0,0.0,0.0,0.0,0.0,0.0,0.0,0.0,0.0,0.0,0.0,0.0
raw-L14536,14537,2006,後衛がどれだけ苦しいか解る？,3,2.399766809775062,-2.443623632555182,4.736198448394496,1.6094379124341003,3.3758795736778655,3.713572066704308,0.8849557522123894,0.0,2.6548672566371683,0.0,2.6548672566371683,0.25,0.75,0.25,0.0,0.0,0.0,0.0,0.0,0.0,0.672566371681416,0.2743362831858407,0.017699115044247787,0.0,0.0,0.0,0.0,0.0,0.0,1.7699115044247788,0.0,0.0,0.8849557522123894,0.0,0.0
raw-L14544,14545,2006,後衛がどれだけ苦しいか解る？,3,2.9321296402907513,-4.659069268587809,4.61512051684126,1.791759469228055,3.044522437723423,3.295836866004329,3.0,0.0,3.0,0.0,5.0,0.2,0.6,0.4,0.0,0.0,0.0,0.0,0.0,0.0,0.54,0.25,0.15,0.0,0.0,0.0,0.0,0.0,1.0,1.0,0.0,0.0,0.0,0.0,0.0
raw-L14564,14565,2006,守りイージスフルケーニヒないナイトは解約しろ,1,1.6968291569339158,0.4187534083955056,5.529429087511423,2.0794415416798357,3.607049435866304,3.9318256327243257,0.0,0.0,0.796812749003984,0.0,2.3904382470119523,0.7142857142857143,1.0,0.0,0.0,0.0,0.0,0.0,0.0,0.0,0.4143426294820717,0.16334661354581673,0.33864541832669326,0.0,0.00796812749003984,0.00398406374501992,0.0,0.398406374501992,0.398406374501992,0.398406374501992,0.0,0.0,0.0,0.0,0.0
raw-L14572,14573,2006,守りイージスフルケーニヒないナイトは解約しろ,1,1.1413842244499017,1.0586900803942676,5.003946305945459,1.791759469228055,3.4210000089583352,3.8501476017100584,0.0,0.0,0.0,0.0,2.7027027027027026,1.0,1.0,0.0,0.0,0.0,0.0,0.0,0.0,0.0,0.5608108108108109,0.18243243243243243,0.20945945945945948,0.0,0.0,0.0,0.0,0.6756756756756757,0.0,1.3513513513513513,0.0,0.0,0.0,0.0,0.0
raw-L14579,14580,2006,守りイージスフルケーニヒないナイトは解約しろ,0,-1.8466503843158837,-3.1543067409175913,2.833213344056216,0.6931471805599453,2.833213344056216,2.833213344056216,0.0,0.0,6.25,0.0,0.0,0.0,1.0,0.0,0.0,0.0,0.0,0.0,0.0,0.0,0.6875,0.25,0.0,0.0,0.0,0.0,0.0,0.0,0.0,0.0,0.0,0.0,0.0,0.0,0.0
raw-L14582,14583,2006,守りイージスフルケーニヒないナイトは解約しろ,1,0.646839263849359,0.5982960167510029,4.61512051684126,1.3862943611198906,3.5361166995615263,3.6635616461296463,0.0,0.0,0.0,0.0,2.0,1.0,1.0,0.0,0.0,0.0,0.0,0.0,0.0,0.0,0.44,0.15,0.36,0.0,0.0,0.0,0.0,1.0,0.0,0.0,0.0,1.0,0.0,0.0,0.0
raw-L14587,14588,2006,守りイージスフルケーニヒないナイトは解約しろ,1,0.31791332608427386,1.0129076338531215,4.634728988229636,1.791759469228055,3.0633909220278057,3.4965075614664802,0.0,0.0,0.0,0.0,3.9215686274509802,1.0,1.0,0.0,0.0,0.0,0.0,0.0,0.0,0.0,0.5686274509803921,0.16666666666666669,0.21568627450980393,0.0,0.0,0.0,0.0,0.9803921568627451,0.0,0.0,0.0,0.0,0.0,0.0,0.0
raw-L14606,14607,2007,50～55キャップ時代の縄張りの殺伐さは異常,1,3.2268820216696197,-0.31373472090827625,5.313205979041787,1.791759469228055,3.7232808808312687,4.04305126783455,0.0,1.9801980198019802,0.0,0.0,1.9801980198019802,1.0,0.2,0.0,0.0,0.0,0.0,0.0,0.0,0.0,0.6633663366336634,0.17821782178217824,0.13861386138613863,0.0,0.0,0.0,0.0,0.9900990099009901,0.0,0.9900990099009901,0.0,1.4851485148514851,0.0,0.49504950495049505,0.0
raw-L14614,14615,2007,50～55キャップ時代の縄張りの殺伐さは異常,1,2.8450341871212137,0.753013353042732,5.676753802268282,2.1972245773362196,3.6210020317108507,4.060443010546419,0.0,1.0309278350515463,0.0,0.0,2.4054982817869415,1.0,0.625,0.0,0.0,0.0,0.0,0.0,0.0,0.0,0.6666666666666667,0.20962199312714777,0.0859106529209622,0.0,0.017182130584192438,0.006872852233676976,0.0,0.3436426116838488,0.0,0.6872852233676976,0.0,0.3436426116838488,0.3436426116838488,0.0,0.0
raw-L14626,14627,2007,50～55キャップ時代の縄張りの殺伐さは異常,1,4.216857741252909,1.3270643322276845,5.68697535633982,1.9459101490553132,3.912023005428146,4.418840607796598,0.0,0.3401360544217687,1.0204081632653061,0.0,1.7006802721088434,1.0,0.8333333333333334,0.0,1.3605442176870748,0.3401360544217687,0.3401360544217687,0.0,0.0,0.0,0.5578231292517006,0.18707482993197277,0.1564625850340136,0.0,0.020408163265306124,0.003401360544217687,1.3605442176870748,1.3605442176870748,0.0,1.0204081632653061,0.3401360544217687,0.0,1.0204081632653061,0.0,0.0
raw-L14636,14637,2007,50～55キャップ時代の縄張りの殺伐さは異常,1,3.7068700249436817,1.8818616062518234,5.950642552587727,2.1972245773362196,3.8892660183055296,4.23410650459726,0.0,0.0,0.0,0.0,1.8276762402088773,1.0,1.0,0.0,1.0443864229765014,0.0,0.5221932114882507,0.0,0.0,0.0,0.5744125326370757,0.24804177545691908,0.12010443864229765,0.0,0.010443864229765015,0.0,0.0,0.26109660574412535,0.0,1.0443864229765014,0.26109660574412535,0.0,0.5221932114882507,0.0,0.0
raw-L14658,14659,2007,ナイズルアサルトに既存NM/HNM配置,1,1.7584306313327356,0.6090582099185144,4.584967478670572,1.0986122886681098,3.901972669574645,4.189654742026425,0.0,0.0,0.0,0.0,1.0309278350515463,1.0,1.0,0.0,0.0,0.0,0.0,1.0309278350515463,0.0,0.0,0.46391752577319584,0.31958762886597936,0.1134020618556701,0.0,0.09278350515463918,0.0,0.0,0.0,1.0309278350515463,1.0309278350515463,0.0,0.0,0.0,0.0,0.0
raw-L14662,14663,2007,ナイズルアサルトに既存NM/HNM配置,1,0.7640038169141862,-0.6917646794335957,3.9318256327243257,1.0986122886681098,3.258096538021482,3.5263605246161616,0.0,0.0,2.0,0.0,2.0,0.5,1.0,0.0,0.0,0.0,0.0,2.0,0.0,0.0,0.46,0.46,0.0,0.0,0.06,0.0,0.0,0.0,0.0,2.0,0.0,0.0,0.0,0.0,0.0
raw-L14668,14669,2007,ナイズルアサルトに既存NM/HNM配置,3,3.5226699731455717,-3.2420746688134234,3.9889840465642745,1.3862943611198906,2.9267394020670396,3.332204510175204,1.8867924528301887,1.8867924528301887,0.0,0.0,3.7735849056603774,0.6666666666666666,0.3333333333333333,0.3333333333333333,0.0,0.0,1.8867924528301887,0.0,0.0,0.0,0.45283018867924524,0.2830188679245283,0.1509433962264151,0.0,0.0,0.0,0.0,0.0,1.8867924528301887,0.0,0.0,1.8867924528301887,0.0,0.0,0.0
raw-L14673,14674,2007,ナイズルアサルトに既存NM/HNM配置,1,1.7910488457852567,-2.2768807625654515,3.332204510175204,0.6931471805599453,3.332204510175204,3.332204510175204,0.0,3.7037037037037037,0.0,0.0,0.0,1.0,0.0,0.0,0.0,0.0,0.0,0.0,0.0,0.0,0.4074074074074074,0.1851851851851852,0.2962962962962963,0.0,0.0,0.07407407407407407,3.7037037037037037,0.0,0.0,0.0,0.0,0.0,0.0,0.0,0.0
raw-L14676,14677,2007,ナイズルアサルトに既存NM/HNM配置,3,4.231803430864282,-3.7103173154230054,4.0943445622221,1.0986122886681098,3.417726683613366,3.58351893845611,1.694915254237288,0.0,0.0,0.0,1.694915254237288,0.5,0.5,0.5,0.0,0.0,1.694915254237288,1.694915254237288,0.0,0.0,0.4915254237288136,0.3050847457627119,0.05084745762711864,0.0,0.05084745762711864,0.0,0.0,0.0,0.0,0.0,0.0,0.0,0.0,0.0,0.0
raw-L14681,14682,2007,ナイズルアサルトに既存NM/HNM配置,1,1.6597733925456621,-0.9339455581964236,3.784189633918261,1.0986122886681098,3.1135153092103742,3.295836866004329,0.0,2.3255813953488373,0.0,0.0,2.3255813953488373,1.0,0.5,0.0,0.0,0.0,0.0,2.3255813953488373,0.0,0.0,0.4186046511627907,0.32558139534883723,0.06976744186046512,0.06976744186046512,0.06976744186046512,0.0,0.0,0.0,4.651162790697675,0.0,0.0,0.0,0.0,0.0,0.0
raw-L14686,14687,2007,ナイズルアサルトに既存NM/HNM配置,2,-4.321780629822366,-0.30373006249156437,1.0986122886681098,0.6931471805599453,1.0986122886681098,1.0986122886681098,0.0,0.0,0.0,0.0,0.0,1.0,1.0,0.0,0.0,0.0,0.0,0.0,0.0,0.0,0.0,1.0,0.0,0.0,0.0,0.0,0.0,0.0,0.0,0.0,0.0,0.0,0.0,0.0,0.0
raw-L14689,14690,2007,ナイズルアサルトに既存NM/HNM配置,3,3.345791216600445,-2.2462575591720717,4.770684624465665,1.3862943611198906,3.6888794541139363,3.9318256327243257,1.7094017094017093,0.0,0.0,0.0,1.7094017094017093,0.6666666666666666,0.6666666666666666,0.3333333333333333,0.0,0.0,0.8547008547008547,0.0,0.0,0.0,0.641025641025641,0.2735042735042735,0.034188034188034185,0.0,0.0,0.0,0.0,0.0,1.7094017094017093,0.8547008547008547,0.0,0.0,0.0,0.0,0.0
raw-L14694,14695,2007,ナイズルアサルトに既存NM/HNM配置,1,1.0472243126520346,0.546935774401079,4.2626798770413155,1.0986122886681098,3.58351893845611,3.6109179126442243,0.0,0.0,0.0,0.0,1.4285714285714286,1.0,1.0,0.0,0.0,0.0,0.0,1.4285714285714286,0.0,0.0,0.6285714285714286,0.24285714285714285,0.0,0.0,0.11428571428571428,0.014285714285714285,0.0,0.0,0.0,0.0,0.0,0.0,0.0,0.0,0.0
raw-L14699,14700,2007,ナイズルアサルトに既存NM/HNM配置,1,-0.03373865161934878,0.4786186794188351,4.02535169073515,1.0986122886681098,3.349904087274605,3.367295829986474,0.0,0.0,0.0,0.0,1.8181818181818181,1.0,1.0,0.0,0.0,0.0,0.0,0.0,0.0,0.0,0.4181818181818182,0.3090909090909091,0.23636363636363636,0.0,0.0,0.0,0.0,0.0,0.0,0.0,0.0,0.0,0.0,0.0,0.0
raw-L14703,14704,2007,ナイズルアサルトに既存NM/HNM配置,1,0.11075569852543185,0.16232952368570655,3.258096538021482,0.6931471805599453,3.258096538021482,3.258096538021482,0.0,0.0,0.0,0.0,0.0,1.0,1.0,0.0,0.0,0.0,0.0,4.0,0.0,0.0,0.44,0.44,0.0,0.0,0.12,0.0,0.0,0.0,0.0,0.0,0.0,0.0,0.0,0.0,0.0
raw-L14706,14707,2007,ナイズルアサルトに既存NM/HNM配置,1,0.13991440785058082,-0.5505737986126336,4.1588830833596715,1.0986122886681098,3.481240089335692,3.5263605246161616,0.0,0.0,1.5873015873015872,0.0,1.5873015873015872,0.5,1.0,0.0,0.0,0.0,0.0,0.0,0.0,0.0,0.746031746031746,0.12698412698412698,0.06349206349206349,0.0,0.047619047619047616,0.0,0.0,0.0,0.0,0.0,0.0,1.5873015873015872,0.0,0.0,0.0
raw-L14710,14711,2007,ナイズルアサルトに既存NM/HNM配置,2,-0.32482992750800493,0.548122349769003,3.9889840465642745,1.0986122886681098,3.3141860046725258,3.4965075614664802,0.0,0.0,0.0,0.0,1.8867924528301887,1.0,1.0,0.0,0.0,0.0,0.0,0.0,0.0,0.0,0.7547169811320755,0.169811320754717,0.07547169811320754,0.0,0.0,0.0,0.0,0.0,1.8867924528301887,0.0,0.0,0.0,0.0,0.0,0.0
raw-L14714,14715,2007,ナイズルアサルトに既存NM/HNM配置,2,-3.432714229643372,-0.2439280317307542,1.791759469228055,0.6931471805599453,1.791759469228055,1.791759469228055,0.0,0.0,0.0,0.0,0.0,1.0,1.0,0.0,0.0,0.0,0.0,0.0,0.0,0.0,0.8,0.0,0.0,0.0,0.0,0.0,20.0,0.0,0.0,0.0,0.0,0.0,0.0,0.0,0.0
raw-L14717,14718,2007,ナイズルアサルトに既存NM/HNM配置,1,0.6012238560023573,-0.036463232881286285,3.332204510175204,0.6931471805599453,3.332204510175204,3.332204510175204,0.0,0.0,0.0,0.0,0.0,1.0,1.0,0.0,0.0,0.0,0.0,0.0,0.0,0.0,0.5555555555555556,0.1111111111111111,0.0,0.2222222222222222,0.1111111111111111,0.0,0.0,0.0,0.0,0.0,0.0,0.0,0.0,0.0,0.0
raw-L14721,14722,2007,ナイズルアサルトに既存NM/HNM配置,1,1.453138226499121,0.5080781603914886,3.4965075614664802,0.6931471805599453,3.4965075614664802,3.4965075614664802,0.0,0.0,0.0,0.0,0.0,1.0,1.0,0.0,3.125,0.0,0.0,3.125,0.0,0.0,0.25,0.28125,0.15625,0.0,0.25,0.0,0.0,0.0,3.125,0.0,0.0,0.0,0.0,0.0,0.0
raw-L14724,14725,2007,ナイズルアサルトに既存NM/HNM配置,1,0.4226261431898124,0.7557717515463072,3.7376696182833684,1.0986122886681098,3.068052935133617,3.091042453358316,0.0,0.0,0.0,0.0,2.4390243902439024,1.0,1.0,0.0,0.0,0.0,0.0,0.0,0.0,0.0,0.7073170731707318,0.1951219512195122,0.04878048780487805,0.024390243902439025,0.0,0.0,0.0,0.0,0.0,4.878048780487805,0.0,0.0,2.4390243902439024,0.0,0.0
raw-L14730,14731,2007,ナイズルアサルトに既存NM/HNM配置,3,4.571966869304799,-3.050302982992436,4.499809670330265,1.3862943611198906,3.4231762883809305,3.713572066704308,2.247191011235955,0.0,0.0,0.0,2.247191011235955,0.6666666666666666,0.3333333333333333,0.3333333333333333,0.0,0.0,2.247191011235955,0.0,0.0,0.0,0.48314606741573035,0.29213483146067415,0.10112359550561799,0.0,0.0,0.0,0.0,0.0,1.1235955056179776,1.1235955056179776,0.0,0.0,1.1235955056179776,0.0,0.0
raw-L14737,14738,2007,ナイズルアサルトに既存NM/HNM配置,3,2.6502152125682494,-2.2364583064112455,4.543294782270004,1.3862943611198906,3.4657359027997265,3.6635616461296463,1.075268817204301,0.0,1.075268817204301,0.0,2.150537634408602,0.6666666666666666,0.6666666666666666,0.3333333333333333,0.0,0.0,1.075268817204301,0.0,0.0,0.0,0.5161290322580645,0.24731182795698925,0.17204301075268816,0.0,0.0,0.0,0.0,0.0,1.075268817204301,0.0,0.0,0.0,0.0,0.0,0.0
raw-L14743,14744,2007,ナイズルアサルトに既存NM/HNM配置,1,0.7796897949907645,0.203716331639868,4.852030263919617,1.6094379124341003,3.488902962081261,3.828641396489095,0.0,0.0,1.5748031496062993,0.0,2.3622047244094486,0.75,1.0,0.0,0.0,0.0,0.0,0.0,0.0,0.0,0.6929133858267718,0.17322834645669294,0.06299212598425197,0.0,0.015748031496062992,0.0,0.0,0.0,0.7874015748031497,0.0,0.0,0.0,0.0,0.0,0.0
raw-L14750,14751,2007,ナイズルアサルトに既存NM/HNM配置,2,-1.2099511467848598,-0.168818771184337,2.995732273553991,0.6931471805599453,2.995732273553991,2.995732273553991,0.0,0.0,0.0,0.0,0.0,1.0,1.0,0.0,0.0,0.0,0.0,0.0,0.0,0.0,0.4210526315789474,0.2105263157894737,0.3157894736842105,0.0,0.0,0.0,0.0,0.0,0.0,0.0,0.0,0.0,0.0,0.0,0.0
raw-L14754,14755,2007,ナイズルアサルトに既存NM/HNM配置,1,0.5881883871136764,0.9975401661453702,4.543294782270004,1.3862943611198906,3.4657359027997265,3.5553480614894135,0.0,0.0,0.0,0.0,2.150537634408602,1.0,1.0,0.0,0.0,0.0,0.0,0.0,0.0,0.0,0.5268817204301075,0.3118279569892473,0.07526881720430108,0.0,0.06451612903225806,0.0,0.0,0.0,1.075268817204301,0.0,0.0,1.075268817204301,0.0,0.0,0.0
raw-L14761,14762,2007,ナイズルアサルトに既存NM/HNM配置,1,0.6729113854340635,-0.5451113298491989,4.394449154672439,1.0986122886681098,3.713572066704308,3.8918202981106265,0.0,0.0,1.25,0.0,1.25,0.5,1.0,0.0,0.0,0.0,0.0,0.0,0.0,0.0,0.6375,0.25,0.1,0.0,0.0,0.0,0.0,1.25,0.0,1.25,0.0,0.0,0.0,0.0,0.0
raw-L14766,14767,2007,ナイズルアサルトに既存NM/HNM配置,4,1.8232232029579094,-1.9133101054951736,4.356708826689592,1.0986122886681098,3.676300671907076,3.912023005428146,0.0,0.0,6.4935064935064934,1.2987012987012987,1.2987012987012987,0.0,1.0,0.0,0.0,1.2987012987012987,0.0,0.0,0.0,7.792207792207792,0.2597402597402597,0.16883116883116883,0.0,0.0,0.4675324675324676,0.0,0.0,0.0,0.0,0.0,0.0,0.0,0.0,0.0,0.0
raw-L14772,14773,2007,ナイズルアサルトに既存NM/HNM配置,1,0.3190221321355259,1.0108121533031265,4.330733340286331,1.3862943611198906,3.258096538021482,3.367295829986474,0.0,0.0,0.0,0.0,2.6666666666666665,1.0,1.0,0.0,0.0,0.0,0.0,0.0,0.0,0.0,0.45333333333333337,0.38666666666666666,0.10666666666666666,0.0,0.04,0.0,0.0,0.0,0.0,0.0,0.0,1.3333333333333333,0.0,0.0,0.0
raw-L14778,14779,2007,ナイズルアサルトに既存NM/HNM配置,1,0.4268049469020487,0.7044332752175125,4.248495242049359,1.0986122886681098,3.56953269648137,3.7612001156935624,0.0,0.0,0.0,0.0,1.4492753623188406,1.0,1.0,0.0,0.0,0.0,0.0,0.0,0.0,0.0,0.6086956521739131,0.3188405797101449,0.057971014492753624,0.0,0.0,0.0,0.0,0.0,1.4492753623188406,1.4492753623188406,0.0,0.0,0.0,0.0,0.0
raw-L14783,14784,2007,ナイズルアサルトに既存NM/HNM配置,1,0.7796272396296835,0.005656935715332219,3.7376696182833684,0.6931471805599453,3.7376696182833684,3.7376696182833684,0.0,0.0,0.0,0.0,0.0,1.0,1.0,0.0,0.0,0.0,0.0,4.878048780487805,0.0,0.0,0.36585365853658536,0.2682926829268293,0.21951219512195125,0.0,0.14634146341463417,0.0,0.0,0.0,2.4390243902439024,0.0,0.0,0.0,0.0,0.0,0.0
raw-L14786,14787,2007,ナイズルアサルトに既存NM/HNM配置,1,4.011210579239239,1.3029088048750765,6.180016653652572,1.9459101490553132,4.398555936625092,4.770684624465665,0.2074688796680498,0.0,0.8298755186721992,0.0,1.037344398340249,1.0,0.8333333333333334,0.0,2.074688796680498,0.0,0.0,0.0,0.0,0.0,0.5871369294605809,0.20539419087136931,0.13485477178423236,0.0,0.006224066390041494,0.0,1.2448132780082988,0.8298755186721992,0.0,0.4149377593360996,0.8298755186721992,0.0,0.0,0.0,0.0
raw-L14794,14795,2007,ナイズルアサルトに既存NM/HNM配置,1,0.8826535211677422,0.48703708726330286,3.8066624897703196,0.6931471805599453,3.8066624897703196,3.8066624897703196,0.0,0.0,0.0,0.0,0.0,1.0,1.0,0.0,0.0,0.0,0.0,0.0,0.0,0.0,0.38636363636363635,0.2727272727272727,0.34090909090909094,0.0,0.0,0.0,0.0,0.0,0.0,0.0,2.272727272727273,0.0,0.0,0.0,0.0
raw-L14797,14798,2007,ナイズルアサルトに既存NM/HNM配置,1,0.10930922298960677,0.25592722111997984,3.7612001156935624,0.6931471805599453,3.7612001156935624,3.7612001156935624,0.0,0.0,0.0,0.0,0.0,1.0,1.0,0.0,0.0,0.0,0.0,0.0,0.0,0.0,0.4523809523809524,0.35714285714285715,0.14285714285714288,0.0,0.047619047619047616,0.0,0.0,0.0,2.380952380952381,0.0,0.0,0.0,0.0,0.0,0.0
raw-L14800,14801,2007,ナイズルアサルトに既存NM/HNM配置,1,3.0993757345383277,-2.2518373634275144,4.406719247264253,1.0986122886681098,3.7256934272366524,3.9512437185814275,1.2345679012345678,0.0,1.2345679012345678,0.0,1.2345679012345678,0.5,0.5,0.0,0.0,0.0,1.2345679012345678,1.2345679012345678,0.0,0.0,0.5061728395061729,0.19753086419753085,0.13580246913580246,0.0,0.07407407407407407,0.0,0.0,0.0,1.2345679012345678,0.0,0.0,0.0,0.0,0.0,0.0
raw-L14814,14815,2007,【世界】守りのナイト・攻撃の黒【ＰＴ】,1,3.8593911754107557,1.8422921258749523,5.963579343618446,2.1972245773362196,3.901972669574645,4.605170185988092,0.0,0.0,0.25773195876288657,0.0,1.8041237113402062,1.0,1.0,0.0,1.0309278350515463,0.0,0.7731958762886598,0.0,0.0,0.0,0.6082474226804123,0.22422680412371132,0.07731958762886598,0.0,0.04123711340206185,0.0,0.25773195876288657,0.7731958762886598,0.25773195876288657,0.7731958762886598,0.0,0.25773195876288657,0.5154639175257731,0.0,0.0
raw-L14824,14825,2007,【世界】守りのナイト・攻撃の黒【ＰＴ】,1,2.5460499428057255,1.2431653911672356,5.493061443340548,1.791759469228055,3.899950424193877,4.2626798770413155,0.0,0.0,0.4132231404958678,0.0,1.6528925619834711,1.0,1.0,0.0,0.4132231404958678,0.0,0.4132231404958678,0.0,0.0,0.0,0.6818181818181819,0.14049586776859505,0.11983471074380166,0.0,0.008264462809917356,0.004132231404958678,0.0,0.8264462809917356,0.0,0.4132231404958678,0.0,1.2396694214876034,0.4132231404958678,0.0,0.0
raw-L14831,14832,2007,【世界】守りのナイト・攻撃の黒【ＰＴ】,1,3.201996312853993,1.3390966589627877,5.733341276897746,1.9459101490553132,3.9576335166801986,4.276666119016055,0.0,0.0,0.0,0.3246753246753247,1.6233766233766234,0.8333333333333334,1.0,0.0,0.974025974025974,0.0,0.0,0.0,0.0,0.0,0.6461038961038961,0.25,0.07142857142857144,0.0,0.006493506493506493,0.0,0.0,2.5974025974025974,0.0,0.6493506493506493,0.3246753246753247,0.0,0.3246753246753247,0.3246753246753247,0.0
raw-L14839,14840,2007,【世界】守りのナイト・攻撃の黒【ＰＴ】,1,1.3209392294816351,1.2408121470652418,4.890349128221754,1.6094379124341003,3.5263605246161616,4.110873864173311,0.0,0.0,0.0,0.0,2.272727272727273,1.0,1.0,0.0,0.0,0.0,0.0,0.0,0.0,0.0,0.7424242424242425,0.2121212121212121,0.030303030303030304,0.0,0.015151515151515152,0.0,0.0,1.5151515151515151,0.0,0.7575757575757576,0.7575757575757576,0.0,0.0,0.0,0.0
raw-L14851,14852,2008,布団の中で全体サーチをしてしまう,1,3.9378334533164074,-0.8279356254223654,5.2574953720277815,2.0794415416798357,3.3423568816392217,3.871201010907891,0.5235602094240838,2.094240837696335,0.0,0.0,3.141361256544503,0.8571428571428571,0.42857142857142855,0.14285714285714285,0.0,0.0,1.5706806282722514,0.0,0.0,0.0,0.6335078534031414,0.23036649214659685,0.04712041884816754,0.0,0.010471204188481676,0.0,0.0,0.5235602094240838,0.0,0.0,0.0,0.5235602094240838,0.0,0.0,0.0
raw-L14860,14861,2008,布団の中で全体サーチをしてしまう,1,3.0510265423973357,-0.7570363320740912,5.0369526024136295,1.791759469228055,3.4531571205928664,3.8066624897703196,0.6535947712418301,0.6535947712418301,0.0,0.0,2.6143790849673203,0.8,0.6,0.2,0.6535947712418301,0.0,0.0,0.0,0.0,0.0,0.5490196078431372,0.23529411764705885,0.1503267973856209,0.0,0.0,0.0,0.0,0.0,0.0,0.0,0.0,0.6535947712418301,0.0,0.0,0.0
raw-L14867,14868,2008,布団の中で全体サーチをしてしまう,3,4.980086313173245,-3.7975650210775846,4.787491742782046,1.9459101490553132,3.036554268074246,3.5553480614894135,4.201680672268908,0.8403361344537815,0.0,0.0,4.201680672268908,0.5,0.5,0.5,0.0,0.0,1.680672268907563,0.0,0.0,0.0,0.5798319327731093,0.2184873949579832,0.07563025210084033,0.0,0.01680672268907563,0.0,0.0,0.8403361344537815,0.0,0.8403361344537815,0.0,0.8403361344537815,0.0,0.8403361344537815,0.0
raw-L14875,14876,2008,布団の中で全体サーチをしてしまう,1,2.365327111555238,-1.0472200983367344,5.123963979403259,1.791759469228055,3.5380565643793527,3.9318256327243257,1.1976047904191616,0.0,1.1976047904191616,0.0,2.395209580838323,0.8,0.8,0.2,0.0,0.0,0.0,0.0,0.0,0.0,0.6467065868263474,0.30538922155688625,0.017964071856287425,0.0,0.0,0.0,0.5988023952095808,2.395209580838323,1.1976047904191616,0.0,0.0,1.1976047904191616,0.0,0.0,0.0
raw-L14882,14883,2008,布団の中で全体サーチをしてしまう,1,0.7891444864275364,0.5141207288058731,4.74493212836325,1.6094379124341003,3.3843902633457743,3.7612001156935624,0.0,0.0,0.8771929824561403,0.0,2.6315789473684212,0.75,1.0,0.0,0.0,0.0,0.0,0.0,0.0,0.0,0.5877192982456141,0.30701754385964913,0.07017543859649122,0.0,0.017543859649122806,0.0,0.0,1.7543859649122806,0.0,0.0,0.0,1.7543859649122806,0.0,0.0,0.0
raw-L14888,14889,2008,布団の中で全体サーチをしてしまう,1,1.0959834080089084,0.549073589543073,4.454347296253507,1.3862943611198906,3.378724525810097,3.5553480614894135,0.0,0.0,1.1764705882352942,0.0,2.3529411764705883,1.0,1.0,0.0,0.0,0.0,2.3529411764705883,0.0,0.0,0.0,0.5294117647058824,0.23529411764705885,0.15294117647058825,0.0,0.011764705882352941,0.0,0.0,0.0,1.1764705882352942,0.0,0.0,0.0,0.0,0.0,0.0
raw-L14893,14894,2008,布団の中で全体サーチをしてしまう,1,-0.12487089870340601,0.05776899569522101,3.8066624897703196,1.0986122886681098,3.1354942159291497,3.1780538303479458,0.0,0.0,2.272727272727273,0.0,2.272727272727273,1.0,1.0,0.0,0.0,0.0,2.272727272727273,0.0,0.0,0.0,0.5681818181818182,0.3181818181818182,0.0,0.0,0.022727272727272728,0.0,0.0,4.545454545454546,2.272727272727273,0.0,0.0,0.0,0.0,0.0,0.0
raw-L14897,14898,2008,布団の中で全体サーチをしてしまう,3,4.12469095605357,-4.381545093182176,4.060443010546419,1.3862943611198906,2.995732273553991,3.4339872044851463,5.2631578947368425,1.7543859649122806,0.0,1.7543859649122806,3.508771929824561,0.6666666666666666,0.3333333333333333,0.3333333333333333,0.0,0.0,0.0,0.0,0.0,0.0,0.6140350877192983,0.1929824561403509,0.07017543859649122,0.0,0.0,0.0,0.0,0.0,0.0,0.0,0.0,0.0,0.0,0.0,0.0
raw-L14903,14904,2008,布団の中で全体サーチをしてしまう,1,1.2022797478728349,0.8658007012996386,4.477336814478207,1.6094379124341003,3.1245651453969594,3.5553480614894135,0.0,0.0,1.1494252873563218,0.0,3.4482758620689653,1.0,1.0,0.0,0.0,0.0,3.4482758620689653,0.0,0.0,0.0,0.5402298850574713,0.24137931034482757,0.06896551724137931,0.0,0.022988505747126436,0.0,1.1494252873563218,0.0,0.0,0.0,0.0,0.0,0.0,0.0,0.0
raw-L14909,14910,2008,布団の中で全体サーチをしてしまう,1,0.9775168276563297,-0.6260021438157019,4.624972813284271,1.6094379124341003,3.2676659890376327,3.367295829986474,0.0,0.9900990099009901,1.9801980198019802,0.0,2.9702970297029703,0.5,0.75,0.0,0.0,0.9900990099009901,0.0,0.0,0.0,0.0,0.6138613861386139,0.29702970297029707,0.019801980198019802,0.0,0.0,0.0,0.9900990099009901,1.9801980198019802,0.9900990099009901,0.9900990099009901,0.0,0.0,0.0,0.0,0.0
raw-L14915,14916,2008,布団の中で全体サーチをしてしまう,1,1.494558912708768,-0.007385884736562022,4.624972813284271,1.6094379124341003,3.2676659890376327,3.4011973816621555,0.0,0.9900990099009901,0.9900990099009901,0.0,2.9702970297029703,0.75,0.75,0.0,0.0,0.0,0.9900990099009901,0.0,0.0,0.0,0.6831683168316832,0.2277227722772277,0.0,0.0,0.009900990099009901,0.0297029702970297,0.9900990099009901,0.0,0.9900990099009901,0.9900990099009901,0.0,0.0,0.0,0.9900990099009901,0.0
raw-L14922,14923,2008,布団の中で全体サーチをしてしまう,1,2.092417267167618,0.3189377919324882,5.135798437050262,1.9459101490553132,3.373026504695459,3.871201010907891,0.0,1.183431952662722,0.591715976331361,0.0,2.9585798816568047,0.8333333333333334,0.6666666666666666,0.0,0.0,0.0,0.0,0.0,0.0,0.0,0.6272189349112426,0.28402366863905326,0.029585798816568046,0.0,0.03550295857988166,0.0,0.0,0.0,0.0,0.591715976331361,0.0,1.183431952662722,0.0,0.0,0.0
raw-L14930,14931,2008,布団の中で全体サーチをしてしまう,1,1.0904912421547084,1.2820306899804148,4.61512051684126,1.6094379124341003,3.258096538021482,3.58351893845611,0.0,0.0,0.0,0.0,3.0,1.0,1.0,0.0,0.0,0.0,1.0,0.0,0.0,0.0,0.63,0.29,0.02,0.0,0.02,0.0,0.0,0.0,0.0,0.0,0.0,2.0,0.0,0.0,0.0
raw-L14936,14937,2008,布団の中で全体サーチをしてしまう,2,-0.24818302774932302,-0.6521380733078805,4.007333185232471,1.0986122886681098,3.332204510175204,3.5553480614894135,0.0,0.0,1.8518518518518519,0.0,1.8518518518518519,0.5,1.0,0.0,0.0,0.0,0.0,0.0,0.0,0.0,0.7037037037037037,0.2777777777777778,0.0,0.0,0.0,0.0,0.0,0.0,1.8518518518518519,0.0,0.0,0.0,0.0,0.0,0.0
raw-L14940,14941,2008,布団の中で全体サーチをしてしまう,1,2.5555963182889605,0.48102729952423784,5.351858133476067,2.0794415416798357,3.4339872044851463,3.871201010907891,0.47619047619047616,0.0,0.0,0.0,2.857142857142857,0.8571428571428571,0.8571428571428571,0.14285714285714285,0.0,0.47619047619047616,0.47619047619047616,0.0,0.0,0.0,0.6476190476190475,0.30952380952380953,0.019047619047619046,0.0,0.0,0.0,0.0,1.9047619047619047,0.0,0.47619047619047616,0.47619047619047616,0.47619047619047616,0.0,0.0,0.0
raw-L14949,14950,2008,布団の中で全体サーチをしてしまう,1,2.10246930927215,1.457401739255375,5.14166355650266,1.6094379124341003,3.7727609380946383,4.060443010546419,0.0,0.0,0.0,0.0,1.7647058823529411,1.0,1.0,0.0,0.0,0.0,0.0,0.0,0.0,0.0,0.6176470588235294,0.2647058823529412,0.07647058823529412,0.0,0.04117647058823529,0.0,0.0,0.0,0.0,1.1764705882352942,0.5882352941176471,1.7647058823529411,0.5882352941176471,0.5882352941176471,0.0
raw-L14955,14956,2008,布団の中で全体サーチをしてしまう,0,-0.5479911775138367,-2.2141687067032105,3.1354942159291497,0.6931471805599453,3.1354942159291497,3.1354942159291497,0.0,0.0,4.545454545454546,0.0,0.0,0.0,1.0,0.0,0.0,0.0,0.0,0.0,0.0,0.0,0.8636363636363636,0.09090909090909091,0.0,0.0,0.0,0.0,4.545454545454546,0.0,0.0,0.0,4.545454545454546,0.0,0.0,0.0,0.0
raw-L14959,14960,2008,布団の中で全体サーチをしてしまう,1,2.3027526718750413,0.06547672579344241,5.37989735354046,2.0794415416798357,3.4612616224048054,3.8501476017100584,0.46296296296296297,0.0,0.46296296296296297,0.0,2.7777777777777777,0.7142857142857143,0.8571428571428571,0.14285714285714285,0.0,0.46296296296296297,0.0,0.0,0.0,0.0,0.6805555555555556,0.27314814814814814,0.02314814814814815,0.0,0.0,0.0,0.0,1.3888888888888888,0.0,0.46296296296296297,0.46296296296296297,0.0,0.0,0.0,0.0
raw-L14968,14969,2008,布団の中で全体サーチをしてしまう,1,1.9267793614850908,0.18936200943579948,4.919980925828125,1.6094379124341003,3.5553480614894135,3.7612001156935624,0.0,0.7352941176470589,0.7352941176470589,0.0,2.2058823529411766,0.75,0.75,0.0,0.0,0.7352941176470589,0.7352941176470589,0.0,0.0,0.0,0.6470588235294117,0.2647058823529412,0.0,0.0,0.03676470588235294,0.0,0.0,0.0,0.7352941176470589,0.0,0.0,0.0,0.0,0.0,0.0
raw-L14974,14975,2008,布団の中で全体サーチをしてしまう,1,2.4953234101333868,0.619974716067022,5.111987788356544,1.791759469228055,3.5263605246161616,3.7612001156935624,0.0,1.2121212121212122,0.0,0.0,2.4242424242424243,1.0,0.6,0.0,0.0,0.0,0.6060606060606061,0.0,0.0,0.0,0.5636363636363637,0.3575757575757576,0.048484848484848485,0.0,0.0,0.0,0.0,1.2121212121212122,1.2121212121212122,0.0,1.2121212121212122,0.0,0.0,0.0,0.0
raw-L14981,14982,2008,布団の中で全体サーチをしてしまう,1,1.4100310722784792,0.6398743269661464,4.90527477843843,1.6094379124341003,3.5409593240373143,3.713572066704308,0.0,0.0,0.746268656716418,0.0,2.2388059701492535,0.75,1.0,0.0,0.0,0.0,0.0,0.0,0.0,0.0,0.5746268656716418,0.34328358208955223,0.0373134328358209,0.0,0.02985074626865672,0.00746268656716418,0.746268656716418,0.0,0.0,0.746268656716418,0.0,0.746268656716418,0.746268656716418,0.0,0.0
raw-L14988,14989,2008,布団の中で全体サーチをしてしまう,1,0.936131736138736,1.1836573790474887,5.043425116919247,1.791759469228055,3.459466289786131,3.713572066704308,0.0,0.0,0.0,0.0,2.5974025974025974,1.0,1.0,0.0,0.0,0.0,0.0,0.0,0.0,0.0,0.6948051948051948,0.24025974025974026,0.03896103896103896,0.0,0.0,0.012987012987012986,0.0,0.0,0.6493506493506493,0.0,0.0,0.0,0.0,0.0,0.0
raw-L15002,15003,2005,【ギルティ】恥知らずなカイ使いがいた！！【ギア】,3,7.955231749050495,-3.306255756646255,6.349138991379798,2.302585092994046,4.165803526204246,4.543294782270004,1.0507880910683012,1.2259194395796849,0.5253940455341506,0.0,1.4010507880910683,0.4444444444444444,0.1111111111111111,0.5555555555555556,0.8756567425569177,0.0,0.17513134851138354,0.0,0.0,0.0,0.5376532399299474,0.1978984238178634,0.06654991243432574,0.14711033274956217,0.0,0.0,0.0,1.5761821366024518,0.3502626970227671,1.0507880910683012,0.5253940455341506,0.17513134851138354,0.5253940455341506,0.0,0.0
raw-L15014,15015,2005,【ギルティ】恥知らずなカイ使いがいた！！【ギア】,3,7.285202210214682,-3.0885670947115345,6.678342114654332,2.302585092994046,4.4911301366105425,4.820281565605037,1.0075566750629723,0.8816120906801007,0.12594458438287154,0.0,1.0075566750629723,0.4444444444444444,0.1111111111111111,0.5555555555555556,0.8816120906801007,0.12594458438287154,0.0,0.0,0.0,0.0,0.5415617128463476,0.19143576826196473,0.12216624685138538,0.09445843828715365,0.0,0.005037783375314861,0.0,0.6297229219143576,0.12594458438287154,0.5037783375314862,0.5037783375314862,0.2518891687657431,0.0,0.0,0.0
raw-L15025,15026,2005,【ギルティ】恥知らずなカイ使いがいた！！【ギア】,3,5.4186351181737065,-6.063640579692664,4.7535901911063645,1.0986122886681098,4.069026754237811,4.174387269895637,2.608695652173913,0.0,0.0,0.0,0.8695652173913043,0.0,0.0,1.0,0.0,0.0,0.0,0.0,0.0,0.0,0.7043478260869566,0.19130434782608696,0.0782608695652174,0.0,0.0,0.0,0.0,0.0,1.7391304347826086,0.8695652173913043,0.8695652173913043,0.0,0.0,0.0,0.0
raw-L15029,15030,2005,【ギルティ】恥知らずなカイ使いがいた！！【ギア】,1,2.30503048426772,-1.0987862584572932,4.709530201312334,1.6094379124341003,3.349904087274605,3.58351893845611,0.0,0.0,0.0,7.2727272727272725,2.727272727272727,0.0,1.0,0.0,0.0,0.0,0.0,3.6363636363636362,0.0,0.0,0.5818181818181818,0.2909090909090909,0.045454545454545456,0.0,0.00909090909090909,0.0,1.8181818181818181,0.9090909090909091,0.0,0.0,0.0,0.0,0.0,0.9090909090909091,0.0
raw-L15035,15036,2005,【ギルティ】恥知らずなカイ使いがいた！！【ギア】,3,4.938037381496767,-6.200605278638978,4.290459441148391,1.3862943611198906,3.2188758248682006,4.007333185232471,4.166666666666667,0.0,0.0,0.0,2.7777777777777777,0.0,0.0,1.0,0.0,0.0,0.0,0.0,0.0,0.0,0.5972222222222222,0.2222222222222222,0.125,0.0,0.0,0.0,0.0,0.0,0.0,1.3888888888888888,0.0,1.3888888888888888,0.0,0.0,0.0
raw-L15041,15042,2005,【ギルティ】恥知らずなカイ使いがいた！！【ギア】,3,5.100325732159561,-4.399177828027744,4.890349128221754,1.3862943611198906,3.8066624897703196,3.970291913552122,2.272727272727273,0.0,0.0,0.0,1.5151515151515151,0.3333333333333333,0.3333333333333333,0.6666666666666666,0.0,0.0,0.0,0.0,0.0,0.0,0.7121212121212122,0.13636363636363635,0.09848484848484848,0.0,0.030303030303030304,0.0,0.0,3.0303030303030303,0.0,0.7575757575757576,2.272727272727273,0.0,0.0,0.0,0.0
raw-L15046,15047,2005,【ギルティ】恥知らずなカイ使いがいた！！【ギア】,3,5.380662210261633,-5.592651812492334,5.117993812416755,1.6094379124341003,3.7495040759303713,3.912023005428146,2.4096385542168677,0.0,0.0,0.0,2.4096385542168677,0.0,0.0,1.0,0.0,0.0,0.0,0.0,0.0,0.0,0.6325301204819277,0.20481927710843373,0.08433734939759036,0.0,0.024096385542168676,0.018072289156626505,0.0,0.6024096385542169,0.6024096385542169,0.0,0.6024096385542169,0.0,0.0,0.0,0.0
raw-L15054,15055,2005,【ギルティ】恥知らずなカイ使いがいた！！【ギア】,1,2.077788701610496,-0.026409839636021788,5.209486152841421,1.9459101490553132,3.4446824936018943,3.6635616461296463,0.5494505494505495,0.0,0.0,0.0,2.7472527472527473,0.8333333333333334,0.8333333333333334,0.16666666666666666,0.0,0.0,0.0,0.0,0.0,0.0,0.6868131868131868,0.2087912087912088,0.049450549450549455,0.0,0.01098901098901099,0.01098901098901099,0.5494505494505495,1.098901098901099,0.0,1.098901098901099,0.0,1.098901098901099,0.0,0.0,0.0
raw-L15062,15063,2005,【ギルティ】恥知らずなカイ使いがいた！！【ギア】,1,3.3526003690595783,-1.1725838201264638,5.429345628954441,1.9459101490553132,3.6592789843376456,3.828641396489095,0.8810572687224669,0.0,0.8810572687224669,0.0,2.202643171806167,0.5,0.6666666666666666,0.16666666666666666,0.0,0.0,0.8810572687224669,0.0,0.0,0.0,0.6784140969162996,0.2555066079295154,0.0,0.017621145374449337,0.013215859030837005,0.0,0.44052863436123346,0.8810572687224669,1.3215859030837005,0.8810572687224669,0.44052863436123346,0.44052863436123346,0.0,0.0,0.0
raw-L15070,15071,2005,【ギルティ】恥知らずなカイ使いがいた！！【ギア】,1,4.077905194772056,1.360676261330909,6.144185634125646,2.4849066497880004,3.7675225814330493,4.0943445622221,0.21505376344086022,0.0,0.0,0.0,2.150537634408602,0.9090909090909091,0.9090909090909091,0.09090909090909091,0.6451612903225806,0.43010752688172044,0.43010752688172044,0.0,0.0,0.0,0.5376344086021505,0.25806451612903225,0.14838709677419354,0.012903225806451613,0.0,0.0,0.0,0.43010752688172044,0.0,0.8602150537634409,0.6451612903225806,0.21505376344086022,0.43010752688172044,0.0,0.0
raw-L15083,15084,2005,【ギルティ】恥知らずなカイ使いがいた！！【ギア】,1,2.009794091074644,0.47711879240816196,5.099866427824199,1.6094379124341003,3.7316994512968646,4.143134726391533,0.0,0.0,1.2269938650306749,0.0,2.4539877300613497,0.75,1.0,0.0,0.0,0.0,1.2269938650306749,0.0,0.0,0.0,0.6319018404907976,0.22699386503067484,0.06134969325153374,0.0,0.03680981595092025,0.0,0.6134969325153374,1.2269938650306749,0.0,0.0,0.0,0.6134969325153374,0.0,0.0,0.0
raw-L15090,15091,2005,【ギルティ】恥知らずなカイ使いがいた！！【ギア】,1,1.5330907130141487,1.2196531150461773,4.844187086458591,1.6094379124341003,3.481240089335692,3.9512437185814275,0.0,0.0,0.0,0.0,2.380952380952381,1.0,1.0,0.0,0.0,0.0,0.7936507936507936,0.0,0.0,0.0,0.5952380952380952,0.21428571428571427,0.1111111111111111,0.0,0.05555555555555555,0.0,0.0,0.7936507936507936,0.0,0.0,0.0,2.380952380952381,0.0,0.0,0.0
raw-L15096,15097,2005,【ギルティ】恥知らずなカイ使いがいた！！【ギア】,1,0.7293654484152227,0.7555807246089595,4.356708826689592,1.3862943611198906,3.283414346005772,3.5553480614894135,0.0,0.0,1.2987012987012987,0.0,2.5974025974025974,1.0,1.0,0.0,0.0,0.0,0.0,0.0,0.0,0.0,0.6103896103896104,0.33766233766233766,0.0,0.0,0.03896103896103896,0.0,0.0,2.5974025974025974,1.2987012987012987,2.5974025974025974,0.0,0.0,1.2987012987012987,0.0,0.0
raw-L15101,15102,2005,【ギルティ】恥知らずなカイ使いがいた！！【ギア】,2,-1.2053207840938291,0.1513557592518612,2.9444389791664403,0.6931471805599453,2.9444389791664403,2.9444389791664403,0.0,0.0,0.0,0.0,0.0,1.0,1.0,0.0,0.0,0.0,0.0,0.0,0.0,0.0,0.6666666666666667,0.2222222222222222,0.0,0.0,0.0,0.0,5.555555555555555,0.0,0.0,0.0,0.0,0.0,0.0,0.0,0.0
raw-L15104,15105,2005,【ギルティ】恥知らずなカイ使いがいた！！【ギア】,1,1.3265267756908303,1.0536001634204657,4.499809670330265,1.3862943611198906,3.4231762883809305,3.6375861597263857,0.0,0.0,0.0,0.0,2.247191011235955,1.0,1.0,0.0,0.0,0.0,3.3707865168539324,0.0,0.0,0.0,0.7528089887640449,0.1348314606741573,0.0,0.0,0.033707865168539325,0.0,0.0,1.1235955056179776,0.0,0.0,0.0,2.247191011235955,0.0,0.0,0.0
raw-L15120,15121,2006,ギルティギアやってる奴ちょっと来い　in ネ実,1,4.5220990132566845,2.0216092164910746,6.6039438246004725,2.70805020110221,3.982348322148876,4.465908118654584,0.13568521031207598,0.0,0.13568521031207598,0.0,1.7639077340569878,1.0,0.9285714285714286,0.0,1.2211668928086838,0.13568521031207598,0.27137042062415195,0.0,0.0,0.0,0.5929443690637721,0.22388059701492538,0.10719131614654004,0.024423337856173677,0.0,0.0,0.0,0.5427408412483039,0.13568521031207598,0.40705563093622793,0.9497964721845319,0.13568521031207598,0.13568521031207598,0.0,0.0
raw-L15136,15137,2006,ギルティギアやってる奴ちょっと来い　in ネ実,1,3.0254815521770344,1.636511990479981,5.834810737062605,2.3978952727983707,3.55820113047182,4.31748811353631,0.0,0.0,0.0,0.2932551319648094,2.6392961876832843,0.9,1.0,0.0,0.2932551319648094,0.0,0.5865102639296188,0.0,0.0,0.0,0.6099706744868035,0.2668621700879765,0.052785923753665684,0.0,0.0,0.03519061583577712,0.0,0.2932551319648094,0.2932551319648094,1.7595307917888563,0.2932551319648094,0.0,0.0,0.0,0.0
raw-L15150,15151,2006,ギルティギアやってる奴ちょっと来い　in ネ実,1,3.74088939347661,1.694225339204029,6.220590170099739,2.3978952727983707,3.9357395320454622,4.330733340286331,0.199203187250996,0.0,0.0,0.0,1.792828685258964,1.0,0.9,0.0,0.796812749003984,0.0,0.199203187250996,0.0,0.0,0.0,0.599601593625498,0.2848605577689243,0.08366533864541832,0.0,0.0,0.0,0.0,1.1952191235059761,0.0,1.3944223107569722,0.398406374501992,0.0,0.0,0.0,0.0
raw-L15170,15171,2006,アトルガンと間違えてガトリングガン買ってきた,1,2.631042648385999,1.4325404301196234,6.021023349349527,2.302585092994046,3.8430301339411947,4.1588830833596715,0.0,0.0,0.0,0.0,1.9464720194647203,1.0,1.0,0.0,0.0,0.0,0.24330900243309003,0.0,0.0,0.0,0.5158150851581509,0.20437956204379565,0.24087591240875914,0.0072992700729927005,0.0024330900243309003,0.0024330900243309003,0.0,0.0,0.0,0.7299270072992701,0.0,0.48661800486618007,0.0,0.0,0.0
raw-L15191,15192,2007,カイ使う奴は雑魚狩り専門,1,4.51475699162339,2.1661642045033447,6.447305862541213,2.4849066497880004,4.065134184122299,4.48863636973214,0.0,0.0,0.31746031746031744,0.0,1.5873015873015872,1.0,1.0,0.0,1.2698412698412698,0.31746031746031744,0.6349206349206349,0.0,0.0,0.0,0.6222222222222222,0.2253968253968254,0.09047619047619047,0.0,0.0,0.007936507936507936,0.0,0.31746031746031744,0.31746031746031744,1.2698412698412698,0.31746031746031744,0.31746031746031744,0.7936507936507936,0.0,0.0
raw-L15213,15214,2008,2D格ゲーの最高作はギルティ,1,1.5048413246386196,1.281040547226774,5.225746673713202,1.791759469228055,3.6375861597263857,3.9318256327243257,0.0,0.0,0.0,0.0,2.1621621621621623,1.0,1.0,0.0,0.0,0.0,0.0,0.0,0.0,0.0,0.6108108108108108,0.2702702702702703,0.10270270270270271,0.0,0.0,0.0,0.0,1.6216216216216217,0.0,1.0810810810810811,0.0,1.0810810810810811,0.0,0.5405405405405406,0.0
raw-L15220,15221,2008,2D格ゲーの最高作はギルティ,1,1.9238287524573152,1.2897852179423024,5.429345628954441,2.0794415416798357,3.5094109663023882,3.7612001156935624,0.0,0.0,0.44052863436123346,0.0,2.643171806167401,0.8571428571428571,1.0,0.0,0.44052863436123346,0.0,0.0,0.0,0.0,0.0,0.6211453744493393,0.2290748898678414,0.11013215859030837,0.0,0.0,0.013215859030837005,0.0,0.0,0.44052863436123346,0.8810572687224669,0.44052863436123346,0.44052863436123346,0.0,0.44052863436123346,0.0
raw-L15240,15241,2008,最近の格ゲーって何でつまんないの？,1,2.452365990085179,1.4069873556218604,5.777652323222656,2.1972245773362196,3.71965111278069,4.290459441148391,0.0,0.0,0.0,0.0,2.1739130434782608,1.0,1.0,0.0,0.0,0.0,0.0,0.0,0.0,0.0,0.5807453416149069,0.1956521739130435,0.19875776397515527,0.0,0.0,0.0,0.0,0.6211180124223602,0.0,0.6211180124223602,0.0,0.3105590062111801,0.6211180124223602,0.0,0.0
raw-L15250,15251,2008,最近の格ゲーって何でつまんないの？,1,2.7183000467537113,1.601178369671888,5.916202062607435,2.1972245773362196,3.855452653939752,4.2626798770413155,0.0,0.0,0.2702702702702703,0.0,1.8918918918918919,1.0,1.0,0.0,0.2702702702702703,0.5405405405405406,0.0,0.0,0.0,0.0,0.5459459459459459,0.22972972972972971,0.1783783783783784,0.0,0.0,0.005405405405405406,0.0,0.0,0.0,1.0810810810810811,0.0,0.2702702702702703,0.0,0.2702702702702703,0.0
raw-L15260,15261,2008,最近の格ゲーって何でつまんないの？,1,2.4394409046093113,1.630047230300044,5.802118375377063,2.1972245773362196,3.7436043538031827,4.02535169073515,0.0,0.0,0.0,0.0,2.121212121212121,1.0,1.0,0.0,0.30303030303030304,0.0,0.0,0.0,0.0,0.0,0.6151515151515151,0.23636363636363636,0.1303030303030303,0.0,0.0,0.0,0.0,1.2121212121212122,0.0,1.2121212121212122,0.6060606060606061,0.0,0.0,0.0,0.0
raw-L15270,15271,2008,最近の格ゲーって何でつまんないの？,1,2.1714898959449327,1.0020756306253027,5.765191102784844,2.0794415416798357,3.8379150332744243,4.060443010546419,0.0,0.0,0.31446540880503143,0.0,1.8867924528301887,0.8571428571428571,1.0,0.0,0.0,0.0,0.0,0.0,0.0,0.0,0.5062893081761006,0.2641509433962264,0.21069182389937108,0.0,0.0,0.0,0.0,0.6289308176100629,0.31446540880503143,1.5723270440251573,0.0,0.31446540880503143,0.0,0.0,0.0
raw-L15280,15281,2008,最近の格ゲーって何でつまんないの？,1,2.9612676187678106,1.6610345960407356,5.886104031450156,2.1972245773362196,3.8259203063747345,4.219507705176107,0.0,0.0,0.0,0.0,1.9498607242339834,1.0,1.0,0.0,0.2785515320334262,0.0,0.0,0.0,0.0,0.0,0.649025069637883,0.23955431754874654,0.10027855153203342,0.0,0.0,0.0,0.0,0.0,0.5571030640668524,1.392757660167131,0.0,0.5571030640668524,1.1142061281337048,0.0,0.0
raw-L15291,15292,2008,最近の格ゲーって何でつまんないの？,1,1.4625752340976843,0.676190816035127,5.1298987149230735,1.791759469228055,3.543853682063679,3.828641396489095,0.0,0.0,0.5952380952380952,0.0,2.380952380952381,0.8,1.0,0.0,0.0,0.0,0.0,0.0,0.0,0.0,0.6607142857142857,0.17857142857142858,0.14285714285714288,0.0,0.0,0.005952380952380952,0.0,0.5952380952380952,0.0,1.1904761904761905,0.0,0.5952380952380952,0.5952380952380952,0.0,0.0
raw-L15299,15300,2008,最近の格ゲーって何でつまんないの？,1,0.9045681349701804,1.0001796554524847,4.812184355372417,1.6094379124341003,3.449987545831587,3.8066624897703196,0.0,0.0,0.0,0.0,2.459016393442623,1.0,1.0,0.0,0.0,0.0,0.0,0.0,0.0,0.0,0.6147540983606558,0.22950819672131145,0.13114754098360656,0.0,0.0,0.0,1.639344262295082,0.819672131147541,0.0,0.0,0.0,0.0,0.0,0.0,0.0
raw-L15315,15316,2009,GGXXAC　Part114,1,2.243928947453873,1.9734494462542422,6.118097198041348,2.8903717578961645,3.319519350647888,3.912023005428146,0.0,0.0,0.0,0.0,3.532008830022075,1.0,1.0,0.0,0.0,0.22075055187637968,0.0,0.0,0.0,0.44150110375275936,0.5916114790286976,0.27593818984547464,0.10375275938189846,0.0,0.004415011037527594,0.0,0.0,0.22075055187637968,0.0,1.7660044150110374,0.22075055187637968,0.0,0.0,0.0,0.0
raw-L15334,15335,2009,GGXXAC　Part114,1,2.4383692511944286,1.747199575597988,5.84354441703136,2.1972245773362196,3.784189633918261,4.02535169073515,0.0,0.0,0.0,0.0,2.0348837209302326,1.0,1.0,0.0,0.0,0.29069767441860467,0.0,0.0,0.0,0.5813953488372093,0.6191860465116279,0.26453488372093026,0.09593023255813954,0.0,0.0,0.0,0.0,0.0,0.0,0.872093023255814,0.872093023255814,0.0,0.0,0.0,0.0
raw-L15344,15345,2009,GGXXAC　Part114,1,2.6833041506839272,1.5368550903019313,5.736572297479192,1.9459101490553132,3.960813169597578,4.31748811353631,0.0,0.0,0.0,0.0,1.6181229773462784,1.0,1.0,0.0,0.0,0.32362459546925565,0.32362459546925565,0.0,0.0,0.32362459546925565,0.627831715210356,0.22653721682847894,0.11650485436893204,0.0,0.0,0.0,0.0,0.0,0.0,1.2944983818770226,0.6472491909385113,0.0,0.0,0.0,0.0
raw-L15352,15353,2009,GGXXAC　Part114,1,2.081192072801676,1.7257862927034584,5.5053315359323625,1.9459101490553132,3.733693469903729,3.9512437185814275,0.0,0.0,0.0,0.0,2.0408163265306123,1.0,1.0,0.0,0.0,2.0408163265306123,0.0,0.0,0.0,0.0,0.5224489795918368,0.2693877551020408,0.1346938775510204,0.0,0.0,0.004081632653061225,0.0,0.0,0.0,0.8163265306122449,0.0,0.0,0.0,0.0,0.0
raw-L15360,15361,2009,GGXXAC　Part114,1,2.304139117490338,1.5556383249911339,5.442417710521793,1.791759469228055,3.8501476017100584,4.2626798770413155,0.0,0.0,0.0,0.0,1.7391304347826086,1.0,1.0,0.0,0.43478260869565216,0.43478260869565216,0.0,0.0,0.0,0.8695652173913043,0.6869565217391305,0.22608695652173913,0.06521739130434782,0.0,0.0,0.0,0.0,0.8695652173913043,0.0,0.8695652173913043,0.0,0.43478260869565216,0.0,0.43478260869565216,0.0
raw-L15375,15376,2005,ブロント最強伝説,1,2.591436431315818,-0.8362365704002128,5.147494476813453,1.791759469228055,3.5610460826040513,3.828641396489095,0.5847953216374269,0.0,0.5847953216374269,0.0,2.3391812865497075,0.6,0.8,0.2,0.0,0.0,0.0,0.0,0.0,0.0,0.5789473684210527,0.2807017543859649,0.11695906432748539,0.0,0.0,0.0,0.0,1.1695906432748537,0.0,1.7543859649122806,0.0,1.1695906432748537,0.5847953216374269,0.0,0.0
raw-L15383,15384,2005,ブロント最強伝説,1,3.1597327083113944,2.065175166008082,5.056245805348308,1.791759469228055,3.4719664525503626,3.912023005428146,0.0,0.0,0.0,0.0,2.5641025641025643,1.0,1.0,0.0,1.2820512820512822,0.6410256410256411,1.2820512820512822,0.0,0.0,0.0,0.5192307692307692,0.3076923076923077,0.08974358974358974,0.0,0.0,0.0,0.0,0.0,0.0,0.6410256410256411,0.6410256410256411,1.2820512820512822,0.0,0.6410256410256411,0.0
raw-L15391,15392,2005,ブロント最強伝説,4,0.5231837413057789,1.9756427666544047,3.828641396489095,1.3862943611198906,2.772588722239781,3.4011973816621555,0.0,0.0,0.0,0.0,6.666666666666667,1.0,1.0,0.0,0.0,0.0,2.2222222222222223,0.0,0.0,35.55555555555556,0.4888888888888889,0.33333333333333337,0.08888888888888889,0.0,0.044444444444444446,0.0,0.0,0.0,2.2222222222222223,0.0,0.0,2.2222222222222223,0.0,0.0,0.0
raw-L15398,15399,2005,ブロント最強伝説,1,0.42985321846721275,1.3076499530516619,4.6443908991413725,1.791759469228055,3.0726933146901194,3.332204510175204,0.0,0.0,0.0,0.0,3.883495145631068,1.0,1.0,0.0,0.0,0.0,0.0,0.0,0.0,0.0,0.5922330097087378,0.2621359223300971,0.1262135922330097,0.0,0.00970873786407767,0.0,0.970873786407767,0.0,0.0,0.0,0.0,1.941747572815534,0.0,0.0,0.0
raw-L15406,15407,2005,ブロント最強伝説,1,0.16181156844984682,0.9189916028143111,4.418840607796598,1.3862943611198906,3.3440389678222067,3.4965075614664802,0.0,0.0,0.0,0.0,2.4390243902439024,1.0,1.0,0.0,0.0,0.0,0.0,0.0,0.0,0.0,0.7073170731707318,0.29268292682926833,0.0,0.0,0.0,0.0,1.2195121951219512,1.2195121951219512,1.2195121951219512,0.0,0.0,0.0,0.0,0.0,0.0
raw-L15421,15422,2005,◆神羅万象チョコ◇80枚目◆,2,-0.4846036909910029,0.851646937180529,3.7376696182833684,1.0986122886681098,3.068052935133617,3.1780538303479458,0.0,0.0,0.0,0.0,2.4390243902439024,1.0,1.0,0.0,0.0,0.0,0.0,0.0,0.0,0.0,0.6585365853658537,0.34146341463414637,0.0,0.0,0.0,0.0,0.0,0.0,0.0,0.0,0.0,2.4390243902439024,0.0,0.0,0.0
raw-L15425,15426,2005,◆神羅万象チョコ◇80枚目◆,2,-3.6186482407940694,-0.5782010245516289,2.0794415416798357,0.6931471805599453,2.0794415416798357,2.0794415416798357,0.0,0.0,0.0,0.0,0.0,1.0,1.0,0.0,0.0,0.0,0.0,0.0,0.0,0.0,0.42857142857142855,0.14285714285714288,0.42857142857142855,0.0,0.0,0.0,0.0,0.0,14.285714285714286,0.0,0.0,0.0,0.0,0.0,0.0
raw-L15429,15430,2005,◆神羅万象チョコ◇80枚目◆,1,1.2584044813179394,-0.3540249405971541,4.04305126783455,1.0986122886681098,3.367295829986474,3.58351893845611,0.0,1.7857142857142858,0.0,0.0,1.7857142857142858,1.0,0.5,0.0,0.0,0.0,0.0,0.0,0.0,0.0,0.6071428571428572,0.3392857142857143,0.0,0.0,0.03571428571428572,0.0,0.0,0.0,0.0,0.0,0.0,0.0,0.0,0.0,0.0
raw-L15433,15434,2005,◆神羅万象チョコ◇80枚目◆,2,-1.0569759828129015,0.13514324871775427,3.1354942159291497,0.6931471805599453,3.1354942159291497,3.1354942159291497,0.0,0.0,0.0,0.0,0.0,1.0,1.0,0.0,0.0,0.0,0.0,0.0,0.0,0.0,0.7272727272727273,0.22727272727272727,0.0,0.0,0.0,0.0,0.0,0.0,0.0,0.0,0.0,0.0,0.0,0.0,0.0
raw-L15437,15438,2005,◆神羅万象チョコ◇80枚目◆,2,0.587727716520732,-0.6718819247992631,3.5553480614894135,1.0986122886681098,2.8903717578961645,3.091042453358316,0.0,2.9411764705882355,0.0,0.0,2.9411764705882355,1.0,0.5,0.0,0.0,0.0,0.0,0.0,0.0,0.0,0.6176470588235294,0.35294117647058826,0.0,0.0,0.0,0.0,0.0,0.0,0.0,0.0,0.0,0.0,0.0,0.0,0.0
raw-L15441,15442,2005,◆神羅万象チョコ◇80枚目◆,2,-0.30699186477246315,-0.23428402180375865,3.6888794541139363,1.3862943611198906,2.6390573296152584,2.772588722239781,0.0,2.5641025641025643,0.0,0.0,5.128205128205129,1.0,0.6666666666666666,0.0,0.0,0.0,0.0,0.0,0.0,0.0,0.7435897435897436,0.23076923076923075,0.0,0.0,0.0,0.0,0.0,5.128205128205129,0.0,0.0,0.0,0.0,0.0,0.0,0.0
raw-L15446,15447,2005,◆神羅万象チョコ◇80枚目◆,2,-0.7955610406816984,0.7885519297553197,3.4657359027997265,1.0986122886681098,2.803360380906535,2.9444389791664403,0.0,0.0,0.0,0.0,3.225806451612903,1.0,1.0,0.0,0.0,0.0,0.0,0.0,0.0,0.0,0.4516129032258065,0.4838709677419355,0.06451612903225806,0.0,0.0,0.0,3.225806451612903,0.0,0.0,0.0,0.0,0.0,0.0,0.0,0.0
raw-L15451,15452,2005,◆神羅万象チョコ◇80枚目◆,2,-1.681443680900694,0.838656058071377,2.995732273553991,1.0986122886681098,2.3513752571634776,2.833213344056216,0.0,0.0,0.0,0.0,5.2631578947368425,1.0,1.0,0.0,0.0,0.0,0.0,0.0,0.0,0.0,0.5789473684210527,0.4210526315789474,0.0,0.0,0.0,0.0,0.0,0.0,0.0,0.0,0.0,0.0,0.0,0.0,0.0
raw-L15455,15456,2005,◆神羅万象チョコ◇80枚目◆,1,0.3703449185603845,0.28929199181775483,3.8501476017100584,0.6931471805599453,3.8501476017100584,3.8501476017100584,0.0,0.0,0.0,0.0,0.0,1.0,1.0,0.0,0.0,0.0,0.0,0.0,0.0,0.0,0.5217391304347826,0.3695652173913044,0.10869565217391304,0.0,0.0,0.0,0.0,0.0,0.0,0.0,0.0,0.0,0.0,0.0,0.0
raw-L15458,15459,2005,◆神羅万象チョコ◇80枚目◆,2,-1.694147043540562,0.6568106781557399,3.2188758248682006,1.0986122886681098,2.5649493574615367,2.6390573296152584,0.0,0.0,0.0,0.0,4.166666666666667,1.0,1.0,0.0,0.0,0.0,0.0,0.0,0.0,0.0,0.7916666666666667,0.20833333333333331,0.0,0.0,0.0,0.0,0.0,0.0,0.0,0.0,0.0,0.0,0.0,0.0,0.0
raw-L15463,15464,2005,◆神羅万象チョコ◇80枚目◆,2,-0.64252419555549,0.6540709786997619,3.7612001156935624,1.0986122886681098,3.091042453358316,3.091042453358316,0.0,0.0,0.0,0.0,2.380952380952381,1.0,1.0,0.0,0.0,0.0,0.0,0.0,0.0,0.0,0.8333333333333333,0.16666666666666669,0.0,0.0,0.0,0.0,2.380952380952381,0.0,0.0,0.0,0.0,0.0,0.0,0.0,0.0
raw-L15467,15468,2005,◆神羅万象チョコ◇80枚目◆,1,0.0009151424428739478,1.273313862388167,4.007333185232471,1.3862943611198906,2.9444389791664403,3.258096538021482,0.0,0.0,0.0,0.0,3.7037037037037037,1.0,1.0,0.0,0.0,0.0,0.0,0.0,0.0,0.0,0.7962962962962963,0.1851851851851852,0.0,0.0,0.0,0.0,0.0,0.0,0.0,0.0,1.8518518518518519,0.0,0.0,0.0,0.0
raw-L15473,15474,2005,◆神羅万象チョコ◇80枚目◆,2,-0.4825573243198404,0.2037817291931189,3.4965075614664802,0.6931471805599453,3.4965075614664802,3.4965075614664802,0.0,0.0,0.0,0.0,0.0,1.0,1.0,0.0,0.0,0.0,0.0,0.0,0.0,0.0,0.65625,0.34375,0.0,0.0,0.0,0.0,0.0,3.125,0.0,0.0,0.0,0.0,0.0,0.0,0.0
raw-L15477,15478,2005,◆神羅万象チョコ◇80枚目◆,2,-3.39038186697456,-0.0728269477693148,1.791759469228055,0.6931471805599453,1.791759469228055,1.791759469228055,0.0,0.0,0.0,0.0,0.0,1.0,1.0,0.0,0.0,0.0,0.0,0.0,0.0,0.0,0.6,0.4,0.0,0.0,0.0,0.0,0.0,0.0,0.0,0.0,0.0,0.0,0.0,0.0,0.0
raw-L15481,15482,2005,◆神羅万象チョコ◇80枚目◆,1,0.14721983870110344,1.0849383019563301,4.406719247264253,1.6094379124341003,3.056356895370426,3.4657359027997265,0.0,0.0,0.0,0.0,3.7037037037037037,1.0,1.0,0.0,0.0,0.0,0.0,0.0,0.0,0.0,0.5679012345679013,0.345679012345679,0.06172839506172839,0.0,0.0,0.0,0.0,1.2345679012345678,0.0,0.0,0.0,0.0,0.0,0.0,0.0
raw-L15487,15488,2005,◆神羅万象チョコ◇80枚目◆,2,-0.585871473710242,1.1040726444346995,3.7612001156935624,1.3862943611198906,2.70805020110221,3.295836866004329,0.0,0.0,0.0,0.0,4.761904761904762,1.0,1.0,0.0,0.0,0.0,0.0,0.0,0.0,0.0,0.6428571428571429,0.2380952380952381,0.07142857142857144,0.0,0.0,0.0,0.0,2.380952380952381,0.0,0.0,0.0,0.0,0.0,2.380952380952381,0.0
raw-L15493,15494,2005,◆神羅万象チョコ◇80枚目◆,2,-2.3063799020994753,1.1195614932175293,3.091042453358316,1.3862943611198906,2.0794415416798357,2.302585092994046,0.0,0.0,0.0,0.0,9.523809523809524,1.0,1.0,0.0,0.0,0.0,0.0,0.0,0.0,0.0,0.5238095238095238,0.2380952380952381,0.0,0.0,0.0,0.14285714285714288,0.0,0.0,0.0,0.0,0.0,0.0,0.0,0.0,0.0
raw-L15498,15499,2005,◆神羅万象チョコ◇80枚目◆,2,-0.40158832018131374,1.1523605267125414,3.784189633918261,1.3862943611198906,2.7300291078209855,3.5553480614894135,0.0,0.0,0.0,0.0,4.651162790697675,1.0,1.0,0.0,0.0,0.0,0.0,0.0,0.0,0.0,0.813953488372093,0.18604651162790697,0.0,0.0,0.0,0.0,0.0,2.3255813953488373,0.0,2.3255813953488373,0.0,2.3255813953488373,0.0,0.0,0.0
raw-L15504,15505,2005,◆神羅万象チョコ◇80枚目◆,2,-0.6329337607384722,0.9905313152104303,3.8501476017100584,1.3862943611198906,2.793208009442517,3.2188758248682006,0.0,0.0,0.0,0.0,4.3478260869565215,1.0,1.0,0.0,0.0,0.0,0.0,0.0,0.0,0.0,0.717391304347826,0.2826086956521739,0.0,0.0,0.0,0.0,0.0,0.0,0.0,0.0,0.0,0.0,0.0,0.0,0.0
raw-L15510,15511,2005,◆神羅万象チョコ◇80枚目◆,2,-0.9712544180089216,0.9939596103560987,3.4339872044851463,1.0986122886681098,2.772588722239781,3.1354942159291497,0.0,0.0,0.0,0.0,3.3333333333333335,1.0,1.0,0.0,0.0,0.0,0.0,0.0,0.0,0.0,0.4666666666666666,0.5333333333333333,0.0,0.0,0.0,0.0,0.0,0.0,3.3333333333333335,0.0,0.0,3.3333333333333335,0.0,0.0,0.0
raw-L15515,15516,2005,◆神羅万象チョコ◇80枚目◆,2,-0.44346908047500605,0.8603955674564934,3.713572066704308,1.0986122886681098,3.044522437723423,3.295836866004329,0.0,0.0,0.0,0.0,2.5,1.0,1.0,0.0,0.0,0.0,0.0,0.0,0.0,0.0,0.675,0.325,0.0,0.0,0.0,0.0,0.0,0.0,0.0,0.0,0.0,2.5,0.0,0.0,0.0
raw-L15520,15521,2005,◆神羅万象チョコ◇80枚目◆,1,0.6444715371912788,-0.6882606287239097,3.6375861597263857,1.0986122886681098,2.970414465569701,3.295836866004329,0.0,2.7027027027027026,0.0,0.0,2.7027027027027026,1.0,0.5,0.0,0.0,0.0,0.0,0.0,0.0,0.0,0.6486486486486487,0.24324324324324323,0.0,0.0,0.05405405405405405,0.027027027027027025,0.0,2.7027027027027026,0.0,0.0,0.0,0.0,0.0,0.0,0.0
raw-L15524,15525,2005,◆神羅万象チョコ◇80枚目◆,2,-1.5637492557097834,1.3394968916954688,3.1780538303479458,1.3862943611198906,2.1594842493533726,2.833213344056216,0.0,0.0,0.0,0.0,8.695652173913043,1.0,1.0,0.0,0.0,0.0,0.0,0.0,0.0,0.0,0.6521739130434783,0.34782608695652173,0.0,0.0,0.0,0.0,4.3478260869565215,0.0,0.0,0.0,0.0,0.0,0.0,0.0,0.0
raw-L15530,15531,2005,◆神羅万象チョコ◇80枚目◆,2,-0.18359170304070177,0.6993029888934282,3.9318256327243257,1.0986122886681098,3.258096538021482,3.332204510175204,0.0,0.0,0.0,0.0,2.0,1.0,1.0,0.0,0.0,0.0,0.0,0.0,0.0,0.0,0.48,0.42,0.0,0.0,0.0,0.06,0.0,0.0,0.0,0.0,0.0,0.0,0.0,0.0,0.0
raw-L15534,15535,2005,◆神羅万象チョコ◇80枚目◆,2,-0.23121743054562718,0.8006940014873529,3.713572066704308,1.0986122886681098,3.044522437723423,3.58351893845611,0.0,0.0,0.0,0.0,2.5,1.0,1.0,0.0,0.0,0.0,0.0,0.0,0.0,0.0,0.525,0.475,0.0,0.0,0.0,0.0,0.0,0.0,0.0,0.0,0.0,0.0,0.0,0.0,0.0
raw-L15539,15540,2005,◆神羅万象チョコ◇80枚目◆,2,-0.7112885877350544,0.6510260098267124,3.713572066704308,1.0986122886681098,3.044522437723423,3.091042453358316,0.0,0.0,0.0,0.0,2.5,1.0,1.0,0.0,0.0,0.0,0.0,0.0,0.0,0.0,0.7,0.275,0.0,0.0,0.0,0.0,0.0,0.0,0.0,0.0,0.0,0.0,0.0,0.0,0.0
raw-L15544,15545,2005,◆神羅万象チョコ◇80枚目◆,2,-2.4453105118916176,0.7785798567795008,2.772588722239781,1.0986122886681098,2.1400661634962708,2.3978952727983707,0.0,0.0,0.0,0.0,6.666666666666667,1.0,1.0,0.0,0.0,0.0,0.0,0.0,0.0,0.0,0.8,0.2,0.0,0.0,0.0,0.0,0.0,0.0,0.0,0.0,0.0,0.0,0.0,0.0,0.0
raw-L15549,15550,2005,◆神羅万象チョコ◇80枚目◆,2,-0.18724824871273013,1.0809077392921602,4.276666119016055,1.6094379124341003,2.9311937524164198,3.258096538021482,0.0,0.0,0.0,0.0,4.225352112676056,1.0,1.0,0.0,0.0,0.0,0.0,0.0,0.0,0.0,0.6901408450704225,0.23943661971830985,0.05633802816901408,0.0,0.0,0.0,0.0,0.0,0.0,0.0,0.0,0.0,0.0,0.0,0.0
raw-L15555,15556,2005,◆神羅万象チョコ◇80枚目◆,2,-0.7907735418759257,0.9478894812204368,3.4965075614664802,1.0986122886681098,2.833213344056216,2.995732273553991,0.0,0.0,0.0,0.0,3.125,1.0,1.0,0.0,0.0,0.0,0.0,0.0,0.0,0.0,0.65625,0.34375,0.0,0.0,0.0,0.0,0.0,0.0,0.0,0.0,0.0,0.0,0.0,3.125,0.0
raw-L15560,15561,2005,◆神羅万象チョコ◇80枚目◆,2,-0.230638191491611,0.6762221965545643,3.8918202981106265,1.0986122886681098,3.2188758248682006,3.5263605246161616,0.0,0.0,0.0,0.0,2.0833333333333335,1.0,1.0,0.0,0.0,0.0,0.0,0.0,0.0,0.0,0.75,0.25,0.0,0.0,0.0,0.0,0.0,0.0,0.0,0.0,0.0,0.0,0.0,0.0,0.0
raw-L15565,15566,2005,◆神羅万象チョコ◇80枚目◆,1,0.31279309864529176,0.8810656956875372,3.8066624897703196,1.0986122886681098,3.1354942159291497,3.2188758248682006,0.0,0.0,0.0,0.0,2.272727272727273,1.0,1.0,0.0,0.0,0.0,0.0,0.0,0.0,0.0,0.6590909090909091,0.22727272727272727,0.0,0.0,0.0,0.06818181818181818,0.0,0.0,0.0,2.272727272727273,0.0,2.272727272727273,2.272727272727273,0.0,0.0
raw-L15569,15570,2005,◆神羅万象チョコ◇80枚目◆,2,-1.2998376262040037,0.9803027842498488,3.58351893845611,1.3862943611198906,2.538973871058276,2.70805020110221,0.0,0.0,0.0,0.0,5.714285714285714,1.0,1.0,0.0,0.0,0.0,0.0,0.0,0.0,0.0,0.5428571428571428,0.3142857142857143,0.0,0.0,0.0,0.08571428571428572,0.0,0.0,0.0,0.0,0.0,0.0,0.0,0.0,0.0
raw-L15574,15575,2005,◆神羅万象チョコ◇80枚目◆,2,-0.7361426784947247,0.3872808089684111,3.2188758248682006,0.6931471805599453,3.2188758248682006,3.2188758248682006,0.0,0.0,0.0,0.0,0.0,1.0,1.0,0.0,0.0,0.0,0.0,0.0,0.0,0.0,0.5,0.5,0.0,0.0,0.0,0.0,0.0,0.0,4.166666666666667,4.166666666666667,0.0,0.0,0.0,0.0,0.0
raw-L15578,15579,2005,◆神羅万象チョコ◇80枚目◆,1,-0.10120796904762513,0.7643990894470765,3.5263605246161616,1.0986122886681098,2.8622008809294686,3.091042453358316,0.0,0.0,0.0,0.0,3.0303030303030303,1.0,1.0,0.0,0.0,0.0,0.0,0.0,0.0,0.0,0.7272727272727273,0.12121212121212122,0.06060606060606061,0.0,0.06060606060606061,0.030303030303030304,0.0,0.0,0.0,3.0303030303030303,0.0,0.0,3.0303030303030303,0.0,0.0
raw-L15583,15584,2005,◆神羅万象チョコ◇80枚目◆,1,0.05361491226940336,0.477613898121706,3.4965075614664802,0.6931471805599453,3.4965075614664802,3.4965075614664802,0.0,0.0,0.0,0.0,0.0,1.0,1.0,0.0,0.0,0.0,0.0,0.0,0.0,0.0,0.46875,0.53125,0.0,0.0,0.0,0.0,0.0,0.0,0.0,3.125,0.0,0.0,0.0,0.0,0.0
raw-L15587,15588,2005,◆神羅万象チョコ◇80枚目◆,1,0.15006119867495937,1.2755807524102227,3.9889840465642745,1.3862943611198906,2.9267394020670396,3.5553480614894135,0.0,0.0,0.0,0.0,3.7735849056603774,1.0,1.0,0.0,0.0,0.0,0.0,0.0,0.0,0.0,0.5471698113207547,0.45283018867924524,0.0,0.0,0.0,0.0,3.7735849056603774,0.0,0.0,0.0,0.0,1.8867924528301887,0.0,0.0,0.0
raw-L15593,15594,2005,◆神羅万象チョコ◇80枚目◆,1,1.0176426584238767,1.2011211799378245,4.584967478670572,1.3862943611198906,3.506557897319982,3.8066624897703196,0.0,0.0,0.0,0.0,2.0618556701030926,1.0,1.0,0.0,0.0,0.0,0.0,0.0,0.0,0.0,0.6701030927835052,0.3298969072164948,0.0,0.0,0.0,0.0,1.0309278350515463,0.0,0.0,0.0,1.0309278350515463,0.0,0.0,0.0,0.0
raw-L15599,15600,2005,◆神羅万象チョコ◇80枚目◆,1,1.0754852354874322,0.14918904262436858,4.110873864173311,1.3862943611198906,3.044522437723423,3.7376696182833684,0.0,1.6666666666666667,0.0,0.0,3.3333333333333335,1.0,0.6666666666666666,0.0,0.0,0.0,0.0,0.0,0.0,0.0,0.65,0.2833333333333333,0.05,0.0,0.0,0.0,0.0,0.0,0.0,1.6666666666666667,0.0,0.0,0.0,0.0,0.0
raw-L15604,15605,2005,◆神羅万象チョコ◇80枚目◆,1,0.1849733873342477,1.196956554627907,3.828641396489095,1.0986122886681098,3.1570004211501135,3.258096538021482,0.0,0.0,0.0,0.0,2.2222222222222223,1.0,1.0,0.0,0.0,0.0,0.0,0.0,0.0,0.0,0.6222222222222222,0.26666666666666666,0.0,0.0,0.0,0.06666666666666667,0.0,0.0,0.0,0.0,2.2222222222222223,2.2222222222222223,0.0,0.0,0.0
raw-L15609,15610,2005,◆神羅万象チョコ◇80枚目◆,2,-0.6071603652051686,0.18198901543002313,2.772588722239781,0.6931471805599453,2.772588722239781,2.772588722239781,0.0,0.0,0.0,0.0,0.0,1.0,1.0,0.0,0.0,0.0,6.666666666666667,0.0,0.0,0.0,0.33333333333333337,0.4666666666666666,0.0,0.0,0.0,0.0,0.0,0.0,0.0,0.0,0.0,0.0,0.0,0.0,0.0
raw-L15613,15614,2005,◆神羅万象チョコ◇80枚目◆,2,-2.6748212220445793,0.004829692791231986,2.0794415416798357,0.6931471805599453,2.0794415416798357,2.0794415416798357,0.0,0.0,0.0,0.0,0.0,1.0,1.0,0.0,0.0,0.0,0.0,0.0,0.0,0.0,0.28571428571428575,0.7142857142857143,0.0,0.0,0.0,0.0,0.0,0.0,0.0,0.0,0.0,0.0,0.0,0.0,0.0
raw-L15622,15623,2005,国際ブロント検定,1,1.272487595963647,0.5233635051818623,4.30406509320417,1.0986122886681098,3.624340932976365,3.871201010907891,0.0,0.0,0.0,0.0,1.36986301369863,1.0,1.0,0.0,0.0,0.0,0.0,0.0,0.0,0.0,0.32876712328767127,0.2602739726027397,0.2191780821917808,0.0684931506849315,0.1095890410958904,0.0,0.0,0.0,0.0,0.0,0.0,0.0,0.0,0.0,0.0
raw-L15626,15628,2005,国際ブロント検定,1,1.8210761240730196,0.35350477432520605,4.8283137373023015,1.6094379124341003,3.4657359027997265,3.8918202981106265,0.0,0.0,4.032258064516129,0.0,4.838709677419355,0.75,1.0,0.0,1.6129032258064515,0.0,0.0,0.0,0.0,0.0,0.4435483870967742,0.3790322580645162,0.10483870967741936,0.0,0.0,0.0,0.8064516129032258,0.0,0.0,0.8064516129032258,0.0,0.0,0.0,0.0,0.0
raw-L15638,15639,2005,国際ブロント検定,1,1.5442038621370882,0.9076777057425313,5.135798437050262,1.791759469228055,3.5496173867804286,3.8918202981106265,0.0,0.0,0.591715976331361,0.0,2.366863905325444,0.8,1.0,0.0,0.0,0.0,0.0,0.0,0.0,0.0,0.5739644970414202,0.3076923076923077,0.05917159763313609,0.0,0.047337278106508875,0.0,0.591715976331361,0.0,0.0,0.0,0.591715976331361,0.0,0.0,0.0,0.0
raw-L15645,15646,2005,国際ブロント検定,1,3.493697841736546,1.0477187056653043,5.616771097666572,2.302585092994046,3.448222320307018,4.343805421853684,0.0,0.36496350364963503,0.36496350364963503,0.0,2.9197080291970803,0.8888888888888888,0.8888888888888888,0.0,0.0,0.0,0.0,0.0,0.0,0.0,0.5474452554744526,0.22627737226277372,0.029197080291970802,0.15328467153284672,0.014598540145985401,0.01824817518248175,0.0,1.4598540145985401,0.0,0.7299270072992701,0.7299270072992701,0.36496350364963503,0.0,0.36496350364963503,0.0
raw-L15663,15664,2005,ブロントファンクラブ　アケ板支部,1,1.2284862328684543,0.4961616616654088,4.418840607796598,1.791759469228055,2.856470206220483,3.367295829986474,0.0,0.0,0.0,2.4390243902439024,4.878048780487805,0.6,1.0,0.0,0.0,0.0,0.0,0.0,0.0,0.0,0.6463414634146342,0.28048780487804875,0.024390243902439025,0.024390243902439025,0.0,0.0,0.0,1.2195121951219512,2.4390243902439024,1.2195121951219512,1.2195121951219512,0.0,0.0,0.0,0.0
raw-L15670,15671,2005,ブロントファンクラブ　アケ板支部,2,-0.7660477914527499,0.9343579993079181,3.828641396489095,1.3862943611198906,2.772588722239781,3.044522437723423,0.0,0.0,0.0,0.0,4.444444444444445,1.0,1.0,0.0,0.0,0.0,0.0,0.0,0.0,0.0,0.6666666666666667,0.2888888888888889,0.044444444444444446,0.0,0.0,0.0,2.2222222222222223,2.2222222222222223,0.0,0.0,0.0,0.0,0.0,0.0,0.0
raw-L15686,15687,2006,デスノートおわったな！,3,5.237547268054815,-6.772728600981918,4.189654742026425,1.0986122886681098,3.5115454388310208,3.5263605246161616,3.076923076923077,0.0,1.5384615384615385,0.0,1.5384615384615385,0.0,0.0,1.0,0.0,0.0,0.0,0.0,0.0,0.0,0.5692307692307692,0.2923076923076923,0.0923076923076923,0.0,0.0,0.0,0.0,0.0,0.0,3.076923076923077,0.0,0.0,1.5384615384615385,0.0,0.0
raw-L15690,15691,2006,デスノートおわったな！,0,0.36090015996345964,-2.583151298969139,4.127134385045092,1.3862943611198906,3.060270794691562,3.6109179126442243,0.0,0.0,8.19672131147541,0.0,4.918032786885246,0.0,1.0,0.0,0.0,0.0,0.0,0.0,0.0,0.0,0.6721311475409836,0.13114754098360656,0.09836065573770492,0.0,0.0,0.0,0.0,0.0,0.0,3.278688524590164,0.0,0.0,3.278688524590164,0.0,0.0
raw-L15698,15699,2006,デスノートおわったな！,3,2.895425740760519,-5.680327426337265,3.912023005428146,1.0986122886681098,3.2386784521643803,3.332204510175204,2.0408163265306123,0.0,4.081632653061225,0.0,2.0408163265306123,0.0,0.5,0.5,0.0,0.0,0.0,0.0,0.0,0.0,0.5510204081632653,0.22448979591836735,0.163265306122449,0.0,0.0,0.0,0.0,0.0,2.0408163265306123,2.0408163265306123,0.0,0.0,2.0408163265306123,0.0,0.0
raw-L15703,15704,2006,デスノートおわったな！,1,0.38531464314870445,-0.9841130811114402,3.9889840465642745,1.0986122886681098,3.3141860046725258,3.367295829986474,0.0,0.0,3.7735849056603774,0.0,1.8867924528301887,0.5,1.0,0.0,0.0,0.0,0.0,0.0,0.0,0.0,0.6981132075471699,0.2641509433962264,0.0,0.0,0.0,0.0,0.0,0.0,0.0,1.8867924528301887,0.0,0.0,1.8867924528301887,0.0,0.0
raw-L15708,15709,2006,デスノートおわったな！,3,3.183529824634918,-4.067184545993205,4.465908118654584,1.6094379124341003,3.1135153092103742,3.5263605246161616,2.3255813953488373,0.0,1.1627906976744187,0.0,4.651162790697675,0.25,0.5,0.5,0.0,0.0,0.0,0.0,0.0,0.0,0.6511627906976745,0.313953488372093,0.0,0.0,0.0,0.0,0.0,0.0,0.0,1.1627906976744187,0.0,0.0,0.0,0.0,0.0
raw-L15717,15718,2006,デスノートおわったな！,3,3.966049271315918,-5.12053290605694,4.51085950651685,1.6094379124341003,3.1570004211501135,3.5263605246161616,3.3333333333333335,0.0,2.2222222222222223,0.0,5.555555555555555,0.0,0.5,0.5,0.0,0.0,0.0,0.0,0.0,0.0,0.6111111111111112,0.3111111111111111,0.022222222222222223,0.0,0.0,0.0,0.0,1.1111111111111112,0.0,2.2222222222222223,0.0,0.0,1.1111111111111112,0.0,0.0
raw-L15728,15729,2006,デスノートおわったな！,3,1.7619180161999946,-1.911031619498491,4.0943445622221,1.6094379124341003,2.7568403652716422,3.4011973816621555,1.694915254237288,0.0,1.694915254237288,0.0,8.474576271186441,0.5,0.75,0.25,0.0,0.0,0.0,0.0,0.0,0.0,0.6779661016949153,0.22033898305084748,0.06779661016949153,0.0,0.0,0.0,0.0,1.694915254237288,3.389830508474576,3.389830508474576,0.0,1.694915254237288,3.389830508474576,0.0,0.0
raw-L15738,15739,2006,デスノートおわったな！,3,4.892838017188316,-4.200560073606052,4.709530201312334,1.6094379124341003,3.349904087274605,3.6635616461296463,1.8181818181818181,1.8181818181818181,0.0,0.0,2.727272727272727,0.5,0.0,0.5,0.0,0.0,0.0,0.0,0.0,0.0,0.6272727272727273,0.3363636363636363,0.0,0.0,0.0,0.0,0.0,0.0,0.0,0.9090909090909091,0.0,0.0,0.9090909090909091,0.0,0.0
raw-L15744,15745,2006,デスノートおわったな！,2,-3.5456616660383506,-0.16914119368676414,1.791759469228055,0.6931471805599453,1.791759469228055,1.791759469228055,0.0,0.0,0.0,0.0,0.0,1.0,1.0,0.0,0.0,0.0,0.0,0.0,0.0,0.0,0.8,0.2,0.0,0.0,0.0,0.0,0.0,0.0,0.0,0.0,0.0,0.0,0.0,0.0,0.0
raw-L15758,15759,2006,小畑が捕まったのにお前らはＦＦか,3,4.3980283136264475,-6.098389813099975,4.060443010546419,1.3862943611198906,2.995732273553991,3.1780538303479458,3.508771929824561,1.7543859649122806,0.0,0.0,3.508771929824561,0.3333333333333333,0.0,0.6666666666666666,0.0,0.0,0.0,0.0,0.0,0.0,0.5789473684210527,0.3157894736842105,0.052631578947368425,0.0,0.0,0.0,0.0,0.0,0.0,0.0,0.0,0.0,0.0,0.0,0.0
raw-L15765,15766,2006,小畑が捕まったのにお前らはＦＦか,3,2.3738308145654763,-5.593031779193716,3.6888794541139363,1.0986122886681098,3.0204248861443626,3.332204510175204,2.5641025641025643,0.0,2.5641025641025643,0.0,2.5641025641025643,0.0,0.5,0.5,0.0,0.0,0.0,0.0,0.0,0.0,0.641025641025641,0.3076923076923077,0.0,0.0,0.0,0.0,0.0,0.0,0.0,0.0,0.0,0.0,0.0,0.0,0.0
raw-L15770,15771,2006,小畑が捕まったのにお前らはＦＦか,3,5.163640648179176,-6.286528737621408,4.605170185988092,1.3862943611198906,3.5263605246161616,3.871201010907891,5.05050505050505,0.0,0.0,0.0,2.0202020202020203,0.0,0.0,1.0,0.0,0.0,0.0,0.0,0.0,0.0,0.5050505050505051,0.2828282828282828,0.13131313131313133,0.0,0.0,0.0,0.0,0.0,0.0,0.0,0.0,1.0101010101010102,0.0,0.0,0.0
raw-L15775,15776,2006,小畑が捕まったのにお前らはＦＦか,3,1.8063007197995742,-1.5861677818568036,3.6109179126442243,1.3862943611198906,2.5649493574615367,3.091042453358316,2.7777777777777777,0.0,0.0,0.0,11.11111111111111,0.6666666666666666,0.6666666666666666,0.3333333333333333,0.0,2.7777777777777777,0.0,0.0,0.0,5.555555555555555,0.5277777777777778,0.25,0.05555555555555555,0.0,0.0,0.027777777777777776,0.0,0.0,0.0,0.0,0.0,0.0,0.0,0.0,0.0
raw-L15784,15785,2006,小畑が捕まったのにお前らはＦＦか,2,-3.1569579263148824,-0.08624850880526201,1.791759469228055,0.6931471805599453,1.791759469228055,1.791759469228055,0.0,0.0,0.0,0.0,0.0,1.0,1.0,0.0,0.0,0.0,0.0,0.0,0.0,0.0,0.2,0.8,0.0,0.0,0.0,0.0,0.0,0.0,0.0,0.0,0.0,0.0,0.0,0.0,0.0
raw-L15789,15790,2006,小畑が捕まったのにお前らはＦＦか,2,-1.0775026085423483,0.18982416436947466,3.091042453358316,0.6931471805599453,3.091042453358316,3.091042453358316,0.0,0.0,0.0,0.0,0.0,1.0,1.0,0.0,0.0,0.0,0.0,0.0,0.0,0.0,0.6666666666666667,0.33333333333333337,0.0,0.0,0.0,0.0,0.0,0.0,0.0,0.0,0.0,0.0,0.0,0.0,0.0
raw-L15794,15795,2006,小畑が捕まったのにお前らはＦＦか,3,1.6887553911194215,-7.206680337270357,2.1972245773362196,0.6931471805599453,2.1972245773362196,2.1972245773362196,12.5,0.0,0.0,0.0,0.0,0.0,0.0,1.0,0.0,0.0,0.0,0.0,0.0,0.0,0.5,0.375,0.0,0.0,0.0,0.0,0.0,0.0,0.0,0.0,0.0,0.0,0.0,0.0,0.0
raw-L15806,15807,2006,リーマンとニートを一緒にするな,3,4.04235766996612,-3.6220442171184435,4.5217885770490405,1.3862943611198906,3.4446824936018943,3.6888794541139363,1.098901098901099,1.098901098901099,3.2967032967032965,0.0,2.197802197802198,0.3333333333333333,0.3333333333333333,0.3333333333333333,0.0,0.0,0.0,0.0,0.0,0.0,0.6043956043956044,0.21978021978021978,0.08791208791208792,0.0,0.0,0.0,0.0,0.0,0.0,4.395604395604396,1.098901098901099,0.0,2.197802197802198,0.0,0.0
raw-L15811,15812,2006,リーマンとニートを一緒にするな,2,-1.795977028880053,0.01611772350071352,2.5649493574615367,0.6931471805599453,2.5649493574615367,2.5649493574615367,0.0,0.0,0.0,0.0,0.0,1.0,1.0,0.0,0.0,0.0,0.0,0.0,0.0,0.0,0.25,0.5833333333333334,0.16666666666666669,0.0,0.0,0.0,0.0,0.0,0.0,0.0,0.0,0.0,0.0,0.0,0.0
raw-L15815,15816,2006,リーマンとニートを一緒にするな,3,4.242973978666052,-6.837716616158772,3.6635616461296463,0.6931471805599453,3.6635616461296463,3.6635616461296463,5.2631578947368425,0.0,0.0,0.0,0.0,0.0,0.0,1.0,0.0,0.0,0.0,0.0,0.0,0.0,0.6578947368421052,0.2894736842105263,0.0,0.0,0.0,0.0,0.0,0.0,2.6315789473684212,2.6315789473684212,0.0,0.0,0.0,0.0,0.0
raw-L15819,15820,2006,リーマンとニートを一緒にするな,3,2.8132227854438456,-2.4059042933400083,4.564348191467836,1.6094379124341003,3.2088254890146994,3.4011973816621555,1.0526315789473684,1.0526315789473684,1.0526315789473684,0.0,3.1578947368421053,0.5,0.5,0.25,0.0,0.0,0.0,0.0,0.0,0.0,0.5684210526315789,0.29473684210526313,0.09473684210526315,0.0,0.0,0.0,0.0,1.0526315789473684,0.0,2.1052631578947367,0.0,0.0,1.0526315789473684,0.0,0.0
raw-L15825,15826,2006,リーマンとニートを一緒にするな,3,3.776345890970848,-6.843562941427163,3.6375861597263857,0.6931471805599453,3.6375861597263857,3.6375861597263857,2.7027027027027026,0.0,0.0,0.0,0.0,0.0,0.0,1.0,0.0,0.0,0.0,0.0,0.0,0.0,0.5945945945945946,0.16216216216216217,0.2162162162162162,0.0,0.0,0.0,0.0,2.7027027027027026,2.7027027027027026,0.0,0.0,2.7027027027027026,0.0,0.0,0.0
raw-L15829,15830,2006,リーマンとニートを一緒にするな,3,3.6199551589840824,-2.2926374342073843,4.7535901911063645,1.791759469228055,3.1780538303479458,3.367295829986474,1.7391304347826086,0.0,0.0,0.0,3.4782608695652173,0.6,0.6,0.4,0.0,0.0,0.0,0.0,0.0,0.0,0.5478260869565217,0.2956521739130435,0.11304347826086956,0.0,0.0,0.0,0.0,0.0,0.0,3.4782608695652173,0.0,0.0,1.7391304347826086,0.0,0.0
raw-L15836,15837,2006,リーマンとニートを一緒にするな,3,3.441197314918152,-6.8144769386960204,3.1780538303479458,0.6931471805599453,3.1780538303479458,3.1780538303479458,8.695652173913043,0.0,0.0,0.0,0.0,0.0,0.0,1.0,0.0,0.0,0.0,0.0,0.0,0.0,0.782608695652174,0.13043478260869565,0.0,0.0,0.0,0.0,0.0,0.0,0.0,0.0,0.0,4.3478260869565215,0.0,0.0,0.0
raw-L15840,15841,2006,リーマンとニートを一緒にするな,2,-2.8659625197225727,-0.11327505826921593,2.1972245773362196,0.6931471805599453,2.1972245773362196,2.1972245773362196,0.0,0.0,0.0,0.0,0.0,1.0,1.0,0.0,0.0,0.0,0.0,0.0,0.0,0.0,0.875,0.125,0.0,0.0,0.0,0.0,0.0,0.0,0.0,0.0,0.0,0.0,0.0,0.0,0.0
raw-L15844,15845,2006,リーマンとニートを一緒にするな,0,-5.039944427669753,-1.9614473885002988,1.6094379124341003,1.0986122886681098,1.0986122886681098,1.0986122886681098,0.0,0.0,25.0,0.0,50.0,0.5,1.0,0.0,0.0,0.0,0.0,0.0,0.0,0.0,0.5,0.25,0.0,0.0,0.0,0.0,0.0,0.0,0.0,0.0,0.0,0.0,0.0,0.0,0.0
raw-L15860,15861,2006,ブロントのガイドライン　仏の顔を3度まで,1,0.6513796469434602,-0.12807038384977515,4.634728988229636,1.3862943611198906,3.5553480614894135,3.871201010907891,0.0,0.0,1.9607843137254901,0.0,1.9607843137254901,0.6666666666666666,1.0,0.0,0.0,0.0,0.0,0.0,0.0,0.0,0.6372549019607843,0.30392156862745096,0.0392156862745098,0.0,0.0,0.0,0.0,0.0,0.9803921568627451,0.0,0.0,0.0,0.0,0.0,0.0
raw-L15865,15866,2006,ブロントのガイドライン　仏の顔を3度まで,1,4.060295041866704,-1.4901826400348068,5.030437921392435,1.6094379124341003,3.6635616461296463,4.110873864173311,0.6578947368421053,0.6578947368421053,2.6315789473684212,0.0,1.9736842105263157,0.75,0.5,0.25,3.289473684210526,0.0,0.0,0.0,0.0,0.0,0.5986842105263158,0.1644736842105263,0.013157894736842106,0.0,0.11842105263157895,0.0,0.6578947368421053,0.6578947368421053,0.0,0.6578947368421053,0.0,0.0,0.0,0.0,0.0
raw-L15872,15873,2006,ブロントのガイドライン　仏の顔を3度まで,1,0.4533205195687081,0.9480596557838301,4.51085950651685,1.3862943611198906,3.4339872044851463,3.5553480614894135,0.0,0.0,0.0,0.0,2.2222222222222223,1.0,1.0,0.0,0.0,0.0,0.0,0.0,0.0,0.0,0.7,0.3,0.0,0.0,0.0,0.0,0.0,1.1111111111111112,0.0,1.1111111111111112,0.0,0.0,0.0,0.0,0.0
raw-L15886,15887,2007,エアリス使う奴は心が醜い,1,3.290094056981945,1.0160463971715905,6.456769655572163,2.4849066497880004,4.07445102170253,4.219507705176107,0.0,0.31446540880503143,0.9433962264150944,0.31446540880503143,1.5723270440251573,1.0,0.8181818181818182,0.0,0.0,0.0,0.0,0.0,0.0,0.0,0.5974842767295597,0.19339622641509432,0.14150943396226415,0.0,0.018867924528301886,0.006289308176100628,0.0,1.4150943396226414,0.15723270440251572,0.6289308176100629,0.15723270440251572,0.4716981132075472,0.31446540880503143,0.0,0.0
raw-L15909,15910,2007,音ゲープレイヤーでむかついた遭遇その1,3,7.104033194390189,-4.508637100183726,6.131226489483141,2.4849066497880004,3.7548374219057337,4.007333185232471,2.396514161220044,1.7429193899782136,0.4357298474945534,0.2178649237472767,2.178649237472767,0.36363636363636365,0.09090909090909091,0.6363636363636364,0.4357298474945534,0.6535947712418301,0.0,0.0,0.0,0.0,0.5882352941176471,0.23093681917211328,0.07189542483660132,0.0,0.006535947712418301,0.015250544662309368,0.0,0.8714596949891068,0.0,0.8714596949891068,0.0,0.2178649237472767,0.0,0.0,0.0
raw-L15935,15936,2007,もてない奴は根性からしてダメだった,1,3.812286787182988,1.0819239688991924,6.626717749249025,2.70805020110221,4.004732403532413,4.276666119016055,0.3978779840848806,0.0,0.26525198938992045,0.13262599469496023,1.7241379310344827,1.0,0.7857142857142857,0.0,0.0,0.0,0.5305039787798409,0.0,0.0,0.0,0.6419098143236074,0.20424403183023873,0.09416445623342176,0.0,0.006631299734748011,0.0,0.0,1.3262599469496021,0.0,0.5305039787798409,0.13262599469496023,0.13262599469496023,0.5305039787798409,0.13262599469496023,0.0
raw-L15962,15963,2007,(DDR)AC版DanceDanceRevolution SuperNOVA2 Part80,3,6.255046760033349,-5.0181890106897145,6.171700597410915,2.995732273553991,3.264151046930188,3.7612001156935624,4.393305439330544,0.20920502092050208,0.0,0.0,5.02092050209205,0.05263157894736842,0.05263157894736842,0.9473684210526315,0.20920502092050208,0.0,0.0,0.0,0.0,0.0,0.6192468619246863,0.23430962343096234,0.06276150627615062,0.0,0.02510460251046025,0.0041841004184100415,0.0,0.8368200836820083,0.8368200836820083,0.20920502092050208,0.20920502092050208,0.20920502092050208,0.0,0.0,0.0
raw-L15989,15990,2007,(DDR)AC版DanceDanceRevolution SuperNOVA2 Part80,3,5.998951862240309,-5.467733279904809,5.648974238161206,2.3978952727983707,3.3775875160230218,3.6635616461296463,3.1802120141342756,0.7067137809187279,0.0,0.0,4.593639575971731,0.1,0.0,0.9,0.0,0.0,0.0,0.0,0.0,0.0,0.5865724381625441,0.24381625441696111,0.0812720848056537,0.0,0.03180212014134275,0.014134275618374558,0.0,1.4134275618374559,0.0,0.35335689045936397,0.0,0.0,0.0,0.0,0.0
raw-L16017,16018,2007,ゲーセンでIIDXをやっていたら,3,5.975657197408207,-1.0105392988903747,6.240275845170769,2.3978952727983707,3.955082494888593,4.189654742026425,0.78125,0.1953125,0.0,0.0,1.7578125,0.7,0.5,0.3,0.78125,0.0,0.0,0.0,0.0,0.0,0.560546875,0.197265625,0.037109375,0.125,0.03125,0.01171875,0.0,1.3671875,0.1953125,0.78125,0.0,0.0,0.5859375,0.0,0.0
raw-L16039,16040,2008,最近のゲーセンではマナーが最悪なやつが多い,1,2.0311703041511184,0.9480706920470834,4.574710978503383,1.0986122886681098,3.8918202981106265,3.8918202981106265,0.0,0.0,0.0,0.0,1.0416666666666667,1.0,1.0,0.0,1.0416666666666667,0.0,0.0,0.0,0.0,0.0,0.65625,0.15625,0.125,0.0,0.0,0.03125,0.0,1.0416666666666667,0.0,2.0833333333333335,0.0,0.0,1.0416666666666667,0.0,0.0
raw-L16043,16044,2008,最近のゲーセンではマナーが最悪なやつが多い,1,2.1459727613808894,1.438267991784228,5.501258210544727,1.9459101490553132,3.7297014486341915,3.9889840465642745,0.0,0.0,0.0,0.0,2.0491803278688523,1.0,1.0,0.0,0.4098360655737705,0.0,0.0,0.0,0.0,0.0,0.5573770491803279,0.22540983606557374,0.15163934426229508,0.0,0.00819672131147541,0.02868852459016393,0.4098360655737705,0.819672131147541,0.0,0.4098360655737705,0.4098360655737705,0.4098360655737705,0.0,0.0,0.0
raw-L16051,16052,2008,最近のゲーセンではマナーが最悪なやつが多い,1,2.962465989279861,0.6213912317225261,5.707110264748875,2.0794415416798357,3.780937598531884,3.8918202981106265,0.0,1.0,0.3333333333333333,0.0,2.0,1.0,0.5714285714285714,0.0,0.3333333333333333,0.0,0.0,0.0,0.0,0.0,0.6433333333333333,0.2,0.07,0.0,0.03,0.03666666666666667,0.3333333333333333,1.6666666666666667,0.3333333333333333,1.0,0.3333333333333333,0.0,0.0,0.0,0.0
raw-L16069,16070,2008,【DQ5】NDS雑談163【キター】,1,2.2968544159501496,0.3177777223595962,4.30406509320417,0.6931471805599453,4.30406509320417,4.30406509320417,0.0,0.0,0.0,0.0,0.0,1.0,1.0,0.0,0.0,0.0,2.73972602739726,0.0,0.0,0.0,0.7123287671232876,0.16438356164383564,0.0,0.0958904109589041,0.0,0.0,0.0,0.0,1.36986301369863,1.36986301369863,0.0,0.0,0.0,0.0,0.0
raw-L16072,16073,2008,【DQ5】NDS雑談163【キター】,3,4.352025787475364,-3.4706783417431377,4.143134726391533,0.6931471805599453,4.143134726391533,4.143134726391533,3.225806451612903,0.0,1.6129032258064515,0.0,0.0,1.0,0.0,0.0,0.0,0.0,1.6129032258064515,0.0,0.0,0.0,0.5967741935483871,0.27419354838709675,0.0,0.06451612903225806,0.0,0.0,0.0,1.6129032258064515,3.225806451612903,1.6129032258064515,0.0,0.0,0.0,0.0,0.0
raw-L16075,16076,2008,【DQ5】NDS雑談163【キター】,1,1.449818531602391,0.32396427544926376,4.330733340286331,0.6931471805599453,4.330733340286331,4.330733340286331,0.0,0.0,0.0,0.0,0.0,1.0,1.0,0.0,0.0,0.0,0.0,0.0,0.0,0.0,0.64,0.28,0.0,0.08,0.0,0.0,0.0,0.0,0.0,0.0,0.0,0.0,0.0,0.0,0.0
raw-L16078,16079,2008,【DQ5】NDS雑談163【キター】,2,-1.2744812471832405,0.12666403883429186,3.044522437723423,0.6931471805599453,3.044522437723423,3.044522437723423,0.0,0.0,0.0,0.0,0.0,1.0,1.0,0.0,0.0,0.0,0.0,0.0,0.0,0.0,0.5,0.5,0.0,0.0,0.0,0.0,0.0,5.0,0.0,0.0,0.0,0.0,0.0,0.0,0.0
raw-L16081,16082,2008,【DQ5】NDS雑談163【キター】,1,1.1570565815298524,0.13079782389156572,3.4339872044851463,0.6931471805599453,3.4339872044851463,3.4339872044851463,0.0,0.0,0.0,0.0,0.0,1.0,1.0,0.0,0.0,0.0,10.0,0.0,0.0,0.0,0.6333333333333333,0.16666666666666669,0.0,0.1,0.0,0.0,3.3333333333333335,0.0,0.0,0.0,0.0,0.0,0.0,0.0,0.0
raw-L16084,16085,2008,【DQ5】NDS雑談163【キター】,1,3.524657594288941,0.16968151551282043,4.477336814478207,0.6931471805599453,4.477336814478207,4.477336814478207,0.0,0.0,0.0,2.2988505747126435,0.0,1.0,1.0,0.0,0.0,0.0,0.0,2.2988505747126435,0.0,0.0,0.3793103448275862,0.1724137931034483,0.0,0.06896551724137931,0.3563218390804597,0.0,0.0,0.0,0.0,0.0,0.0,0.0,0.0,1.1494252873563218,0.0
raw-L16087,16088,2008,【DQ5】NDS雑談163【キター】,1,0.18451572688878573,0.8171936678422287,4.110873864173311,1.0986122886681098,3.4339872044851463,3.5263605246161616,0.0,0.0,0.0,0.0,1.6666666666666667,1.0,1.0,0.0,0.0,0.0,0.0,0.0,0.0,0.0,0.6166666666666667,0.25,0.03333333333333333,0.0,0.0,0.05,0.0,0.0,0.0,0.0,0.0,3.3333333333333335,0.0,0.0,0.0
raw-L16091,16092,2008,【DQ5】NDS雑談163【キター】,1,3.5919544044782743,-0.7299929296582203,4.804021044733257,1.0986122886681098,4.119037174812473,4.700480365792417,0.8264462809917356,0.0,0.8264462809917356,0.0,0.8264462809917356,1.0,0.5,0.0,0.0,0.0,1.6528925619834711,0.0,0.0,0.0,0.6859504132231404,0.21487603305785125,0.0,0.06611570247933884,0.0,0.0,0.0,0.0,0.0,0.0,0.0,0.0,0.0,0.0,0.0
raw-L16095,16096,2008,【DQ5】NDS雑談163【キター】,1,0.4155768589764611,-0.03345893622757557,3.9318256327243257,0.6931471805599453,3.9318256327243257,3.9318256327243257,0.0,0.0,2.0,0.0,0.0,1.0,1.0,0.0,0.0,0.0,0.0,0.0,0.0,0.0,0.62,0.3,0.06,0.0,0.0,0.0,0.0,0.0,0.0,0.0,0.0,2.0,0.0,0.0,0.0
raw-L16098,16099,2008,【DQ5】NDS雑談163【キター】,1,2.5387130223700614,-0.9025025721631792,4.382026634673881,1.0986122886681098,3.7013019741124933,4.2626798770413155,1.2658227848101267,0.0,0.0,0.0,1.2658227848101267,1.0,0.5,0.0,0.0,0.0,0.0,0.0,0.0,0.0,0.6962025316455696,0.189873417721519,0.0379746835443038,0.06329113924050633,0.0,0.0,0.0,2.5316455696202533,0.0,1.2658227848101267,0.0,1.2658227848101267,0.0,0.0,0.0
raw-L16102,16103,2008,【DQ5】NDS雑談163【キター】,1,1.5105549743982911,-0.02849769548614104,4.820281565605037,1.3862943611198906,3.7376696182833684,4.465908118654584,0.0,0.0,1.6260162601626016,0.0,1.6260162601626016,0.6666666666666666,1.0,0.0,0.0,0.0,0.0,0.0,0.0,0.0,0.6422764227642277,0.2113821138211382,0.04878048780487805,0.016260162601626015,0.024390243902439025,0.024390243902439025,2.4390243902439024,0.8130081300813008,0.0,0.0,0.0,0.0,0.0,0.0,0.0
raw-L16114,16115,2008,ブロントのGL ナイトのいないLSに未来82い,1,2.9549817825432636,-0.3588520707726048,5.7745515455444085,2.302585092994046,3.6018680771243066,4.04305126783455,0.6230529595015576,0.0,0.9345794392523364,0.0,2.4922118380062304,0.5555555555555556,0.7777777777777778,0.1111111111111111,0.0,0.0,0.0,0.0,0.0,0.0,0.6417445482866043,0.264797507788162,0.07165109034267914,0.0,0.0,0.0,0.0,0.0,0.6230529595015576,1.2461059190031152,0.0,0.3115264797507788,0.0,0.9345794392523364,0.0
raw-L16126,16127,2008,ブロントのGL ナイトのいないLSに未来82い,3,4.221595087619975,-4.273898658990391,4.700480365792417,1.3862943611198906,3.619886582626985,3.6635616461296463,1.834862385321101,0.0,0.0,0.0,1.834862385321101,0.3333333333333333,0.3333333333333333,0.6666666666666666,0.0,0.0,0.0,0.0,0.0,0.0,0.6605504587155963,0.26605504587155965,0.055045871559633024,0.0,0.0,0.0,0.0,0.0,0.0,0.0,0.9174311926605505,0.0,0.0,0.0,0.0
raw-L16139,16140,2009,つまらない小説を無理矢理褒めちぎるスレ10,1,3.8689387638658213,1.3841194306205598,6.437751649736401,2.70805020110221,3.8192809537295314,4.007333185232471,0.4807692307692308,0.0,0.4807692307692308,0.16025641025641027,2.2435897435897436,1.0,0.7857142857142857,0.0,0.8012820512820513,0.4807692307692308,0.0,0.0,0.0,0.32051282051282054,0.592948717948718,0.2403846153846154,0.10737179487179488,0.004807692307692308,0.008012820512820514,0.0016025641025641027,0.0,1.7628205128205128,0.16025641025641027,0.6410256410256411,0.4807692307692308,0.16025641025641027,0.16025641025641027,0.0,0.0
raw-L16167,16168,2009,Odin鯖のTsukasaooを垢バンに追い込むスレ,2,-1.391063744828387,-0.028973134753822495,2.995732273553991,0.6931471805599453,2.995732273553991,2.995732273553991,0.0,0.0,0.0,0.0,0.0,1.0,1.0,0.0,0.0,0.0,0.0,0.0,0.0,0.0,0.7894736842105263,0.10526315789473685,0.10526315789473685,0.0,0.0,0.0,0.0,0.0,0.0,0.0,0.0,0.0,0.0,0.0,0.0
raw-L16170,16171,2009,Odin鯖のTsukasaooを垢バンに追い込むスレ,2,-1.0066011570178834,0.11849715498941142,3.2188758248682006,0.6931471805599453,3.2188758248682006,3.2188758248682006,0.0,0.0,0.0,0.0,0.0,1.0,1.0,0.0,0.0,0.0,0.0,0.0,0.0,0.0,0.875,0.125,0.0,0.0,0.0,0.0,0.0,0.0,0.0,0.0,0.0,0.0,0.0,0.0,0.0
raw-L16173,16174,2009,Odin鯖のTsukasaooを垢バンに追い込むスレ,0,-2.4526925319775166,-3.710113331030357,2.5649493574615367,0.6931471805599453,2.5649493574615367,2.5649493574615367,0.0,0.0,8.333333333333334,0.0,0.0,0.0,1.0,0.0,0.0,0.0,0.0,0.0,0.0,0.0,0.6666666666666667,0.25,0.0,0.0,0.0,0.0,0.0,0.0,0.0,0.0,0.0,0.0,0.0,0.0,0.0
raw-L16176,16177,2009,Odin鯖のTsukasaooを垢バンに追い込むスレ,2,-0.9095512826030143,0.1786935586878173,3.2188758248682006,0.6931471805599453,3.2188758248682006,3.2188758248682006,0.0,0.0,0.0,0.0,0.0,1.0,1.0,0.0,0.0,0.0,0.0,0.0,0.0,0.0,0.75,0.25,0.0,0.0,0.0,0.0,0.0,0.0,0.0,0.0,0.0,0.0,0.0,0.0,0.0
raw-L16179,16180,2009,Odin鯖のTsukasaooを垢バンに追い込むスレ,2,-1.1932563399487046,-0.8442711358377243,3.8066624897703196,1.3862943611198906,2.751535313041949,3.295836866004329,0.0,0.0,4.545454545454546,0.0,4.545454545454546,0.6666666666666666,1.0,0.0,0.0,0.0,0.0,0.0,0.0,0.0,0.75,0.09090909090909091,0.045454545454545456,0.0,0.0,0.06818181818181818,0.0,0.0,2.272727272727273,0.0,0.0,0.0,0.0,0.0,0.0
raw-L16184,16185,2009,Odin鯖のTsukasaooを垢バンに追い込むスレ,2,-3.571106818338282,-0.2950671202852053,1.9459101490553132,0.6931471805599453,1.9459101490553132,1.9459101490553132,0.0,0.0,0.0,0.0,0.0,1.0,1.0,0.0,0.0,0.0,0.0,0.0,0.0,0.0,0.6666666666666667,0.33333333333333337,0.0,0.0,0.0,0.0,0.0,16.666666666666668,0.0,0.0,0.0,0.0,0.0,0.0,0.0
raw-L16187,16188,2009,Odin鯖のTsukasaooを垢バンに追い込むスレ,2,-5.0597097007870655,-0.39571404012815614,0.6931471805599453,0.6931471805599453,0.6931471805599453,0.6931471805599453,0.0,0.0,0.0,0.0,0.0,1.0,1.0,0.0,0.0,0.0,0.0,0.0,0.0,0.0,0.0,1.0,0.0,0.0,0.0,0.0,0.0,0.0,0.0,0.0,0.0,0.0,0.0,0.0,0.0
raw-L16190,16191,2009,Odin鯖のTsukasaooを垢バンに追い込むスレ,2,-3.8155059162338807,-0.25352987797641846,1.6094379124341003,0.6931471805599453,1.6094379124341003,1.6094379124341003,0.0,0.0,0.0,0.0,0.0,1.0,1.0,0.0,0.0,0.0,0.0,0.0,0.0,0.0,1.0,0.0,0.0,0.0,0.0,0.0,25.0,0.0,0.0,0.0,0.0,0.0,0.0,0.0,0.0
raw-L16193,16194,2009,Odin鯖のTsukasaooを垢バンに追い込むスレ,2,-2.1571164786827897,0.0669090195479588,2.4849066497880004,0.6931471805599453,2.4849066497880004,2.4849066497880004,0.0,0.0,0.0,0.0,0.0,1.0,1.0,0.0,0.0,0.0,0.0,0.0,0.0,0.0,0.6363636363636364,0.36363636363636365,0.0,0.0,0.0,0.0,0.0,0.0,0.0,0.0,0.0,0.0,0.0,0.0,0.0
raw-L16196,16197,2009,Odin鯖のTsukasaooを垢バンに追い込むスレ,2,-1.1830625152385104,0.08206880669896591,3.1354942159291497,0.6931471805599453,3.1354942159291497,3.1354942159291497,0.0,0.0,0.0,0.0,0.0,1.0,1.0,0.0,0.0,0.0,0.0,0.0,0.0,0.0,0.9090909090909091,0.09090909090909091,0.0,0.0,0.0,0.0,0.0,0.0,0.0,0.0,0.0,0.0,0.0,0.0,0.0
raw-L16199,16200,2009,Odin鯖のTsukasaooを垢バンに追い込むスレ,2,-3.52895479095583,-0.29356767871649164,1.9459101490553132,0.6931471805599453,1.9459101490553132,1.9459101490553132,0.0,0.0,0.0,0.0,0.0,1.0,1.0,0.0,0.0,0.0,0.0,0.0,0.0,0.0,0.8333333333333333,0.16666666666666669,0.0,0.0,0.0,0.0,16.666666666666668,16.666666666666668,0.0,0.0,0.0,0.0,0.0,0.0,0.0
raw-L16202,16203,2009,Odin鯖のTsukasaooを垢バンに追い込むスレ,0,0.5998034562574485,-5.919581575077601,3.2188758248682006,0.6931471805599453,3.2188758248682006,3.2188758248682006,0.0,4.166666666666667,8.333333333333334,0.0,0.0,0.0,0.0,0.0,0.0,0.0,0.0,0.0,0.0,0.0,0.75,0.125,0.0,0.0,0.0,0.0,0.0,0.0,4.166666666666667,0.0,0.0,0.0,0.0,0.0,0.0
raw-L16205,16206,2009,Odin鯖のTsukasaooを垢バンに追い込むスレ,2,-0.9452818876926911,0.46514599657590383,3.4657359027997265,1.0986122886681098,2.803360380906535,3.367295829986474,0.0,0.0,0.0,0.0,3.225806451612903,1.0,1.0,0.0,0.0,0.0,0.0,0.0,0.0,0.0,0.6451612903225806,0.0967741935483871,0.12903225806451613,0.0,0.0,0.0967741935483871,0.0,0.0,0.0,0.0,0.0,0.0,0.0,0.0,0.0
raw-L16209,16210,2009,Odin鯖のTsukasaooを垢バンに追い込むスレ,2,-1.7231029135752656,0.6855620861768941,3.1780538303479458,1.0986122886681098,2.5257286443082556,3.044522437723423,0.0,0.0,0.0,0.0,4.3478260869565215,1.0,1.0,0.0,0.0,0.0,0.0,0.0,0.0,0.0,0.4782608695652174,0.391304347826087,0.0,0.0,0.0,0.13043478260869565,0.0,0.0,4.3478260869565215,0.0,0.0,0.0,0.0,0.0,0.0
raw-L16213,16214,2009,Odin鯖のTsukasaooを垢バンに追い込むスレ,2,-5.0597097007870655,-0.39571404012815614,0.6931471805599453,0.6931471805599453,0.6931471805599453,0.6931471805599453,0.0,0.0,0.0,0.0,0.0,1.0,1.0,0.0,0.0,0.0,0.0,0.0,0.0,0.0,0.0,1.0,0.0,0.0,0.0,0.0,0.0,0.0,0.0,0.0,0.0,0.0,0.0,0.0,0.0
raw-L16216,16217,2009,Odin鯖のTsukasaooを垢バンに追い込むスレ,2,-3.8386591139507003,-0.18642417397126146,1.6094379124341003,0.6931471805599453,1.6094379124341003,1.6094379124341003,0.0,0.0,0.0,0.0,0.0,1.0,1.0,0.0,0.0,0.0,0.0,0.0,0.0,0.0,0.75,0.25,0.0,0.0,0.0,0.0,0.0,0.0,0.0,0.0,0.0,0.0,0.0,0.0,0.0
raw-L16219,16220,2009,Odin鯖のTsukasaooを垢バンに追い込むスレ,2,-5.0597097007870655,-0.39571404012815614,0.6931471805599453,0.6931471805599453,0.6931471805599453,0.6931471805599453,0.0,0.0,0.0,0.0,0.0,1.0,1.0,0.0,0.0,0.0,0.0,0.0,0.0,0.0,0.0,1.0,0.0,0.0,0.0,0.0,0.0,0.0,0.0,0.0,0.0,0.0,0.0,0.0,0.0
raw-L16222,16223,2009,Odin鯖のTsukasaooを垢バンに追い込むスレ,2,-2.77815223881174,-0.3207150598247552,2.1972245773362196,0.6931471805599453,2.1972245773362196,2.1972245773362196,0.0,0.0,0.0,0.0,0.0,1.0,1.0,0.0,0.0,0.0,0.0,0.0,0.0,0.0,0.625,0.125,0.25,0.0,0.0,0.0,0.0,0.0,0.0,0.0,0.0,0.0,0.0,0.0,0.0
raw-L16225,16226,2009,Odin鯖のTsukasaooを垢バンに追い込むスレ,2,-1.4346876719885446,-0.015891786642519924,2.9444389791664403,0.6931471805599453,2.9444389791664403,2.9444389791664403,0.0,0.0,0.0,0.0,0.0,1.0,1.0,0.0,0.0,0.0,0.0,0.0,0.0,0.0,0.7222222222222223,0.16666666666666669,0.1111111111111111,0.0,0.0,0.0,0.0,0.0,0.0,0.0,0.0,0.0,0.0,0.0,0.0
raw-L16228,16229,2009,Odin鯖のTsukasaooを垢バンに追い込むスレ,2,-3.6671072540150895,-0.10466286080467331,1.6094379124341003,0.6931471805599453,1.6094379124341003,1.6094379124341003,0.0,0.0,0.0,0.0,0.0,1.0,1.0,0.0,0.0,0.0,0.0,0.0,0.0,0.0,0.75,0.25,0.0,0.0,0.0,0.0,25.0,0.0,0.0,0.0,0.0,0.0,0.0,0.0,0.0
raw-L16231,16232,2009,Odin鯖のTsukasaooを垢バンに追い込むスレ,2,-5.0597097007870655,-0.39571404012815614,0.6931471805599453,0.6931471805599453,0.6931471805599453,0.6931471805599453,0.0,0.0,0.0,0.0,0.0,1.0,1.0,0.0,0.0,0.0,0.0,0.0,0.0,0.0,0.0,1.0,0.0,0.0,0.0,0.0,0.0,0.0,0.0,0.0,0.0,0.0,0.0,0.0,0.0
raw-L16234,16235,2009,Odin鯖のTsukasaooを垢バンに追い込むスレ,2,-4.5742400464733075,-0.1819174732037637,1.0986122886681098,0.6931471805599453,1.0986122886681098,1.0986122886681098,0.0,0.0,0.0,0.0,0.0,1.0,1.0,0.0,0.0,0.0,0.0,0.0,0.0,0.0,0.5,0.5,0.0,0.0,0.0,0.0,0.0,0.0,0.0,0.0,0.0,0.0,0.0,0.0,0.0
raw-L16237,16238,2009,Odin鯖のTsukasaooを垢バンに追い込むスレ,2,-3.8155059162338807,-0.25352987797641846,1.6094379124341003,0.6931471805599453,1.6094379124341003,1.6094379124341003,0.0,0.0,0.0,0.0,0.0,1.0,1.0,0.0,0.0,0.0,0.0,0.0,0.0,0.0,1.0,0.0,0.0,0.0,0.0,0.0,25.0,0.0,0.0,0.0,0.0,0.0,0.0,0.0,0.0
raw-L16240,16241,2009,Odin鯖のTsukasaooを垢バンに追い込むスレ,1,0.17800511611492886,0.660105055584841,3.871201010907891,1.0986122886681098,3.1986731175506815,3.6109179126442243,0.0,0.0,0.0,0.0,2.127659574468085,1.0,1.0,0.0,0.0,0.0,0.0,0.0,0.0,0.0,0.5319148936170213,0.0851063829787234,0.1702127659574468,0.0,0.1914893617021277,0.0,0.0,2.127659574468085,0.0,2.127659574468085,0.0,0.0,0.0,0.0,0.0
raw-L16255,16256,2010,【MHP2G】ウザイプレイ仲間54人目【名人様・愚痴】,1,3.6758033501170533,2.3536557955606288,6.683360945766275,3.2188758248682006,3.5336865647082343,4.110873864173311,0.0,0.0,0.12531328320802004,0.12531328320802004,3.2581453634085213,1.0,1.0,0.0,1.5037593984962405,0.2506265664160401,0.0,0.0,0.0,0.12531328320802004,0.5701754385964912,0.24436090225563908,0.11278195488721804,0.0,0.011278195488721806,0.011278195488721806,0.8771929824561403,0.12531328320802004,0.0,0.37593984962406013,0.5012531328320802,0.0,0.2506265664160401,0.0,0.0
raw-L16296,16297,2010,【完全】Quest of D part396【終了】,1,1.497299218406124,0.13378949725505135,4.6443908991413725,1.3862943611198906,3.5648268054439574,3.8066624897703196,0.0,0.970873786407767,0.0,0.0,1.941747572815534,1.0,0.6666666666666666,0.0,0.0,0.0,0.0,0.0,0.0,0.0,0.6407766990291262,0.1941747572815534,0.13592233009708737,0.0,0.0,0.0,0.0,0.0,0.0,0.970873786407767,0.0,0.0,0.0,0.0,0.0
raw-L16302,16303,2010,【完全】Quest of D part396【終了】,1,2.3898680645479784,1.8500700970784805,5.58724865840025,2.1972245773362196,3.5336865647082343,3.784189633918261,0.0,0.0,0.0,0.0,2.6315789473684212,1.0,1.0,0.0,1.1278195488721805,0.0,0.0,0.0,0.0,0.0,0.7744360902255639,0.13157894736842105,0.041353383458646614,0.0,0.0,0.02255639097744361,0.0,0.7518796992481203,0.0,0.37593984962406013,0.37593984962406013,0.37593984962406013,0.0,0.0,0.0
